county_id_num,county_id,prov_id,prov_name,county_name,year,county_start_year,county_complete_year,county_review_year,county_completion_rate,county_pilot_year,county_rollout_start_year,county_signoff_year,county_issue_year,county_pilot_to_signoff_span,county_pilot_to_complete_span,county_progress_metric_type,n_township_impute,county_sat_t,county_started_t,county_completed_t,county_signedoff_t,county_issued_t,county_reviewed_t
110302,110302,11,Beijing,北京市旧码历史样本区(110302),2009,,2021.0,,,,,,2021.0,,,,,0.0,,0.0,,0.0,
110302,110302,11,Beijing,北京市旧码历史样本区(110302),2010,,2021.0,,,,,,2021.0,,,,,0.0,,0.0,,0.0,
110302,110302,11,Beijing,北京市旧码历史样本区(110302),2011,,2021.0,,,,,,2021.0,,,,,0.0,,0.0,,0.0,
110302,110302,11,Beijing,北京市旧码历史样本区(110302),2012,,2021.0,,,,,,2021.0,,,,,0.0,,0.0,,0.0,
110302,110302,11,Beijing,北京市旧码历史样本区(110302),2013,,2021.0,,,,,,2021.0,,,,,0.0,,0.0,,0.0,
110302,110302,11,Beijing,北京市旧码历史样本区(110302),2014,,2021.0,,,,,,2021.0,,,,,0.0,,0.0,,0.0,
110302,110302,11,Beijing,北京市旧码历史样本区(110302),2015,,2021.0,,,,,,2021.0,,,,,0.0,,0.0,,0.0,
110302,110302,11,Beijing,北京市旧码历史样本区(110302),2016,,2021.0,,,,,,2021.0,,,,,0.0,,0.0,,0.0,
110302,110302,11,Beijing,北京市旧码历史样本区(110302),2017,,2021.0,,,,,,2021.0,,,,,0.0,,0.0,,0.0,
110302,110302,11,Beijing,北京市旧码历史样本区(110302),2018,,2021.0,,,,,,2021.0,,,,,0.0,,0.0,,0.0,
110302,110302,11,Beijing,北京市旧码历史样本区(110302),2019,,2021.0,,,,,,2021.0,,,,,0.0,,0.0,,0.0,
110302,110302,11,Beijing,北京市旧码历史样本区(110302),2020,,2021.0,,,,,,2021.0,,,,,0.0,,0.0,,0.0,
110302,110302,11,Beijing,北京市旧码历史样本区(110302),2021,,2021.0,,,,,,2021.0,,,,,1.0,,1.0,,1.0,
110502,110502,11,Beijing,北京市旧码城区组(110502),2009,,2021.0,,,,,,2021.0,,,,,0.0,,0.0,,0.0,
110502,110502,11,Beijing,北京市旧码城区组(110502),2010,,2021.0,,,,,,2021.0,,,,,0.0,,0.0,,0.0,
110502,110502,11,Beijing,北京市旧码城区组(110502),2011,,2021.0,,,,,,2021.0,,,,,0.0,,0.0,,0.0,
110502,110502,11,Beijing,北京市旧码城区组(110502),2012,,2021.0,,,,,,2021.0,,,,,0.0,,0.0,,0.0,
110502,110502,11,Beijing,北京市旧码城区组(110502),2013,,2021.0,,,,,,2021.0,,,,,0.0,,0.0,,0.0,
110502,110502,11,Beijing,北京市旧码城区组(110502),2014,,2021.0,,,,,,2021.0,,,,,0.0,,0.0,,0.0,
110502,110502,11,Beijing,北京市旧码城区组(110502),2015,,2021.0,,,,,,2021.0,,,,,0.0,,0.0,,0.0,
110502,110502,11,Beijing,北京市旧码城区组(110502),2016,,2021.0,,,,,,2021.0,,,,,0.0,,0.0,,0.0,
110502,110502,11,Beijing,北京市旧码城区组(110502),2017,,2021.0,,,,,,2021.0,,,,,0.0,,0.0,,0.0,
110502,110502,11,Beijing,北京市旧码城区组(110502),2018,,2021.0,,,,,,2021.0,,,,,0.0,,0.0,,0.0,
110502,110502,11,Beijing,北京市旧码城区组(110502),2019,,2021.0,,,,,,2021.0,,,,,0.0,,0.0,,0.0,
110502,110502,11,Beijing,北京市旧码城区组(110502),2020,,2021.0,,,,,,2021.0,,,,,0.0,,0.0,,0.0,
110502,110502,11,Beijing,北京市旧码城区组(110502),2021,,2021.0,,,,,,2021.0,,,,,1.0,,1.0,,1.0,
230203,230203,23,Heilongjiang,建华区,2009,,2018.0,,,,,,,,,,,0.0,,0.0,,,
230203,230203,23,Heilongjiang,建华区,2010,,2018.0,,,,,,,,,,,0.0,,0.0,,,
230203,230203,23,Heilongjiang,建华区,2011,,2018.0,,,,,,,,,,,0.0,,0.0,,,
230203,230203,23,Heilongjiang,建华区,2012,,2018.0,,,,,,,,,,,0.0,,0.0,,,
230203,230203,23,Heilongjiang,建华区,2013,,2018.0,,,,,,,,,,,0.0,,0.0,,,
230203,230203,23,Heilongjiang,建华区,2014,,2018.0,,,,,,,,,,,0.0,,0.0,,,
230203,230203,23,Heilongjiang,建华区,2015,,2018.0,,,,,,,,,,,0.0,,0.0,,,
230203,230203,23,Heilongjiang,建华区,2016,,2018.0,,,,,,,,,,,0.0,,0.0,,,
230203,230203,23,Heilongjiang,建华区,2017,,2018.0,,,,,,,,,,,0.0,,0.0,,,
230203,230203,23,Heilongjiang,建华区,2018,,2018.0,,,,,,,,,,,1.0,,1.0,,,
230203,230203,23,Heilongjiang,建华区,2019,,2018.0,,,,,,,,,,,1.0,,1.0,,,
230203,230203,23,Heilongjiang,建华区,2020,,2018.0,,,,,,,,,,,1.0,,1.0,,,
230203,230203,23,Heilongjiang,建华区,2021,,2018.0,,,,,,,,,,,1.0,,1.0,,,
230401,230401,23,Heilongjiang,鹤岗市市辖区,2009,,2018.0,,,,,,,,,,,0.0,,0.0,,,
230401,230401,23,Heilongjiang,鹤岗市市辖区,2010,,2018.0,,,,,,,,,,,0.0,,0.0,,,
230401,230401,23,Heilongjiang,鹤岗市市辖区,2011,,2018.0,,,,,,,,,,,0.0,,0.0,,,
230401,230401,23,Heilongjiang,鹤岗市市辖区,2012,,2018.0,,,,,,,,,,,0.0,,0.0,,,
230401,230401,23,Heilongjiang,鹤岗市市辖区,2013,,2018.0,,,,,,,,,,,0.0,,0.0,,,
230401,230401,23,Heilongjiang,鹤岗市市辖区,2014,,2018.0,,,,,,,,,,,0.0,,0.0,,,
230401,230401,23,Heilongjiang,鹤岗市市辖区,2015,,2018.0,,,,,,,,,,,0.0,,0.0,,,
230401,230401,23,Heilongjiang,鹤岗市市辖区,2016,,2018.0,,,,,,,,,,,0.0,,0.0,,,
230401,230401,23,Heilongjiang,鹤岗市市辖区,2017,,2018.0,,,,,,,,,,,0.0,,0.0,,,
230401,230401,23,Heilongjiang,鹤岗市市辖区,2018,,2018.0,,,,,,,,,,,1.0,,1.0,,,
230401,230401,23,Heilongjiang,鹤岗市市辖区,2019,,2018.0,,,,,,,,,,,1.0,,1.0,,,
230401,230401,23,Heilongjiang,鹤岗市市辖区,2020,,2018.0,,,,,,,,,,,1.0,,1.0,,,
230401,230401,23,Heilongjiang,鹤岗市市辖区,2021,,2018.0,,,,,,,,,,,1.0,,1.0,,,
230402,230402,23,Heilongjiang,向阳区,2009,,2018.0,,,,,,,,,,,0.0,,0.0,,,
230402,230402,23,Heilongjiang,向阳区,2010,,2018.0,,,,,,,,,,,0.0,,0.0,,,
230402,230402,23,Heilongjiang,向阳区,2011,,2018.0,,,,,,,,,,,0.0,,0.0,,,
230402,230402,23,Heilongjiang,向阳区,2012,,2018.0,,,,,,,,,,,0.0,,0.0,,,
230402,230402,23,Heilongjiang,向阳区,2013,,2018.0,,,,,,,,,,,0.0,,0.0,,,
230402,230402,23,Heilongjiang,向阳区,2014,,2018.0,,,,,,,,,,,0.0,,0.0,,,
230402,230402,23,Heilongjiang,向阳区,2015,,2018.0,,,,,,,,,,,0.0,,0.0,,,
230402,230402,23,Heilongjiang,向阳区,2016,,2018.0,,,,,,,,,,,0.0,,0.0,,,
230402,230402,23,Heilongjiang,向阳区,2017,,2018.0,,,,,,,,,,,0.0,,0.0,,,
230402,230402,23,Heilongjiang,向阳区,2018,,2018.0,,,,,,,,,,,1.0,,1.0,,,
230402,230402,23,Heilongjiang,向阳区,2019,,2018.0,,,,,,,,,,,1.0,,1.0,,,
230402,230402,23,Heilongjiang,向阳区,2020,,2018.0,,,,,,,,,,,1.0,,1.0,,,
230402,230402,23,Heilongjiang,向阳区,2021,,2018.0,,,,,,,,,,,1.0,,1.0,,,
230403,230403,23,Heilongjiang,工农区,2009,,2018.0,,,,,,,,,,,0.0,,0.0,,,
230403,230403,23,Heilongjiang,工农区,2010,,2018.0,,,,,,,,,,,0.0,,0.0,,,
230403,230403,23,Heilongjiang,工农区,2011,,2018.0,,,,,,,,,,,0.0,,0.0,,,
230403,230403,23,Heilongjiang,工农区,2012,,2018.0,,,,,,,,,,,0.0,,0.0,,,
230403,230403,23,Heilongjiang,工农区,2013,,2018.0,,,,,,,,,,,0.0,,0.0,,,
230403,230403,23,Heilongjiang,工农区,2014,,2018.0,,,,,,,,,,,0.0,,0.0,,,
230403,230403,23,Heilongjiang,工农区,2015,,2018.0,,,,,,,,,,,0.0,,0.0,,,
230403,230403,23,Heilongjiang,工农区,2016,,2018.0,,,,,,,,,,,0.0,,0.0,,,
230403,230403,23,Heilongjiang,工农区,2017,,2018.0,,,,,,,,,,,0.0,,0.0,,,
230403,230403,23,Heilongjiang,工农区,2018,,2018.0,,,,,,,,,,,1.0,,1.0,,,
230403,230403,23,Heilongjiang,工农区,2019,,2018.0,,,,,,,,,,,1.0,,1.0,,,
230403,230403,23,Heilongjiang,工农区,2020,,2018.0,,,,,,,,,,,1.0,,1.0,,,
230403,230403,23,Heilongjiang,工农区,2021,,2018.0,,,,,,,,,,,1.0,,1.0,,,
230501,230501,23,Heilongjiang,双鸭山市市辖区,2009,,2018.0,,,,,,,,,,,0.0,,0.0,,,
230501,230501,23,Heilongjiang,双鸭山市市辖区,2010,,2018.0,,,,,,,,,,,0.0,,0.0,,,
230501,230501,23,Heilongjiang,双鸭山市市辖区,2011,,2018.0,,,,,,,,,,,0.0,,0.0,,,
230501,230501,23,Heilongjiang,双鸭山市市辖区,2012,,2018.0,,,,,,,,,,,0.0,,0.0,,,
230501,230501,23,Heilongjiang,双鸭山市市辖区,2013,,2018.0,,,,,,,,,,,0.0,,0.0,,,
230501,230501,23,Heilongjiang,双鸭山市市辖区,2014,,2018.0,,,,,,,,,,,0.0,,0.0,,,
230501,230501,23,Heilongjiang,双鸭山市市辖区,2015,,2018.0,,,,,,,,,,,0.0,,0.0,,,
230501,230501,23,Heilongjiang,双鸭山市市辖区,2016,,2018.0,,,,,,,,,,,0.0,,0.0,,,
230501,230501,23,Heilongjiang,双鸭山市市辖区,2017,,2018.0,,,,,,,,,,,0.0,,0.0,,,
230501,230501,23,Heilongjiang,双鸭山市市辖区,2018,,2018.0,,,,,,,,,,,1.0,,1.0,,,
230501,230501,23,Heilongjiang,双鸭山市市辖区,2019,,2018.0,,,,,,,,,,,1.0,,1.0,,,
230501,230501,23,Heilongjiang,双鸭山市市辖区,2020,,2018.0,,,,,,,,,,,1.0,,1.0,,,
230501,230501,23,Heilongjiang,双鸭山市市辖区,2021,,2018.0,,,,,,,,,,,1.0,,1.0,,,
230502,230502,23,Heilongjiang,尖山区,2009,,2018.0,,,,,,,,,,,0.0,,0.0,,,
230502,230502,23,Heilongjiang,尖山区,2010,,2018.0,,,,,,,,,,,0.0,,0.0,,,
230502,230502,23,Heilongjiang,尖山区,2011,,2018.0,,,,,,,,,,,0.0,,0.0,,,
230502,230502,23,Heilongjiang,尖山区,2012,,2018.0,,,,,,,,,,,0.0,,0.0,,,
230502,230502,23,Heilongjiang,尖山区,2013,,2018.0,,,,,,,,,,,0.0,,0.0,,,
230502,230502,23,Heilongjiang,尖山区,2014,,2018.0,,,,,,,,,,,0.0,,0.0,,,
230502,230502,23,Heilongjiang,尖山区,2015,,2018.0,,,,,,,,,,,0.0,,0.0,,,
230502,230502,23,Heilongjiang,尖山区,2016,,2018.0,,,,,,,,,,,0.0,,0.0,,,
230502,230502,23,Heilongjiang,尖山区,2017,,2018.0,,,,,,,,,,,0.0,,0.0,,,
230502,230502,23,Heilongjiang,尖山区,2018,,2018.0,,,,,,,,,,,1.0,,1.0,,,
230502,230502,23,Heilongjiang,尖山区,2019,,2018.0,,,,,,,,,,,1.0,,1.0,,,
230502,230502,23,Heilongjiang,尖山区,2020,,2018.0,,,,,,,,,,,1.0,,1.0,,,
230502,230502,23,Heilongjiang,尖山区,2021,,2018.0,,,,,,,,,,,1.0,,1.0,,,
230503,230503,23,Heilongjiang,岭东区,2009,,2018.0,,,,,,,,,,,0.0,,0.0,,,
230503,230503,23,Heilongjiang,岭东区,2010,,2018.0,,,,,,,,,,,0.0,,0.0,,,
230503,230503,23,Heilongjiang,岭东区,2011,,2018.0,,,,,,,,,,,0.0,,0.0,,,
230503,230503,23,Heilongjiang,岭东区,2012,,2018.0,,,,,,,,,,,0.0,,0.0,,,
230503,230503,23,Heilongjiang,岭东区,2013,,2018.0,,,,,,,,,,,0.0,,0.0,,,
230503,230503,23,Heilongjiang,岭东区,2014,,2018.0,,,,,,,,,,,0.0,,0.0,,,
230503,230503,23,Heilongjiang,岭东区,2015,,2018.0,,,,,,,,,,,0.0,,0.0,,,
230503,230503,23,Heilongjiang,岭东区,2016,,2018.0,,,,,,,,,,,0.0,,0.0,,,
230503,230503,23,Heilongjiang,岭东区,2017,,2018.0,,,,,,,,,,,0.0,,0.0,,,
230503,230503,23,Heilongjiang,岭东区,2018,,2018.0,,,,,,,,,,,1.0,,1.0,,,
230503,230503,23,Heilongjiang,岭东区,2019,,2018.0,,,,,,,,,,,1.0,,1.0,,,
230503,230503,23,Heilongjiang,岭东区,2020,,2018.0,,,,,,,,,,,1.0,,1.0,,,
230503,230503,23,Heilongjiang,岭东区,2021,,2018.0,,,,,,,,,,,1.0,,1.0,,,
330401,330401,33,Zhejiang,嘉兴市市辖区,2009,,,,,,,,,,,,,,,,,,
330401,330401,33,Zhejiang,嘉兴市市辖区,2010,,,,,,,,,,,,,,,,,,
330401,330401,33,Zhejiang,嘉兴市市辖区,2011,,,,,,,,,,,,,,,,,,
330401,330401,33,Zhejiang,嘉兴市市辖区,2012,,,,,,,,,,,,,,,,,,
330401,330401,33,Zhejiang,嘉兴市市辖区,2013,,,,,,,,,,,,,,,,,,
330401,330401,33,Zhejiang,嘉兴市市辖区,2014,,,,,,,,,,,,,,,,,,
330401,330401,33,Zhejiang,嘉兴市市辖区,2015,,,,,,,,,,,,,,,,,,
330401,330401,33,Zhejiang,嘉兴市市辖区,2016,,,,,,,,,,,,,,,,,,
330401,330401,33,Zhejiang,嘉兴市市辖区,2017,,,,,,,,,,,,,,,,,,
330401,330401,33,Zhejiang,嘉兴市市辖区,2018,,,,65.12,,,,,,,certificate_rate,,0.6512,,,,,
330401,330401,33,Zhejiang,嘉兴市市辖区,2019,,,,,,,,,,,,,,,,,,
330401,330401,33,Zhejiang,嘉兴市市辖区,2020,,,,,,,,,,,,,,,,,,
330401,330401,33,Zhejiang,嘉兴市市辖区,2021,,,,,,,,,,,,,,,,,,
330402,330402,33,Zhejiang,Nanhu District,2009,,2016.0,,,,,,,,,,,0.0,,0.0,,,
330402,330402,33,Zhejiang,Nanhu District,2010,,2016.0,,,,,,,,,,,0.0,,0.0,,,
330402,330402,33,Zhejiang,Nanhu District,2011,,2016.0,,,,,,,,,,,0.0,,0.0,,,
330402,330402,33,Zhejiang,Nanhu District,2012,,2016.0,,,,,,,,,,,0.0,,0.0,,,
330402,330402,33,Zhejiang,Nanhu District,2013,,2016.0,,,,,,,,,,,0.0,,0.0,,,
330402,330402,33,Zhejiang,Nanhu District,2014,,2016.0,,,,,,,,,,,0.0,,0.0,,,
330402,330402,33,Zhejiang,Nanhu District,2015,,2016.0,,,,,,,,,,,0.0,,0.0,,,
330402,330402,33,Zhejiang,Nanhu District,2016,,2016.0,,,,,,,,,,,1.0,,1.0,,,
330402,330402,33,Zhejiang,Nanhu District,2017,,2016.0,,,,,,,,,,,1.0,,1.0,,,
330402,330402,33,Zhejiang,Nanhu District,2018,,2016.0,,91.0,,,,,,,certificate_rate,,0.91,,1.0,,,
330402,330402,33,Zhejiang,Nanhu District,2019,,2016.0,,,,,,,,,,,1.0,,1.0,,,
330402,330402,33,Zhejiang,Nanhu District,2020,,2016.0,,,,,,,,,,,1.0,,1.0,,,
330402,330402,33,Zhejiang,Nanhu District,2021,,2016.0,,,,,,,,,,,1.0,,1.0,,,
330501,330501,33,Zhejiang,湖州市市辖区,2009,,,,,,,,,,,,,,,,,,
330501,330501,33,Zhejiang,湖州市市辖区,2010,,,,,,,,,,,,,,,,,,
330501,330501,33,Zhejiang,湖州市市辖区,2011,,,,,,,,,,,,,,,,,,
330501,330501,33,Zhejiang,湖州市市辖区,2012,,,,,,,,,,,,,,,,,,
330501,330501,33,Zhejiang,湖州市市辖区,2013,,,,,,,,,,,,,,,,,,
330501,330501,33,Zhejiang,湖州市市辖区,2014,,,,,,,,,,,,,,,,,,
330501,330501,33,Zhejiang,湖州市市辖区,2015,,,,,,,,,,,,,,,,,,
330501,330501,33,Zhejiang,湖州市市辖区,2016,,,,,,,,,,,,,,,,,,
330501,330501,33,Zhejiang,湖州市市辖区,2017,,,,,,,,,,,,,,,,,,
330501,330501,33,Zhejiang,湖州市市辖区,2018,,,,84.84,,,,,,,certificate_rate,,0.8484,,,,,
330501,330501,33,Zhejiang,湖州市市辖区,2019,,,,,,,,,,,,,,,,,,
330501,330501,33,Zhejiang,湖州市市辖区,2020,,,,,,,,,,,,,,,,,,
330501,330501,33,Zhejiang,湖州市市辖区,2021,,,,,,,,,,,,,,,,,,
330602,330602,33,Zhejiang,Yuecheng District,2009,,2016.0,,,,,,,,,,,0.0,,0.0,,,
330602,330602,33,Zhejiang,Yuecheng District,2010,,2016.0,,,,,,,,,,,0.0,,0.0,,,
330602,330602,33,Zhejiang,Yuecheng District,2011,,2016.0,,,,,,,,,,,0.0,,0.0,,,
330602,330602,33,Zhejiang,Yuecheng District,2012,,2016.0,,,,,,,,,,,0.0,,0.0,,,
330602,330602,33,Zhejiang,Yuecheng District,2013,,2016.0,,,,,,,,,,,0.0,,0.0,,,
330602,330602,33,Zhejiang,Yuecheng District,2014,,2016.0,,,,,,,,,,,0.0,,0.0,,,
330602,330602,33,Zhejiang,Yuecheng District,2015,,2016.0,,,,,,,,,,,0.0,,0.0,,,
330602,330602,33,Zhejiang,Yuecheng District,2016,,2016.0,,,,,,,,,,,1.0,,1.0,,,
330602,330602,33,Zhejiang,Yuecheng District,2017,,2016.0,,,,,,,,,,,1.0,,1.0,,,
330602,330602,33,Zhejiang,Yuecheng District,2018,,2016.0,,82.15,,,,,,,certificate_rate,,0.8215,,1.0,,,
330602,330602,33,Zhejiang,Yuecheng District,2019,,2016.0,,,,,,,,,,,1.0,,1.0,,,
330602,330602,33,Zhejiang,Yuecheng District,2020,,2016.0,,,,,,,,,,,1.0,,1.0,,,
330602,330602,33,Zhejiang,Yuecheng District,2021,,2016.0,,,,,,,,,,,1.0,,1.0,,,
330702,330702,33,Zhejiang,婺城区,2009,,,,,,,,,,,,,,,,,,
330702,330702,33,Zhejiang,婺城区,2010,,,,,,,,,,,,,,,,,,
330702,330702,33,Zhejiang,婺城区,2011,,,,,,,,,,,,,,,,,,
330702,330702,33,Zhejiang,婺城区,2012,,,,,,,,,,,,,,,,,,
330702,330702,33,Zhejiang,婺城区,2013,,,,,,,,,,,,,,,,,,
330702,330702,33,Zhejiang,婺城区,2014,,,,,,,,,,,,,,,,,,
330702,330702,33,Zhejiang,婺城区,2015,,,,,,,,,,,,,,,,,,
330702,330702,33,Zhejiang,婺城区,2016,,,,,,,,,,,,,,,,,,
330702,330702,33,Zhejiang,婺城区,2017,,,,,,,,,,,,,,,,,,
330702,330702,33,Zhejiang,婺城区,2018,,,,23.43,,,,,,,certificate_rate,,0.2343,,,,,
330702,330702,33,Zhejiang,婺城区,2019,,,,,,,,,,,,,,,,,,
330702,330702,33,Zhejiang,婺城区,2020,,,,,,,,,,,,,,,,,,
330702,330702,33,Zhejiang,婺城区,2021,,,,,,,,,,,,,,,,,,
330801,330801,33,Zhejiang,衢州市市辖区,2009,,,,,,,,,,,,,,,,,,
330801,330801,33,Zhejiang,衢州市市辖区,2010,,,,,,,,,,,,,,,,,,
330801,330801,33,Zhejiang,衢州市市辖区,2011,,,,,,,,,,,,,,,,,,
330801,330801,33,Zhejiang,衢州市市辖区,2012,,,,,,,,,,,,,,,,,,
330801,330801,33,Zhejiang,衢州市市辖区,2013,,,,,,,,,,,,,,,,,,
330801,330801,33,Zhejiang,衢州市市辖区,2014,,,,,,,,,,,,,,,,,,
330801,330801,33,Zhejiang,衢州市市辖区,2015,,,,,,,,,,,,,,,,,,
330801,330801,33,Zhejiang,衢州市市辖区,2016,,,,,,,,,,,,,,,,,,
330801,330801,33,Zhejiang,衢州市市辖区,2017,,,,,,,,,,,,,,,,,,
330801,330801,33,Zhejiang,衢州市市辖区,2018,,,,73.27,,,,,,,certificate_rate,,0.7326999999999999,,,,,
330801,330801,33,Zhejiang,衢州市市辖区,2019,,,,,,,,,,,,,,,,,,
330801,330801,33,Zhejiang,衢州市市辖区,2020,,,,,,,,,,,,,,,,,,
330801,330801,33,Zhejiang,衢州市市辖区,2021,,,,,,,,,,,,,,,,,,
330802,330802,33,Zhejiang,Kecheng District,2009,2016.0,2017.0,,,2016.0,,,,,1.0,,,0.0,0.0,0.0,,,
330802,330802,33,Zhejiang,Kecheng District,2010,2016.0,2017.0,,,2016.0,,,,,1.0,,,0.0,0.0,0.0,,,
330802,330802,33,Zhejiang,Kecheng District,2011,2016.0,2017.0,,,2016.0,,,,,1.0,,,0.0,0.0,0.0,,,
330802,330802,33,Zhejiang,Kecheng District,2012,2016.0,2017.0,,,2016.0,,,,,1.0,,,0.0,0.0,0.0,,,
330802,330802,33,Zhejiang,Kecheng District,2013,2016.0,2017.0,,,2016.0,,,,,1.0,,,0.0,0.0,0.0,,,
330802,330802,33,Zhejiang,Kecheng District,2014,2016.0,2017.0,,,2016.0,,,,,1.0,,,0.0,0.0,0.0,,,
330802,330802,33,Zhejiang,Kecheng District,2015,2016.0,2017.0,,,2016.0,,,,,1.0,,,0.0,0.0,0.0,,,
330802,330802,33,Zhejiang,Kecheng District,2016,2016.0,2017.0,,,2016.0,,,,,1.0,,,0.0,1.0,0.0,,,
330802,330802,33,Zhejiang,Kecheng District,2017,2016.0,2017.0,,,2016.0,,,,,1.0,,,1.0,1.0,1.0,,,
330802,330802,33,Zhejiang,Kecheng District,2018,2016.0,2017.0,,94.0,2016.0,,,,,1.0,certificate_rate,,0.94,1.0,1.0,,,
330802,330802,33,Zhejiang,Kecheng District,2019,2016.0,2017.0,,,2016.0,,,,,1.0,,,1.0,1.0,1.0,,,
330802,330802,33,Zhejiang,Kecheng District,2020,2016.0,2017.0,,,2016.0,,,,,1.0,,,1.0,1.0,1.0,,,
330802,330802,33,Zhejiang,Kecheng District,2021,2016.0,2017.0,,,2016.0,,,,,1.0,,,1.0,1.0,1.0,,,
330901,330901,33,Zhejiang,舟山市市辖区,2009,,,,,,,,,,,,,,,,,,
330901,330901,33,Zhejiang,舟山市市辖区,2010,,,,,,,,,,,,,,,,,,
330901,330901,33,Zhejiang,舟山市市辖区,2011,,,,,,,,,,,,,,,,,,
330901,330901,33,Zhejiang,舟山市市辖区,2012,,,,,,,,,,,,,,,,,,
330901,330901,33,Zhejiang,舟山市市辖区,2013,,,,,,,,,,,,,,,,,,
330901,330901,33,Zhejiang,舟山市市辖区,2014,,,,,,,,,,,,,,,,,,
330901,330901,33,Zhejiang,舟山市市辖区,2015,,,,,,,,,,,,,,,,,,
330901,330901,33,Zhejiang,舟山市市辖区,2016,,,,,,,,,,,,,,,,,,
330901,330901,33,Zhejiang,舟山市市辖区,2017,,,,,,,,,,,,,,,,,,
330901,330901,33,Zhejiang,舟山市市辖区,2018,,,,81.7,,,,,,,certificate_rate,,0.8170000000000001,,,,,
330901,330901,33,Zhejiang,舟山市市辖区,2019,,,,,,,,,,,,,,,,,,
330901,330901,33,Zhejiang,舟山市市辖区,2020,,,,,,,,,,,,,,,,,,
330901,330901,33,Zhejiang,舟山市市辖区,2021,,,,,,,,,,,,,,,,,,
330902,330902,33,Zhejiang,定海区,2009,,,,,,,,,,,,,,,,,,
330902,330902,33,Zhejiang,定海区,2010,,,,,,,,,,,,,,,,,,
330902,330902,33,Zhejiang,定海区,2011,,,,,,,,,,,,,,,,,,
330902,330902,33,Zhejiang,定海区,2012,,,,,,,,,,,,,,,,,,
330902,330902,33,Zhejiang,定海区,2013,,,,,,,,,,,,,,,,,,
330902,330902,33,Zhejiang,定海区,2014,,,,,,,,,,,,,,,,,,
330902,330902,33,Zhejiang,定海区,2015,,,,,,,,,,,,,,,,,,
330902,330902,33,Zhejiang,定海区,2016,,,,,,,,,,,,,,,,,,
330902,330902,33,Zhejiang,定海区,2017,,,,,,,,,,,,,,,,,,
330902,330902,33,Zhejiang,定海区,2018,,,,81.0,,,,,,,certificate_rate,,0.81,,,,,
330902,330902,33,Zhejiang,定海区,2019,,,,,,,,,,,,,,,,,,
330902,330902,33,Zhejiang,定海区,2020,,,,,,,,,,,,,,,,,,
330902,330902,33,Zhejiang,定海区,2021,,,,,,,,,,,,,,,,,,
331001,331001,33,Zhejiang,台州市市辖区,2009,,,,,,,,,,,,,,,,,,
331001,331001,33,Zhejiang,台州市市辖区,2010,,,,,,,,,,,,,,,,,,
331001,331001,33,Zhejiang,台州市市辖区,2011,,,,,,,,,,,,,,,,,,
331001,331001,33,Zhejiang,台州市市辖区,2012,,,,,,,,,,,,,,,,,,
331001,331001,33,Zhejiang,台州市市辖区,2013,,,,,,,,,,,,,,,,,,
331001,331001,33,Zhejiang,台州市市辖区,2014,,,,,,,,,,,,,,,,,,
331001,331001,33,Zhejiang,台州市市辖区,2015,,,,,,,,,,,,,,,,,,
331001,331001,33,Zhejiang,台州市市辖区,2016,,,,,,,,,,,,,,,,,,
331001,331001,33,Zhejiang,台州市市辖区,2017,,,,,,,,,,,,,,,,,,
331001,331001,33,Zhejiang,台州市市辖区,2018,,,,83.56,,,,,,,certificate_rate,,0.8356,,,,,
331001,331001,33,Zhejiang,台州市市辖区,2019,,,,,,,,,,,,,,,,,,
331001,331001,33,Zhejiang,台州市市辖区,2020,,,,,,,,,,,,,,,,,,
331001,331001,33,Zhejiang,台州市市辖区,2021,,,,,,,,,,,,,,,,,,
331201,331201,33,Zhejiang,浙江省旧码市辖区(331201),2009,,,,,,,,,,,,,,,,,,
331201,331201,33,Zhejiang,浙江省旧码市辖区(331201),2010,,,,,,,,,,,,,,,,,,
331201,331201,33,Zhejiang,浙江省旧码市辖区(331201),2011,,,,,,,,,,,,,,,,,,
331201,331201,33,Zhejiang,浙江省旧码市辖区(331201),2012,,,,,,,,,,,,,,,,,,
331201,331201,33,Zhejiang,浙江省旧码市辖区(331201),2013,,,,,,,,,,,,,,,,,,
331201,331201,33,Zhejiang,浙江省旧码市辖区(331201),2014,,,,,,,,,,,,,,,,,,
331201,331201,33,Zhejiang,浙江省旧码市辖区(331201),2015,,,,,,,,,,,,,,,,,,
331201,331201,33,Zhejiang,浙江省旧码市辖区(331201),2016,,,,,,,,,,,,,,,,,,
331201,331201,33,Zhejiang,浙江省旧码市辖区(331201),2017,,,,,,,,,,,,,,,,,,
331201,331201,33,Zhejiang,浙江省旧码市辖区(331201),2018,,,,,,,,,,,certificate_rate,,,,,,,
331201,331201,33,Zhejiang,浙江省旧码市辖区(331201),2019,,,,,,,,,,,,,,,,,,
331201,331201,33,Zhejiang,浙江省旧码市辖区(331201),2020,,,,,,,,,,,,,,,,,,
331201,331201,33,Zhejiang,浙江省旧码市辖区(331201),2021,,,,,,,,,,,,,,,,,,
331401,331401,33,Zhejiang,浙江省旧码市辖区(331401),2009,,,,,,,,,,,,,,,,,,
331401,331401,33,Zhejiang,浙江省旧码市辖区(331401),2010,,,,,,,,,,,,,,,,,,
331401,331401,33,Zhejiang,浙江省旧码市辖区(331401),2011,,,,,,,,,,,,,,,,,,
331401,331401,33,Zhejiang,浙江省旧码市辖区(331401),2012,,,,,,,,,,,,,,,,,,
331401,331401,33,Zhejiang,浙江省旧码市辖区(331401),2013,,,,,,,,,,,,,,,,,,
331401,331401,33,Zhejiang,浙江省旧码市辖区(331401),2014,,,,,,,,,,,,,,,,,,
331401,331401,33,Zhejiang,浙江省旧码市辖区(331401),2015,,,,,,,,,,,,,,,,,,
331401,331401,33,Zhejiang,浙江省旧码市辖区(331401),2016,,,,,,,,,,,,,,,,,,
331401,331401,33,Zhejiang,浙江省旧码市辖区(331401),2017,,,,,,,,,,,,,,,,,,
331401,331401,33,Zhejiang,浙江省旧码市辖区(331401),2018,,,,,,,,,,,certificate_rate,,,,,,,
331401,331401,33,Zhejiang,浙江省旧码市辖区(331401),2019,,,,,,,,,,,,,,,,,,
331401,331401,33,Zhejiang,浙江省旧码市辖区(331401),2020,,,,,,,,,,,,,,,,,,
331401,331401,33,Zhejiang,浙江省旧码市辖区(331401),2021,,,,,,,,,,,,,,,,,,
331501,331501,33,Zhejiang,浙江省旧码市辖区(331501),2009,,,,,,,,,,,,,,,,,,
331501,331501,33,Zhejiang,浙江省旧码市辖区(331501),2010,,,,,,,,,,,,,,,,,,
331501,331501,33,Zhejiang,浙江省旧码市辖区(331501),2011,,,,,,,,,,,,,,,,,,
331501,331501,33,Zhejiang,浙江省旧码市辖区(331501),2012,,,,,,,,,,,,,,,,,,
331501,331501,33,Zhejiang,浙江省旧码市辖区(331501),2013,,,,,,,,,,,,,,,,,,
331501,331501,33,Zhejiang,浙江省旧码市辖区(331501),2014,,,,,,,,,,,,,,,,,,
331501,331501,33,Zhejiang,浙江省旧码市辖区(331501),2015,,,,,,,,,,,,,,,,,,
331501,331501,33,Zhejiang,浙江省旧码市辖区(331501),2016,,,,,,,,,,,,,,,,,,
331501,331501,33,Zhejiang,浙江省旧码市辖区(331501),2017,,,,,,,,,,,,,,,,,,
331501,331501,33,Zhejiang,浙江省旧码市辖区(331501),2018,,,,,,,,,,,certificate_rate,,,,,,,
331501,331501,33,Zhejiang,浙江省旧码市辖区(331501),2019,,,,,,,,,,,,,,,,,,
331501,331501,33,Zhejiang,浙江省旧码市辖区(331501),2020,,,,,,,,,,,,,,,,,,
331501,331501,33,Zhejiang,浙江省旧码市辖区(331501),2021,,,,,,,,,,,,,,,,,,
331601,331601,33,Zhejiang,浙江省旧码市辖区(331601),2009,,,,,,,,,,,,,,,,,,
331601,331601,33,Zhejiang,浙江省旧码市辖区(331601),2010,,,,,,,,,,,,,,,,,,
331601,331601,33,Zhejiang,浙江省旧码市辖区(331601),2011,,,,,,,,,,,,,,,,,,
331601,331601,33,Zhejiang,浙江省旧码市辖区(331601),2012,,,,,,,,,,,,,,,,,,
331601,331601,33,Zhejiang,浙江省旧码市辖区(331601),2013,,,,,,,,,,,,,,,,,,
331601,331601,33,Zhejiang,浙江省旧码市辖区(331601),2014,,,,,,,,,,,,,,,,,,
331601,331601,33,Zhejiang,浙江省旧码市辖区(331601),2015,,,,,,,,,,,,,,,,,,
331601,331601,33,Zhejiang,浙江省旧码市辖区(331601),2016,,,,,,,,,,,,,,,,,,
331601,331601,33,Zhejiang,浙江省旧码市辖区(331601),2017,,,,,,,,,,,,,,,,,,
331601,331601,33,Zhejiang,浙江省旧码市辖区(331601),2018,,,,,,,,,,,certificate_rate,,,,,,,
331601,331601,33,Zhejiang,浙江省旧码市辖区(331601),2019,,,,,,,,,,,,,,,,,,
331601,331601,33,Zhejiang,浙江省旧码市辖区(331601),2020,,,,,,,,,,,,,,,,,,
331601,331601,33,Zhejiang,浙江省旧码市辖区(331601),2021,,,,,,,,,,,,,,,,,,
331801,331801,33,Zhejiang,浙江省旧码市辖区(331801),2009,,,,,,,,,,,,,,,,,,
331801,331801,33,Zhejiang,浙江省旧码市辖区(331801),2010,,,,,,,,,,,,,,,,,,
331801,331801,33,Zhejiang,浙江省旧码市辖区(331801),2011,,,,,,,,,,,,,,,,,,
331801,331801,33,Zhejiang,浙江省旧码市辖区(331801),2012,,,,,,,,,,,,,,,,,,
331801,331801,33,Zhejiang,浙江省旧码市辖区(331801),2013,,,,,,,,,,,,,,,,,,
331801,331801,33,Zhejiang,浙江省旧码市辖区(331801),2014,,,,,,,,,,,,,,,,,,
331801,331801,33,Zhejiang,浙江省旧码市辖区(331801),2015,,,,,,,,,,,,,,,,,,
331801,331801,33,Zhejiang,浙江省旧码市辖区(331801),2016,,,,,,,,,,,,,,,,,,
331801,331801,33,Zhejiang,浙江省旧码市辖区(331801),2017,,,,,,,,,,,,,,,,,,
331801,331801,33,Zhejiang,浙江省旧码市辖区(331801),2018,,,,,,,,,,,certificate_rate,,,,,,,
331801,331801,33,Zhejiang,浙江省旧码市辖区(331801),2019,,,,,,,,,,,,,,,,,,
331801,331801,33,Zhejiang,浙江省旧码市辖区(331801),2020,,,,,,,,,,,,,,,,,,
331801,331801,33,Zhejiang,浙江省旧码市辖区(331801),2021,,,,,,,,,,,,,,,,,,
350101,350101,35,Fujian,福州市市辖区,2009,,2018.0,,,,,,2018.0,,,,,0.0,,0.0,,0.0,
350101,350101,35,Fujian,福州市市辖区,2010,,2018.0,,,,,,2018.0,,,,,0.0,,0.0,,0.0,
350101,350101,35,Fujian,福州市市辖区,2011,,2018.0,,,,,,2018.0,,,,,0.0,,0.0,,0.0,
350101,350101,35,Fujian,福州市市辖区,2012,,2018.0,,,,,,2018.0,,,,,0.0,,0.0,,0.0,
350101,350101,35,Fujian,福州市市辖区,2013,,2018.0,,,,,,2018.0,,,,,0.0,,0.0,,0.0,
350101,350101,35,Fujian,福州市市辖区,2014,,2018.0,,,,,,2018.0,,,,,0.0,,0.0,,0.0,
350101,350101,35,Fujian,福州市市辖区,2015,,2018.0,,,,,,2018.0,,,,,0.0,,0.0,,0.0,
350101,350101,35,Fujian,福州市市辖区,2016,,2018.0,,,,,,2018.0,,,,,0.0,,0.0,,0.0,
350101,350101,35,Fujian,福州市市辖区,2017,,2018.0,,,,,,2018.0,,,,,0.0,,0.0,,0.0,
350101,350101,35,Fujian,福州市市辖区,2018,,2018.0,,,,,,2018.0,,,,,1.0,,1.0,,1.0,
350101,350101,35,Fujian,福州市市辖区,2019,,2018.0,,,,,,2018.0,,,,,1.0,,1.0,,1.0,
350101,350101,35,Fujian,福州市市辖区,2020,,2018.0,,,,,,2018.0,,,,,1.0,,1.0,,1.0,
350101,350101,35,Fujian,福州市市辖区,2021,,2018.0,,,,,,2018.0,,,,,1.0,,1.0,,1.0,
350102,350102,35,Fujian,鼓楼区,2009,,2018.0,,,,,,2018.0,,,,,0.0,,0.0,,0.0,
350102,350102,35,Fujian,鼓楼区,2010,,2018.0,,,,,,2018.0,,,,,0.0,,0.0,,0.0,
350102,350102,35,Fujian,鼓楼区,2011,,2018.0,,,,,,2018.0,,,,,0.0,,0.0,,0.0,
350102,350102,35,Fujian,鼓楼区,2012,,2018.0,,,,,,2018.0,,,,,0.0,,0.0,,0.0,
350102,350102,35,Fujian,鼓楼区,2013,,2018.0,,,,,,2018.0,,,,,0.0,,0.0,,0.0,
350102,350102,35,Fujian,鼓楼区,2014,,2018.0,,,,,,2018.0,,,,,0.0,,0.0,,0.0,
350102,350102,35,Fujian,鼓楼区,2015,,2018.0,,,,,,2018.0,,,,,0.0,,0.0,,0.0,
350102,350102,35,Fujian,鼓楼区,2016,,2018.0,,,,,,2018.0,,,,,0.0,,0.0,,0.0,
350102,350102,35,Fujian,鼓楼区,2017,,2018.0,,,,,,2018.0,,,,,0.0,,0.0,,0.0,
350102,350102,35,Fujian,鼓楼区,2018,,2018.0,,,,,,2018.0,,,,,1.0,,1.0,,1.0,
350102,350102,35,Fujian,鼓楼区,2019,,2018.0,,,,,,2018.0,,,,,1.0,,1.0,,1.0,
350102,350102,35,Fujian,鼓楼区,2020,,2018.0,,,,,,2018.0,,,,,1.0,,1.0,,1.0,
350102,350102,35,Fujian,鼓楼区,2021,,2018.0,,,,,,2018.0,,,,,1.0,,1.0,,1.0,
350103,350103,35,Fujian,台江区,2009,,2018.0,,,,,,2018.0,,,,,0.0,,0.0,,0.0,
350103,350103,35,Fujian,台江区,2010,,2018.0,,,,,,2018.0,,,,,0.0,,0.0,,0.0,
350103,350103,35,Fujian,台江区,2011,,2018.0,,,,,,2018.0,,,,,0.0,,0.0,,0.0,
350103,350103,35,Fujian,台江区,2012,,2018.0,,,,,,2018.0,,,,,0.0,,0.0,,0.0,
350103,350103,35,Fujian,台江区,2013,,2018.0,,,,,,2018.0,,,,,0.0,,0.0,,0.0,
350103,350103,35,Fujian,台江区,2014,,2018.0,,,,,,2018.0,,,,,0.0,,0.0,,0.0,
350103,350103,35,Fujian,台江区,2015,,2018.0,,,,,,2018.0,,,,,0.0,,0.0,,0.0,
350103,350103,35,Fujian,台江区,2016,,2018.0,,,,,,2018.0,,,,,0.0,,0.0,,0.0,
350103,350103,35,Fujian,台江区,2017,,2018.0,,,,,,2018.0,,,,,0.0,,0.0,,0.0,
350103,350103,35,Fujian,台江区,2018,,2018.0,,,,,,2018.0,,,,,1.0,,1.0,,1.0,
350103,350103,35,Fujian,台江区,2019,,2018.0,,,,,,2018.0,,,,,1.0,,1.0,,1.0,
350103,350103,35,Fujian,台江区,2020,,2018.0,,,,,,2018.0,,,,,1.0,,1.0,,1.0,
350103,350103,35,Fujian,台江区,2021,,2018.0,,,,,,2018.0,,,,,1.0,,1.0,,1.0,
350201,350201,35,Fujian,厦门市市辖区,2009,,2018.0,,,,,,2018.0,,,,,0.0,,0.0,,0.0,
350201,350201,35,Fujian,厦门市市辖区,2010,,2018.0,,,,,,2018.0,,,,,0.0,,0.0,,0.0,
350201,350201,35,Fujian,厦门市市辖区,2011,,2018.0,,,,,,2018.0,,,,,0.0,,0.0,,0.0,
350201,350201,35,Fujian,厦门市市辖区,2012,,2018.0,,,,,,2018.0,,,,,0.0,,0.0,,0.0,
350201,350201,35,Fujian,厦门市市辖区,2013,,2018.0,,,,,,2018.0,,,,,0.0,,0.0,,0.0,
350201,350201,35,Fujian,厦门市市辖区,2014,,2018.0,,,,,,2018.0,,,,,0.0,,0.0,,0.0,
350201,350201,35,Fujian,厦门市市辖区,2015,,2018.0,,,,,,2018.0,,,,,0.0,,0.0,,0.0,
350201,350201,35,Fujian,厦门市市辖区,2016,,2018.0,,,,,,2018.0,,,,,0.0,,0.0,,0.0,
350201,350201,35,Fujian,厦门市市辖区,2017,,2018.0,,,,,,2018.0,,,,,0.0,,0.0,,0.0,
350201,350201,35,Fujian,厦门市市辖区,2018,,2018.0,,,,,,2018.0,,,,,1.0,,1.0,,1.0,
350201,350201,35,Fujian,厦门市市辖区,2019,,2018.0,,,,,,2018.0,,,,,1.0,,1.0,,1.0,
350201,350201,35,Fujian,厦门市市辖区,2020,,2018.0,,,,,,2018.0,,,,,1.0,,1.0,,1.0,
350201,350201,35,Fujian,厦门市市辖区,2021,,2018.0,,,,,,2018.0,,,,,1.0,,1.0,,1.0,
350301,350301,35,Fujian,莆田市市辖区,2009,,2018.0,,,,,,2018.0,,,,,0.0,,0.0,,0.0,
350301,350301,35,Fujian,莆田市市辖区,2010,,2018.0,,,,,,2018.0,,,,,0.0,,0.0,,0.0,
350301,350301,35,Fujian,莆田市市辖区,2011,,2018.0,,,,,,2018.0,,,,,0.0,,0.0,,0.0,
350301,350301,35,Fujian,莆田市市辖区,2012,,2018.0,,,,,,2018.0,,,,,0.0,,0.0,,0.0,
350301,350301,35,Fujian,莆田市市辖区,2013,,2018.0,,,,,,2018.0,,,,,0.0,,0.0,,0.0,
350301,350301,35,Fujian,莆田市市辖区,2014,,2018.0,,,,,,2018.0,,,,,0.0,,0.0,,0.0,
350301,350301,35,Fujian,莆田市市辖区,2015,,2018.0,,,,,,2018.0,,,,,0.0,,0.0,,0.0,
350301,350301,35,Fujian,莆田市市辖区,2016,,2018.0,,,,,,2018.0,,,,,0.0,,0.0,,0.0,
350301,350301,35,Fujian,莆田市市辖区,2017,,2018.0,,,,,,2018.0,,,,,0.0,,0.0,,0.0,
350301,350301,35,Fujian,莆田市市辖区,2018,,2018.0,,,,,,2018.0,,,,,1.0,,1.0,,1.0,
350301,350301,35,Fujian,莆田市市辖区,2019,,2018.0,,,,,,2018.0,,,,,1.0,,1.0,,1.0,
350301,350301,35,Fujian,莆田市市辖区,2020,,2018.0,,,,,,2018.0,,,,,1.0,,1.0,,1.0,
350301,350301,35,Fujian,莆田市市辖区,2021,,2018.0,,,,,,2018.0,,,,,1.0,,1.0,,1.0,
350401,350401,35,Fujian,三明市市辖区,2009,,2018.0,,,,,,2018.0,,,,,0.0,,0.0,,0.0,
350401,350401,35,Fujian,三明市市辖区,2010,,2018.0,,,,,,2018.0,,,,,0.0,,0.0,,0.0,
350401,350401,35,Fujian,三明市市辖区,2011,,2018.0,,,,,,2018.0,,,,,0.0,,0.0,,0.0,
350401,350401,35,Fujian,三明市市辖区,2012,,2018.0,,,,,,2018.0,,,,,0.0,,0.0,,0.0,
350401,350401,35,Fujian,三明市市辖区,2013,,2018.0,,,,,,2018.0,,,,,0.0,,0.0,,0.0,
350401,350401,35,Fujian,三明市市辖区,2014,,2018.0,,,,,,2018.0,,,,,0.0,,0.0,,0.0,
350401,350401,35,Fujian,三明市市辖区,2015,,2018.0,,,,,,2018.0,,,,,0.0,,0.0,,0.0,
350401,350401,35,Fujian,三明市市辖区,2016,,2018.0,,,,,,2018.0,,,,,0.0,,0.0,,0.0,
350401,350401,35,Fujian,三明市市辖区,2017,,2018.0,,,,,,2018.0,,,,,0.0,,0.0,,0.0,
350401,350401,35,Fujian,三明市市辖区,2018,,2018.0,,,,,,2018.0,,,,,1.0,,1.0,,1.0,
350401,350401,35,Fujian,三明市市辖区,2019,,2018.0,,,,,,2018.0,,,,,1.0,,1.0,,1.0,
350401,350401,35,Fujian,三明市市辖区,2020,,2018.0,,,,,,2018.0,,,,,1.0,,1.0,,1.0,
350401,350401,35,Fujian,三明市市辖区,2021,,2018.0,,,,,,2018.0,,,,,1.0,,1.0,,1.0,
350402,350402,35,Fujian,梅列区,2009,,2018.0,,,,,,2018.0,,,,,0.0,,0.0,,0.0,
350402,350402,35,Fujian,梅列区,2010,,2018.0,,,,,,2018.0,,,,,0.0,,0.0,,0.0,
350402,350402,35,Fujian,梅列区,2011,,2018.0,,,,,,2018.0,,,,,0.0,,0.0,,0.0,
350402,350402,35,Fujian,梅列区,2012,,2018.0,,,,,,2018.0,,,,,0.0,,0.0,,0.0,
350402,350402,35,Fujian,梅列区,2013,,2018.0,,,,,,2018.0,,,,,0.0,,0.0,,0.0,
350402,350402,35,Fujian,梅列区,2014,,2018.0,,,,,,2018.0,,,,,0.0,,0.0,,0.0,
350402,350402,35,Fujian,梅列区,2015,,2018.0,,,,,,2018.0,,,,,0.0,,0.0,,0.0,
350402,350402,35,Fujian,梅列区,2016,,2018.0,,,,,,2018.0,,,,,0.0,,0.0,,0.0,
350402,350402,35,Fujian,梅列区,2017,,2018.0,,,,,,2018.0,,,,,0.0,,0.0,,0.0,
350402,350402,35,Fujian,梅列区,2018,,2018.0,,,,,,2018.0,,,,,1.0,,1.0,,1.0,
350402,350402,35,Fujian,梅列区,2019,,2018.0,,,,,,2018.0,,,,,1.0,,1.0,,1.0,
350402,350402,35,Fujian,梅列区,2020,,2018.0,,,,,,2018.0,,,,,1.0,,1.0,,1.0,
350402,350402,35,Fujian,梅列区,2021,,2018.0,,,,,,2018.0,,,,,1.0,,1.0,,1.0,
350501,350501,35,Fujian,泉州市市辖区,2009,,2018.0,,,,,,2018.0,,,,,0.0,,0.0,,0.0,
350501,350501,35,Fujian,泉州市市辖区,2010,,2018.0,,,,,,2018.0,,,,,0.0,,0.0,,0.0,
350501,350501,35,Fujian,泉州市市辖区,2011,,2018.0,,,,,,2018.0,,,,,0.0,,0.0,,0.0,
350501,350501,35,Fujian,泉州市市辖区,2012,,2018.0,,,,,,2018.0,,,,,0.0,,0.0,,0.0,
350501,350501,35,Fujian,泉州市市辖区,2013,,2018.0,,,,,,2018.0,,,,,0.0,,0.0,,0.0,
350501,350501,35,Fujian,泉州市市辖区,2014,,2018.0,,,,,,2018.0,,,,,0.0,,0.0,,0.0,
350501,350501,35,Fujian,泉州市市辖区,2015,,2018.0,,,,,,2018.0,,,,,0.0,,0.0,,0.0,
350501,350501,35,Fujian,泉州市市辖区,2016,,2018.0,,,,,,2018.0,,,,,0.0,,0.0,,0.0,
350501,350501,35,Fujian,泉州市市辖区,2017,,2018.0,,,,,,2018.0,,,,,0.0,,0.0,,0.0,
350501,350501,35,Fujian,泉州市市辖区,2018,,2018.0,,,,,,2018.0,,,,,1.0,,1.0,,1.0,
350501,350501,35,Fujian,泉州市市辖区,2019,,2018.0,,,,,,2018.0,,,,,1.0,,1.0,,1.0,
350501,350501,35,Fujian,泉州市市辖区,2020,,2018.0,,,,,,2018.0,,,,,1.0,,1.0,,1.0,
350501,350501,35,Fujian,泉州市市辖区,2021,,2018.0,,,,,,2018.0,,,,,1.0,,1.0,,1.0,
350701,350701,35,Fujian,南平市市辖区,2009,,2018.0,,,,,,2018.0,,,,,0.0,,0.0,,0.0,
350701,350701,35,Fujian,南平市市辖区,2010,,2018.0,,,,,,2018.0,,,,,0.0,,0.0,,0.0,
350701,350701,35,Fujian,南平市市辖区,2011,,2018.0,,,,,,2018.0,,,,,0.0,,0.0,,0.0,
350701,350701,35,Fujian,南平市市辖区,2012,,2018.0,,,,,,2018.0,,,,,0.0,,0.0,,0.0,
350701,350701,35,Fujian,南平市市辖区,2013,,2018.0,,,,,,2018.0,,,,,0.0,,0.0,,0.0,
350701,350701,35,Fujian,南平市市辖区,2014,,2018.0,,,,,,2018.0,,,,,0.0,,0.0,,0.0,
350701,350701,35,Fujian,南平市市辖区,2015,,2018.0,,,,,,2018.0,,,,,0.0,,0.0,,0.0,
350701,350701,35,Fujian,南平市市辖区,2016,,2018.0,,,,,,2018.0,,,,,0.0,,0.0,,0.0,
350701,350701,35,Fujian,南平市市辖区,2017,,2018.0,,,,,,2018.0,,,,,0.0,,0.0,,0.0,
350701,350701,35,Fujian,南平市市辖区,2018,,2018.0,,,,,,2018.0,,,,,1.0,,1.0,,1.0,
350701,350701,35,Fujian,南平市市辖区,2019,,2018.0,,,,,,2018.0,,,,,1.0,,1.0,,1.0,
350701,350701,35,Fujian,南平市市辖区,2020,,2018.0,,,,,,2018.0,,,,,1.0,,1.0,,1.0,
350701,350701,35,Fujian,南平市市辖区,2021,,2018.0,,,,,,2018.0,,,,,1.0,,1.0,,1.0,
350703,350703,35,Fujian,建阳区,2009,,2018.0,,,,,,2018.0,,,,,0.0,,0.0,,0.0,
350703,350703,35,Fujian,建阳区,2010,,2018.0,,,,,,2018.0,,,,,0.0,,0.0,,0.0,
350703,350703,35,Fujian,建阳区,2011,,2018.0,,,,,,2018.0,,,,,0.0,,0.0,,0.0,
350703,350703,35,Fujian,建阳区,2012,,2018.0,,,,,,2018.0,,,,,0.0,,0.0,,0.0,
350703,350703,35,Fujian,建阳区,2013,,2018.0,,,,,,2018.0,,,,,0.0,,0.0,,0.0,
350703,350703,35,Fujian,建阳区,2014,,2018.0,,,,,,2018.0,,,,,0.0,,0.0,,0.0,
350703,350703,35,Fujian,建阳区,2015,,2018.0,,,,,,2018.0,,,,,0.0,,0.0,,0.0,
350703,350703,35,Fujian,建阳区,2016,,2018.0,,,,,,2018.0,,,,,0.0,,0.0,,0.0,
350703,350703,35,Fujian,建阳区,2017,,2018.0,,,,,,2018.0,,,,,0.0,,0.0,,0.0,
350703,350703,35,Fujian,建阳区,2018,,2018.0,,,,,,2018.0,,,,,1.0,,1.0,,1.0,
350703,350703,35,Fujian,建阳区,2019,,2018.0,,,,,,2018.0,,,,,1.0,,1.0,,1.0,
350703,350703,35,Fujian,建阳区,2020,,2018.0,,,,,,2018.0,,,,,1.0,,1.0,,1.0,
350703,350703,35,Fujian,建阳区,2021,,2018.0,,,,,,2018.0,,,,,1.0,,1.0,,1.0,
350901,350901,35,Fujian,宁德市市辖区,2009,,2018.0,,,,,,2018.0,,,,,0.0,,0.0,,0.0,
350901,350901,35,Fujian,宁德市市辖区,2010,,2018.0,,,,,,2018.0,,,,,0.0,,0.0,,0.0,
350901,350901,35,Fujian,宁德市市辖区,2011,,2018.0,,,,,,2018.0,,,,,0.0,,0.0,,0.0,
350901,350901,35,Fujian,宁德市市辖区,2012,,2018.0,,,,,,2018.0,,,,,0.0,,0.0,,0.0,
350901,350901,35,Fujian,宁德市市辖区,2013,,2018.0,,,,,,2018.0,,,,,0.0,,0.0,,0.0,
350901,350901,35,Fujian,宁德市市辖区,2014,,2018.0,,,,,,2018.0,,,,,0.0,,0.0,,0.0,
350901,350901,35,Fujian,宁德市市辖区,2015,,2018.0,,,,,,2018.0,,,,,0.0,,0.0,,0.0,
350901,350901,35,Fujian,宁德市市辖区,2016,,2018.0,,,,,,2018.0,,,,,0.0,,0.0,,0.0,
350901,350901,35,Fujian,宁德市市辖区,2017,,2018.0,,,,,,2018.0,,,,,0.0,,0.0,,0.0,
350901,350901,35,Fujian,宁德市市辖区,2018,,2018.0,,,,,,2018.0,,,,,1.0,,1.0,,1.0,
350901,350901,35,Fujian,宁德市市辖区,2019,,2018.0,,,,,,2018.0,,,,,1.0,,1.0,,1.0,
350901,350901,35,Fujian,宁德市市辖区,2020,,2018.0,,,,,,2018.0,,,,,1.0,,1.0,,1.0,
350901,350901,35,Fujian,宁德市市辖区,2021,,2018.0,,,,,,2018.0,,,,,1.0,,1.0,,1.0,
351001,351001,35,Fujian,福建省旧码市辖区(351001),2009,,2018.0,,,,,,2018.0,,,,,0.0,,0.0,,0.0,
351001,351001,35,Fujian,福建省旧码市辖区(351001),2010,,2018.0,,,,,,2018.0,,,,,0.0,,0.0,,0.0,
351001,351001,35,Fujian,福建省旧码市辖区(351001),2011,,2018.0,,,,,,2018.0,,,,,0.0,,0.0,,0.0,
351001,351001,35,Fujian,福建省旧码市辖区(351001),2012,,2018.0,,,,,,2018.0,,,,,0.0,,0.0,,0.0,
351001,351001,35,Fujian,福建省旧码市辖区(351001),2013,,2018.0,,,,,,2018.0,,,,,0.0,,0.0,,0.0,
351001,351001,35,Fujian,福建省旧码市辖区(351001),2014,,2018.0,,,,,,2018.0,,,,,0.0,,0.0,,0.0,
351001,351001,35,Fujian,福建省旧码市辖区(351001),2015,,2018.0,,,,,,2018.0,,,,,0.0,,0.0,,0.0,
351001,351001,35,Fujian,福建省旧码市辖区(351001),2016,,2018.0,,,,,,2018.0,,,,,0.0,,0.0,,0.0,
351001,351001,35,Fujian,福建省旧码市辖区(351001),2017,,2018.0,,,,,,2018.0,,,,,0.0,,0.0,,0.0,
351001,351001,35,Fujian,福建省旧码市辖区(351001),2018,,2018.0,,,,,,2018.0,,,,,1.0,,1.0,,1.0,
351001,351001,35,Fujian,福建省旧码市辖区(351001),2019,,2018.0,,,,,,2018.0,,,,,1.0,,1.0,,1.0,
351001,351001,35,Fujian,福建省旧码市辖区(351001),2020,,2018.0,,,,,,2018.0,,,,,1.0,,1.0,,1.0,
351001,351001,35,Fujian,福建省旧码市辖区(351001),2021,,2018.0,,,,,,2018.0,,,,,1.0,,1.0,,1.0,
351201,351201,35,Fujian,福建省旧码市辖区(351201),2009,,2018.0,,,,,,2018.0,,,,,0.0,,0.0,,0.0,
351201,351201,35,Fujian,福建省旧码市辖区(351201),2010,,2018.0,,,,,,2018.0,,,,,0.0,,0.0,,0.0,
351201,351201,35,Fujian,福建省旧码市辖区(351201),2011,,2018.0,,,,,,2018.0,,,,,0.0,,0.0,,0.0,
351201,351201,35,Fujian,福建省旧码市辖区(351201),2012,,2018.0,,,,,,2018.0,,,,,0.0,,0.0,,0.0,
351201,351201,35,Fujian,福建省旧码市辖区(351201),2013,,2018.0,,,,,,2018.0,,,,,0.0,,0.0,,0.0,
351201,351201,35,Fujian,福建省旧码市辖区(351201),2014,,2018.0,,,,,,2018.0,,,,,0.0,,0.0,,0.0,
351201,351201,35,Fujian,福建省旧码市辖区(351201),2015,,2018.0,,,,,,2018.0,,,,,0.0,,0.0,,0.0,
351201,351201,35,Fujian,福建省旧码市辖区(351201),2016,,2018.0,,,,,,2018.0,,,,,0.0,,0.0,,0.0,
351201,351201,35,Fujian,福建省旧码市辖区(351201),2017,,2018.0,,,,,,2018.0,,,,,0.0,,0.0,,0.0,
351201,351201,35,Fujian,福建省旧码市辖区(351201),2018,,2018.0,,,,,,2018.0,,,,,1.0,,1.0,,1.0,
351201,351201,35,Fujian,福建省旧码市辖区(351201),2019,,2018.0,,,,,,2018.0,,,,,1.0,,1.0,,1.0,
351201,351201,35,Fujian,福建省旧码市辖区(351201),2020,,2018.0,,,,,,2018.0,,,,,1.0,,1.0,,1.0,
351201,351201,35,Fujian,福建省旧码市辖区(351201),2021,,2018.0,,,,,,2018.0,,,,,1.0,,1.0,,1.0,
370101,370101,37,Shandong,济南市市辖区,2009,,2016.0,2016.0,,,,2016.0,,,,,,0.0,,0.0,0.0,,0.0
370101,370101,37,Shandong,济南市市辖区,2010,,2016.0,2016.0,,,,2016.0,,,,,,0.0,,0.0,0.0,,0.0
370101,370101,37,Shandong,济南市市辖区,2011,,2016.0,2016.0,,,,2016.0,,,,,,0.0,,0.0,0.0,,0.0
370101,370101,37,Shandong,济南市市辖区,2012,,2016.0,2016.0,,,,2016.0,,,,,,0.0,,0.0,0.0,,0.0
370101,370101,37,Shandong,济南市市辖区,2013,,2016.0,2016.0,,,,2016.0,,,,,,0.0,,0.0,0.0,,0.0
370101,370101,37,Shandong,济南市市辖区,2014,,2016.0,2016.0,,,,2016.0,,,,,,0.0,,0.0,0.0,,0.0
370101,370101,37,Shandong,济南市市辖区,2015,,2016.0,2016.0,,,,2016.0,,,,,,0.0,,0.0,0.0,,0.0
370101,370101,37,Shandong,济南市市辖区,2016,,2016.0,2016.0,,,,2016.0,,,,,,1.0,,1.0,1.0,,1.0
370101,370101,37,Shandong,济南市市辖区,2017,,2016.0,2016.0,,,,2016.0,,,,,,1.0,,1.0,1.0,,1.0
370101,370101,37,Shandong,济南市市辖区,2018,,2016.0,2016.0,,,,2016.0,,,,,,1.0,,1.0,1.0,,1.0
370101,370101,37,Shandong,济南市市辖区,2019,,2016.0,2016.0,,,,2016.0,,,,,,1.0,,1.0,1.0,,1.0
370101,370101,37,Shandong,济南市市辖区,2020,,2016.0,2016.0,,,,2016.0,,,,,,1.0,,1.0,1.0,,1.0
370101,370101,37,Shandong,济南市市辖区,2021,,2016.0,2016.0,,,,2016.0,,,,,,1.0,,1.0,1.0,,1.0
370102,370102,37,Shandong,历下区,2009,,2016.0,2016.0,,,,2016.0,,,,,,0.0,,0.0,0.0,,0.0
370102,370102,37,Shandong,历下区,2010,,2016.0,2016.0,,,,2016.0,,,,,,0.0,,0.0,0.0,,0.0
370102,370102,37,Shandong,历下区,2011,,2016.0,2016.0,,,,2016.0,,,,,,0.0,,0.0,0.0,,0.0
370102,370102,37,Shandong,历下区,2012,,2016.0,2016.0,,,,2016.0,,,,,,0.0,,0.0,0.0,,0.0
370102,370102,37,Shandong,历下区,2013,,2016.0,2016.0,,,,2016.0,,,,,,0.0,,0.0,0.0,,0.0
370102,370102,37,Shandong,历下区,2014,,2016.0,2016.0,,,,2016.0,,,,,,0.0,,0.0,0.0,,0.0
370102,370102,37,Shandong,历下区,2015,,2016.0,2016.0,,,,2016.0,,,,,,0.0,,0.0,0.0,,0.0
370102,370102,37,Shandong,历下区,2016,,2016.0,2016.0,,,,2016.0,,,,,,1.0,,1.0,1.0,,1.0
370102,370102,37,Shandong,历下区,2017,,2016.0,2016.0,,,,2016.0,,,,,,1.0,,1.0,1.0,,1.0
370102,370102,37,Shandong,历下区,2018,,2016.0,2016.0,,,,2016.0,,,,,,1.0,,1.0,1.0,,1.0
370102,370102,37,Shandong,历下区,2019,,2016.0,2016.0,,,,2016.0,,,,,,1.0,,1.0,1.0,,1.0
370102,370102,37,Shandong,历下区,2020,,2016.0,2016.0,,,,2016.0,,,,,,1.0,,1.0,1.0,,1.0
370102,370102,37,Shandong,历下区,2021,,2016.0,2016.0,,,,2016.0,,,,,,1.0,,1.0,1.0,,1.0
370201,370201,37,Shandong,青岛市市辖区,2009,,2016.0,2016.0,,,,2016.0,,,,,,0.0,,0.0,0.0,,0.0
370201,370201,37,Shandong,青岛市市辖区,2010,,2016.0,2016.0,,,,2016.0,,,,,,0.0,,0.0,0.0,,0.0
370201,370201,37,Shandong,青岛市市辖区,2011,,2016.0,2016.0,,,,2016.0,,,,,,0.0,,0.0,0.0,,0.0
370201,370201,37,Shandong,青岛市市辖区,2012,,2016.0,2016.0,,,,2016.0,,,,,,0.0,,0.0,0.0,,0.0
370201,370201,37,Shandong,青岛市市辖区,2013,,2016.0,2016.0,,,,2016.0,,,,,,0.0,,0.0,0.0,,0.0
370201,370201,37,Shandong,青岛市市辖区,2014,,2016.0,2016.0,,,,2016.0,,,,,,0.0,,0.0,0.0,,0.0
370201,370201,37,Shandong,青岛市市辖区,2015,,2016.0,2016.0,,,,2016.0,,,,,,0.0,,0.0,0.0,,0.0
370201,370201,37,Shandong,青岛市市辖区,2016,,2016.0,2016.0,,,,2016.0,,,,,,1.0,,1.0,1.0,,1.0
370201,370201,37,Shandong,青岛市市辖区,2017,,2016.0,2016.0,,,,2016.0,,,,,,1.0,,1.0,1.0,,1.0
370201,370201,37,Shandong,青岛市市辖区,2018,,2016.0,2016.0,,,,2016.0,,,,,,1.0,,1.0,1.0,,1.0
370201,370201,37,Shandong,青岛市市辖区,2019,,2016.0,2016.0,,,,2016.0,,,,,,1.0,,1.0,1.0,,1.0
370201,370201,37,Shandong,青岛市市辖区,2020,,2016.0,2016.0,,,,2016.0,,,,,,1.0,,1.0,1.0,,1.0
370201,370201,37,Shandong,青岛市市辖区,2021,,2016.0,2016.0,,,,2016.0,,,,,,1.0,,1.0,1.0,,1.0
370203,370203,37,Shandong,市北区,2009,,2016.0,2016.0,,,,2016.0,,,,,,0.0,,0.0,0.0,,0.0
370203,370203,37,Shandong,市北区,2010,,2016.0,2016.0,,,,2016.0,,,,,,0.0,,0.0,0.0,,0.0
370203,370203,37,Shandong,市北区,2011,,2016.0,2016.0,,,,2016.0,,,,,,0.0,,0.0,0.0,,0.0
370203,370203,37,Shandong,市北区,2012,,2016.0,2016.0,,,,2016.0,,,,,,0.0,,0.0,0.0,,0.0
370203,370203,37,Shandong,市北区,2013,,2016.0,2016.0,,,,2016.0,,,,,,0.0,,0.0,0.0,,0.0
370203,370203,37,Shandong,市北区,2014,,2016.0,2016.0,,,,2016.0,,,,,,0.0,,0.0,0.0,,0.0
370203,370203,37,Shandong,市北区,2015,,2016.0,2016.0,,,,2016.0,,,,,,0.0,,0.0,0.0,,0.0
370203,370203,37,Shandong,市北区,2016,,2016.0,2016.0,,,,2016.0,,,,,,1.0,,1.0,1.0,,1.0
370203,370203,37,Shandong,市北区,2017,,2016.0,2016.0,,,,2016.0,,,,,,1.0,,1.0,1.0,,1.0
370203,370203,37,Shandong,市北区,2018,,2016.0,2016.0,,,,2016.0,,,,,,1.0,,1.0,1.0,,1.0
370203,370203,37,Shandong,市北区,2019,,2016.0,2016.0,,,,2016.0,,,,,,1.0,,1.0,1.0,,1.0
370203,370203,37,Shandong,市北区,2020,,2016.0,2016.0,,,,2016.0,,,,,,1.0,,1.0,1.0,,1.0
370203,370203,37,Shandong,市北区,2021,,2016.0,2016.0,,,,2016.0,,,,,,1.0,,1.0,1.0,,1.0
370301,370301,37,Shandong,淄博市市辖区,2009,,2016.0,2016.0,,,,2016.0,,,,,,0.0,,0.0,0.0,,0.0
370301,370301,37,Shandong,淄博市市辖区,2010,,2016.0,2016.0,,,,2016.0,,,,,,0.0,,0.0,0.0,,0.0
370301,370301,37,Shandong,淄博市市辖区,2011,,2016.0,2016.0,,,,2016.0,,,,,,0.0,,0.0,0.0,,0.0
370301,370301,37,Shandong,淄博市市辖区,2012,,2016.0,2016.0,,,,2016.0,,,,,,0.0,,0.0,0.0,,0.0
370301,370301,37,Shandong,淄博市市辖区,2013,,2016.0,2016.0,,,,2016.0,,,,,,0.0,,0.0,0.0,,0.0
370301,370301,37,Shandong,淄博市市辖区,2014,,2016.0,2016.0,,,,2016.0,,,,,,0.0,,0.0,0.0,,0.0
370301,370301,37,Shandong,淄博市市辖区,2015,,2016.0,2016.0,,,,2016.0,,,,,,0.0,,0.0,0.0,,0.0
370301,370301,37,Shandong,淄博市市辖区,2016,,2016.0,2016.0,,,,2016.0,,,,,,1.0,,1.0,1.0,,1.0
370301,370301,37,Shandong,淄博市市辖区,2017,,2016.0,2016.0,,,,2016.0,,,,,,1.0,,1.0,1.0,,1.0
370301,370301,37,Shandong,淄博市市辖区,2018,,2016.0,2016.0,,,,2016.0,,,,,,1.0,,1.0,1.0,,1.0
370301,370301,37,Shandong,淄博市市辖区,2019,,2016.0,2016.0,,,,2016.0,,,,,,1.0,,1.0,1.0,,1.0
370301,370301,37,Shandong,淄博市市辖区,2020,,2016.0,2016.0,,,,2016.0,,,,,,1.0,,1.0,1.0,,1.0
370301,370301,37,Shandong,淄博市市辖区,2021,,2016.0,2016.0,,,,2016.0,,,,,,1.0,,1.0,1.0,,1.0
370401,370401,37,Shandong,枣庄市市辖区,2009,,2016.0,2016.0,,,,2016.0,,,,,,0.0,,0.0,0.0,,0.0
370401,370401,37,Shandong,枣庄市市辖区,2010,,2016.0,2016.0,,,,2016.0,,,,,,0.0,,0.0,0.0,,0.0
370401,370401,37,Shandong,枣庄市市辖区,2011,,2016.0,2016.0,,,,2016.0,,,,,,0.0,,0.0,0.0,,0.0
370401,370401,37,Shandong,枣庄市市辖区,2012,,2016.0,2016.0,,,,2016.0,,,,,,0.0,,0.0,0.0,,0.0
370401,370401,37,Shandong,枣庄市市辖区,2013,,2016.0,2016.0,,,,2016.0,,,,,,0.0,,0.0,0.0,,0.0
370401,370401,37,Shandong,枣庄市市辖区,2014,,2016.0,2016.0,,,,2016.0,,,,,,0.0,,0.0,0.0,,0.0
370401,370401,37,Shandong,枣庄市市辖区,2015,,2016.0,2016.0,,,,2016.0,,,,,,0.0,,0.0,0.0,,0.0
370401,370401,37,Shandong,枣庄市市辖区,2016,,2016.0,2016.0,,,,2016.0,,,,,,1.0,,1.0,1.0,,1.0
370401,370401,37,Shandong,枣庄市市辖区,2017,,2016.0,2016.0,,,,2016.0,,,,,,1.0,,1.0,1.0,,1.0
370401,370401,37,Shandong,枣庄市市辖区,2018,,2016.0,2016.0,,,,2016.0,,,,,,1.0,,1.0,1.0,,1.0
370401,370401,37,Shandong,枣庄市市辖区,2019,,2016.0,2016.0,,,,2016.0,,,,,,1.0,,1.0,1.0,,1.0
370401,370401,37,Shandong,枣庄市市辖区,2020,,2016.0,2016.0,,,,2016.0,,,,,,1.0,,1.0,1.0,,1.0
370401,370401,37,Shandong,枣庄市市辖区,2021,,2016.0,2016.0,,,,2016.0,,,,,,1.0,,1.0,1.0,,1.0
370402,370402,37,Shandong,市中区,2009,,2016.0,2016.0,,,,2016.0,,,,,,0.0,,0.0,0.0,,0.0
370402,370402,37,Shandong,市中区,2010,,2016.0,2016.0,,,,2016.0,,,,,,0.0,,0.0,0.0,,0.0
370402,370402,37,Shandong,市中区,2011,,2016.0,2016.0,,,,2016.0,,,,,,0.0,,0.0,0.0,,0.0
370402,370402,37,Shandong,市中区,2012,,2016.0,2016.0,,,,2016.0,,,,,,0.0,,0.0,0.0,,0.0
370402,370402,37,Shandong,市中区,2013,,2016.0,2016.0,,,,2016.0,,,,,,0.0,,0.0,0.0,,0.0
370402,370402,37,Shandong,市中区,2014,,2016.0,2016.0,,,,2016.0,,,,,,0.0,,0.0,0.0,,0.0
370402,370402,37,Shandong,市中区,2015,,2016.0,2016.0,,,,2016.0,,,,,,0.0,,0.0,0.0,,0.0
370402,370402,37,Shandong,市中区,2016,,2016.0,2016.0,,,,2016.0,,,,,,1.0,,1.0,1.0,,1.0
370402,370402,37,Shandong,市中区,2017,,2016.0,2016.0,,,,2016.0,,,,,,1.0,,1.0,1.0,,1.0
370402,370402,37,Shandong,市中区,2018,,2016.0,2016.0,,,,2016.0,,,,,,1.0,,1.0,1.0,,1.0
370402,370402,37,Shandong,市中区,2019,,2016.0,2016.0,,,,2016.0,,,,,,1.0,,1.0,1.0,,1.0
370402,370402,37,Shandong,市中区,2020,,2016.0,2016.0,,,,2016.0,,,,,,1.0,,1.0,1.0,,1.0
370402,370402,37,Shandong,市中区,2021,,2016.0,2016.0,,,,2016.0,,,,,,1.0,,1.0,1.0,,1.0
370403,370403,37,Shandong,薛城区,2009,,2016.0,2016.0,,,,2016.0,,,,,,0.0,,0.0,0.0,,0.0
370403,370403,37,Shandong,薛城区,2010,,2016.0,2016.0,,,,2016.0,,,,,,0.0,,0.0,0.0,,0.0
370403,370403,37,Shandong,薛城区,2011,,2016.0,2016.0,,,,2016.0,,,,,,0.0,,0.0,0.0,,0.0
370403,370403,37,Shandong,薛城区,2012,,2016.0,2016.0,,,,2016.0,,,,,,0.0,,0.0,0.0,,0.0
370403,370403,37,Shandong,薛城区,2013,,2016.0,2016.0,,,,2016.0,,,,,,0.0,,0.0,0.0,,0.0
370403,370403,37,Shandong,薛城区,2014,,2016.0,2016.0,,,,2016.0,,,,,,0.0,,0.0,0.0,,0.0
370403,370403,37,Shandong,薛城区,2015,,2016.0,2016.0,,,,2016.0,,,,,,0.0,,0.0,0.0,,0.0
370403,370403,37,Shandong,薛城区,2016,,2016.0,2016.0,,,,2016.0,,,,,,1.0,,1.0,1.0,,1.0
370403,370403,37,Shandong,薛城区,2017,,2016.0,2016.0,,,,2016.0,,,,,,1.0,,1.0,1.0,,1.0
370403,370403,37,Shandong,薛城区,2018,,2016.0,2016.0,,,,2016.0,,,,,,1.0,,1.0,1.0,,1.0
370403,370403,37,Shandong,薛城区,2019,,2016.0,2016.0,,,,2016.0,,,,,,1.0,,1.0,1.0,,1.0
370403,370403,37,Shandong,薛城区,2020,,2016.0,2016.0,,,,2016.0,,,,,,1.0,,1.0,1.0,,1.0
370403,370403,37,Shandong,薛城区,2021,,2016.0,2016.0,,,,2016.0,,,,,,1.0,,1.0,1.0,,1.0
370501,370501,37,Shandong,东营市市辖区,2009,,2016.0,2016.0,,,,2016.0,,,,,,0.0,,0.0,0.0,,0.0
370501,370501,37,Shandong,东营市市辖区,2010,,2016.0,2016.0,,,,2016.0,,,,,,0.0,,0.0,0.0,,0.0
370501,370501,37,Shandong,东营市市辖区,2011,,2016.0,2016.0,,,,2016.0,,,,,,0.0,,0.0,0.0,,0.0
370501,370501,37,Shandong,东营市市辖区,2012,,2016.0,2016.0,,,,2016.0,,,,,,0.0,,0.0,0.0,,0.0
370501,370501,37,Shandong,东营市市辖区,2013,,2016.0,2016.0,,,,2016.0,,,,,,0.0,,0.0,0.0,,0.0
370501,370501,37,Shandong,东营市市辖区,2014,,2016.0,2016.0,,,,2016.0,,,,,,0.0,,0.0,0.0,,0.0
370501,370501,37,Shandong,东营市市辖区,2015,,2016.0,2016.0,,,,2016.0,,,,,,0.0,,0.0,0.0,,0.0
370501,370501,37,Shandong,东营市市辖区,2016,,2016.0,2016.0,,,,2016.0,,,,,,1.0,,1.0,1.0,,1.0
370501,370501,37,Shandong,东营市市辖区,2017,,2016.0,2016.0,,,,2016.0,,,,,,1.0,,1.0,1.0,,1.0
370501,370501,37,Shandong,东营市市辖区,2018,,2016.0,2016.0,,,,2016.0,,,,,,1.0,,1.0,1.0,,1.0
370501,370501,37,Shandong,东营市市辖区,2019,,2016.0,2016.0,,,,2016.0,,,,,,1.0,,1.0,1.0,,1.0
370501,370501,37,Shandong,东营市市辖区,2020,,2016.0,2016.0,,,,2016.0,,,,,,1.0,,1.0,1.0,,1.0
370501,370501,37,Shandong,东营市市辖区,2021,,2016.0,2016.0,,,,2016.0,,,,,,1.0,,1.0,1.0,,1.0
370502,370502,37,Shandong,东营区,2009,,2016.0,2016.0,,,,2016.0,,,,,,0.0,,0.0,0.0,,0.0
370502,370502,37,Shandong,东营区,2010,,2016.0,2016.0,,,,2016.0,,,,,,0.0,,0.0,0.0,,0.0
370502,370502,37,Shandong,东营区,2011,,2016.0,2016.0,,,,2016.0,,,,,,0.0,,0.0,0.0,,0.0
370502,370502,37,Shandong,东营区,2012,,2016.0,2016.0,,,,2016.0,,,,,,0.0,,0.0,0.0,,0.0
370502,370502,37,Shandong,东营区,2013,,2016.0,2016.0,,,,2016.0,,,,,,0.0,,0.0,0.0,,0.0
370502,370502,37,Shandong,东营区,2014,,2016.0,2016.0,,,,2016.0,,,,,,0.0,,0.0,0.0,,0.0
370502,370502,37,Shandong,东营区,2015,,2016.0,2016.0,,,,2016.0,,,,,,0.0,,0.0,0.0,,0.0
370502,370502,37,Shandong,东营区,2016,,2016.0,2016.0,,,,2016.0,,,,,,1.0,,1.0,1.0,,1.0
370502,370502,37,Shandong,东营区,2017,,2016.0,2016.0,,,,2016.0,,,,,,1.0,,1.0,1.0,,1.0
370502,370502,37,Shandong,东营区,2018,,2016.0,2016.0,,,,2016.0,,,,,,1.0,,1.0,1.0,,1.0
370502,370502,37,Shandong,东营区,2019,,2016.0,2016.0,,,,2016.0,,,,,,1.0,,1.0,1.0,,1.0
370502,370502,37,Shandong,东营区,2020,,2016.0,2016.0,,,,2016.0,,,,,,1.0,,1.0,1.0,,1.0
370502,370502,37,Shandong,东营区,2021,,2016.0,2016.0,,,,2016.0,,,,,,1.0,,1.0,1.0,,1.0
370704,370704,37,Shandong,坊子区,2009,,2016.0,2016.0,,,,2016.0,,,,,,0.0,,0.0,0.0,,0.0
370704,370704,37,Shandong,坊子区,2010,,2016.0,2016.0,,,,2016.0,,,,,,0.0,,0.0,0.0,,0.0
370704,370704,37,Shandong,坊子区,2011,,2016.0,2016.0,,,,2016.0,,,,,,0.0,,0.0,0.0,,0.0
370704,370704,37,Shandong,坊子区,2012,,2016.0,2016.0,,,,2016.0,,,,,,0.0,,0.0,0.0,,0.0
370704,370704,37,Shandong,坊子区,2013,,2016.0,2016.0,,,,2016.0,,,,,,0.0,,0.0,0.0,,0.0
370704,370704,37,Shandong,坊子区,2014,,2016.0,2016.0,,,,2016.0,,,,,,0.0,,0.0,0.0,,0.0
370704,370704,37,Shandong,坊子区,2015,,2016.0,2016.0,,,,2016.0,,,,,,0.0,,0.0,0.0,,0.0
370704,370704,37,Shandong,坊子区,2016,,2016.0,2016.0,,,,2016.0,,,,,,1.0,,1.0,1.0,,1.0
370704,370704,37,Shandong,坊子区,2017,,2016.0,2016.0,,,,2016.0,,,,,,1.0,,1.0,1.0,,1.0
370704,370704,37,Shandong,坊子区,2018,,2016.0,2016.0,,,,2016.0,,,,,,1.0,,1.0,1.0,,1.0
370704,370704,37,Shandong,坊子区,2019,,2016.0,2016.0,,,,2016.0,,,,,,1.0,,1.0,1.0,,1.0
370704,370704,37,Shandong,坊子区,2020,,2016.0,2016.0,,,,2016.0,,,,,,1.0,,1.0,1.0,,1.0
370704,370704,37,Shandong,坊子区,2021,,2016.0,2016.0,,,,2016.0,,,,,,1.0,,1.0,1.0,,1.0
370801,370801,37,Shandong,济宁市市辖区,2009,,2016.0,2016.0,,,,2016.0,,,,,,0.0,,0.0,0.0,,0.0
370801,370801,37,Shandong,济宁市市辖区,2010,,2016.0,2016.0,,,,2016.0,,,,,,0.0,,0.0,0.0,,0.0
370801,370801,37,Shandong,济宁市市辖区,2011,,2016.0,2016.0,,,,2016.0,,,,,,0.0,,0.0,0.0,,0.0
370801,370801,37,Shandong,济宁市市辖区,2012,,2016.0,2016.0,,,,2016.0,,,,,,0.0,,0.0,0.0,,0.0
370801,370801,37,Shandong,济宁市市辖区,2013,,2016.0,2016.0,,,,2016.0,,,,,,0.0,,0.0,0.0,,0.0
370801,370801,37,Shandong,济宁市市辖区,2014,,2016.0,2016.0,,,,2016.0,,,,,,0.0,,0.0,0.0,,0.0
370801,370801,37,Shandong,济宁市市辖区,2015,,2016.0,2016.0,,,,2016.0,,,,,,0.0,,0.0,0.0,,0.0
370801,370801,37,Shandong,济宁市市辖区,2016,,2016.0,2016.0,,,,2016.0,,,,,,1.0,,1.0,1.0,,1.0
370801,370801,37,Shandong,济宁市市辖区,2017,,2016.0,2016.0,,,,2016.0,,,,,,1.0,,1.0,1.0,,1.0
370801,370801,37,Shandong,济宁市市辖区,2018,,2016.0,2016.0,,,,2016.0,,,,,,1.0,,1.0,1.0,,1.0
370801,370801,37,Shandong,济宁市市辖区,2019,,2016.0,2016.0,,,,2016.0,,,,,,1.0,,1.0,1.0,,1.0
370801,370801,37,Shandong,济宁市市辖区,2020,,2016.0,2016.0,,,,2016.0,,,,,,1.0,,1.0,1.0,,1.0
370801,370801,37,Shandong,济宁市市辖区,2021,,2016.0,2016.0,,,,2016.0,,,,,,1.0,,1.0,1.0,,1.0
370802,370802,37,Shandong,济宁市历史样本区(370802),2009,,2016.0,2016.0,,,,2016.0,,,,,,0.0,,0.0,0.0,,0.0
370802,370802,37,Shandong,济宁市历史样本区(370802),2010,,2016.0,2016.0,,,,2016.0,,,,,,0.0,,0.0,0.0,,0.0
370802,370802,37,Shandong,济宁市历史样本区(370802),2011,,2016.0,2016.0,,,,2016.0,,,,,,0.0,,0.0,0.0,,0.0
370802,370802,37,Shandong,济宁市历史样本区(370802),2012,,2016.0,2016.0,,,,2016.0,,,,,,0.0,,0.0,0.0,,0.0
370802,370802,37,Shandong,济宁市历史样本区(370802),2013,,2016.0,2016.0,,,,2016.0,,,,,,0.0,,0.0,0.0,,0.0
370802,370802,37,Shandong,济宁市历史样本区(370802),2014,,2016.0,2016.0,,,,2016.0,,,,,,0.0,,0.0,0.0,,0.0
370802,370802,37,Shandong,济宁市历史样本区(370802),2015,,2016.0,2016.0,,,,2016.0,,,,,,0.0,,0.0,0.0,,0.0
370802,370802,37,Shandong,济宁市历史样本区(370802),2016,,2016.0,2016.0,,,,2016.0,,,,,,1.0,,1.0,1.0,,1.0
370802,370802,37,Shandong,济宁市历史样本区(370802),2017,,2016.0,2016.0,,,,2016.0,,,,,,1.0,,1.0,1.0,,1.0
370802,370802,37,Shandong,济宁市历史样本区(370802),2018,,2016.0,2016.0,,,,2016.0,,,,,,1.0,,1.0,1.0,,1.0
370802,370802,37,Shandong,济宁市历史样本区(370802),2019,,2016.0,2016.0,,,,2016.0,,,,,,1.0,,1.0,1.0,,1.0
370802,370802,37,Shandong,济宁市历史样本区(370802),2020,,2016.0,2016.0,,,,2016.0,,,,,,1.0,,1.0,1.0,,1.0
370802,370802,37,Shandong,济宁市历史样本区(370802),2021,,2016.0,2016.0,,,,2016.0,,,,,,1.0,,1.0,1.0,,1.0
370803,370803,37,Shandong,济宁市历史样本区(370803),2009,,2016.0,2016.0,,,,2016.0,,,,,,0.0,,0.0,0.0,,0.0
370803,370803,37,Shandong,济宁市历史样本区(370803),2010,,2016.0,2016.0,,,,2016.0,,,,,,0.0,,0.0,0.0,,0.0
370803,370803,37,Shandong,济宁市历史样本区(370803),2011,,2016.0,2016.0,,,,2016.0,,,,,,0.0,,0.0,0.0,,0.0
370803,370803,37,Shandong,济宁市历史样本区(370803),2012,,2016.0,2016.0,,,,2016.0,,,,,,0.0,,0.0,0.0,,0.0
370803,370803,37,Shandong,济宁市历史样本区(370803),2013,,2016.0,2016.0,,,,2016.0,,,,,,0.0,,0.0,0.0,,0.0
370803,370803,37,Shandong,济宁市历史样本区(370803),2014,,2016.0,2016.0,,,,2016.0,,,,,,0.0,,0.0,0.0,,0.0
370803,370803,37,Shandong,济宁市历史样本区(370803),2015,,2016.0,2016.0,,,,2016.0,,,,,,0.0,,0.0,0.0,,0.0
370803,370803,37,Shandong,济宁市历史样本区(370803),2016,,2016.0,2016.0,,,,2016.0,,,,,,1.0,,1.0,1.0,,1.0
370803,370803,37,Shandong,济宁市历史样本区(370803),2017,,2016.0,2016.0,,,,2016.0,,,,,,1.0,,1.0,1.0,,1.0
370803,370803,37,Shandong,济宁市历史样本区(370803),2018,,2016.0,2016.0,,,,2016.0,,,,,,1.0,,1.0,1.0,,1.0
370803,370803,37,Shandong,济宁市历史样本区(370803),2019,,2016.0,2016.0,,,,2016.0,,,,,,1.0,,1.0,1.0,,1.0
370803,370803,37,Shandong,济宁市历史样本区(370803),2020,,2016.0,2016.0,,,,2016.0,,,,,,1.0,,1.0,1.0,,1.0
370803,370803,37,Shandong,济宁市历史样本区(370803),2021,,2016.0,2016.0,,,,2016.0,,,,,,1.0,,1.0,1.0,,1.0
370804,370804,37,Shandong,济宁市历史样本区(370804),2009,,2016.0,2016.0,,,,2016.0,,,,,,0.0,,0.0,0.0,,0.0
370804,370804,37,Shandong,济宁市历史样本区(370804),2010,,2016.0,2016.0,,,,2016.0,,,,,,0.0,,0.0,0.0,,0.0
370804,370804,37,Shandong,济宁市历史样本区(370804),2011,,2016.0,2016.0,,,,2016.0,,,,,,0.0,,0.0,0.0,,0.0
370804,370804,37,Shandong,济宁市历史样本区(370804),2012,,2016.0,2016.0,,,,2016.0,,,,,,0.0,,0.0,0.0,,0.0
370804,370804,37,Shandong,济宁市历史样本区(370804),2013,,2016.0,2016.0,,,,2016.0,,,,,,0.0,,0.0,0.0,,0.0
370804,370804,37,Shandong,济宁市历史样本区(370804),2014,,2016.0,2016.0,,,,2016.0,,,,,,0.0,,0.0,0.0,,0.0
370804,370804,37,Shandong,济宁市历史样本区(370804),2015,,2016.0,2016.0,,,,2016.0,,,,,,0.0,,0.0,0.0,,0.0
370804,370804,37,Shandong,济宁市历史样本区(370804),2016,,2016.0,2016.0,,,,2016.0,,,,,,1.0,,1.0,1.0,,1.0
370804,370804,37,Shandong,济宁市历史样本区(370804),2017,,2016.0,2016.0,,,,2016.0,,,,,,1.0,,1.0,1.0,,1.0
370804,370804,37,Shandong,济宁市历史样本区(370804),2018,,2016.0,2016.0,,,,2016.0,,,,,,1.0,,1.0,1.0,,1.0
370804,370804,37,Shandong,济宁市历史样本区(370804),2019,,2016.0,2016.0,,,,2016.0,,,,,,1.0,,1.0,1.0,,1.0
370804,370804,37,Shandong,济宁市历史样本区(370804),2020,,2016.0,2016.0,,,,2016.0,,,,,,1.0,,1.0,1.0,,1.0
370804,370804,37,Shandong,济宁市历史样本区(370804),2021,,2016.0,2016.0,,,,2016.0,,,,,,1.0,,1.0,1.0,,1.0
370901,370901,37,Shandong,泰安市市辖区,2009,,2016.0,2016.0,,,,2016.0,,,,,,0.0,,0.0,0.0,,0.0
370901,370901,37,Shandong,泰安市市辖区,2010,,2016.0,2016.0,,,,2016.0,,,,,,0.0,,0.0,0.0,,0.0
370901,370901,37,Shandong,泰安市市辖区,2011,,2016.0,2016.0,,,,2016.0,,,,,,0.0,,0.0,0.0,,0.0
370901,370901,37,Shandong,泰安市市辖区,2012,,2016.0,2016.0,,,,2016.0,,,,,,0.0,,0.0,0.0,,0.0
370901,370901,37,Shandong,泰安市市辖区,2013,,2016.0,2016.0,,,,2016.0,,,,,,0.0,,0.0,0.0,,0.0
370901,370901,37,Shandong,泰安市市辖区,2014,,2016.0,2016.0,,,,2016.0,,,,,,0.0,,0.0,0.0,,0.0
370901,370901,37,Shandong,泰安市市辖区,2015,,2016.0,2016.0,,,,2016.0,,,,,,0.0,,0.0,0.0,,0.0
370901,370901,37,Shandong,泰安市市辖区,2016,,2016.0,2016.0,,,,2016.0,,,,,,1.0,,1.0,1.0,,1.0
370901,370901,37,Shandong,泰安市市辖区,2017,,2016.0,2016.0,,,,2016.0,,,,,,1.0,,1.0,1.0,,1.0
370901,370901,37,Shandong,泰安市市辖区,2018,,2016.0,2016.0,,,,2016.0,,,,,,1.0,,1.0,1.0,,1.0
370901,370901,37,Shandong,泰安市市辖区,2019,,2016.0,2016.0,,,,2016.0,,,,,,1.0,,1.0,1.0,,1.0
370901,370901,37,Shandong,泰安市市辖区,2020,,2016.0,2016.0,,,,2016.0,,,,,,1.0,,1.0,1.0,,1.0
370901,370901,37,Shandong,泰安市市辖区,2021,,2016.0,2016.0,,,,2016.0,,,,,,1.0,,1.0,1.0,,1.0
370902,370902,37,Shandong,泰山区,2009,,2016.0,2016.0,,,,2016.0,,,,,,0.0,,0.0,0.0,,0.0
370902,370902,37,Shandong,泰山区,2010,,2016.0,2016.0,,,,2016.0,,,,,,0.0,,0.0,0.0,,0.0
370902,370902,37,Shandong,泰山区,2011,,2016.0,2016.0,,,,2016.0,,,,,,0.0,,0.0,0.0,,0.0
370902,370902,37,Shandong,泰山区,2012,,2016.0,2016.0,,,,2016.0,,,,,,0.0,,0.0,0.0,,0.0
370902,370902,37,Shandong,泰山区,2013,,2016.0,2016.0,,,,2016.0,,,,,,0.0,,0.0,0.0,,0.0
370902,370902,37,Shandong,泰山区,2014,,2016.0,2016.0,,,,2016.0,,,,,,0.0,,0.0,0.0,,0.0
370902,370902,37,Shandong,泰山区,2015,,2016.0,2016.0,,,,2016.0,,,,,,0.0,,0.0,0.0,,0.0
370902,370902,37,Shandong,泰山区,2016,,2016.0,2016.0,,,,2016.0,,,,,,1.0,,1.0,1.0,,1.0
370902,370902,37,Shandong,泰山区,2017,,2016.0,2016.0,,,,2016.0,,,,,,1.0,,1.0,1.0,,1.0
370902,370902,37,Shandong,泰山区,2018,,2016.0,2016.0,,,,2016.0,,,,,,1.0,,1.0,1.0,,1.0
370902,370902,37,Shandong,泰山区,2019,,2016.0,2016.0,,,,2016.0,,,,,,1.0,,1.0,1.0,,1.0
370902,370902,37,Shandong,泰山区,2020,,2016.0,2016.0,,,,2016.0,,,,,,1.0,,1.0,1.0,,1.0
370902,370902,37,Shandong,泰山区,2021,,2016.0,2016.0,,,,2016.0,,,,,,1.0,,1.0,1.0,,1.0
371002,371002,37,Shandong,环翠区,2009,,2016.0,2016.0,,,,2016.0,,,,,,0.0,,0.0,0.0,,0.0
371002,371002,37,Shandong,环翠区,2010,,2016.0,2016.0,,,,2016.0,,,,,,0.0,,0.0,0.0,,0.0
371002,371002,37,Shandong,环翠区,2011,,2016.0,2016.0,,,,2016.0,,,,,,0.0,,0.0,0.0,,0.0
371002,371002,37,Shandong,环翠区,2012,,2016.0,2016.0,,,,2016.0,,,,,,0.0,,0.0,0.0,,0.0
371002,371002,37,Shandong,环翠区,2013,,2016.0,2016.0,,,,2016.0,,,,,,0.0,,0.0,0.0,,0.0
371002,371002,37,Shandong,环翠区,2014,,2016.0,2016.0,,,,2016.0,,,,,,0.0,,0.0,0.0,,0.0
371002,371002,37,Shandong,环翠区,2015,,2016.0,2016.0,,,,2016.0,,,,,,0.0,,0.0,0.0,,0.0
371002,371002,37,Shandong,环翠区,2016,,2016.0,2016.0,,,,2016.0,,,,,,1.0,,1.0,1.0,,1.0
371002,371002,37,Shandong,环翠区,2017,,2016.0,2016.0,,,,2016.0,,,,,,1.0,,1.0,1.0,,1.0
371002,371002,37,Shandong,环翠区,2018,,2016.0,2016.0,,,,2016.0,,,,,,1.0,,1.0,1.0,,1.0
371002,371002,37,Shandong,环翠区,2019,,2016.0,2016.0,,,,2016.0,,,,,,1.0,,1.0,1.0,,1.0
371002,371002,37,Shandong,环翠区,2020,,2016.0,2016.0,,,,2016.0,,,,,,1.0,,1.0,1.0,,1.0
371002,371002,37,Shandong,环翠区,2021,,2016.0,2016.0,,,,2016.0,,,,,,1.0,,1.0,1.0,,1.0
371101,371101,37,Shandong,日照市市辖区,2009,,2016.0,2016.0,,,,2016.0,,,,,,0.0,,0.0,0.0,,0.0
371101,371101,37,Shandong,日照市市辖区,2010,,2016.0,2016.0,,,,2016.0,,,,,,0.0,,0.0,0.0,,0.0
371101,371101,37,Shandong,日照市市辖区,2011,,2016.0,2016.0,,,,2016.0,,,,,,0.0,,0.0,0.0,,0.0
371101,371101,37,Shandong,日照市市辖区,2012,,2016.0,2016.0,,,,2016.0,,,,,,0.0,,0.0,0.0,,0.0
371101,371101,37,Shandong,日照市市辖区,2013,,2016.0,2016.0,,,,2016.0,,,,,,0.0,,0.0,0.0,,0.0
371101,371101,37,Shandong,日照市市辖区,2014,,2016.0,2016.0,,,,2016.0,,,,,,0.0,,0.0,0.0,,0.0
371101,371101,37,Shandong,日照市市辖区,2015,,2016.0,2016.0,,,,2016.0,,,,,,0.0,,0.0,0.0,,0.0
371101,371101,37,Shandong,日照市市辖区,2016,,2016.0,2016.0,,,,2016.0,,,,,,1.0,,1.0,1.0,,1.0
371101,371101,37,Shandong,日照市市辖区,2017,,2016.0,2016.0,,,,2016.0,,,,,,1.0,,1.0,1.0,,1.0
371101,371101,37,Shandong,日照市市辖区,2018,,2016.0,2016.0,,,,2016.0,,,,,,1.0,,1.0,1.0,,1.0
371101,371101,37,Shandong,日照市市辖区,2019,,2016.0,2016.0,,,,2016.0,,,,,,1.0,,1.0,1.0,,1.0
371101,371101,37,Shandong,日照市市辖区,2020,,2016.0,2016.0,,,,2016.0,,,,,,1.0,,1.0,1.0,,1.0
371101,371101,37,Shandong,日照市市辖区,2021,,2016.0,2016.0,,,,2016.0,,,,,,1.0,,1.0,1.0,,1.0
371201,371201,37,Shandong,莱芜市市辖区,2009,,2016.0,2016.0,,,,2016.0,,,,,,0.0,,0.0,0.0,,0.0
371201,371201,37,Shandong,莱芜市市辖区,2010,,2016.0,2016.0,,,,2016.0,,,,,,0.0,,0.0,0.0,,0.0
371201,371201,37,Shandong,莱芜市市辖区,2011,,2016.0,2016.0,,,,2016.0,,,,,,0.0,,0.0,0.0,,0.0
371201,371201,37,Shandong,莱芜市市辖区,2012,,2016.0,2016.0,,,,2016.0,,,,,,0.0,,0.0,0.0,,0.0
371201,371201,37,Shandong,莱芜市市辖区,2013,,2016.0,2016.0,,,,2016.0,,,,,,0.0,,0.0,0.0,,0.0
371201,371201,37,Shandong,莱芜市市辖区,2014,,2016.0,2016.0,,,,2016.0,,,,,,0.0,,0.0,0.0,,0.0
371201,371201,37,Shandong,莱芜市市辖区,2015,,2016.0,2016.0,,,,2016.0,,,,,,0.0,,0.0,0.0,,0.0
371201,371201,37,Shandong,莱芜市市辖区,2016,,2016.0,2016.0,,,,2016.0,,,,,,1.0,,1.0,1.0,,1.0
371201,371201,37,Shandong,莱芜市市辖区,2017,,2016.0,2016.0,,,,2016.0,,,,,,1.0,,1.0,1.0,,1.0
371201,371201,37,Shandong,莱芜市市辖区,2018,,2016.0,2016.0,,,,2016.0,,,,,,1.0,,1.0,1.0,,1.0
371201,371201,37,Shandong,莱芜市市辖区,2019,,2016.0,2016.0,,,,2016.0,,,,,,1.0,,1.0,1.0,,1.0
371201,371201,37,Shandong,莱芜市市辖区,2020,,2016.0,2016.0,,,,2016.0,,,,,,1.0,,1.0,1.0,,1.0
371201,371201,37,Shandong,莱芜市市辖区,2021,,2016.0,2016.0,,,,2016.0,,,,,,1.0,,1.0,1.0,,1.0
371401,371401,37,Shandong,德州市市辖区,2009,,2016.0,2016.0,,,,2016.0,,,,,,0.0,,0.0,0.0,,0.0
371401,371401,37,Shandong,德州市市辖区,2010,,2016.0,2016.0,,,,2016.0,,,,,,0.0,,0.0,0.0,,0.0
371401,371401,37,Shandong,德州市市辖区,2011,,2016.0,2016.0,,,,2016.0,,,,,,0.0,,0.0,0.0,,0.0
371401,371401,37,Shandong,德州市市辖区,2012,,2016.0,2016.0,,,,2016.0,,,,,,0.0,,0.0,0.0,,0.0
371401,371401,37,Shandong,德州市市辖区,2013,,2016.0,2016.0,,,,2016.0,,,,,,0.0,,0.0,0.0,,0.0
371401,371401,37,Shandong,德州市市辖区,2014,,2016.0,2016.0,,,,2016.0,,,,,,0.0,,0.0,0.0,,0.0
371401,371401,37,Shandong,德州市市辖区,2015,,2016.0,2016.0,,,,2016.0,,,,,,0.0,,0.0,0.0,,0.0
371401,371401,37,Shandong,德州市市辖区,2016,,2016.0,2016.0,,,,2016.0,,,,,,1.0,,1.0,1.0,,1.0
371401,371401,37,Shandong,德州市市辖区,2017,,2016.0,2016.0,,,,2016.0,,,,,,1.0,,1.0,1.0,,1.0
371401,371401,37,Shandong,德州市市辖区,2018,,2016.0,2016.0,,,,2016.0,,,,,,1.0,,1.0,1.0,,1.0
371401,371401,37,Shandong,德州市市辖区,2019,,2016.0,2016.0,,,,2016.0,,,,,,1.0,,1.0,1.0,,1.0
371401,371401,37,Shandong,德州市市辖区,2020,,2016.0,2016.0,,,,2016.0,,,,,,1.0,,1.0,1.0,,1.0
371401,371401,37,Shandong,德州市市辖区,2021,,2016.0,2016.0,,,,2016.0,,,,,,1.0,,1.0,1.0,,1.0
371402,371402,37,Shandong,德城区,2009,,2016.0,2016.0,,,,2016.0,,,,,,0.0,,0.0,0.0,,0.0
371402,371402,37,Shandong,德城区,2010,,2016.0,2016.0,,,,2016.0,,,,,,0.0,,0.0,0.0,,0.0
371402,371402,37,Shandong,德城区,2011,,2016.0,2016.0,,,,2016.0,,,,,,0.0,,0.0,0.0,,0.0
371402,371402,37,Shandong,德城区,2012,,2016.0,2016.0,,,,2016.0,,,,,,0.0,,0.0,0.0,,0.0
371402,371402,37,Shandong,德城区,2013,,2016.0,2016.0,,,,2016.0,,,,,,0.0,,0.0,0.0,,0.0
371402,371402,37,Shandong,德城区,2014,,2016.0,2016.0,,,,2016.0,,,,,,0.0,,0.0,0.0,,0.0
371402,371402,37,Shandong,德城区,2015,,2016.0,2016.0,,,,2016.0,,,,,,0.0,,0.0,0.0,,0.0
371402,371402,37,Shandong,德城区,2016,,2016.0,2016.0,,,,2016.0,,,,,,1.0,,1.0,1.0,,1.0
371402,371402,37,Shandong,德城区,2017,,2016.0,2016.0,,,,2016.0,,,,,,1.0,,1.0,1.0,,1.0
371402,371402,37,Shandong,德城区,2018,,2016.0,2016.0,,,,2016.0,,,,,,1.0,,1.0,1.0,,1.0
371402,371402,37,Shandong,德城区,2019,,2016.0,2016.0,,,,2016.0,,,,,,1.0,,1.0,1.0,,1.0
371402,371402,37,Shandong,德城区,2020,,2016.0,2016.0,,,,2016.0,,,,,,1.0,,1.0,1.0,,1.0
371402,371402,37,Shandong,德城区,2021,,2016.0,2016.0,,,,2016.0,,,,,,1.0,,1.0,1.0,,1.0
371501,371501,37,Shandong,聊城市市辖区,2009,,2016.0,2016.0,,,,2016.0,,,,,,0.0,,0.0,0.0,,0.0
371501,371501,37,Shandong,聊城市市辖区,2010,,2016.0,2016.0,,,,2016.0,,,,,,0.0,,0.0,0.0,,0.0
371501,371501,37,Shandong,聊城市市辖区,2011,,2016.0,2016.0,,,,2016.0,,,,,,0.0,,0.0,0.0,,0.0
371501,371501,37,Shandong,聊城市市辖区,2012,,2016.0,2016.0,,,,2016.0,,,,,,0.0,,0.0,0.0,,0.0
371501,371501,37,Shandong,聊城市市辖区,2013,,2016.0,2016.0,,,,2016.0,,,,,,0.0,,0.0,0.0,,0.0
371501,371501,37,Shandong,聊城市市辖区,2014,,2016.0,2016.0,,,,2016.0,,,,,,0.0,,0.0,0.0,,0.0
371501,371501,37,Shandong,聊城市市辖区,2015,,2016.0,2016.0,,,,2016.0,,,,,,0.0,,0.0,0.0,,0.0
371501,371501,37,Shandong,聊城市市辖区,2016,,2016.0,2016.0,,,,2016.0,,,,,,1.0,,1.0,1.0,,1.0
371501,371501,37,Shandong,聊城市市辖区,2017,,2016.0,2016.0,,,,2016.0,,,,,,1.0,,1.0,1.0,,1.0
371501,371501,37,Shandong,聊城市市辖区,2018,,2016.0,2016.0,,,,2016.0,,,,,,1.0,,1.0,1.0,,1.0
371501,371501,37,Shandong,聊城市市辖区,2019,,2016.0,2016.0,,,,2016.0,,,,,,1.0,,1.0,1.0,,1.0
371501,371501,37,Shandong,聊城市市辖区,2020,,2016.0,2016.0,,,,2016.0,,,,,,1.0,,1.0,1.0,,1.0
371501,371501,37,Shandong,聊城市市辖区,2021,,2016.0,2016.0,,,,2016.0,,,,,,1.0,,1.0,1.0,,1.0
371502,371502,37,Shandong,东昌府区,2009,,2016.0,2016.0,,,,2016.0,,,,,,0.0,,0.0,0.0,,0.0
371502,371502,37,Shandong,东昌府区,2010,,2016.0,2016.0,,,,2016.0,,,,,,0.0,,0.0,0.0,,0.0
371502,371502,37,Shandong,东昌府区,2011,,2016.0,2016.0,,,,2016.0,,,,,,0.0,,0.0,0.0,,0.0
371502,371502,37,Shandong,东昌府区,2012,,2016.0,2016.0,,,,2016.0,,,,,,0.0,,0.0,0.0,,0.0
371502,371502,37,Shandong,东昌府区,2013,,2016.0,2016.0,,,,2016.0,,,,,,0.0,,0.0,0.0,,0.0
371502,371502,37,Shandong,东昌府区,2014,,2016.0,2016.0,,,,2016.0,,,,,,0.0,,0.0,0.0,,0.0
371502,371502,37,Shandong,东昌府区,2015,,2016.0,2016.0,,,,2016.0,,,,,,0.0,,0.0,0.0,,0.0
371502,371502,37,Shandong,东昌府区,2016,,2016.0,2016.0,,,,2016.0,,,,,,1.0,,1.0,1.0,,1.0
371502,371502,37,Shandong,东昌府区,2017,,2016.0,2016.0,,,,2016.0,,,,,,1.0,,1.0,1.0,,1.0
371502,371502,37,Shandong,东昌府区,2018,,2016.0,2016.0,,,,2016.0,,,,,,1.0,,1.0,1.0,,1.0
371502,371502,37,Shandong,东昌府区,2019,,2016.0,2016.0,,,,2016.0,,,,,,1.0,,1.0,1.0,,1.0
371502,371502,37,Shandong,东昌府区,2020,,2016.0,2016.0,,,,2016.0,,,,,,1.0,,1.0,1.0,,1.0
371502,371502,37,Shandong,东昌府区,2021,,2016.0,2016.0,,,,2016.0,,,,,,1.0,,1.0,1.0,,1.0
371601,371601,37,Shandong,滨州市市辖区,2009,,2016.0,2016.0,,,,2016.0,,,,,,0.0,,0.0,0.0,,0.0
371601,371601,37,Shandong,滨州市市辖区,2010,,2016.0,2016.0,,,,2016.0,,,,,,0.0,,0.0,0.0,,0.0
371601,371601,37,Shandong,滨州市市辖区,2011,,2016.0,2016.0,,,,2016.0,,,,,,0.0,,0.0,0.0,,0.0
371601,371601,37,Shandong,滨州市市辖区,2012,,2016.0,2016.0,,,,2016.0,,,,,,0.0,,0.0,0.0,,0.0
371601,371601,37,Shandong,滨州市市辖区,2013,,2016.0,2016.0,,,,2016.0,,,,,,0.0,,0.0,0.0,,0.0
371601,371601,37,Shandong,滨州市市辖区,2014,,2016.0,2016.0,,,,2016.0,,,,,,0.0,,0.0,0.0,,0.0
371601,371601,37,Shandong,滨州市市辖区,2015,,2016.0,2016.0,,,,2016.0,,,,,,0.0,,0.0,0.0,,0.0
371601,371601,37,Shandong,滨州市市辖区,2016,,2016.0,2016.0,,,,2016.0,,,,,,1.0,,1.0,1.0,,1.0
371601,371601,37,Shandong,滨州市市辖区,2017,,2016.0,2016.0,,,,2016.0,,,,,,1.0,,1.0,1.0,,1.0
371601,371601,37,Shandong,滨州市市辖区,2018,,2016.0,2016.0,,,,2016.0,,,,,,1.0,,1.0,1.0,,1.0
371601,371601,37,Shandong,滨州市市辖区,2019,,2016.0,2016.0,,,,2016.0,,,,,,1.0,,1.0,1.0,,1.0
371601,371601,37,Shandong,滨州市市辖区,2020,,2016.0,2016.0,,,,2016.0,,,,,,1.0,,1.0,1.0,,1.0
371601,371601,37,Shandong,滨州市市辖区,2021,,2016.0,2016.0,,,,2016.0,,,,,,1.0,,1.0,1.0,,1.0
411501,411501,41,Henan,信阳市市辖区,2009,,2016.0,,,,,,2016.0,,,,,0.0,,0.0,,0.0,
411501,411501,41,Henan,信阳市市辖区,2010,,2016.0,,,,,,2016.0,,,,,0.0,,0.0,,0.0,
411501,411501,41,Henan,信阳市市辖区,2011,,2016.0,,,,,,2016.0,,,,,0.0,,0.0,,0.0,
411501,411501,41,Henan,信阳市市辖区,2012,,2016.0,,,,,,2016.0,,,,,0.0,,0.0,,0.0,
411501,411501,41,Henan,信阳市市辖区,2013,,2016.0,,,,,,2016.0,,,,,0.0,,0.0,,0.0,
411501,411501,41,Henan,信阳市市辖区,2014,,2016.0,,,,,,2016.0,,,,,0.0,,0.0,,0.0,
411501,411501,41,Henan,信阳市市辖区,2015,,2016.0,,,,,,2016.0,,,,,0.0,,0.0,,0.0,
411501,411501,41,Henan,信阳市市辖区,2016,,2016.0,,,,,,2016.0,,,,,1.0,,1.0,,1.0,
411501,411501,41,Henan,信阳市市辖区,2017,,2016.0,,,,,,2016.0,,,,,1.0,,1.0,,1.0,
411501,411501,41,Henan,信阳市市辖区,2018,,2016.0,,,,,,2016.0,,,,,1.0,,1.0,,1.0,
411501,411501,41,Henan,信阳市市辖区,2019,,2016.0,,,,,,2016.0,,,,,1.0,,1.0,,1.0,
411501,411501,41,Henan,信阳市市辖区,2020,,2016.0,,,,,,2016.0,,,,,1.0,,1.0,,1.0,
411501,411501,41,Henan,信阳市市辖区,2021,,2016.0,,,,,,2016.0,,,,,1.0,,1.0,,1.0,
420801,420801,42,Hubei,荆门市市辖区,2009,,2016.0,,,,,,2016.0,,,,,0.0,,0.0,,0.0,
420801,420801,42,Hubei,荆门市市辖区,2010,,2016.0,,,,,,2016.0,,,,,0.0,,0.0,,0.0,
420801,420801,42,Hubei,荆门市市辖区,2011,,2016.0,,,,,,2016.0,,,,,0.0,,0.0,,0.0,
420801,420801,42,Hubei,荆门市市辖区,2012,,2016.0,,,,,,2016.0,,,,,0.0,,0.0,,0.0,
420801,420801,42,Hubei,荆门市市辖区,2013,,2016.0,,,,,,2016.0,,,,,0.0,,0.0,,0.0,
420801,420801,42,Hubei,荆门市市辖区,2014,,2016.0,,,,,,2016.0,,,,,0.0,,0.0,,0.0,
420801,420801,42,Hubei,荆门市市辖区,2015,,2016.0,,,,,,2016.0,,,,,0.0,,0.0,,0.0,
420801,420801,42,Hubei,荆门市市辖区,2016,,2016.0,,97.8,,,,2016.0,,,certificate_rate,,0.978,,1.0,,1.0,
420801,420801,42,Hubei,荆门市市辖区,2017,,2016.0,,,,,,2016.0,,,,,1.0,,1.0,,1.0,
420801,420801,42,Hubei,荆门市市辖区,2018,,2016.0,,,,,,2016.0,,,,,1.0,,1.0,,1.0,
420801,420801,42,Hubei,荆门市市辖区,2019,,2016.0,,,,,,2016.0,,,,,1.0,,1.0,,1.0,
420801,420801,42,Hubei,荆门市市辖区,2020,,2016.0,,,,,,2016.0,,,,,1.0,,1.0,,1.0,
420801,420801,42,Hubei,荆门市市辖区,2021,,2016.0,,,,,,2016.0,,,,,1.0,,1.0,,1.0,
420802,420802,42,Hubei,东宝区,2009,,2016.0,,,,,,2016.0,,,,,0.0,,0.0,,0.0,
420802,420802,42,Hubei,东宝区,2010,,2016.0,,,,,,2016.0,,,,,0.0,,0.0,,0.0,
420802,420802,42,Hubei,东宝区,2011,,2016.0,,,,,,2016.0,,,,,0.0,,0.0,,0.0,
420802,420802,42,Hubei,东宝区,2012,,2016.0,,,,,,2016.0,,,,,0.0,,0.0,,0.0,
420802,420802,42,Hubei,东宝区,2013,,2016.0,,,,,,2016.0,,,,,0.0,,0.0,,0.0,
420802,420802,42,Hubei,东宝区,2014,,2016.0,,,,,,2016.0,,,,,0.0,,0.0,,0.0,
420802,420802,42,Hubei,东宝区,2015,,2016.0,,,,,,2016.0,,,,,0.0,,0.0,,0.0,
420802,420802,42,Hubei,东宝区,2016,,2016.0,,97.8,,,,2016.0,,,certificate_rate,,0.978,,1.0,,1.0,
420802,420802,42,Hubei,东宝区,2017,,2016.0,,,,,,2016.0,,,,,1.0,,1.0,,1.0,
420802,420802,42,Hubei,东宝区,2018,,2016.0,,,,,,2016.0,,,,,1.0,,1.0,,1.0,
420802,420802,42,Hubei,东宝区,2019,,2016.0,,,,,,2016.0,,,,,1.0,,1.0,,1.0,
420802,420802,42,Hubei,东宝区,2020,,2016.0,,,,,,2016.0,,,,,1.0,,1.0,,1.0,
420802,420802,42,Hubei,东宝区,2021,,2016.0,,,,,,2016.0,,,,,1.0,,1.0,,1.0,
421101,421101,42,Hubei,黄冈市市辖区,2009,,2016.0,2017.0,,,,2017.0,,,,,,0.0,,0.0,0.0,,0.0
421101,421101,42,Hubei,黄冈市市辖区,2010,,2016.0,2017.0,,,,2017.0,,,,,,0.0,,0.0,0.0,,0.0
421101,421101,42,Hubei,黄冈市市辖区,2011,,2016.0,2017.0,,,,2017.0,,,,,,0.0,,0.0,0.0,,0.0
421101,421101,42,Hubei,黄冈市市辖区,2012,,2016.0,2017.0,,,,2017.0,,,,,,0.0,,0.0,0.0,,0.0
421101,421101,42,Hubei,黄冈市市辖区,2013,,2016.0,2017.0,,,,2017.0,,,,,,0.0,,0.0,0.0,,0.0
421101,421101,42,Hubei,黄冈市市辖区,2014,,2016.0,2017.0,,,,2017.0,,,,,,0.0,,0.0,0.0,,0.0
421101,421101,42,Hubei,黄冈市市辖区,2015,,2016.0,2017.0,,,,2017.0,,,,,,0.0,,0.0,0.0,,0.0
421101,421101,42,Hubei,黄冈市市辖区,2016,,2016.0,2017.0,,,,2017.0,,,,,,1.0,,1.0,0.0,,0.0
421101,421101,42,Hubei,黄冈市市辖区,2017,,2016.0,2017.0,,,,2017.0,,,,,,1.0,,1.0,1.0,,1.0
421101,421101,42,Hubei,黄冈市市辖区,2018,,2016.0,2017.0,,,,2017.0,,,,,,1.0,,1.0,1.0,,1.0
421101,421101,42,Hubei,黄冈市市辖区,2019,,2016.0,2017.0,,,,2017.0,,,,,,1.0,,1.0,1.0,,1.0
421101,421101,42,Hubei,黄冈市市辖区,2020,,2016.0,2017.0,,,,2017.0,,,,,,1.0,,1.0,1.0,,1.0
421101,421101,42,Hubei,黄冈市市辖区,2021,,2016.0,2017.0,,,,2017.0,,,,,,1.0,,1.0,1.0,,1.0
421102,421102,42,Hubei,黄州区,2009,,2016.0,2017.0,,,,2017.0,,,,,,0.0,,0.0,0.0,,0.0
421102,421102,42,Hubei,黄州区,2010,,2016.0,2017.0,,,,2017.0,,,,,,0.0,,0.0,0.0,,0.0
421102,421102,42,Hubei,黄州区,2011,,2016.0,2017.0,,,,2017.0,,,,,,0.0,,0.0,0.0,,0.0
421102,421102,42,Hubei,黄州区,2012,,2016.0,2017.0,,,,2017.0,,,,,,0.0,,0.0,0.0,,0.0
421102,421102,42,Hubei,黄州区,2013,,2016.0,2017.0,,,,2017.0,,,,,,0.0,,0.0,0.0,,0.0
421102,421102,42,Hubei,黄州区,2014,,2016.0,2017.0,,,,2017.0,,,,,,0.0,,0.0,0.0,,0.0
421102,421102,42,Hubei,黄州区,2015,,2016.0,2017.0,,,,2017.0,,,,,,0.0,,0.0,0.0,,0.0
421102,421102,42,Hubei,黄州区,2016,,2016.0,2017.0,,,,2017.0,,,,,,1.0,,1.0,0.0,,0.0
421102,421102,42,Hubei,黄州区,2017,,2016.0,2017.0,,,,2017.0,,,,,,1.0,,1.0,1.0,,1.0
421102,421102,42,Hubei,黄州区,2018,,2016.0,2017.0,,,,2017.0,,,,,,1.0,,1.0,1.0,,1.0
421102,421102,42,Hubei,黄州区,2019,,2016.0,2017.0,,,,2017.0,,,,,,1.0,,1.0,1.0,,1.0
421102,421102,42,Hubei,黄州区,2020,,2016.0,2017.0,,,,2017.0,,,,,,1.0,,1.0,1.0,,1.0
421102,421102,42,Hubei,黄州区,2021,,2016.0,2017.0,,,,2017.0,,,,,,1.0,,1.0,1.0,,1.0
421202,421202,42,Hubei,Xian'an District,2009,,,,,,,,,,,,,,,,,,
421202,421202,42,Hubei,Xian'an District,2010,,,,,,,,,,,,,,,,,,
421202,421202,42,Hubei,Xian'an District,2011,,,,,,,,,,,,,,,,,,
421202,421202,42,Hubei,Xian'an District,2012,,,,,,,,,,,,,,,,,,
421202,421202,42,Hubei,Xian'an District,2013,,,,,,,,,,,,,,,,,,
421202,421202,42,Hubei,Xian'an District,2014,,,,,,,,,,,,,,,,,,
421202,421202,42,Hubei,Xian'an District,2015,,,,,,,,,,,,,,,,,,
421202,421202,42,Hubei,Xian'an District,2016,,,,96.3,,,,,,,household_completion_rate,,0.963,,,,,
421202,421202,42,Hubei,Xian'an District,2017,,,,,,,,,,,,,,,,,,
421202,421202,42,Hubei,Xian'an District,2018,,,,,,,,,,,,,,,,,,
421202,421202,42,Hubei,Xian'an District,2019,,,,,,,,,,,,,,,,,,
421202,421202,42,Hubei,Xian'an District,2020,,,,,,,,,,,,,,,,,,
421202,421202,42,Hubei,Xian'an District,2021,,,,,,,,,,,,,,,,,,
430301,430301,43,Hunan,湘潭市市辖区,2009,,2018.0,,,,,,,,,,,0.0,,0.0,,,
430301,430301,43,Hunan,湘潭市市辖区,2010,,2018.0,,,,,,,,,,,0.0,,0.0,,,
430301,430301,43,Hunan,湘潭市市辖区,2011,,2018.0,,,,,,,,,,,0.0,,0.0,,,
430301,430301,43,Hunan,湘潭市市辖区,2012,,2018.0,,,,,,,,,,,0.0,,0.0,,,
430301,430301,43,Hunan,湘潭市市辖区,2013,,2018.0,,,,,,,,,,,0.0,,0.0,,,
430301,430301,43,Hunan,湘潭市市辖区,2014,,2018.0,,,,,,,,,,,0.0,,0.0,,,
430301,430301,43,Hunan,湘潭市市辖区,2015,,2018.0,,,,,,,,,,,0.0,,0.0,,,
430301,430301,43,Hunan,湘潭市市辖区,2016,,2018.0,,,,,,,,,,,0.0,,0.0,,,
430301,430301,43,Hunan,湘潭市市辖区,2017,,2018.0,,,,,,,,,,,0.0,,0.0,,,
430301,430301,43,Hunan,湘潭市市辖区,2018,,2018.0,,,,,,,,,,,1.0,,1.0,,,
430301,430301,43,Hunan,湘潭市市辖区,2019,,2018.0,,,,,,,,,,,1.0,,1.0,,,
430301,430301,43,Hunan,湘潭市市辖区,2020,,2018.0,,,,,,,,,,,1.0,,1.0,,,
430301,430301,43,Hunan,湘潭市市辖区,2021,,2018.0,,,,,,,,,,,1.0,,1.0,,,
430302,430302,43,Hunan,雨湖区,2009,,2018.0,,,,,,,,,,,0.0,,0.0,,,
430302,430302,43,Hunan,雨湖区,2010,,2018.0,,,,,,,,,,,0.0,,0.0,,,
430302,430302,43,Hunan,雨湖区,2011,,2018.0,,,,,,,,,,,0.0,,0.0,,,
430302,430302,43,Hunan,雨湖区,2012,,2018.0,,,,,,,,,,,0.0,,0.0,,,
430302,430302,43,Hunan,雨湖区,2013,,2018.0,,,,,,,,,,,0.0,,0.0,,,
430302,430302,43,Hunan,雨湖区,2014,,2018.0,,,,,,,,,,,0.0,,0.0,,,
430302,430302,43,Hunan,雨湖区,2015,,2018.0,,,,,,,,,,,0.0,,0.0,,,
430302,430302,43,Hunan,雨湖区,2016,,2018.0,,,,,,,,,,,0.0,,0.0,,,
430302,430302,43,Hunan,雨湖区,2017,,2018.0,,,,,,,,,,,0.0,,0.0,,,
430302,430302,43,Hunan,雨湖区,2018,,2018.0,,,,,,,,,,,1.0,,1.0,,,
430302,430302,43,Hunan,雨湖区,2019,,2018.0,,,,,,,,,,,1.0,,1.0,,,
430302,430302,43,Hunan,雨湖区,2020,,2018.0,,,,,,,,,,,1.0,,1.0,,,
430302,430302,43,Hunan,雨湖区,2021,,2018.0,,,,,,,,,,,1.0,,1.0,,,
430303,430303,43,Hunan,湘潭市历史样本区(430303),2009,,2018.0,,,,,,,,,,,0.0,,0.0,,,
430303,430303,43,Hunan,湘潭市历史样本区(430303),2010,,2018.0,,,,,,,,,,,0.0,,0.0,,,
430303,430303,43,Hunan,湘潭市历史样本区(430303),2011,,2018.0,,,,,,,,,,,0.0,,0.0,,,
430303,430303,43,Hunan,湘潭市历史样本区(430303),2012,,2018.0,,,,,,,,,,,0.0,,0.0,,,
430303,430303,43,Hunan,湘潭市历史样本区(430303),2013,,2018.0,,,,,,,,,,,0.0,,0.0,,,
430303,430303,43,Hunan,湘潭市历史样本区(430303),2014,,2018.0,,,,,,,,,,,0.0,,0.0,,,
430303,430303,43,Hunan,湘潭市历史样本区(430303),2015,,2018.0,,,,,,,,,,,0.0,,0.0,,,
430303,430303,43,Hunan,湘潭市历史样本区(430303),2016,,2018.0,,,,,,,,,,,0.0,,0.0,,,
430303,430303,43,Hunan,湘潭市历史样本区(430303),2017,,2018.0,,,,,,,,,,,0.0,,0.0,,,
430303,430303,43,Hunan,湘潭市历史样本区(430303),2018,,2018.0,,,,,,,,,,,1.0,,1.0,,,
430303,430303,43,Hunan,湘潭市历史样本区(430303),2019,,2018.0,,,,,,,,,,,1.0,,1.0,,,
430303,430303,43,Hunan,湘潭市历史样本区(430303),2020,,2018.0,,,,,,,,,,,1.0,,1.0,,,
430303,430303,43,Hunan,湘潭市历史样本区(430303),2021,,2018.0,,,,,,,,,,,1.0,,1.0,,,
430304,430304,43,Hunan,岳塘区,2009,,2018.0,,,,,,,,,,,0.0,,0.0,,,
430304,430304,43,Hunan,岳塘区,2010,,2018.0,,,,,,,,,,,0.0,,0.0,,,
430304,430304,43,Hunan,岳塘区,2011,,2018.0,,,,,,,,,,,0.0,,0.0,,,
430304,430304,43,Hunan,岳塘区,2012,,2018.0,,,,,,,,,,,0.0,,0.0,,,
430304,430304,43,Hunan,岳塘区,2013,,2018.0,,,,,,,,,,,0.0,,0.0,,,
430304,430304,43,Hunan,岳塘区,2014,,2018.0,,,,,,,,,,,0.0,,0.0,,,
430304,430304,43,Hunan,岳塘区,2015,,2018.0,,,,,,,,,,,0.0,,0.0,,,
430304,430304,43,Hunan,岳塘区,2016,,2018.0,,,,,,,,,,,0.0,,0.0,,,
430304,430304,43,Hunan,岳塘区,2017,,2018.0,,,,,,,,,,,0.0,,0.0,,,
430304,430304,43,Hunan,岳塘区,2018,,2018.0,,,,,,,,,,,1.0,,1.0,,,
430304,430304,43,Hunan,岳塘区,2019,,2018.0,,,,,,,,,,,1.0,,1.0,,,
430304,430304,43,Hunan,岳塘区,2020,,2018.0,,,,,,,,,,,1.0,,1.0,,,
430304,430304,43,Hunan,岳塘区,2021,,2018.0,,,,,,,,,,,1.0,,1.0,,,
430401,430401,43,Hunan,衡阳市市辖区,2009,,2018.0,,,,,,,,,,,0.0,,0.0,,,
430401,430401,43,Hunan,衡阳市市辖区,2010,,2018.0,,,,,,,,,,,0.0,,0.0,,,
430401,430401,43,Hunan,衡阳市市辖区,2011,,2018.0,,,,,,,,,,,0.0,,0.0,,,
430401,430401,43,Hunan,衡阳市市辖区,2012,,2018.0,,,,,,,,,,,0.0,,0.0,,,
430401,430401,43,Hunan,衡阳市市辖区,2013,,2018.0,,,,,,,,,,,0.0,,0.0,,,
430401,430401,43,Hunan,衡阳市市辖区,2014,,2018.0,,,,,,,,,,,0.0,,0.0,,,
430401,430401,43,Hunan,衡阳市市辖区,2015,,2018.0,,,,,,,,,,,0.0,,0.0,,,
430401,430401,43,Hunan,衡阳市市辖区,2016,,2018.0,,,,,,,,,,,0.0,,0.0,,,
430401,430401,43,Hunan,衡阳市市辖区,2017,,2018.0,,,,,,,,,,,0.0,,0.0,,,
430401,430401,43,Hunan,衡阳市市辖区,2018,,2018.0,,,,,,,,,,,1.0,,1.0,,,
430401,430401,43,Hunan,衡阳市市辖区,2019,,2018.0,,,,,,,,,,,1.0,,1.0,,,
430401,430401,43,Hunan,衡阳市市辖区,2020,,2018.0,,,,,,,,,,,1.0,,1.0,,,
430401,430401,43,Hunan,衡阳市市辖区,2021,,2018.0,,,,,,,,,,,1.0,,1.0,,,
430402,430402,43,Hunan,衡阳市历史样本区(430402),2009,,2018.0,,,,,,,,,,,0.0,,0.0,,,
430402,430402,43,Hunan,衡阳市历史样本区(430402),2010,,2018.0,,,,,,,,,,,0.0,,0.0,,,
430402,430402,43,Hunan,衡阳市历史样本区(430402),2011,,2018.0,,,,,,,,,,,0.0,,0.0,,,
430402,430402,43,Hunan,衡阳市历史样本区(430402),2012,,2018.0,,,,,,,,,,,0.0,,0.0,,,
430402,430402,43,Hunan,衡阳市历史样本区(430402),2013,,2018.0,,,,,,,,,,,0.0,,0.0,,,
430402,430402,43,Hunan,衡阳市历史样本区(430402),2014,,2018.0,,,,,,,,,,,0.0,,0.0,,,
430402,430402,43,Hunan,衡阳市历史样本区(430402),2015,,2018.0,,,,,,,,,,,0.0,,0.0,,,
430402,430402,43,Hunan,衡阳市历史样本区(430402),2016,,2018.0,,,,,,,,,,,0.0,,0.0,,,
430402,430402,43,Hunan,衡阳市历史样本区(430402),2017,,2018.0,,,,,,,,,,,0.0,,0.0,,,
430402,430402,43,Hunan,衡阳市历史样本区(430402),2018,,2018.0,,,,,,,,,,,1.0,,1.0,,,
430402,430402,43,Hunan,衡阳市历史样本区(430402),2019,,2018.0,,,,,,,,,,,1.0,,1.0,,,
430402,430402,43,Hunan,衡阳市历史样本区(430402),2020,,2018.0,,,,,,,,,,,1.0,,1.0,,,
430402,430402,43,Hunan,衡阳市历史样本区(430402),2021,,2018.0,,,,,,,,,,,1.0,,1.0,,,
430501,430501,43,Hunan,邵阳市市辖区,2009,,2018.0,,,,,,,,,,,0.0,,0.0,,,
430501,430501,43,Hunan,邵阳市市辖区,2010,,2018.0,,,,,,,,,,,0.0,,0.0,,,
430501,430501,43,Hunan,邵阳市市辖区,2011,,2018.0,,,,,,,,,,,0.0,,0.0,,,
430501,430501,43,Hunan,邵阳市市辖区,2012,,2018.0,,,,,,,,,,,0.0,,0.0,,,
430501,430501,43,Hunan,邵阳市市辖区,2013,,2018.0,,,,,,,,,,,0.0,,0.0,,,
430501,430501,43,Hunan,邵阳市市辖区,2014,,2018.0,,,,,,,,,,,0.0,,0.0,,,
430501,430501,43,Hunan,邵阳市市辖区,2015,,2018.0,,,,,,,,,,,0.0,,0.0,,,
430501,430501,43,Hunan,邵阳市市辖区,2016,,2018.0,,,,,,,,,,,0.0,,0.0,,,
430501,430501,43,Hunan,邵阳市市辖区,2017,,2018.0,,,,,,,,,,,0.0,,0.0,,,
430501,430501,43,Hunan,邵阳市市辖区,2018,,2018.0,,,,,,,,,,,1.0,,1.0,,,
430501,430501,43,Hunan,邵阳市市辖区,2019,,2018.0,,,,,,,,,,,1.0,,1.0,,,
430501,430501,43,Hunan,邵阳市市辖区,2020,,2018.0,,,,,,,,,,,1.0,,1.0,,,
430501,430501,43,Hunan,邵阳市市辖区,2021,,2018.0,,,,,,,,,,,1.0,,1.0,,,
430502,430502,43,Hunan,双清区,2009,,2018.0,,,,,,,,,,,0.0,,0.0,,,
430502,430502,43,Hunan,双清区,2010,,2018.0,,,,,,,,,,,0.0,,0.0,,,
430502,430502,43,Hunan,双清区,2011,,2018.0,,,,,,,,,,,0.0,,0.0,,,
430502,430502,43,Hunan,双清区,2012,,2018.0,,,,,,,,,,,0.0,,0.0,,,
430502,430502,43,Hunan,双清区,2013,,2018.0,,,,,,,,,,,0.0,,0.0,,,
430502,430502,43,Hunan,双清区,2014,,2018.0,,,,,,,,,,,0.0,,0.0,,,
430502,430502,43,Hunan,双清区,2015,,2018.0,,,,,,,,,,,0.0,,0.0,,,
430502,430502,43,Hunan,双清区,2016,,2018.0,,,,,,,,,,,0.0,,0.0,,,
430502,430502,43,Hunan,双清区,2017,,2018.0,,,,,,,,,,,0.0,,0.0,,,
430502,430502,43,Hunan,双清区,2018,,2018.0,,,,,,,,,,,1.0,,1.0,,,
430502,430502,43,Hunan,双清区,2019,,2018.0,,,,,,,,,,,1.0,,1.0,,,
430502,430502,43,Hunan,双清区,2020,,2018.0,,,,,,,,,,,1.0,,1.0,,,
430502,430502,43,Hunan,双清区,2021,,2018.0,,,,,,,,,,,1.0,,1.0,,,
430503,430503,43,Hunan,大祥区,2009,,2018.0,,,,,,,,,,,0.0,,0.0,,,
430503,430503,43,Hunan,大祥区,2010,,2018.0,,,,,,,,,,,0.0,,0.0,,,
430503,430503,43,Hunan,大祥区,2011,,2018.0,,,,,,,,,,,0.0,,0.0,,,
430503,430503,43,Hunan,大祥区,2012,,2018.0,,,,,,,,,,,0.0,,0.0,,,
430503,430503,43,Hunan,大祥区,2013,,2018.0,,,,,,,,,,,0.0,,0.0,,,
430503,430503,43,Hunan,大祥区,2014,,2018.0,,,,,,,,,,,0.0,,0.0,,,
430503,430503,43,Hunan,大祥区,2015,,2018.0,,,,,,,,,,,0.0,,0.0,,,
430503,430503,43,Hunan,大祥区,2016,,2018.0,,,,,,,,,,,0.0,,0.0,,,
430503,430503,43,Hunan,大祥区,2017,,2018.0,,,,,,,,,,,0.0,,0.0,,,
430503,430503,43,Hunan,大祥区,2018,,2018.0,,,,,,,,,,,1.0,,1.0,,,
430503,430503,43,Hunan,大祥区,2019,,2018.0,,,,,,,,,,,1.0,,1.0,,,
430503,430503,43,Hunan,大祥区,2020,,2018.0,,,,,,,,,,,1.0,,1.0,,,
430503,430503,43,Hunan,大祥区,2021,,2018.0,,,,,,,,,,,1.0,,1.0,,,
430701,430701,43,Hunan,常德市市辖区,2009,,2018.0,,,,,,,,,,,0.0,,0.0,,,
430701,430701,43,Hunan,常德市市辖区,2010,,2018.0,,,,,,,,,,,0.0,,0.0,,,
430701,430701,43,Hunan,常德市市辖区,2011,,2018.0,,,,,,,,,,,0.0,,0.0,,,
430701,430701,43,Hunan,常德市市辖区,2012,,2018.0,,,,,,,,,,,0.0,,0.0,,,
430701,430701,43,Hunan,常德市市辖区,2013,,2018.0,,,,,,,,,,,0.0,,0.0,,,
430701,430701,43,Hunan,常德市市辖区,2014,,2018.0,,,,,,,,,,,0.0,,0.0,,,
430701,430701,43,Hunan,常德市市辖区,2015,,2018.0,,,,,,,,,,,0.0,,0.0,,,
430701,430701,43,Hunan,常德市市辖区,2016,,2018.0,,,,,,,,,,,0.0,,0.0,,,
430701,430701,43,Hunan,常德市市辖区,2017,,2018.0,,,,,,,,,,,0.0,,0.0,,,
430701,430701,43,Hunan,常德市市辖区,2018,,2018.0,,,,,,,,,,,1.0,,1.0,,,
430701,430701,43,Hunan,常德市市辖区,2019,,2018.0,,,,,,,,,,,1.0,,1.0,,,
430701,430701,43,Hunan,常德市市辖区,2020,,2018.0,,,,,,,,,,,1.0,,1.0,,,
430701,430701,43,Hunan,常德市市辖区,2021,,2018.0,,,,,,,,,,,1.0,,1.0,,,
430801,430801,43,Hunan,张家界市市辖区,2009,,2018.0,,,,,,,,,,,0.0,,0.0,,,
430801,430801,43,Hunan,张家界市市辖区,2010,,2018.0,,,,,,,,,,,0.0,,0.0,,,
430801,430801,43,Hunan,张家界市市辖区,2011,,2018.0,,,,,,,,,,,0.0,,0.0,,,
430801,430801,43,Hunan,张家界市市辖区,2012,,2018.0,,,,,,,,,,,0.0,,0.0,,,
430801,430801,43,Hunan,张家界市市辖区,2013,,2018.0,,,,,,,,,,,0.0,,0.0,,,
430801,430801,43,Hunan,张家界市市辖区,2014,,2018.0,,,,,,,,,,,0.0,,0.0,,,
430801,430801,43,Hunan,张家界市市辖区,2015,,2018.0,,,,,,,,,,,0.0,,0.0,,,
430801,430801,43,Hunan,张家界市市辖区,2016,,2018.0,,,,,,,,,,,0.0,,0.0,,,
430801,430801,43,Hunan,张家界市市辖区,2017,,2018.0,,,,,,,,,,,0.0,,0.0,,,
430801,430801,43,Hunan,张家界市市辖区,2018,,2018.0,,,,,,,,,,,1.0,,1.0,,,
430801,430801,43,Hunan,张家界市市辖区,2019,,2018.0,,,,,,,,,,,1.0,,1.0,,,
430801,430801,43,Hunan,张家界市市辖区,2020,,2018.0,,,,,,,,,,,1.0,,1.0,,,
430801,430801,43,Hunan,张家界市市辖区,2021,,2018.0,,,,,,,,,,,1.0,,1.0,,,
430901,430901,43,Hunan,益阳市市辖区,2009,,2018.0,,,,,,,,,,,0.0,,0.0,,,
430901,430901,43,Hunan,益阳市市辖区,2010,,2018.0,,,,,,,,,,,0.0,,0.0,,,
430901,430901,43,Hunan,益阳市市辖区,2011,,2018.0,,,,,,,,,,,0.0,,0.0,,,
430901,430901,43,Hunan,益阳市市辖区,2012,,2018.0,,,,,,,,,,,0.0,,0.0,,,
430901,430901,43,Hunan,益阳市市辖区,2013,,2018.0,,,,,,,,,,,0.0,,0.0,,,
430901,430901,43,Hunan,益阳市市辖区,2014,,2018.0,,,,,,,,,,,0.0,,0.0,,,
430901,430901,43,Hunan,益阳市市辖区,2015,,2018.0,,,,,,,,,,,0.0,,0.0,,,
430901,430901,43,Hunan,益阳市市辖区,2016,,2018.0,,,,,,,,,,,0.0,,0.0,,,
430901,430901,43,Hunan,益阳市市辖区,2017,,2018.0,,,,,,,,,,,0.0,,0.0,,,
430901,430901,43,Hunan,益阳市市辖区,2018,,2018.0,,,,,,,,,,,1.0,,1.0,,,
430901,430901,43,Hunan,益阳市市辖区,2019,,2018.0,,,,,,,,,,,1.0,,1.0,,,
430901,430901,43,Hunan,益阳市市辖区,2020,,2018.0,,,,,,,,,,,1.0,,1.0,,,
430901,430901,43,Hunan,益阳市市辖区,2021,,2018.0,,,,,,,,,,,1.0,,1.0,,,
430902,430902,43,Hunan,资阳区,2009,,2018.0,,,,,,,,,,,0.0,,0.0,,,
430902,430902,43,Hunan,资阳区,2010,,2018.0,,,,,,,,,,,0.0,,0.0,,,
430902,430902,43,Hunan,资阳区,2011,,2018.0,,,,,,,,,,,0.0,,0.0,,,
430902,430902,43,Hunan,资阳区,2012,,2018.0,,,,,,,,,,,0.0,,0.0,,,
430902,430902,43,Hunan,资阳区,2013,,2018.0,,,,,,,,,,,0.0,,0.0,,,
430902,430902,43,Hunan,资阳区,2014,,2018.0,,,,,,,,,,,0.0,,0.0,,,
430902,430902,43,Hunan,资阳区,2015,,2018.0,,,,,,,,,,,0.0,,0.0,,,
430902,430902,43,Hunan,资阳区,2016,,2018.0,,,,,,,,,,,0.0,,0.0,,,
430902,430902,43,Hunan,资阳区,2017,,2018.0,,,,,,,,,,,0.0,,0.0,,,
430902,430902,43,Hunan,资阳区,2018,,2018.0,,,,,,,,,,,1.0,,1.0,,,
430902,430902,43,Hunan,资阳区,2019,,2018.0,,,,,,,,,,,1.0,,1.0,,,
430902,430902,43,Hunan,资阳区,2020,,2018.0,,,,,,,,,,,1.0,,1.0,,,
430902,430902,43,Hunan,资阳区,2021,,2018.0,,,,,,,,,,,1.0,,1.0,,,
431201,431201,43,Hunan,怀化市市辖区,2009,,2018.0,,,,,,,,,,,0.0,,0.0,,,
431201,431201,43,Hunan,怀化市市辖区,2010,,2018.0,,,,,,,,,,,0.0,,0.0,,,
431201,431201,43,Hunan,怀化市市辖区,2011,,2018.0,,,,,,,,,,,0.0,,0.0,,,
431201,431201,43,Hunan,怀化市市辖区,2012,,2018.0,,,,,,,,,,,0.0,,0.0,,,
431201,431201,43,Hunan,怀化市市辖区,2013,,2018.0,,,,,,,,,,,0.0,,0.0,,,
431201,431201,43,Hunan,怀化市市辖区,2014,,2018.0,,,,,,,,,,,0.0,,0.0,,,
431201,431201,43,Hunan,怀化市市辖区,2015,,2018.0,,,,,,,,,,,0.0,,0.0,,,
431201,431201,43,Hunan,怀化市市辖区,2016,,2018.0,,,,,,,,,,,0.0,,0.0,,,
431201,431201,43,Hunan,怀化市市辖区,2017,,2018.0,,,,,,,,,,,0.0,,0.0,,,
431201,431201,43,Hunan,怀化市市辖区,2018,,2018.0,,,,,,,,,,,1.0,,1.0,,,
431201,431201,43,Hunan,怀化市市辖区,2019,,2018.0,,,,,,,,,,,1.0,,1.0,,,
431201,431201,43,Hunan,怀化市市辖区,2020,,2018.0,,,,,,,,,,,1.0,,1.0,,,
431201,431201,43,Hunan,怀化市市辖区,2021,,2018.0,,,,,,,,,,,1.0,,1.0,,,
431301,431301,43,Hunan,娄底市市辖区,2009,,2018.0,,,,,,,,,,,0.0,,0.0,,,
431301,431301,43,Hunan,娄底市市辖区,2010,,2018.0,,,,,,,,,,,0.0,,0.0,,,
431301,431301,43,Hunan,娄底市市辖区,2011,,2018.0,,,,,,,,,,,0.0,,0.0,,,
431301,431301,43,Hunan,娄底市市辖区,2012,,2018.0,,,,,,,,,,,0.0,,0.0,,,
431301,431301,43,Hunan,娄底市市辖区,2013,,2018.0,,,,,,,,,,,0.0,,0.0,,,
431301,431301,43,Hunan,娄底市市辖区,2014,,2018.0,,,,,,,,,,,0.0,,0.0,,,
431301,431301,43,Hunan,娄底市市辖区,2015,,2018.0,,,,,,,,,,,0.0,,0.0,,,
431301,431301,43,Hunan,娄底市市辖区,2016,,2018.0,,,,,,,,,,,0.0,,0.0,,,
431301,431301,43,Hunan,娄底市市辖区,2017,,2018.0,,,,,,,,,,,0.0,,0.0,,,
431301,431301,43,Hunan,娄底市市辖区,2018,,2018.0,,,,,,,,,,,1.0,,1.0,,,
431301,431301,43,Hunan,娄底市市辖区,2019,,2018.0,,,,,,,,,,,1.0,,1.0,,,
431301,431301,43,Hunan,娄底市市辖区,2020,,2018.0,,,,,,,,,,,1.0,,1.0,,,
431301,431301,43,Hunan,娄底市市辖区,2021,,2018.0,,,,,,,,,,,1.0,,1.0,,,
441302,441302,44,Guangdong,惠城区,2009,2015.0,2015.0,,,,2015.0,,,,,,,0.0,0.0,0.0,,,
441302,441302,44,Guangdong,惠城区,2010,2015.0,2015.0,,,,2015.0,,,,,,,0.0,0.0,0.0,,,
441302,441302,44,Guangdong,惠城区,2011,2015.0,2015.0,,,,2015.0,,,,,,,0.0,0.0,0.0,,,
441302,441302,44,Guangdong,惠城区,2012,2015.0,2015.0,,,,2015.0,,,,,,,0.0,0.0,0.0,,,
441302,441302,44,Guangdong,惠城区,2013,2015.0,2015.0,,,,2015.0,,,,,,,0.0,0.0,0.0,,,
441302,441302,44,Guangdong,惠城区,2014,2015.0,2015.0,,,,2015.0,,,,,,,0.0,0.0,0.0,,,
441302,441302,44,Guangdong,惠城区,2015,2015.0,2015.0,,,,2015.0,,,,,,,1.0,1.0,1.0,,,
441302,441302,44,Guangdong,惠城区,2016,2015.0,2015.0,,,,2015.0,,,,,,,1.0,1.0,1.0,,,
441302,441302,44,Guangdong,惠城区,2017,2015.0,2015.0,,,,2015.0,,,,,,,1.0,1.0,1.0,,,
441302,441302,44,Guangdong,惠城区,2018,2015.0,2015.0,,,,2015.0,,,,,,,1.0,1.0,1.0,,,
441302,441302,44,Guangdong,惠城区,2019,2015.0,2015.0,,,,2015.0,,,,,,,1.0,1.0,1.0,,,
441302,441302,44,Guangdong,惠城区,2020,2015.0,2015.0,,,,2015.0,,,,,,,1.0,1.0,1.0,,,
441302,441302,44,Guangdong,惠城区,2021,2015.0,2015.0,,93.925,,2015.0,,,,,township_mean_certificate_rate,2.0,0.9392499999999999,1.0,1.0,,,
441303,441303,44,Guangdong,Huiyang District,2009,2014.0,,,,2014.0,2015.0,,2018.0,,,,,0.0,0.0,,,0.0,
441303,441303,44,Guangdong,Huiyang District,2010,2014.0,,,,2014.0,2015.0,,2018.0,,,,,0.0,0.0,,,0.0,
441303,441303,44,Guangdong,Huiyang District,2011,2014.0,,,,2014.0,2015.0,,2018.0,,,,,0.0,0.0,,,0.0,
441303,441303,44,Guangdong,Huiyang District,2012,2014.0,,,,2014.0,2015.0,,2018.0,,,,,0.0,0.0,,,0.0,
441303,441303,44,Guangdong,Huiyang District,2013,2014.0,,,,2014.0,2015.0,,2018.0,,,,,0.0,0.0,,,0.0,
441303,441303,44,Guangdong,Huiyang District,2014,2014.0,,,,2014.0,2015.0,,2018.0,,,,,0.0,1.0,,,0.0,
441303,441303,44,Guangdong,Huiyang District,2015,2014.0,,,,2014.0,2015.0,,2018.0,,,,,0.0,1.0,,,0.0,
441303,441303,44,Guangdong,Huiyang District,2016,2014.0,,,,2014.0,2015.0,,2018.0,,,,,0.0,1.0,,,0.0,
441303,441303,44,Guangdong,Huiyang District,2017,2014.0,,,,2014.0,2015.0,,2018.0,,,,,0.0,1.0,,,0.0,
441303,441303,44,Guangdong,Huiyang District,2018,2014.0,,,98.11,2014.0,2015.0,,2018.0,,,certificate_rate,,0.9811,1.0,,,1.0,
441303,441303,44,Guangdong,Huiyang District,2019,2014.0,,,,2014.0,2015.0,,2018.0,,,,,0.0,1.0,,,1.0,
441303,441303,44,Guangdong,Huiyang District,2020,2014.0,,,,2014.0,2015.0,,2018.0,,,,,0.0,1.0,,,1.0,
441303,441303,44,Guangdong,Huiyang District,2021,2014.0,,,,2014.0,2015.0,,2018.0,,,,,0.0,1.0,,,1.0,
441401,441401,44,Guangdong,梅州市市辖区,2009,,,,,,,,2017.0,,,,,,,,,0.0,
441401,441401,44,Guangdong,梅州市市辖区,2010,,,,,,,,2017.0,,,,,,,,,0.0,
441401,441401,44,Guangdong,梅州市市辖区,2011,,,,,,,,2017.0,,,,,,,,,0.0,
441401,441401,44,Guangdong,梅州市市辖区,2012,,,,,,,,2017.0,,,,,,,,,0.0,
441401,441401,44,Guangdong,梅州市市辖区,2013,,,,,,,,2017.0,,,,,,,,,0.0,
441401,441401,44,Guangdong,梅州市市辖区,2014,,,,,,,,2017.0,,,,,,,,,0.0,
441401,441401,44,Guangdong,梅州市市辖区,2015,,,,,,,,2017.0,,,,,,,,,0.0,
441401,441401,44,Guangdong,梅州市市辖区,2016,,,,,,,,2017.0,,,,,,,,,0.0,
441401,441401,44,Guangdong,梅州市市辖区,2017,,,,91.07,,,,2017.0,,,certificate_rate,,0.9107,,,,1.0,
441401,441401,44,Guangdong,梅州市市辖区,2018,,,,,,,,2017.0,,,,,,,,,1.0,
441401,441401,44,Guangdong,梅州市市辖区,2019,,,,,,,,2017.0,,,,,,,,,1.0,
441401,441401,44,Guangdong,梅州市市辖区,2020,,,,,,,,2017.0,,,,,,,,,1.0,
441401,441401,44,Guangdong,梅州市市辖区,2021,,,,,,,,2017.0,,,,,,,,,1.0,
441502,441502,44,Guangdong,城区,2009,,,,,,,,,,,,,,,,,,
441502,441502,44,Guangdong,城区,2010,,,,,,,,,,,,,,,,,,
441502,441502,44,Guangdong,城区,2011,,,,,,,,,,,,,,,,,,
441502,441502,44,Guangdong,城区,2012,,,,,,,,,,,,,,,,,,
441502,441502,44,Guangdong,城区,2013,,,,,,,,,,,,,,,,,,
441502,441502,44,Guangdong,城区,2014,,,,,,,,,,,,,,,,,,
441502,441502,44,Guangdong,城区,2015,,,,,,,,,,,,,,,,,,
441502,441502,44,Guangdong,城区,2016,,,,8.66,,,,,,,measured_area_rate,,0.0866,,,,,
441502,441502,44,Guangdong,城区,2017,,,,,,,,,,,,,,,,,,
441502,441502,44,Guangdong,城区,2018,,,,,,,,,,,,,,,,,,
441502,441502,44,Guangdong,城区,2019,,,,,,,,,,,,,,,,,,
441502,441502,44,Guangdong,城区,2020,,,,,,,,,,,,,,,,,,
441502,441502,44,Guangdong,城区,2021,,,,,,,,,,,,,,,,,,
441601,441601,44,Guangdong,河源市市辖区,2009,,2015.0,,,,,,2015.0,,,,,0.0,,0.0,,0.0,
441601,441601,44,Guangdong,河源市市辖区,2010,,2015.0,,,,,,2015.0,,,,,0.0,,0.0,,0.0,
441601,441601,44,Guangdong,河源市市辖区,2011,,2015.0,,,,,,2015.0,,,,,0.0,,0.0,,0.0,
441601,441601,44,Guangdong,河源市市辖区,2012,,2015.0,,,,,,2015.0,,,,,0.0,,0.0,,0.0,
441601,441601,44,Guangdong,河源市市辖区,2013,,2015.0,,,,,,2015.0,,,,,0.0,,0.0,,0.0,
441601,441601,44,Guangdong,河源市市辖区,2014,,2015.0,,,,,,2015.0,,,,,0.0,,0.0,,0.0,
441601,441601,44,Guangdong,河源市市辖区,2015,,2015.0,,,,,,2015.0,,,,,1.0,,1.0,,1.0,
441601,441601,44,Guangdong,河源市市辖区,2016,,2015.0,,,,,,2015.0,,,,,1.0,,1.0,,1.0,
441601,441601,44,Guangdong,河源市市辖区,2017,,2015.0,,,,,,2015.0,,,,,1.0,,1.0,,1.0,
441601,441601,44,Guangdong,河源市市辖区,2018,,2015.0,,,,,,2015.0,,,,,1.0,,1.0,,1.0,
441601,441601,44,Guangdong,河源市市辖区,2019,,2015.0,,,,,,2015.0,,,,,1.0,,1.0,,1.0,
441601,441601,44,Guangdong,河源市市辖区,2020,,2015.0,,,,,,2015.0,,,,,1.0,,1.0,,1.0,
441601,441601,44,Guangdong,河源市市辖区,2021,,2015.0,,,,,,2015.0,,,,,1.0,,1.0,,1.0,
441702,441702,44,Guangdong,Jiangcheng District,2009,,2018.0,,,,,2018.0,2017.0,,,,,0.0,,0.0,0.0,0.0,
441702,441702,44,Guangdong,Jiangcheng District,2010,,2018.0,,,,,2018.0,2017.0,,,,,0.0,,0.0,0.0,0.0,
441702,441702,44,Guangdong,Jiangcheng District,2011,,2018.0,,,,,2018.0,2017.0,,,,,0.0,,0.0,0.0,0.0,
441702,441702,44,Guangdong,Jiangcheng District,2012,,2018.0,,,,,2018.0,2017.0,,,,,0.0,,0.0,0.0,0.0,
441702,441702,44,Guangdong,Jiangcheng District,2013,,2018.0,,,,,2018.0,2017.0,,,,,0.0,,0.0,0.0,0.0,
441702,441702,44,Guangdong,Jiangcheng District,2014,,2018.0,,,,,2018.0,2017.0,,,,,0.0,,0.0,0.0,0.0,
441702,441702,44,Guangdong,Jiangcheng District,2015,,2018.0,,,,,2018.0,2017.0,,,,,0.0,,0.0,0.0,0.0,
441702,441702,44,Guangdong,Jiangcheng District,2016,,2018.0,,,,,2018.0,2017.0,,,,,0.0,,0.0,0.0,0.0,
441702,441702,44,Guangdong,Jiangcheng District,2017,,2018.0,,90.56,,,2018.0,2017.0,,,certificate_rate,,0.9056000000000001,,0.0,0.0,1.0,
441702,441702,44,Guangdong,Jiangcheng District,2018,,2018.0,,,,,2018.0,2017.0,,,,,1.0,,1.0,1.0,1.0,
441702,441702,44,Guangdong,Jiangcheng District,2019,,2018.0,,,,,2018.0,2017.0,,,,,1.0,,1.0,1.0,1.0,
441702,441702,44,Guangdong,Jiangcheng District,2020,,2018.0,,,,,2018.0,2017.0,,,,,1.0,,1.0,1.0,1.0,
441702,441702,44,Guangdong,Jiangcheng District,2021,,2018.0,,,,,2018.0,2017.0,,,,,1.0,,1.0,1.0,1.0,
500201,500201,50,Chongqing,重庆市旧码县域组(500201),2009,,2018.0,,,,,,,,,,,0.0,,0.0,,,
500201,500201,50,Chongqing,重庆市旧码县域组(500201),2010,,2018.0,,,,,,,,,,,0.0,,0.0,,,
500201,500201,50,Chongqing,重庆市旧码县域组(500201),2011,,2018.0,,,,,,,,,,,0.0,,0.0,,,
500201,500201,50,Chongqing,重庆市旧码县域组(500201),2012,,2018.0,,,,,,,,,,,0.0,,0.0,,,
500201,500201,50,Chongqing,重庆市旧码县域组(500201),2013,,2018.0,,,,,,,,,,,0.0,,0.0,,,
500201,500201,50,Chongqing,重庆市旧码县域组(500201),2014,,2018.0,,,,,,,,,,,0.0,,0.0,,,
500201,500201,50,Chongqing,重庆市旧码县域组(500201),2015,,2018.0,,,,,,,,,,,0.0,,0.0,,,
500201,500201,50,Chongqing,重庆市旧码县域组(500201),2016,,2018.0,,,,,,,,,,,0.0,,0.0,,,
500201,500201,50,Chongqing,重庆市旧码县域组(500201),2017,,2018.0,,,,,,,,,,,0.0,,0.0,,,
500201,500201,50,Chongqing,重庆市旧码县域组(500201),2018,,2018.0,,,,,,,,,,,1.0,,1.0,,,
500201,500201,50,Chongqing,重庆市旧码县域组(500201),2019,,2018.0,,,,,,,,,,,1.0,,1.0,,,
500201,500201,50,Chongqing,重庆市旧码县域组(500201),2020,,2018.0,,,,,,,,,,,1.0,,1.0,,,
500201,500201,50,Chongqing,重庆市旧码县域组(500201),2021,,2018.0,,,,,,,,,,,1.0,,1.0,,,
500301,500301,50,Chongqing,重庆市旧码县级市组(500301),2009,,2018.0,,,,,,,,,,,0.0,,0.0,,,
500301,500301,50,Chongqing,重庆市旧码县级市组(500301),2010,,2018.0,,,,,,,,,,,0.0,,0.0,,,
500301,500301,50,Chongqing,重庆市旧码县级市组(500301),2011,,2018.0,,,,,,,,,,,0.0,,0.0,,,
500301,500301,50,Chongqing,重庆市旧码县级市组(500301),2012,,2018.0,,,,,,,,,,,0.0,,0.0,,,
500301,500301,50,Chongqing,重庆市旧码县级市组(500301),2013,,2018.0,,,,,,,,,,,0.0,,0.0,,,
500301,500301,50,Chongqing,重庆市旧码县级市组(500301),2014,,2018.0,,,,,,,,,,,0.0,,0.0,,,
500301,500301,50,Chongqing,重庆市旧码县级市组(500301),2015,,2018.0,,,,,,,,,,,0.0,,0.0,,,
500301,500301,50,Chongqing,重庆市旧码县级市组(500301),2016,,2018.0,,,,,,,,,,,0.0,,0.0,,,
500301,500301,50,Chongqing,重庆市旧码县级市组(500301),2017,,2018.0,,,,,,,,,,,0.0,,0.0,,,
500301,500301,50,Chongqing,重庆市旧码县级市组(500301),2018,,2018.0,,,,,,,,,,,1.0,,1.0,,,
500301,500301,50,Chongqing,重庆市旧码县级市组(500301),2019,,2018.0,,,,,,,,,,,1.0,,1.0,,,
500301,500301,50,Chongqing,重庆市旧码县级市组(500301),2020,,2018.0,,,,,,,,,,,1.0,,1.0,,,
500301,500301,50,Chongqing,重庆市旧码县级市组(500301),2021,,2018.0,,,,,,,,,,,1.0,,1.0,,,
500401,500401,50,Chongqing,重庆市旧码历史样本区(500401),2009,,2018.0,,,,,,,,,,,0.0,,0.0,,,
500401,500401,50,Chongqing,重庆市旧码历史样本区(500401),2010,,2018.0,,,,,,,,,,,0.0,,0.0,,,
500401,500401,50,Chongqing,重庆市旧码历史样本区(500401),2011,,2018.0,,,,,,,,,,,0.0,,0.0,,,
500401,500401,50,Chongqing,重庆市旧码历史样本区(500401),2012,,2018.0,,,,,,,,,,,0.0,,0.0,,,
500401,500401,50,Chongqing,重庆市旧码历史样本区(500401),2013,,2018.0,,,,,,,,,,,0.0,,0.0,,,
500401,500401,50,Chongqing,重庆市旧码历史样本区(500401),2014,,2018.0,,,,,,,,,,,0.0,,0.0,,,
500401,500401,50,Chongqing,重庆市旧码历史样本区(500401),2015,,2018.0,,,,,,,,,,,0.0,,0.0,,,
500401,500401,50,Chongqing,重庆市旧码历史样本区(500401),2016,,2018.0,,,,,,,,,,,0.0,,0.0,,,
500401,500401,50,Chongqing,重庆市旧码历史样本区(500401),2017,,2018.0,,,,,,,,,,,0.0,,0.0,,,
500401,500401,50,Chongqing,重庆市旧码历史样本区(500401),2018,,2018.0,,,,,,,,,,,1.0,,1.0,,,
500401,500401,50,Chongqing,重庆市旧码历史样本区(500401),2019,,2018.0,,,,,,,,,,,1.0,,1.0,,,
500401,500401,50,Chongqing,重庆市旧码历史样本区(500401),2020,,2018.0,,,,,,,,,,,1.0,,1.0,,,
500401,500401,50,Chongqing,重庆市旧码历史样本区(500401),2021,,2018.0,,,,,,,,,,,1.0,,1.0,,,
500402,500402,50,Chongqing,重庆市旧码历史样本区(500402),2009,,2018.0,,,,,,,,,,,0.0,,0.0,,,
500402,500402,50,Chongqing,重庆市旧码历史样本区(500402),2010,,2018.0,,,,,,,,,,,0.0,,0.0,,,
500402,500402,50,Chongqing,重庆市旧码历史样本区(500402),2011,,2018.0,,,,,,,,,,,0.0,,0.0,,,
500402,500402,50,Chongqing,重庆市旧码历史样本区(500402),2012,,2018.0,,,,,,,,,,,0.0,,0.0,,,
500402,500402,50,Chongqing,重庆市旧码历史样本区(500402),2013,,2018.0,,,,,,,,,,,0.0,,0.0,,,
500402,500402,50,Chongqing,重庆市旧码历史样本区(500402),2014,,2018.0,,,,,,,,,,,0.0,,0.0,,,
500402,500402,50,Chongqing,重庆市旧码历史样本区(500402),2015,,2018.0,,,,,,,,,,,0.0,,0.0,,,
500402,500402,50,Chongqing,重庆市旧码历史样本区(500402),2016,,2018.0,,,,,,,,,,,0.0,,0.0,,,
500402,500402,50,Chongqing,重庆市旧码历史样本区(500402),2017,,2018.0,,,,,,,,,,,0.0,,0.0,,,
500402,500402,50,Chongqing,重庆市旧码历史样本区(500402),2018,,2018.0,,,,,,,,,,,1.0,,1.0,,,
500402,500402,50,Chongqing,重庆市旧码历史样本区(500402),2019,,2018.0,,,,,,,,,,,1.0,,1.0,,,
500402,500402,50,Chongqing,重庆市旧码历史样本区(500402),2020,,2018.0,,,,,,,,,,,1.0,,1.0,,,
500402,500402,50,Chongqing,重庆市旧码历史样本区(500402),2021,,2018.0,,,,,,,,,,,1.0,,1.0,,,
500501,500501,50,Chongqing,重庆市旧码市辖区(500501),2009,,2018.0,,,,,,,,,,,0.0,,0.0,,,
500501,500501,50,Chongqing,重庆市旧码市辖区(500501),2010,,2018.0,,,,,,,,,,,0.0,,0.0,,,
500501,500501,50,Chongqing,重庆市旧码市辖区(500501),2011,,2018.0,,,,,,,,,,,0.0,,0.0,,,
500501,500501,50,Chongqing,重庆市旧码市辖区(500501),2012,,2018.0,,,,,,,,,,,0.0,,0.0,,,
500501,500501,50,Chongqing,重庆市旧码市辖区(500501),2013,,2018.0,,,,,,,,,,,0.0,,0.0,,,
500501,500501,50,Chongqing,重庆市旧码市辖区(500501),2014,,2018.0,,,,,,,,,,,0.0,,0.0,,,
500501,500501,50,Chongqing,重庆市旧码市辖区(500501),2015,,2018.0,,,,,,,,,,,0.0,,0.0,,,
500501,500501,50,Chongqing,重庆市旧码市辖区(500501),2016,,2018.0,,,,,,,,,,,0.0,,0.0,,,
500501,500501,50,Chongqing,重庆市旧码市辖区(500501),2017,,2018.0,,,,,,,,,,,0.0,,0.0,,,
500501,500501,50,Chongqing,重庆市旧码市辖区(500501),2018,,2018.0,,,,,,,,,,,1.0,,1.0,,,
500501,500501,50,Chongqing,重庆市旧码市辖区(500501),2019,,2018.0,,,,,,,,,,,1.0,,1.0,,,
500501,500501,50,Chongqing,重庆市旧码市辖区(500501),2020,,2018.0,,,,,,,,,,,1.0,,1.0,,,
500501,500501,50,Chongqing,重庆市旧码市辖区(500501),2021,,2018.0,,,,,,,,,,,1.0,,1.0,,,
500502,500502,50,Chongqing,重庆市旧码历史样本区(500502),2009,,2018.0,,,,,,,,,,,0.0,,0.0,,,
500502,500502,50,Chongqing,重庆市旧码历史样本区(500502),2010,,2018.0,,,,,,,,,,,0.0,,0.0,,,
500502,500502,50,Chongqing,重庆市旧码历史样本区(500502),2011,,2018.0,,,,,,,,,,,0.0,,0.0,,,
500502,500502,50,Chongqing,重庆市旧码历史样本区(500502),2012,,2018.0,,,,,,,,,,,0.0,,0.0,,,
500502,500502,50,Chongqing,重庆市旧码历史样本区(500502),2013,,2018.0,,,,,,,,,,,0.0,,0.0,,,
500502,500502,50,Chongqing,重庆市旧码历史样本区(500502),2014,,2018.0,,,,,,,,,,,0.0,,0.0,,,
500502,500502,50,Chongqing,重庆市旧码历史样本区(500502),2015,,2018.0,,,,,,,,,,,0.0,,0.0,,,
500502,500502,50,Chongqing,重庆市旧码历史样本区(500502),2016,,2018.0,,,,,,,,,,,0.0,,0.0,,,
500502,500502,50,Chongqing,重庆市旧码历史样本区(500502),2017,,2018.0,,,,,,,,,,,0.0,,0.0,,,
500502,500502,50,Chongqing,重庆市旧码历史样本区(500502),2018,,2018.0,,,,,,,,,,,1.0,,1.0,,,
500502,500502,50,Chongqing,重庆市旧码历史样本区(500502),2019,,2018.0,,,,,,,,,,,1.0,,1.0,,,
500502,500502,50,Chongqing,重庆市旧码历史样本区(500502),2020,,2018.0,,,,,,,,,,,1.0,,1.0,,,
500502,500502,50,Chongqing,重庆市旧码历史样本区(500502),2021,,2018.0,,,,,,,,,,,1.0,,1.0,,,
520102,520102,52,Guizhou,南明区,2009,,2020.0,,,,,2020.0,2020.0,,,,,0.0,,0.0,0.0,0.0,
520102,520102,52,Guizhou,南明区,2010,,2020.0,,,,,2020.0,2020.0,,,,,0.0,,0.0,0.0,0.0,
520102,520102,52,Guizhou,南明区,2011,,2020.0,,,,,2020.0,2020.0,,,,,0.0,,0.0,0.0,0.0,
520102,520102,52,Guizhou,南明区,2012,,2020.0,,,,,2020.0,2020.0,,,,,0.0,,0.0,0.0,0.0,
520102,520102,52,Guizhou,南明区,2013,,2020.0,,,,,2020.0,2020.0,,,,,0.0,,0.0,0.0,0.0,
520102,520102,52,Guizhou,南明区,2014,,2020.0,,,,,2020.0,2020.0,,,,,0.0,,0.0,0.0,0.0,
520102,520102,52,Guizhou,南明区,2015,,2020.0,,,,,2020.0,2020.0,,,,,0.0,,0.0,0.0,0.0,
520102,520102,52,Guizhou,南明区,2016,,2020.0,,,,,2020.0,2020.0,,,,,0.0,,0.0,0.0,0.0,
520102,520102,52,Guizhou,南明区,2017,,2020.0,,,,,2020.0,2020.0,,,,,0.0,,0.0,0.0,0.0,
520102,520102,52,Guizhou,南明区,2018,,2020.0,,,,,2020.0,2020.0,,,,,0.0,,0.0,0.0,0.0,
520102,520102,52,Guizhou,南明区,2019,,2020.0,,,,,2020.0,2020.0,,,,,0.0,,0.0,0.0,0.0,
520102,520102,52,Guizhou,南明区,2020,,2020.0,,97.6,,,2020.0,2020.0,,,certificate_rate,,0.976,,1.0,1.0,1.0,
520102,520102,52,Guizhou,南明区,2021,,2020.0,,,,,2020.0,2020.0,,,,,1.0,,1.0,1.0,1.0,
520201,520201,52,Guizhou,钟山区,2009,,2020.0,,,,,2020.0,2020.0,,,,,0.0,,0.0,0.0,0.0,
520201,520201,52,Guizhou,钟山区,2010,,2020.0,,,,,2020.0,2020.0,,,,,0.0,,0.0,0.0,0.0,
520201,520201,52,Guizhou,钟山区,2011,,2020.0,,,,,2020.0,2020.0,,,,,0.0,,0.0,0.0,0.0,
520201,520201,52,Guizhou,钟山区,2012,,2020.0,,,,,2020.0,2020.0,,,,,0.0,,0.0,0.0,0.0,
520201,520201,52,Guizhou,钟山区,2013,,2020.0,,,,,2020.0,2020.0,,,,,0.0,,0.0,0.0,0.0,
520201,520201,52,Guizhou,钟山区,2014,,2020.0,,,,,2020.0,2020.0,,,,,0.0,,0.0,0.0,0.0,
520201,520201,52,Guizhou,钟山区,2015,,2020.0,,,,,2020.0,2020.0,,,,,0.0,,0.0,0.0,0.0,
520201,520201,52,Guizhou,钟山区,2016,,2020.0,,,,,2020.0,2020.0,,,,,0.0,,0.0,0.0,0.0,
520201,520201,52,Guizhou,钟山区,2017,,2020.0,,,,,2020.0,2020.0,,,,,0.0,,0.0,0.0,0.0,
520201,520201,52,Guizhou,钟山区,2018,,2020.0,,,,,2020.0,2020.0,,,,,0.0,,0.0,0.0,0.0,
520201,520201,52,Guizhou,钟山区,2019,,2020.0,,,,,2020.0,2020.0,,,,,0.0,,0.0,0.0,0.0,
520201,520201,52,Guizhou,钟山区,2020,,2020.0,,97.6,,,2020.0,2020.0,,,certificate_rate,,0.976,,1.0,1.0,1.0,
520201,520201,52,Guizhou,钟山区,2021,,2020.0,,,,,2020.0,2020.0,,,,,1.0,,1.0,1.0,1.0,
520202,520202,52,Guizhou,六盘水市历史样本区(520202),2009,,2020.0,,,,,2020.0,2020.0,,,,,0.0,,0.0,0.0,0.0,
520202,520202,52,Guizhou,六盘水市历史样本区(520202),2010,,2020.0,,,,,2020.0,2020.0,,,,,0.0,,0.0,0.0,0.0,
520202,520202,52,Guizhou,六盘水市历史样本区(520202),2011,,2020.0,,,,,2020.0,2020.0,,,,,0.0,,0.0,0.0,0.0,
520202,520202,52,Guizhou,六盘水市历史样本区(520202),2012,,2020.0,,,,,2020.0,2020.0,,,,,0.0,,0.0,0.0,0.0,
520202,520202,52,Guizhou,六盘水市历史样本区(520202),2013,,2020.0,,,,,2020.0,2020.0,,,,,0.0,,0.0,0.0,0.0,
520202,520202,52,Guizhou,六盘水市历史样本区(520202),2014,,2020.0,,,,,2020.0,2020.0,,,,,0.0,,0.0,0.0,0.0,
520202,520202,52,Guizhou,六盘水市历史样本区(520202),2015,,2020.0,,,,,2020.0,2020.0,,,,,0.0,,0.0,0.0,0.0,
520202,520202,52,Guizhou,六盘水市历史样本区(520202),2016,,2020.0,,,,,2020.0,2020.0,,,,,0.0,,0.0,0.0,0.0,
520202,520202,52,Guizhou,六盘水市历史样本区(520202),2017,,2020.0,,,,,2020.0,2020.0,,,,,0.0,,0.0,0.0,0.0,
520202,520202,52,Guizhou,六盘水市历史样本区(520202),2018,,2020.0,,,,,2020.0,2020.0,,,,,0.0,,0.0,0.0,0.0,
520202,520202,52,Guizhou,六盘水市历史样本区(520202),2019,,2020.0,,,,,2020.0,2020.0,,,,,0.0,,0.0,0.0,0.0,
520202,520202,52,Guizhou,六盘水市历史样本区(520202),2020,,2020.0,,97.6,,,2020.0,2020.0,,,certificate_rate,,0.976,,1.0,1.0,1.0,
520202,520202,52,Guizhou,六盘水市历史样本区(520202),2021,,2020.0,,,,,2020.0,2020.0,,,,,1.0,,1.0,1.0,1.0,
520301,520301,52,Guizhou,遵义市市辖区,2009,,2020.0,,,,,2020.0,2020.0,,,,,0.0,,0.0,0.0,0.0,
520301,520301,52,Guizhou,遵义市市辖区,2010,,2020.0,,,,,2020.0,2020.0,,,,,0.0,,0.0,0.0,0.0,
520301,520301,52,Guizhou,遵义市市辖区,2011,,2020.0,,,,,2020.0,2020.0,,,,,0.0,,0.0,0.0,0.0,
520301,520301,52,Guizhou,遵义市市辖区,2012,,2020.0,,,,,2020.0,2020.0,,,,,0.0,,0.0,0.0,0.0,
520301,520301,52,Guizhou,遵义市市辖区,2013,,2020.0,,,,,2020.0,2020.0,,,,,0.0,,0.0,0.0,0.0,
520301,520301,52,Guizhou,遵义市市辖区,2014,,2020.0,,,,,2020.0,2020.0,,,,,0.0,,0.0,0.0,0.0,
520301,520301,52,Guizhou,遵义市市辖区,2015,,2020.0,,,,,2020.0,2020.0,,,,,0.0,,0.0,0.0,0.0,
520301,520301,52,Guizhou,遵义市市辖区,2016,,2020.0,,,,,2020.0,2020.0,,,,,0.0,,0.0,0.0,0.0,
520301,520301,52,Guizhou,遵义市市辖区,2017,,2020.0,,,,,2020.0,2020.0,,,,,0.0,,0.0,0.0,0.0,
520301,520301,52,Guizhou,遵义市市辖区,2018,,2020.0,,,,,2020.0,2020.0,,,,,0.0,,0.0,0.0,0.0,
520301,520301,52,Guizhou,遵义市市辖区,2019,,2020.0,,,,,2020.0,2020.0,,,,,0.0,,0.0,0.0,0.0,
520301,520301,52,Guizhou,遵义市市辖区,2020,,2020.0,,97.6,,,2020.0,2020.0,,,certificate_rate,,0.976,,1.0,1.0,1.0,
520301,520301,52,Guizhou,遵义市市辖区,2021,,2020.0,,,,,2020.0,2020.0,,,,,1.0,,1.0,1.0,1.0,
520302,520302,52,Guizhou,红花岗区,2009,,2020.0,,,,,2020.0,2020.0,,,,,0.0,,0.0,0.0,0.0,
520302,520302,52,Guizhou,红花岗区,2010,,2020.0,,,,,2020.0,2020.0,,,,,0.0,,0.0,0.0,0.0,
520302,520302,52,Guizhou,红花岗区,2011,,2020.0,,,,,2020.0,2020.0,,,,,0.0,,0.0,0.0,0.0,
520302,520302,52,Guizhou,红花岗区,2012,,2020.0,,,,,2020.0,2020.0,,,,,0.0,,0.0,0.0,0.0,
520302,520302,52,Guizhou,红花岗区,2013,,2020.0,,,,,2020.0,2020.0,,,,,0.0,,0.0,0.0,0.0,
520302,520302,52,Guizhou,红花岗区,2014,,2020.0,,,,,2020.0,2020.0,,,,,0.0,,0.0,0.0,0.0,
520302,520302,52,Guizhou,红花岗区,2015,,2020.0,,,,,2020.0,2020.0,,,,,0.0,,0.0,0.0,0.0,
520302,520302,52,Guizhou,红花岗区,2016,,2020.0,,,,,2020.0,2020.0,,,,,0.0,,0.0,0.0,0.0,
520302,520302,52,Guizhou,红花岗区,2017,,2020.0,,,,,2020.0,2020.0,,,,,0.0,,0.0,0.0,0.0,
520302,520302,52,Guizhou,红花岗区,2018,,2020.0,,,,,2020.0,2020.0,,,,,0.0,,0.0,0.0,0.0,
520302,520302,52,Guizhou,红花岗区,2019,,2020.0,,,,,2020.0,2020.0,,,,,0.0,,0.0,0.0,0.0,
520302,520302,52,Guizhou,红花岗区,2020,,2020.0,,97.6,,,2020.0,2020.0,,,certificate_rate,,0.976,,1.0,1.0,1.0,
520302,520302,52,Guizhou,红花岗区,2021,,2020.0,,,,,2020.0,2020.0,,,,,1.0,,1.0,1.0,1.0,
520601,520601,52,Guizhou,铜仁市市辖区,2009,,2020.0,,,,,2020.0,2020.0,,,,,0.0,,0.0,0.0,0.0,
520601,520601,52,Guizhou,铜仁市市辖区,2010,,2020.0,,,,,2020.0,2020.0,,,,,0.0,,0.0,0.0,0.0,
520601,520601,52,Guizhou,铜仁市市辖区,2011,,2020.0,,,,,2020.0,2020.0,,,,,0.0,,0.0,0.0,0.0,
520601,520601,52,Guizhou,铜仁市市辖区,2012,,2020.0,,,,,2020.0,2020.0,,,,,0.0,,0.0,0.0,0.0,
520601,520601,52,Guizhou,铜仁市市辖区,2013,,2020.0,,,,,2020.0,2020.0,,,,,0.0,,0.0,0.0,0.0,
520601,520601,52,Guizhou,铜仁市市辖区,2014,,2020.0,,,,,2020.0,2020.0,,,,,0.0,,0.0,0.0,0.0,
520601,520601,52,Guizhou,铜仁市市辖区,2015,,2020.0,,,,,2020.0,2020.0,,,,,0.0,,0.0,0.0,0.0,
520601,520601,52,Guizhou,铜仁市市辖区,2016,,2020.0,,,,,2020.0,2020.0,,,,,0.0,,0.0,0.0,0.0,
520601,520601,52,Guizhou,铜仁市市辖区,2017,,2020.0,,,,,2020.0,2020.0,,,,,0.0,,0.0,0.0,0.0,
520601,520601,52,Guizhou,铜仁市市辖区,2018,,2020.0,,,,,2020.0,2020.0,,,,,0.0,,0.0,0.0,0.0,
520601,520601,52,Guizhou,铜仁市市辖区,2019,,2020.0,,,,,2020.0,2020.0,,,,,0.0,,0.0,0.0,0.0,
520601,520601,52,Guizhou,铜仁市市辖区,2020,,2020.0,,97.6,,,2020.0,2020.0,,,certificate_rate,,0.976,,1.0,1.0,1.0,
520601,520601,52,Guizhou,铜仁市市辖区,2021,,2020.0,,,,,2020.0,2020.0,,,,,1.0,,1.0,1.0,1.0,
520701,520701,52,Guizhou,贵州省旧码市辖区(520701),2009,,2020.0,,,,,2020.0,2020.0,,,,,0.0,,0.0,0.0,0.0,
520701,520701,52,Guizhou,贵州省旧码市辖区(520701),2010,,2020.0,,,,,2020.0,2020.0,,,,,0.0,,0.0,0.0,0.0,
520701,520701,52,Guizhou,贵州省旧码市辖区(520701),2011,,2020.0,,,,,2020.0,2020.0,,,,,0.0,,0.0,0.0,0.0,
520701,520701,52,Guizhou,贵州省旧码市辖区(520701),2012,,2020.0,,,,,2020.0,2020.0,,,,,0.0,,0.0,0.0,0.0,
520701,520701,52,Guizhou,贵州省旧码市辖区(520701),2013,,2020.0,,,,,2020.0,2020.0,,,,,0.0,,0.0,0.0,0.0,
520701,520701,52,Guizhou,贵州省旧码市辖区(520701),2014,,2020.0,,,,,2020.0,2020.0,,,,,0.0,,0.0,0.0,0.0,
520701,520701,52,Guizhou,贵州省旧码市辖区(520701),2015,,2020.0,,,,,2020.0,2020.0,,,,,0.0,,0.0,0.0,0.0,
520701,520701,52,Guizhou,贵州省旧码市辖区(520701),2016,,2020.0,,,,,2020.0,2020.0,,,,,0.0,,0.0,0.0,0.0,
520701,520701,52,Guizhou,贵州省旧码市辖区(520701),2017,,2020.0,,,,,2020.0,2020.0,,,,,0.0,,0.0,0.0,0.0,
520701,520701,52,Guizhou,贵州省旧码市辖区(520701),2018,,2020.0,,,,,2020.0,2020.0,,,,,0.0,,0.0,0.0,0.0,
520701,520701,52,Guizhou,贵州省旧码市辖区(520701),2019,,2020.0,,,,,2020.0,2020.0,,,,,0.0,,0.0,0.0,0.0,
520701,520701,52,Guizhou,贵州省旧码市辖区(520701),2020,,2020.0,,97.6,,,2020.0,2020.0,,,certificate_rate,,0.976,,1.0,1.0,1.0,
520701,520701,52,Guizhou,贵州省旧码市辖区(520701),2021,,2020.0,,,,,2020.0,2020.0,,,,,1.0,,1.0,1.0,1.0,
520901,520901,52,Guizhou,贵州省旧码市辖区(520901),2009,,2020.0,,,,,2020.0,2020.0,,,,,0.0,,0.0,0.0,0.0,
520901,520901,52,Guizhou,贵州省旧码市辖区(520901),2010,,2020.0,,,,,2020.0,2020.0,,,,,0.0,,0.0,0.0,0.0,
520901,520901,52,Guizhou,贵州省旧码市辖区(520901),2011,,2020.0,,,,,2020.0,2020.0,,,,,0.0,,0.0,0.0,0.0,
520901,520901,52,Guizhou,贵州省旧码市辖区(520901),2012,,2020.0,,,,,2020.0,2020.0,,,,,0.0,,0.0,0.0,0.0,
520901,520901,52,Guizhou,贵州省旧码市辖区(520901),2013,,2020.0,,,,,2020.0,2020.0,,,,,0.0,,0.0,0.0,0.0,
520901,520901,52,Guizhou,贵州省旧码市辖区(520901),2014,,2020.0,,,,,2020.0,2020.0,,,,,0.0,,0.0,0.0,0.0,
520901,520901,52,Guizhou,贵州省旧码市辖区(520901),2015,,2020.0,,,,,2020.0,2020.0,,,,,0.0,,0.0,0.0,0.0,
520901,520901,52,Guizhou,贵州省旧码市辖区(520901),2016,,2020.0,,,,,2020.0,2020.0,,,,,0.0,,0.0,0.0,0.0,
520901,520901,52,Guizhou,贵州省旧码市辖区(520901),2017,,2020.0,,,,,2020.0,2020.0,,,,,0.0,,0.0,0.0,0.0,
520901,520901,52,Guizhou,贵州省旧码市辖区(520901),2018,,2020.0,,,,,2020.0,2020.0,,,,,0.0,,0.0,0.0,0.0,
520901,520901,52,Guizhou,贵州省旧码市辖区(520901),2019,,2020.0,,,,,2020.0,2020.0,,,,,0.0,,0.0,0.0,0.0,
520901,520901,52,Guizhou,贵州省旧码市辖区(520901),2020,,2020.0,,97.6,,,2020.0,2020.0,,,certificate_rate,,0.976,,1.0,1.0,1.0,
520901,520901,52,Guizhou,贵州省旧码市辖区(520901),2021,,2020.0,,,,,2020.0,2020.0,,,,,1.0,,1.0,1.0,1.0,
620302,620302,62,Gansu,Jinchuan District,2009,2014.0,2016.0,,,2014.0,,2016.0,,2.0,2.0,,,0.0,0.0,0.0,0.0,,
620302,620302,62,Gansu,Jinchuan District,2010,2014.0,2016.0,,,2014.0,,2016.0,,2.0,2.0,,,0.0,0.0,0.0,0.0,,
620302,620302,62,Gansu,Jinchuan District,2011,2014.0,2016.0,,,2014.0,,2016.0,,2.0,2.0,,,0.0,0.0,0.0,0.0,,
620302,620302,62,Gansu,Jinchuan District,2012,2014.0,2016.0,,,2014.0,,2016.0,,2.0,2.0,,,0.0,0.0,0.0,0.0,,
620302,620302,62,Gansu,Jinchuan District,2013,2014.0,2016.0,,,2014.0,,2016.0,,2.0,2.0,,,0.0,0.0,0.0,0.0,,
620302,620302,62,Gansu,Jinchuan District,2014,2014.0,2016.0,,,2014.0,,2016.0,,2.0,2.0,,,0.0,1.0,0.0,0.0,,
620302,620302,62,Gansu,Jinchuan District,2015,2014.0,2016.0,,,2014.0,,2016.0,,2.0,2.0,,,0.0,1.0,0.0,0.0,,
620302,620302,62,Gansu,Jinchuan District,2016,2014.0,2016.0,,,2014.0,,2016.0,,2.0,2.0,,,1.0,1.0,1.0,1.0,,
620302,620302,62,Gansu,Jinchuan District,2017,2014.0,2016.0,,,2014.0,,2016.0,,2.0,2.0,,,1.0,1.0,1.0,1.0,,
620302,620302,62,Gansu,Jinchuan District,2018,2014.0,2016.0,,,2014.0,,2016.0,,2.0,2.0,,,1.0,1.0,1.0,1.0,,
620302,620302,62,Gansu,Jinchuan District,2019,2014.0,2016.0,,,2014.0,,2016.0,,2.0,2.0,,,1.0,1.0,1.0,1.0,,
620302,620302,62,Gansu,Jinchuan District,2020,2014.0,2016.0,,,2014.0,,2016.0,,2.0,2.0,,,1.0,1.0,1.0,1.0,,
620302,620302,62,Gansu,Jinchuan District,2021,2014.0,2016.0,,,2014.0,,2016.0,,2.0,2.0,,,1.0,1.0,1.0,1.0,,
620921,620921,62,Gansu,Jinta County,2009,2014.0,2016.0,,,2014.0,,2016.0,,2.0,2.0,,,0.0,0.0,0.0,0.0,,
620921,620921,62,Gansu,Jinta County,2010,2014.0,2016.0,,,2014.0,,2016.0,,2.0,2.0,,,0.0,0.0,0.0,0.0,,
620921,620921,62,Gansu,Jinta County,2011,2014.0,2016.0,,,2014.0,,2016.0,,2.0,2.0,,,0.0,0.0,0.0,0.0,,
620921,620921,62,Gansu,Jinta County,2012,2014.0,2016.0,,,2014.0,,2016.0,,2.0,2.0,,,0.0,0.0,0.0,0.0,,
620921,620921,62,Gansu,Jinta County,2013,2014.0,2016.0,,,2014.0,,2016.0,,2.0,2.0,,,0.0,0.0,0.0,0.0,,
620921,620921,62,Gansu,Jinta County,2014,2014.0,2016.0,,,2014.0,,2016.0,,2.0,2.0,,,0.0,1.0,0.0,0.0,,
620921,620921,62,Gansu,Jinta County,2015,2014.0,2016.0,,,2014.0,,2016.0,,2.0,2.0,,,0.0,1.0,0.0,0.0,,
620921,620921,62,Gansu,Jinta County,2016,2014.0,2016.0,,,2014.0,,2016.0,,2.0,2.0,,,1.0,1.0,1.0,1.0,,
620921,620921,62,Gansu,Jinta County,2017,2014.0,2016.0,,,2014.0,,2016.0,,2.0,2.0,,,1.0,1.0,1.0,1.0,,
620921,620921,62,Gansu,Jinta County,2018,2014.0,2016.0,,,2014.0,,2016.0,,2.0,2.0,,,1.0,1.0,1.0,1.0,,
620921,620921,62,Gansu,Jinta County,2019,2014.0,2016.0,,,2014.0,,2016.0,,2.0,2.0,,,1.0,1.0,1.0,1.0,,
620921,620921,62,Gansu,Jinta County,2020,2014.0,2016.0,,,2014.0,,2016.0,,2.0,2.0,,,1.0,1.0,1.0,1.0,,
620921,620921,62,Gansu,Jinta County,2021,2014.0,2016.0,,,2014.0,,2016.0,,2.0,2.0,,,1.0,1.0,1.0,1.0,,
622901,622901,62,Gansu,Linxia County,2009,2014.0,2016.0,,,2014.0,,2016.0,,2.0,2.0,,,0.0,0.0,0.0,0.0,,
622901,622901,62,Gansu,Linxia County,2010,2014.0,2016.0,,,2014.0,,2016.0,,2.0,2.0,,,0.0,0.0,0.0,0.0,,
622901,622901,62,Gansu,Linxia County,2011,2014.0,2016.0,,,2014.0,,2016.0,,2.0,2.0,,,0.0,0.0,0.0,0.0,,
622901,622901,62,Gansu,Linxia County,2012,2014.0,2016.0,,,2014.0,,2016.0,,2.0,2.0,,,0.0,0.0,0.0,0.0,,
622901,622901,62,Gansu,Linxia County,2013,2014.0,2016.0,,,2014.0,,2016.0,,2.0,2.0,,,0.0,0.0,0.0,0.0,,
622901,622901,62,Gansu,Linxia County,2014,2014.0,2016.0,,,2014.0,,2016.0,,2.0,2.0,,,0.0,1.0,0.0,0.0,,
622901,622901,62,Gansu,Linxia County,2015,2014.0,2016.0,,,2014.0,,2016.0,,2.0,2.0,,,0.0,1.0,0.0,0.0,,
622901,622901,62,Gansu,Linxia County,2016,2014.0,2016.0,,,2014.0,,2016.0,,2.0,2.0,,,1.0,1.0,1.0,1.0,,
622901,622901,62,Gansu,Linxia County,2017,2014.0,2016.0,,,2014.0,,2016.0,,2.0,2.0,,,1.0,1.0,1.0,1.0,,
622901,622901,62,Gansu,Linxia County,2018,2014.0,2016.0,,,2014.0,,2016.0,,2.0,2.0,,,1.0,1.0,1.0,1.0,,
622901,622901,62,Gansu,Linxia County,2019,2014.0,2016.0,,,2014.0,,2016.0,,2.0,2.0,,,1.0,1.0,1.0,1.0,,
622901,622901,62,Gansu,Linxia County,2020,2014.0,2016.0,,,2014.0,,2016.0,,2.0,2.0,,,1.0,1.0,1.0,1.0,,
622901,622901,62,Gansu,Linxia County,2021,2014.0,2016.0,,,2014.0,,2016.0,,2.0,2.0,,,1.0,1.0,1.0,1.0,,
