county_id_num,year,hybrid_county_name,hybrid_prov_name,hybrid_start_year,hybrid_complete_year,new_signoff_year,new_issue_year,new_review_year,new_pilot_year,new_pilot_to_signoff_span,new_pilot_to_complete_span,fobs_analysis_hit,new_v2_hit,old_start_year,old_complete_year,old_completion_rate,old_sat_source,old_source_profile,new_start_year,new_complete_year,new_signoff_year_cy,new_issue_year_cy,new_review_year_cy,new_completion_rate_raw,new_sat_t,hybrid_completion_rate_old,hybrid_completion_rate_new,hybrid_completion_rate,hybrid_rate_source,hybrid_started_t,hybrid_completed_t,hybrid_signedoff_t,hybrid_issued_t,hybrid_reviewed_t,hybrid_sat_t,hybrid_rate_any_t,hybrid_rate_mid_t,hybrid_rate_high_t
110302,2009,,prov_11,2011.0,2021.0,,2021.0,,,,,0,1,,,,,,,2021.0,,2021.0,,,0.0,,0.0,0.0,new_v2_rate,0.0,0.0,,0.0,,0.0,1,0.0,0.0
110302,2010,,prov_11,2011.0,2021.0,,2021.0,,,,,0,1,,,,,,,2021.0,,2021.0,,,0.0,,0.0,0.0,new_v2_rate,0.0,0.0,,0.0,,0.0,1,0.0,0.0
110302,2011,,prov_11,2011.0,2021.0,,2021.0,,,,,0,1,2011.0,,,start_year_only,county_year_percent_progress,,2021.0,,2021.0,,,0.0,,0.0,0.0,new_v2_rate,1.0,0.0,,0.0,,0.0,1,0.0,0.0
110302,2012,,prov_11,2011.0,2021.0,,2021.0,,,,,0,1,,,,,,,2021.0,,2021.0,,,0.0,,0.0,0.0,new_v2_rate,1.0,0.0,,0.0,,0.0,1,0.0,0.0
110302,2013,,prov_11,2011.0,2021.0,,2021.0,,,,,0,1,,,,,,,2021.0,,2021.0,,,0.0,,0.0,0.0,new_v2_rate,1.0,0.0,,0.0,,0.0,1,0.0,0.0
110302,2014,,prov_11,2011.0,2021.0,,2021.0,,,,,0,1,,,,,,,2021.0,,2021.0,,,0.0,,0.0,0.0,new_v2_rate,1.0,0.0,,0.0,,0.0,1,0.0,0.0
110302,2015,,prov_11,2011.0,2021.0,,2021.0,,,,,0,1,,,,,,,2021.0,,2021.0,,,0.0,,0.0,0.0,new_v2_rate,1.0,0.0,,0.0,,0.0,1,0.0,0.0
110302,2016,,prov_11,2011.0,2021.0,,2021.0,,,,,0,1,,,,,,,2021.0,,2021.0,,,0.0,,0.0,0.0,new_v2_rate,1.0,0.0,,0.0,,0.0,1,0.0,0.0
110302,2017,,prov_11,2011.0,2021.0,,2021.0,,,,,0,1,,,,,,,2021.0,,2021.0,,,0.0,,0.0,0.0,new_v2_rate,1.0,0.0,,0.0,,0.0,1,0.0,0.0
110502,2009,,prov_11,2011.0,2021.0,,2021.0,,,,,0,1,,,,,,,2021.0,,2021.0,,,0.0,,0.0,0.0,new_v2_rate,0.0,0.0,,0.0,,0.0,1,0.0,0.0
110502,2010,,prov_11,2011.0,2021.0,,2021.0,,,,,0,1,,,,,,,2021.0,,2021.0,,,0.0,,0.0,0.0,new_v2_rate,0.0,0.0,,0.0,,0.0,1,0.0,0.0
110502,2011,,prov_11,2011.0,2021.0,,2021.0,,,,,0,1,2011.0,,,start_year_only,county_year_percent_progress,,2021.0,,2021.0,,,0.0,,0.0,0.0,new_v2_rate,1.0,0.0,,0.0,,0.0,1,0.0,0.0
110502,2012,,prov_11,2011.0,2021.0,,2021.0,,,,,0,1,,,,,,,2021.0,,2021.0,,,0.0,,0.0,0.0,new_v2_rate,1.0,0.0,,0.0,,0.0,1,0.0,0.0
110502,2013,,prov_11,2011.0,2021.0,,2021.0,,,,,0,1,,,,,,,2021.0,,2021.0,,,0.0,,0.0,0.0,new_v2_rate,1.0,0.0,,0.0,,0.0,1,0.0,0.0
110502,2014,,prov_11,2011.0,2021.0,,2021.0,,,,,0,1,,,,,,,2021.0,,2021.0,,,0.0,,0.0,0.0,new_v2_rate,1.0,0.0,,0.0,,0.0,1,0.0,0.0
110502,2015,,prov_11,2011.0,2021.0,,2021.0,,,,,0,1,,,,,,,2021.0,,2021.0,,,0.0,,0.0,0.0,new_v2_rate,1.0,0.0,,0.0,,0.0,1,0.0,0.0
110502,2016,,prov_11,2011.0,2021.0,,2021.0,,,,,0,1,,,,,,,2021.0,,2021.0,,,0.0,,0.0,0.0,new_v2_rate,1.0,0.0,,0.0,,0.0,1,0.0,0.0
110502,2017,,prov_11,2011.0,2021.0,,2021.0,,,,,0,1,,,,,,,2021.0,,2021.0,,,0.0,,0.0,0.0,new_v2_rate,1.0,0.0,,0.0,,0.0,1,0.0,0.0
120101,2009,和平区,天津市,2017.0,2018.0,,,,,,,1,0,,,,,,,,,,,,,,,,,0.0,0.0,,,,0.0,0,,
120101,2010,和平区,天津市,2017.0,2018.0,,,,,,,1,0,,,,,,,,,,,,,,,,,0.0,0.0,,,,0.0,0,,
120101,2011,和平区,天津市,2017.0,2018.0,,,,,,,1,0,,,,,,,,,,,,,,,,,0.0,0.0,,,,0.0,0,,
120101,2012,和平区,天津市,2017.0,2018.0,,,,,,,1,0,,,,,,,,,,,,,,,,,0.0,0.0,,,,0.0,0,,
120101,2013,和平区,天津市,2017.0,2018.0,,,,,,,1,0,,,,,,,,,,,,,,,,,0.0,0.0,,,,0.0,0,,
120101,2014,和平区,天津市,2017.0,2018.0,,,,,,,1,0,,,,,,,,,,,,,,,,,0.0,0.0,,,,0.0,0,,
120101,2015,和平区,天津市,2017.0,2018.0,,,,,,,1,0,,,,,,,,,,,,,,,,,0.0,0.0,,,,0.0,0,,
120101,2016,和平区,天津市,2017.0,2018.0,,,,,,,1,0,,,,,,,,,,,,,,,,,0.0,0.0,,,,0.0,0,,
120101,2017,和平区,天津市,2017.0,2018.0,,,,,,,1,0,2017.0,,,start_year_only,county_year_percent_progress,,,,,,,,,,,,1.0,0.0,,,,0.0,0,,
120801,2009,,prov_12,2017.0,2018.0,,,,,,,0,0,,,,,,,,,,,,,,,,,0.0,0.0,,,,0.0,0,,
120801,2010,,prov_12,2017.0,2018.0,,,,,,,0,0,,,,,,,,,,,,,,,,,0.0,0.0,,,,0.0,0,,
120801,2011,,prov_12,2017.0,2018.0,,,,,,,0,0,,,,,,,,,,,,,,,,,0.0,0.0,,,,0.0,0,,
120801,2012,,prov_12,2017.0,2018.0,,,,,,,0,0,,,,,,,,,,,,,,,,,0.0,0.0,,,,0.0,0,,
120801,2013,,prov_12,2017.0,2018.0,,,,,,,0,0,,,,,,,,,,,,,,,,,0.0,0.0,,,,0.0,0,,
120801,2014,,prov_12,2017.0,2018.0,,,,,,,0,0,,,,,,,,,,,,,,,,,0.0,0.0,,,,0.0,0,,
120801,2015,,prov_12,2017.0,2018.0,,,,,,,0,0,,,,,,,,,,,,,,,,,0.0,0.0,,,,0.0,0,,
120801,2016,,prov_12,2017.0,2018.0,,,,,,,0,0,,,,,,,,,,,,,,,,,0.0,0.0,,,,0.0,0,,
120801,2017,,prov_12,2017.0,2018.0,,,,,,,0,0,2017.0,,,start_year_only,county_year_percent_progress,,,,,,,,,,,,1.0,0.0,,,,0.0,0,,
120802,2009,,prov_12,2017.0,2018.0,,,,,,,0,0,,,,,,,,,,,,,,,,,0.0,0.0,,,,0.0,0,,
120802,2010,,prov_12,2017.0,2018.0,,,,,,,0,0,,,,,,,,,,,,,,,,,0.0,0.0,,,,0.0,0,,
120802,2011,,prov_12,2017.0,2018.0,,,,,,,0,0,,,,,,,,,,,,,,,,,0.0,0.0,,,,0.0,0,,
120802,2012,,prov_12,2017.0,2018.0,,,,,,,0,0,,,,,,,,,,,,,,,,,0.0,0.0,,,,0.0,0,,
120802,2013,,prov_12,2017.0,2018.0,,,,,,,0,0,,,,,,,,,,,,,,,,,0.0,0.0,,,,0.0,0,,
120802,2014,,prov_12,2017.0,2018.0,,,,,,,0,0,,,,,,,,,,,,,,,,,0.0,0.0,,,,0.0,0,,
120802,2015,,prov_12,2017.0,2018.0,,,,,,,0,0,,,,,,,,,,,,,,,,,0.0,0.0,,,,0.0,0,,
120802,2016,,prov_12,2017.0,2018.0,,,,,,,0,0,,,,,,,,,,,,,,,,,0.0,0.0,,,,0.0,0,,
120802,2017,,prov_12,2017.0,2018.0,,,,,,,0,0,2017.0,,,start_year_only,county_year_percent_progress,,,,,,,,,,,,1.0,0.0,,,,0.0,0,,
130102,2009,长安区,河北省,2016.0,,,,,,,,1,0,,,,,,,,,,,,,,,,,0.0,,,,,0.0,0,,
130102,2010,长安区,河北省,2016.0,,,,,,,,1,0,,,,,,,,,,,,,,,,,0.0,,,,,0.0,0,,
130102,2011,长安区,河北省,2016.0,,,,,,,,1,0,,,,,,,,,,,,,,,,,0.0,,,,,0.0,0,,
130102,2012,长安区,河北省,2016.0,,,,,,,,1,0,,,,,,,,,,,,,,,,,0.0,,,,,0.0,0,,
130102,2013,长安区,河北省,2016.0,,,,,,,,1,0,,,,,,,,,,,,,,,,,0.0,,,,,0.0,0,,
130102,2014,长安区,河北省,2016.0,,,,,,,,1,0,,,,,,,,,,,,,,,,,0.0,,,,,0.0,0,,
130102,2015,长安区,河北省,2016.0,,,,,,,,1,0,,,,,,,,,,,,,,,,,0.0,,,,,0.0,0,,
130102,2016,长安区,河北省,2016.0,,,,,,,,1,0,2016.0,,0.7190000000000001,annual_rate,county_year_percent_progress,,,,,,,,0.7190000000000001,,0.7190000000000001,old_std_rate,1.0,,,,,0.7190000000000001,1,1.0,0.0
130102,2017,长安区,河北省,2016.0,,,,,,,,1,0,2016.0,,0.9159999999999999,annual_rate,county_year_percent_progress,,,,,,,,0.9159999999999999,,0.9159999999999999,old_std_rate,1.0,,,,,0.9159999999999999,1,1.0,1.0
130201,2009,,河北省,2016.0,,,,,,,,0,0,,,,,,,,,,,,,,,,,0.0,,,,,0.0,0,,
130201,2010,,河北省,2016.0,,,,,,,,0,0,,,,,,,,,,,,,,,,,0.0,,,,,0.0,0,,
130201,2011,,河北省,2016.0,,,,,,,,0,0,,,,,,,,,,,,,,,,,0.0,,,,,0.0,0,,
130201,2012,,河北省,2016.0,,,,,,,,0,0,,,,,,,,,,,,,,,,,0.0,,,,,0.0,0,,
130201,2013,,河北省,2016.0,,,,,,,,0,0,,,,,,,,,,,,,,,,,0.0,,,,,0.0,0,,
130201,2014,,河北省,2016.0,,,,,,,,0,0,,,,,,,,,,,,,,,,,0.0,,,,,0.0,0,,
130201,2015,,河北省,2016.0,,,,,,,,0,0,,,,,,,,,,,,,,,,,0.0,,,,,0.0,0,,
130201,2016,,河北省,2016.0,,,,,,,,0,0,2016.0,,0.7190000000000001,annual_rate,county_year_percent_progress,,,,,,,,0.7190000000000001,,0.7190000000000001,old_std_rate,1.0,,,,,0.7190000000000001,1,1.0,0.0
130201,2017,,河北省,2016.0,,,,,,,,0,0,2016.0,,0.9159999999999999,annual_rate,county_year_percent_progress,,,,,,,,0.9159999999999999,,0.9159999999999999,old_std_rate,1.0,,,,,0.9159999999999999,1,1.0,1.0
130202,2009,,河北省,2016.0,,,,,,,,0,0,,,,,,,,,,,,,,,,,0.0,,,,,0.0,0,,
130202,2010,,河北省,2016.0,,,,,,,,0,0,,,,,,,,,,,,,,,,,0.0,,,,,0.0,0,,
130202,2011,,河北省,2016.0,,,,,,,,0,0,,,,,,,,,,,,,,,,,0.0,,,,,0.0,0,,
130202,2012,,河北省,2016.0,,,,,,,,0,0,,,,,,,,,,,,,,,,,0.0,,,,,0.0,0,,
130202,2013,,河北省,2016.0,,,,,,,,0,0,,,,,,,,,,,,,,,,,0.0,,,,,0.0,0,,
130202,2014,,河北省,2016.0,,,,,,,,0,0,,,,,,,,,,,,,,,,,0.0,,,,,0.0,0,,
130202,2015,,河北省,2016.0,,,,,,,,0,0,,,,,,,,,,,,,,,,,0.0,,,,,0.0,0,,
130202,2016,,河北省,2016.0,,,,,,,,0,0,2016.0,,0.7190000000000001,annual_rate,county_year_percent_progress,,,,,,,,0.7190000000000001,,0.7190000000000001,old_std_rate,1.0,,,,,0.7190000000000001,1,1.0,0.0
130202,2017,,河北省,2016.0,,,,,,,,0,0,2016.0,,0.9159999999999999,annual_rate,county_year_percent_progress,,,,,,,,0.9159999999999999,,0.9159999999999999,old_std_rate,1.0,,,,,0.9159999999999999,1,1.0,1.0
130301,2009,,河北省,2016.0,,,,,,,,0,0,,,,,,,,,,,,,,,,,0.0,,,,,0.0,0,,
130301,2010,,河北省,2016.0,,,,,,,,0,0,,,,,,,,,,,,,,,,,0.0,,,,,0.0,0,,
130301,2011,,河北省,2016.0,,,,,,,,0,0,,,,,,,,,,,,,,,,,0.0,,,,,0.0,0,,
130301,2012,,河北省,2016.0,,,,,,,,0,0,,,,,,,,,,,,,,,,,0.0,,,,,0.0,0,,
130301,2013,,河北省,2016.0,,,,,,,,0,0,,,,,,,,,,,,,,,,,0.0,,,,,0.0,0,,
130301,2014,,河北省,2016.0,,,,,,,,0,0,,,,,,,,,,,,,,,,,0.0,,,,,0.0,0,,
130301,2015,,河北省,2016.0,,,,,,,,0,0,,,,,,,,,,,,,,,,,0.0,,,,,0.0,0,,
130301,2016,,河北省,2016.0,,,,,,,,0,0,2016.0,,0.7190000000000001,annual_rate,county_year_percent_progress,,,,,,,,0.7190000000000001,,0.7190000000000001,old_std_rate,1.0,,,,,0.7190000000000001,1,1.0,0.0
130301,2017,,河北省,2016.0,,,,,,,,0,0,2016.0,,0.9159999999999999,annual_rate,county_year_percent_progress,,,,,,,,0.9159999999999999,,0.9159999999999999,old_std_rate,1.0,,,,,0.9159999999999999,1,1.0,1.0
130401,2009,,河北省,2016.0,,,,,,,,0,0,,,,,,,,,,,,,,,,,0.0,,,,,0.0,0,,
130401,2010,,河北省,2016.0,,,,,,,,0,0,,,,,,,,,,,,,,,,,0.0,,,,,0.0,0,,
130401,2011,,河北省,2016.0,,,,,,,,0,0,,,,,,,,,,,,,,,,,0.0,,,,,0.0,0,,
130401,2012,,河北省,2016.0,,,,,,,,0,0,,,,,,,,,,,,,,,,,0.0,,,,,0.0,0,,
130401,2013,,河北省,2016.0,,,,,,,,0,0,,,,,,,,,,,,,,,,,0.0,,,,,0.0,0,,
130401,2014,,河北省,2016.0,,,,,,,,0,0,,,,,,,,,,,,,,,,,0.0,,,,,0.0,0,,
130401,2015,,河北省,2016.0,,,,,,,,0,0,,,,,,,,,,,,,,,,,0.0,,,,,0.0,0,,
130401,2016,,河北省,2016.0,,,,,,,,0,0,2016.0,,0.7190000000000001,annual_rate,county_year_percent_progress,,,,,,,,0.7190000000000001,,0.7190000000000001,old_std_rate,1.0,,,,,0.7190000000000001,1,1.0,0.0
130401,2017,,河北省,2016.0,,,,,,,,0,0,2016.0,,0.9159999999999999,annual_rate,county_year_percent_progress,,,,,,,,0.9159999999999999,,0.9159999999999999,old_std_rate,1.0,,,,,0.9159999999999999,1,1.0,1.0
130402,2009,邯山区,河北省,2016.0,,,,,,,,0,0,,,,,,,,,,,,,,,,,0.0,,,,,0.0,0,,
130402,2010,邯山区,河北省,2016.0,,,,,,,,0,0,,,,,,,,,,,,,,,,,0.0,,,,,0.0,0,,
130402,2011,邯山区,河北省,2016.0,,,,,,,,0,0,,,,,,,,,,,,,,,,,0.0,,,,,0.0,0,,
130402,2012,邯山区,河北省,2016.0,,,,,,,,0,0,,,,,,,,,,,,,,,,,0.0,,,,,0.0,0,,
130402,2013,邯山区,河北省,2016.0,,,,,,,,0,0,,,,,,,,,,,,,,,,,0.0,,,,,0.0,0,,
130402,2014,邯山区,河北省,2016.0,,,,,,,,0,0,,,,,,,,,,,,,,,,,0.0,,,,,0.0,0,,
130402,2015,邯山区,河北省,2016.0,,,,,,,,0,0,,,,,,,,,,,,,,,,,0.0,,,,,0.0,0,,
130402,2016,邯山区,河北省,2016.0,,,,,,,,0,0,2016.0,,0.7190000000000001,annual_rate,county_year_percent_progress,,,,,,,,0.7190000000000001,,0.7190000000000001,old_std_rate,1.0,,,,,0.7190000000000001,1,1.0,0.0
130402,2017,邯山区,河北省,2016.0,,,,,,,,0,0,2016.0,,0.9159999999999999,annual_rate,county_year_percent_progress,,,,,,,,0.9159999999999999,,0.9159999999999999,old_std_rate,1.0,,,,,0.9159999999999999,1,1.0,1.0
130403,2009,丛台区,河北省,2016.0,,,,,,,,0,0,,,,,,,,,,,,,,,,,0.0,,,,,0.0,0,,
130403,2010,丛台区,河北省,2016.0,,,,,,,,0,0,,,,,,,,,,,,,,,,,0.0,,,,,0.0,0,,
130403,2011,丛台区,河北省,2016.0,,,,,,,,0,0,,,,,,,,,,,,,,,,,0.0,,,,,0.0,0,,
130403,2012,丛台区,河北省,2016.0,,,,,,,,0,0,,,,,,,,,,,,,,,,,0.0,,,,,0.0,0,,
130403,2013,丛台区,河北省,2016.0,,,,,,,,0,0,,,,,,,,,,,,,,,,,0.0,,,,,0.0,0,,
130403,2014,丛台区,河北省,2016.0,,,,,,,,0,0,,,,,,,,,,,,,,,,,0.0,,,,,0.0,0,,
130403,2015,丛台区,河北省,2016.0,,,,,,,,0,0,,,,,,,,,,,,,,,,,0.0,,,,,0.0,0,,
130403,2016,丛台区,河北省,2016.0,,,,,,,,0,0,2016.0,,0.7190000000000001,annual_rate,county_year_percent_progress,,,,,,,,0.7190000000000001,,0.7190000000000001,old_std_rate,1.0,,,,,0.7190000000000001,1,1.0,0.0
130403,2017,丛台区,河北省,2016.0,,,,,,,,0,0,2016.0,,0.9159999999999999,annual_rate,county_year_percent_progress,,,,,,,,0.9159999999999999,,0.9159999999999999,old_std_rate,1.0,,,,,0.9159999999999999,1,1.0,1.0
130602,2009,竞秀区,河北省,2016.0,,,,,,,,0,0,,,,,,,,,,,,,,,,,0.0,,,,,0.0,0,,
130602,2010,竞秀区,河北省,2016.0,,,,,,,,0,0,,,,,,,,,,,,,,,,,0.0,,,,,0.0,0,,
130602,2011,竞秀区,河北省,2016.0,,,,,,,,0,0,,,,,,,,,,,,,,,,,0.0,,,,,0.0,0,,
130602,2012,竞秀区,河北省,2016.0,,,,,,,,0,0,,,,,,,,,,,,,,,,,0.0,,,,,0.0,0,,
130602,2013,竞秀区,河北省,2016.0,,,,,,,,0,0,,,,,,,,,,,,,,,,,0.0,,,,,0.0,0,,
130602,2014,竞秀区,河北省,2016.0,,,,,,,,0,0,,,,,,,,,,,,,,,,,0.0,,,,,0.0,0,,
130602,2015,竞秀区,河北省,2016.0,,,,,,,,0,0,,,,,,,,,,,,,,,,,0.0,,,,,0.0,0,,
130602,2016,竞秀区,河北省,2016.0,,,,,,,,0,0,2016.0,,0.7190000000000001,annual_rate,county_year_percent_progress,,,,,,,,0.7190000000000001,,0.7190000000000001,old_std_rate,1.0,,,,,0.7190000000000001,1,1.0,0.0
130602,2017,竞秀区,河北省,2016.0,,,,,,,,0,0,2016.0,,0.9159999999999999,annual_rate,county_year_percent_progress,,,,,,,,0.9159999999999999,,0.9159999999999999,old_std_rate,1.0,,,,,0.9159999999999999,1,1.0,1.0
130801,2009,,河北省,2016.0,,,,,,,,0,0,,,,,,,,,,,,,,,,,0.0,,,,,0.0,0,,
130801,2010,,河北省,2016.0,,,,,,,,0,0,,,,,,,,,,,,,,,,,0.0,,,,,0.0,0,,
130801,2011,,河北省,2016.0,,,,,,,,0,0,,,,,,,,,,,,,,,,,0.0,,,,,0.0,0,,
130801,2012,,河北省,2016.0,,,,,,,,0,0,,,,,,,,,,,,,,,,,0.0,,,,,0.0,0,,
130801,2013,,河北省,2016.0,,,,,,,,0,0,,,,,,,,,,,,,,,,,0.0,,,,,0.0,0,,
130801,2014,,河北省,2016.0,,,,,,,,0,0,,,,,,,,,,,,,,,,,0.0,,,,,0.0,0,,
130801,2015,,河北省,2016.0,,,,,,,,0,0,,,,,,,,,,,,,,,,,0.0,,,,,0.0,0,,
130801,2016,,河北省,2016.0,,,,,,,,0,0,2016.0,,0.7190000000000001,annual_rate,county_year_percent_progress,,,,,,,,0.7190000000000001,,0.7190000000000001,old_std_rate,1.0,,,,,0.7190000000000001,1,1.0,0.0
130801,2017,,河北省,2016.0,,,,,,,,0,0,2016.0,,0.9159999999999999,annual_rate,county_year_percent_progress,,,,,,,,0.9159999999999999,,0.9159999999999999,old_std_rate,1.0,,,,,0.9159999999999999,1,1.0,1.0
130901,2009,,河北省,2016.0,,,,,,,,0,0,,,,,,,,,,,,,,,,,0.0,,,,,0.0,0,,
130901,2010,,河北省,2016.0,,,,,,,,0,0,,,,,,,,,,,,,,,,,0.0,,,,,0.0,0,,
130901,2011,,河北省,2016.0,,,,,,,,0,0,,,,,,,,,,,,,,,,,0.0,,,,,0.0,0,,
130901,2012,,河北省,2016.0,,,,,,,,0,0,,,,,,,,,,,,,,,,,0.0,,,,,0.0,0,,
130901,2013,,河北省,2016.0,,,,,,,,0,0,,,,,,,,,,,,,,,,,0.0,,,,,0.0,0,,
130901,2014,,河北省,2016.0,,,,,,,,0,0,,,,,,,,,,,,,,,,,0.0,,,,,0.0,0,,
130901,2015,,河北省,2016.0,,,,,,,,0,0,,,,,,,,,,,,,,,,,0.0,,,,,0.0,0,,
130901,2016,,河北省,2016.0,,,,,,,,0,0,2016.0,,0.7190000000000001,annual_rate,county_year_percent_progress,,,,,,,,0.7190000000000001,,0.7190000000000001,old_std_rate,1.0,,,,,0.7190000000000001,1,1.0,0.0
130901,2017,,河北省,2016.0,,,,,,,,0,0,2016.0,,0.9159999999999999,annual_rate,county_year_percent_progress,,,,,,,,0.9159999999999999,,0.9159999999999999,old_std_rate,1.0,,,,,0.9159999999999999,1,1.0,1.0
130902,2009,新华区,河北省,2016.0,,,,,,,,0,0,,,,,,,,,,,,,,,,,0.0,,,,,0.0,0,,
130902,2010,新华区,河北省,2016.0,,,,,,,,0,0,,,,,,,,,,,,,,,,,0.0,,,,,0.0,0,,
130902,2011,新华区,河北省,2016.0,,,,,,,,0,0,,,,,,,,,,,,,,,,,0.0,,,,,0.0,0,,
130902,2012,新华区,河北省,2016.0,,,,,,,,0,0,,,,,,,,,,,,,,,,,0.0,,,,,0.0,0,,
130902,2013,新华区,河北省,2016.0,,,,,,,,0,0,,,,,,,,,,,,,,,,,0.0,,,,,0.0,0,,
130902,2014,新华区,河北省,2016.0,,,,,,,,0,0,,,,,,,,,,,,,,,,,0.0,,,,,0.0,0,,
130902,2015,新华区,河北省,2016.0,,,,,,,,0,0,,,,,,,,,,,,,,,,,0.0,,,,,0.0,0,,
130902,2016,新华区,河北省,2016.0,,,,,,,,0,0,2016.0,,0.7190000000000001,annual_rate,county_year_percent_progress,,,,,,,,0.7190000000000001,,0.7190000000000001,old_std_rate,1.0,,,,,0.7190000000000001,1,1.0,0.0
130902,2017,新华区,河北省,2016.0,,,,,,,,0,0,2016.0,,0.9159999999999999,annual_rate,county_year_percent_progress,,,,,,,,0.9159999999999999,,0.9159999999999999,old_std_rate,1.0,,,,,0.9159999999999999,1,1.0,1.0
131001,2009,,河北省,2016.0,,,,,,,,0,0,,,,,,,,,,,,,,,,,0.0,,,,,0.0,0,,
131001,2010,,河北省,2016.0,,,,,,,,0,0,,,,,,,,,,,,,,,,,0.0,,,,,0.0,0,,
131001,2011,,河北省,2016.0,,,,,,,,0,0,,,,,,,,,,,,,,,,,0.0,,,,,0.0,0,,
131001,2012,,河北省,2016.0,,,,,,,,0,0,,,,,,,,,,,,,,,,,0.0,,,,,0.0,0,,
131001,2013,,河北省,2016.0,,,,,,,,0,0,,,,,,,,,,,,,,,,,0.0,,,,,0.0,0,,
131001,2014,,河北省,2016.0,,,,,,,,0,0,,,,,,,,,,,,,,,,,0.0,,,,,0.0,0,,
131001,2015,,河北省,2016.0,,,,,,,,0,0,,,,,,,,,,,,,,,,,0.0,,,,,0.0,0,,
131001,2016,,河北省,2016.0,,,,,,,,0,0,2016.0,,0.7190000000000001,annual_rate,county_year_percent_progress,,,,,,,,0.7190000000000001,,0.7190000000000001,old_std_rate,1.0,,,,,0.7190000000000001,1,1.0,0.0
131001,2017,,河北省,2016.0,,,,,,,,0,0,2016.0,,0.9159999999999999,annual_rate,county_year_percent_progress,,,,,,,,0.9159999999999999,,0.9159999999999999,old_std_rate,1.0,,,,,0.9159999999999999,1,1.0,1.0
140401,2009,,prov_14,2016.0,2022.0,,,,,,,0,0,,,,,,,,,,,,,,,,,0.0,0.0,,,,0.0,0,,
140401,2010,,prov_14,2016.0,2022.0,,,,,,,0,0,,,,,,,,,,,,,,,,,0.0,0.0,,,,0.0,0,,
140401,2011,,prov_14,2016.0,2022.0,,,,,,,0,0,,,,,,,,,,,,,,,,,0.0,0.0,,,,0.0,0,,
140401,2012,,prov_14,2016.0,2022.0,,,,,,,0,0,,,,,,,,,,,,,,,,,0.0,0.0,,,,0.0,0,,
140401,2013,,prov_14,2016.0,2022.0,,,,,,,0,0,,,,,,,,,,,,,,,,,0.0,0.0,,,,0.0,0,,
140401,2014,,prov_14,2016.0,2022.0,,,,,,,0,0,,,,,,,,,,,,,,,,,0.0,0.0,,,,0.0,0,,
140401,2015,,prov_14,2016.0,2022.0,,,,,,,0,0,,,,,,,,,,,,,,,,,0.0,0.0,,,,0.0,0,,
140401,2016,,prov_14,2016.0,2022.0,,,,,,,0,0,2016.0,,,start_year_only,county_year_percent_progress,,,,,,,,,,,,1.0,0.0,,,,0.0,0,,
140401,2017,,prov_14,2016.0,2022.0,,,,,,,0,0,,,,,,,,,,,,,,,,,1.0,0.0,,,,0.0,0,,
140402,2009,,prov_14,2016.0,2022.0,,,,,,,0,0,,,,,,,,,,,,,,,,,0.0,0.0,,,,0.0,0,,
140402,2010,,prov_14,2016.0,2022.0,,,,,,,0,0,,,,,,,,,,,,,,,,,0.0,0.0,,,,0.0,0,,
140402,2011,,prov_14,2016.0,2022.0,,,,,,,0,0,,,,,,,,,,,,,,,,,0.0,0.0,,,,0.0,0,,
140402,2012,,prov_14,2016.0,2022.0,,,,,,,0,0,,,,,,,,,,,,,,,,,0.0,0.0,,,,0.0,0,,
140402,2013,,prov_14,2016.0,2022.0,,,,,,,0,0,,,,,,,,,,,,,,,,,0.0,0.0,,,,0.0,0,,
140402,2014,,prov_14,2016.0,2022.0,,,,,,,0,0,,,,,,,,,,,,,,,,,0.0,0.0,,,,0.0,0,,
140402,2015,,prov_14,2016.0,2022.0,,,,,,,0,0,,,,,,,,,,,,,,,,,0.0,0.0,,,,0.0,0,,
140402,2016,,prov_14,2016.0,2022.0,,,,,,,0,0,2016.0,,,start_year_only,county_year_percent_progress,,,,,,,,,,,,1.0,0.0,,,,0.0,0,,
140402,2017,,prov_14,2016.0,2022.0,,,,,,,0,0,,,,,,,,,,,,,,,,,1.0,0.0,,,,0.0,0,,
140403,2009,,prov_14,2016.0,2022.0,,,,,,,0,0,,,,,,,,,,,,,,,,,0.0,0.0,,,,0.0,0,,
140403,2010,,prov_14,2016.0,2022.0,,,,,,,0,0,,,,,,,,,,,,,,,,,0.0,0.0,,,,0.0,0,,
140403,2011,,prov_14,2016.0,2022.0,,,,,,,0,0,,,,,,,,,,,,,,,,,0.0,0.0,,,,0.0,0,,
140403,2012,,prov_14,2016.0,2022.0,,,,,,,0,0,,,,,,,,,,,,,,,,,0.0,0.0,,,,0.0,0,,
140403,2013,,prov_14,2016.0,2022.0,,,,,,,0,0,,,,,,,,,,,,,,,,,0.0,0.0,,,,0.0,0,,
140403,2014,,prov_14,2016.0,2022.0,,,,,,,0,0,,,,,,,,,,,,,,,,,0.0,0.0,,,,0.0,0,,
140403,2015,,prov_14,2016.0,2022.0,,,,,,,0,0,,,,,,,,,,,,,,,,,0.0,0.0,,,,0.0,0,,
140403,2016,,prov_14,2016.0,2022.0,,,,,,,0,0,2016.0,,,start_year_only,county_year_percent_progress,,,,,,,,,,,,1.0,0.0,,,,0.0,0,,
140403,2017,,prov_14,2016.0,2022.0,,,,,,,0,0,,,,,,,,,,,,,,,,,1.0,0.0,,,,0.0,0,,
140501,2009,,prov_14,2016.0,2022.0,,,,,,,0,0,,,,,,,,,,,,,,,,,0.0,0.0,,,,0.0,0,,
140501,2010,,prov_14,2016.0,2022.0,,,,,,,0,0,,,,,,,,,,,,,,,,,0.0,0.0,,,,0.0,0,,
140501,2011,,prov_14,2016.0,2022.0,,,,,,,0,0,,,,,,,,,,,,,,,,,0.0,0.0,,,,0.0,0,,
140501,2012,,prov_14,2016.0,2022.0,,,,,,,0,0,,,,,,,,,,,,,,,,,0.0,0.0,,,,0.0,0,,
140501,2013,,prov_14,2016.0,2022.0,,,,,,,0,0,,,,,,,,,,,,,,,,,0.0,0.0,,,,0.0,0,,
140501,2014,,prov_14,2016.0,2022.0,,,,,,,0,0,,,,,,,,,,,,,,,,,0.0,0.0,,,,0.0,0,,
140501,2015,,prov_14,2016.0,2022.0,,,,,,,0,0,,,,,,,,,,,,,,,,,0.0,0.0,,,,0.0,0,,
140501,2016,,prov_14,2016.0,2022.0,,,,,,,0,0,2016.0,,,start_year_only,county_year_percent_progress,,,,,,,,,,,,1.0,0.0,,,,0.0,0,,
140501,2017,,prov_14,2016.0,2022.0,,,,,,,0,0,,,,,,,,,,,,,,,,,1.0,0.0,,,,0.0,0,,
140701,2009,,prov_14,2016.0,2022.0,,,,,,,0,0,,,,,,,,,,,,,,,,,0.0,0.0,,,,0.0,0,,
140701,2010,,prov_14,2016.0,2022.0,,,,,,,0,0,,,,,,,,,,,,,,,,,0.0,0.0,,,,0.0,0,,
140701,2011,,prov_14,2016.0,2022.0,,,,,,,0,0,,,,,,,,,,,,,,,,,0.0,0.0,,,,0.0,0,,
140701,2012,,prov_14,2016.0,2022.0,,,,,,,0,0,,,,,,,,,,,,,,,,,0.0,0.0,,,,0.0,0,,
140701,2013,,prov_14,2016.0,2022.0,,,,,,,0,0,,,,,,,,,,,,,,,,,0.0,0.0,,,,0.0,0,,
140701,2014,,prov_14,2016.0,2022.0,,,,,,,0,0,,,,,,,,,,,,,,,,,0.0,0.0,,,,0.0,0,,
140701,2015,,prov_14,2016.0,2022.0,,,,,,,0,0,,,,,,,,,,,,,,,,,0.0,0.0,,,,0.0,0,,
140701,2016,,prov_14,2016.0,2022.0,,,,,,,0,0,2016.0,,,start_year_only,county_year_percent_progress,,,,,,,,,,,,1.0,0.0,,,,0.0,0,,
140701,2017,,prov_14,2016.0,2022.0,,,,,,,0,0,,,,,,,,,,,,,,,,,1.0,0.0,,,,0.0,0,,
140702,2009,榆次区,山西省,2016.0,2022.0,,,,,,,0,0,,,,,,,,,,,,,,,,,0.0,0.0,,,,0.0,0,,
140702,2010,榆次区,山西省,2016.0,2022.0,,,,,,,0,0,,,,,,,,,,,,,,,,,0.0,0.0,,,,0.0,0,,
140702,2011,榆次区,山西省,2016.0,2022.0,,,,,,,0,0,,,,,,,,,,,,,,,,,0.0,0.0,,,,0.0,0,,
140702,2012,榆次区,山西省,2016.0,2022.0,,,,,,,0,0,,,,,,,,,,,,,,,,,0.0,0.0,,,,0.0,0,,
140702,2013,榆次区,山西省,2016.0,2022.0,,,,,,,0,0,,,,,,,,,,,,,,,,,0.0,0.0,,,,0.0,0,,
140702,2014,榆次区,山西省,2016.0,2022.0,,,,,,,0,0,,,,,,,,,,,,,,,,,0.0,0.0,,,,0.0,0,,
140702,2015,榆次区,山西省,2016.0,2022.0,,,,,,,0,0,,,,,,,,,,,,,,,,,0.0,0.0,,,,0.0,0,,
140702,2016,榆次区,山西省,2016.0,2022.0,,,,,,,0,0,2016.0,,,start_year_only,county_year_percent_progress,,,,,,,,,,,,1.0,0.0,,,,0.0,0,,
140702,2017,榆次区,山西省,2016.0,2022.0,,,,,,,0,0,,,,,,,,,,,,,,,,,1.0,0.0,,,,0.0,0,,
140801,2009,,prov_14,2016.0,2022.0,,,,,,,0,0,,,,,,,,,,,,,,,,,0.0,0.0,,,,0.0,0,,
140801,2010,,prov_14,2016.0,2022.0,,,,,,,0,0,,,,,,,,,,,,,,,,,0.0,0.0,,,,0.0,0,,
140801,2011,,prov_14,2016.0,2022.0,,,,,,,0,0,,,,,,,,,,,,,,,,,0.0,0.0,,,,0.0,0,,
140801,2012,,prov_14,2016.0,2022.0,,,,,,,0,0,,,,,,,,,,,,,,,,,0.0,0.0,,,,0.0,0,,
140801,2013,,prov_14,2016.0,2022.0,,,,,,,0,0,,,,,,,,,,,,,,,,,0.0,0.0,,,,0.0,0,,
140801,2014,,prov_14,2016.0,2022.0,,,,,,,0,0,,,,,,,,,,,,,,,,,0.0,0.0,,,,0.0,0,,
140801,2015,,prov_14,2016.0,2022.0,,,,,,,0,0,,,,,,,,,,,,,,,,,0.0,0.0,,,,0.0,0,,
140801,2016,,prov_14,2016.0,2022.0,,,,,,,0,0,2016.0,,,start_year_only,county_year_percent_progress,,,,,,,,,,,,1.0,0.0,,,,0.0,0,,
140801,2017,,prov_14,2016.0,2022.0,,,,,,,0,0,,,,,,,,,,,,,,,,,1.0,0.0,,,,0.0,0,,
140901,2009,,prov_14,2016.0,2022.0,,,,,,,0,0,,,,,,,,,,,,,,,,,0.0,0.0,,,,0.0,0,,
140901,2010,,prov_14,2016.0,2022.0,,,,,,,0,0,,,,,,,,,,,,,,,,,0.0,0.0,,,,0.0,0,,
140901,2011,,prov_14,2016.0,2022.0,,,,,,,0,0,,,,,,,,,,,,,,,,,0.0,0.0,,,,0.0,0,,
140901,2012,,prov_14,2016.0,2022.0,,,,,,,0,0,,,,,,,,,,,,,,,,,0.0,0.0,,,,0.0,0,,
140901,2013,,prov_14,2016.0,2022.0,,,,,,,0,0,,,,,,,,,,,,,,,,,0.0,0.0,,,,0.0,0,,
140901,2014,,prov_14,2016.0,2022.0,,,,,,,0,0,,,,,,,,,,,,,,,,,0.0,0.0,,,,0.0,0,,
140901,2015,,prov_14,2016.0,2022.0,,,,,,,0,0,,,,,,,,,,,,,,,,,0.0,0.0,,,,0.0,0,,
140901,2016,,prov_14,2016.0,2022.0,,,,,,,0,0,2016.0,,,start_year_only,county_year_percent_progress,,,,,,,,,,,,1.0,0.0,,,,0.0,0,,
140901,2017,,prov_14,2016.0,2022.0,,,,,,,0,0,,,,,,,,,,,,,,,,,1.0,0.0,,,,0.0,0,,
150101,2009,,prov_15,2016.0,2019.0,,,,,,,1,0,,,,,,,,,,,,,,,,,0.0,0.0,,,,0.0,0,,
150101,2010,,prov_15,2016.0,2019.0,,,,,,,1,0,,,,,,,,,,,,,,,,,0.0,0.0,,,,0.0,0,,
150101,2011,,prov_15,2016.0,2019.0,,,,,,,1,0,,,,,,,,,,,,,,,,,0.0,0.0,,,,0.0,0,,
150101,2012,,prov_15,2016.0,2019.0,,,,,,,1,0,,,,,,,,,,,,,,,,,0.0,0.0,,,,0.0,0,,
150101,2013,,prov_15,2016.0,2019.0,,,,,,,1,0,,,,,,,,,,,,,,,,,0.0,0.0,,,,0.0,0,,
150101,2014,,prov_15,2016.0,2019.0,,,,,,,1,0,,,,,,,,,,,,,,,,,0.0,0.0,,,,0.0,0,,
150101,2015,,prov_15,2016.0,2019.0,,,,,,,1,0,,,,,,,,,,,,,,,,,0.0,0.0,,,,0.0,0,,
150101,2016,,prov_15,2016.0,2019.0,,,,,,,1,0,2016.0,,,start_year_only,county_year_percent_progress,,,,,,,,,,,,1.0,0.0,,,,0.0,0,,
150101,2017,,prov_15,2016.0,2019.0,,,,,,,1,0,,,,,,,,,,,,,,,,,1.0,0.0,,,,0.0,0,,
150302,2009,海勃湾区,内蒙古自治区,2016.0,2019.0,,,,,,,0,0,,,,,,,,,,,,,,,,,0.0,0.0,,,,0.0,0,,
150302,2010,海勃湾区,内蒙古自治区,2016.0,2019.0,,,,,,,0,0,,,,,,,,,,,,,,,,,0.0,0.0,,,,0.0,0,,
150302,2011,海勃湾区,内蒙古自治区,2016.0,2019.0,,,,,,,0,0,,,,,,,,,,,,,,,,,0.0,0.0,,,,0.0,0,,
150302,2012,海勃湾区,内蒙古自治区,2016.0,2019.0,,,,,,,0,0,,,,,,,,,,,,,,,,,0.0,0.0,,,,0.0,0,,
150302,2013,海勃湾区,内蒙古自治区,2016.0,2019.0,,,,,,,0,0,,,,,,,,,,,,,,,,,0.0,0.0,,,,0.0,0,,
150302,2014,海勃湾区,内蒙古自治区,2016.0,2019.0,,,,,,,0,0,,,,,,,,,,,,,,,,,0.0,0.0,,,,0.0,0,,
150302,2015,海勃湾区,内蒙古自治区,2016.0,2019.0,,,,,,,0,0,,,,,,,,,,,,,,,,,0.0,0.0,,,,0.0,0,,
150302,2016,海勃湾区,内蒙古自治区,2016.0,2019.0,,,,,,,0,0,2016.0,,,start_year_only,county_year_percent_progress,,,,,,,,,,,,1.0,0.0,,,,0.0,0,,
150302,2017,海勃湾区,内蒙古自治区,2016.0,2019.0,,,,,,,0,0,,,,,,,,,,,,,,,,,1.0,0.0,,,,0.0,0,,
150401,2009,,prov_15,2016.0,2019.0,,,,,,,0,0,,,,,,,,,,,,,,,,,0.0,0.0,,,,0.0,0,,
150401,2010,,prov_15,2016.0,2019.0,,,,,,,0,0,,,,,,,,,,,,,,,,,0.0,0.0,,,,0.0,0,,
150401,2011,,prov_15,2016.0,2019.0,,,,,,,0,0,,,,,,,,,,,,,,,,,0.0,0.0,,,,0.0,0,,
150401,2012,,prov_15,2016.0,2019.0,,,,,,,0,0,,,,,,,,,,,,,,,,,0.0,0.0,,,,0.0,0,,
150401,2013,,prov_15,2016.0,2019.0,,,,,,,0,0,,,,,,,,,,,,,,,,,0.0,0.0,,,,0.0,0,,
150401,2014,,prov_15,2016.0,2019.0,,,,,,,0,0,,,,,,,,,,,,,,,,,0.0,0.0,,,,0.0,0,,
150401,2015,,prov_15,2016.0,2019.0,,,,,,,0,0,,,,,,,,,,,,,,,,,0.0,0.0,,,,0.0,0,,
150401,2016,,prov_15,2016.0,2019.0,,,,,,,0,0,2016.0,,,start_year_only,county_year_percent_progress,,,,,,,,,,,,1.0,0.0,,,,0.0,0,,
150401,2017,,prov_15,2016.0,2019.0,,,,,,,0,0,,,,,,,,,,,,,,,,,1.0,0.0,,,,0.0,0,,
150402,2009,红山区,内蒙古自治区,2016.0,2019.0,,,,,,,0,0,,,,,,,,,,,,,,,,,0.0,0.0,,,,0.0,0,,
150402,2010,红山区,内蒙古自治区,2016.0,2019.0,,,,,,,0,0,,,,,,,,,,,,,,,,,0.0,0.0,,,,0.0,0,,
150402,2011,红山区,内蒙古自治区,2016.0,2019.0,,,,,,,0,0,,,,,,,,,,,,,,,,,0.0,0.0,,,,0.0,0,,
150402,2012,红山区,内蒙古自治区,2016.0,2019.0,,,,,,,0,0,,,,,,,,,,,,,,,,,0.0,0.0,,,,0.0,0,,
150402,2013,红山区,内蒙古自治区,2016.0,2019.0,,,,,,,0,0,,,,,,,,,,,,,,,,,0.0,0.0,,,,0.0,0,,
150402,2014,红山区,内蒙古自治区,2016.0,2019.0,,,,,,,0,0,,,,,,,,,,,,,,,,,0.0,0.0,,,,0.0,0,,
150402,2015,红山区,内蒙古自治区,2016.0,2019.0,,,,,,,0,0,,,,,,,,,,,,,,,,,0.0,0.0,,,,0.0,0,,
150402,2016,红山区,内蒙古自治区,2016.0,2019.0,,,,,,,0,0,2016.0,,,start_year_only,county_year_percent_progress,,,,,,,,,,,,1.0,0.0,,,,0.0,0,,
150402,2017,红山区,内蒙古自治区,2016.0,2019.0,,,,,,,0,0,,,,,,,,,,,,,,,,,1.0,0.0,,,,0.0,0,,
210301,2009,,prov_21,2016.0,2018.0,,,,,,,0,0,,,,,,,,,,,,,,,,,0.0,0.0,,,,0.0,0,,
210301,2010,,prov_21,2016.0,2018.0,,,,,,,0,0,,,,,,,,,,,,,,,,,0.0,0.0,,,,0.0,0,,
210301,2011,,prov_21,2016.0,2018.0,,,,,,,0,0,,,,,,,,,,,,,,,,,0.0,0.0,,,,0.0,0,,
210301,2012,,prov_21,2016.0,2018.0,,,,,,,0,0,,,,,,,,,,,,,,,,,0.0,0.0,,,,0.0,0,,
210301,2013,,prov_21,2016.0,2018.0,,,,,,,0,0,,,,,,,,,,,,,,,,,0.0,0.0,,,,0.0,0,,
210301,2014,,prov_21,2016.0,2018.0,,,,,,,0,0,,,,,,,,,,,,,,,,,0.0,0.0,,,,0.0,0,,
210301,2015,,prov_21,2016.0,2018.0,,,,,,,0,0,,,,,,,,,,,,,,,,,0.0,0.0,,,,0.0,0,,
210301,2016,,prov_21,2016.0,2018.0,,,,,,,0,0,2016.0,,,start_year_only,county_year_percent_progress,,,,,,,,,,,,1.0,0.0,,,,0.0,0,,
210301,2017,,prov_21,2016.0,2018.0,,,,,,,0,0,,,,,,,,,,,,,,,,,1.0,0.0,,,,0.0,0,,
210401,2009,,prov_21,2016.0,2018.0,,,,,,,0,0,,,,,,,,,,,,,,,,,0.0,0.0,,,,0.0,0,,
210401,2010,,prov_21,2016.0,2018.0,,,,,,,0,0,,,,,,,,,,,,,,,,,0.0,0.0,,,,0.0,0,,
210401,2011,,prov_21,2016.0,2018.0,,,,,,,0,0,,,,,,,,,,,,,,,,,0.0,0.0,,,,0.0,0,,
210401,2012,,prov_21,2016.0,2018.0,,,,,,,0,0,,,,,,,,,,,,,,,,,0.0,0.0,,,,0.0,0,,
210401,2013,,prov_21,2016.0,2018.0,,,,,,,0,0,,,,,,,,,,,,,,,,,0.0,0.0,,,,0.0,0,,
210401,2014,,prov_21,2016.0,2018.0,,,,,,,0,0,,,,,,,,,,,,,,,,,0.0,0.0,,,,0.0,0,,
210401,2015,,prov_21,2016.0,2018.0,,,,,,,0,0,,,,,,,,,,,,,,,,,0.0,0.0,,,,0.0,0,,
210401,2016,,prov_21,2016.0,2018.0,,,,,,,0,0,2016.0,,,start_year_only,county_year_percent_progress,,,,,,,,,,,,1.0,0.0,,,,0.0,0,,
210401,2017,,prov_21,2016.0,2018.0,,,,,,,0,0,,,,,,,,,,,,,,,,,1.0,0.0,,,,0.0,0,,
210402,2009,新抚区,辽宁省,2016.0,2018.0,,,,,,,0,0,,,,,,,,,,,,,,,,,0.0,0.0,,,,0.0,0,,
210402,2010,新抚区,辽宁省,2016.0,2018.0,,,,,,,0,0,,,,,,,,,,,,,,,,,0.0,0.0,,,,0.0,0,,
210402,2011,新抚区,辽宁省,2016.0,2018.0,,,,,,,0,0,,,,,,,,,,,,,,,,,0.0,0.0,,,,0.0,0,,
210402,2012,新抚区,辽宁省,2016.0,2018.0,,,,,,,0,0,,,,,,,,,,,,,,,,,0.0,0.0,,,,0.0,0,,
210402,2013,新抚区,辽宁省,2016.0,2018.0,,,,,,,0,0,,,,,,,,,,,,,,,,,0.0,0.0,,,,0.0,0,,
210402,2014,新抚区,辽宁省,2016.0,2018.0,,,,,,,0,0,,,,,,,,,,,,,,,,,0.0,0.0,,,,0.0,0,,
210402,2015,新抚区,辽宁省,2016.0,2018.0,,,,,,,0,0,,,,,,,,,,,,,,,,,0.0,0.0,,,,0.0,0,,
210402,2016,新抚区,辽宁省,2016.0,2018.0,,,,,,,0,0,2016.0,,,start_year_only,county_year_percent_progress,,,,,,,,,,,,1.0,0.0,,,,0.0,0,,
210402,2017,新抚区,辽宁省,2016.0,2018.0,,,,,,,0,0,,,,,,,,,,,,,,,,,1.0,0.0,,,,0.0,0,,
210501,2009,,prov_21,2016.0,2018.0,,,,,,,0,0,,,,,,,,,,,,,,,,,0.0,0.0,,,,0.0,0,,
210501,2010,,prov_21,2016.0,2018.0,,,,,,,0,0,,,,,,,,,,,,,,,,,0.0,0.0,,,,0.0,0,,
210501,2011,,prov_21,2016.0,2018.0,,,,,,,0,0,,,,,,,,,,,,,,,,,0.0,0.0,,,,0.0,0,,
210501,2012,,prov_21,2016.0,2018.0,,,,,,,0,0,,,,,,,,,,,,,,,,,0.0,0.0,,,,0.0,0,,
210501,2013,,prov_21,2016.0,2018.0,,,,,,,0,0,,,,,,,,,,,,,,,,,0.0,0.0,,,,0.0,0,,
210501,2014,,prov_21,2016.0,2018.0,,,,,,,0,0,,,,,,,,,,,,,,,,,0.0,0.0,,,,0.0,0,,
210501,2015,,prov_21,2016.0,2018.0,,,,,,,0,0,,,,,,,,,,,,,,,,,0.0,0.0,,,,0.0,0,,
210501,2016,,prov_21,2016.0,2018.0,,,,,,,0,0,2016.0,,,start_year_only,county_year_percent_progress,,,,,,,,,,,,1.0,0.0,,,,0.0,0,,
210501,2017,,prov_21,2016.0,2018.0,,,,,,,0,0,,,,,,,,,,,,,,,,,1.0,0.0,,,,0.0,0,,
210601,2009,,prov_21,2016.0,2018.0,,,,,,,0,0,,,,,,,,,,,,,,,,,0.0,0.0,,,,0.0,0,,
210601,2010,,prov_21,2016.0,2018.0,,,,,,,0,0,,,,,,,,,,,,,,,,,0.0,0.0,,,,0.0,0,,
210601,2011,,prov_21,2016.0,2018.0,,,,,,,0,0,,,,,,,,,,,,,,,,,0.0,0.0,,,,0.0,0,,
210601,2012,,prov_21,2016.0,2018.0,,,,,,,0,0,,,,,,,,,,,,,,,,,0.0,0.0,,,,0.0,0,,
210601,2013,,prov_21,2016.0,2018.0,,,,,,,0,0,,,,,,,,,,,,,,,,,0.0,0.0,,,,0.0,0,,
210601,2014,,prov_21,2016.0,2018.0,,,,,,,0,0,,,,,,,,,,,,,,,,,0.0,0.0,,,,0.0,0,,
210601,2015,,prov_21,2016.0,2018.0,,,,,,,0,0,,,,,,,,,,,,,,,,,0.0,0.0,,,,0.0,0,,
210601,2016,,prov_21,2016.0,2018.0,,,,,,,0,0,2016.0,,,start_year_only,county_year_percent_progress,,,,,,,,,,,,1.0,0.0,,,,0.0,0,,
210601,2017,,prov_21,2016.0,2018.0,,,,,,,0,0,,,,,,,,,,,,,,,,,1.0,0.0,,,,0.0,0,,
210602,2009,元宝区,辽宁省,2016.0,2018.0,,,,,,,0,0,,,,,,,,,,,,,,,,,0.0,0.0,,,,0.0,0,,
210602,2010,元宝区,辽宁省,2016.0,2018.0,,,,,,,0,0,,,,,,,,,,,,,,,,,0.0,0.0,,,,0.0,0,,
210602,2011,元宝区,辽宁省,2016.0,2018.0,,,,,,,0,0,,,,,,,,,,,,,,,,,0.0,0.0,,,,0.0,0,,
210602,2012,元宝区,辽宁省,2016.0,2018.0,,,,,,,0,0,,,,,,,,,,,,,,,,,0.0,0.0,,,,0.0,0,,
210602,2013,元宝区,辽宁省,2016.0,2018.0,,,,,,,0,0,,,,,,,,,,,,,,,,,0.0,0.0,,,,0.0,0,,
210602,2014,元宝区,辽宁省,2016.0,2018.0,,,,,,,0,0,,,,,,,,,,,,,,,,,0.0,0.0,,,,0.0,0,,
210602,2015,元宝区,辽宁省,2016.0,2018.0,,,,,,,0,0,,,,,,,,,,,,,,,,,0.0,0.0,,,,0.0,0,,
210602,2016,元宝区,辽宁省,2016.0,2018.0,,,,,,,0,0,2016.0,,,start_year_only,county_year_percent_progress,,,,,,,,,,,,1.0,0.0,,,,0.0,0,,
210602,2017,元宝区,辽宁省,2016.0,2018.0,,,,,,,0,0,,,,,,,,,,,,,,,,,1.0,0.0,,,,0.0,0,,
210603,2009,振兴区,辽宁省,2016.0,2018.0,,,,,,,0,0,,,,,,,,,,,,,,,,,0.0,0.0,,,,0.0,0,,
210603,2010,振兴区,辽宁省,2016.0,2018.0,,,,,,,0,0,,,,,,,,,,,,,,,,,0.0,0.0,,,,0.0,0,,
210603,2011,振兴区,辽宁省,2016.0,2018.0,,,,,,,0,0,,,,,,,,,,,,,,,,,0.0,0.0,,,,0.0,0,,
210603,2012,振兴区,辽宁省,2016.0,2018.0,,,,,,,0,0,,,,,,,,,,,,,,,,,0.0,0.0,,,,0.0,0,,
210603,2013,振兴区,辽宁省,2016.0,2018.0,,,,,,,0,0,,,,,,,,,,,,,,,,,0.0,0.0,,,,0.0,0,,
210603,2014,振兴区,辽宁省,2016.0,2018.0,,,,,,,0,0,,,,,,,,,,,,,,,,,0.0,0.0,,,,0.0,0,,
210603,2015,振兴区,辽宁省,2016.0,2018.0,,,,,,,0,0,,,,,,,,,,,,,,,,,0.0,0.0,,,,0.0,0,,
210603,2016,振兴区,辽宁省,2016.0,2018.0,,,,,,,0,0,2016.0,,,start_year_only,county_year_percent_progress,,,,,,,,,,,,1.0,0.0,,,,0.0,0,,
210603,2017,振兴区,辽宁省,2016.0,2018.0,,,,,,,0,0,,,,,,,,,,,,,,,,,1.0,0.0,,,,0.0,0,,
210901,2009,,prov_21,2016.0,2018.0,,,,,,,0,0,,,,,,,,,,,,,,,,,0.0,0.0,,,,0.0,0,,
210901,2010,,prov_21,2016.0,2018.0,,,,,,,0,0,,,,,,,,,,,,,,,,,0.0,0.0,,,,0.0,0,,
210901,2011,,prov_21,2016.0,2018.0,,,,,,,0,0,,,,,,,,,,,,,,,,,0.0,0.0,,,,0.0,0,,
210901,2012,,prov_21,2016.0,2018.0,,,,,,,0,0,,,,,,,,,,,,,,,,,0.0,0.0,,,,0.0,0,,
210901,2013,,prov_21,2016.0,2018.0,,,,,,,0,0,,,,,,,,,,,,,,,,,0.0,0.0,,,,0.0,0,,
210901,2014,,prov_21,2016.0,2018.0,,,,,,,0,0,,,,,,,,,,,,,,,,,0.0,0.0,,,,0.0,0,,
210901,2015,,prov_21,2016.0,2018.0,,,,,,,0,0,,,,,,,,,,,,,,,,,0.0,0.0,,,,0.0,0,,
210901,2016,,prov_21,2016.0,2018.0,,,,,,,0,0,2016.0,,,start_year_only,county_year_percent_progress,,,,,,,,,,,,1.0,0.0,,,,0.0,0,,
210901,2017,,prov_21,2016.0,2018.0,,,,,,,0,0,,,,,,,,,,,,,,,,,1.0,0.0,,,,0.0,0,,
211001,2009,,prov_21,2016.0,2018.0,,,,,,,0,0,,,,,,,,,,,,,,,,,0.0,0.0,,,,0.0,0,,
211001,2010,,prov_21,2016.0,2018.0,,,,,,,0,0,,,,,,,,,,,,,,,,,0.0,0.0,,,,0.0,0,,
211001,2011,,prov_21,2016.0,2018.0,,,,,,,0,0,,,,,,,,,,,,,,,,,0.0,0.0,,,,0.0,0,,
211001,2012,,prov_21,2016.0,2018.0,,,,,,,0,0,,,,,,,,,,,,,,,,,0.0,0.0,,,,0.0,0,,
211001,2013,,prov_21,2016.0,2018.0,,,,,,,0,0,,,,,,,,,,,,,,,,,0.0,0.0,,,,0.0,0,,
211001,2014,,prov_21,2016.0,2018.0,,,,,,,0,0,,,,,,,,,,,,,,,,,0.0,0.0,,,,0.0,0,,
211001,2015,,prov_21,2016.0,2018.0,,,,,,,0,0,,,,,,,,,,,,,,,,,0.0,0.0,,,,0.0,0,,
211001,2016,,prov_21,2016.0,2018.0,,,,,,,0,0,2016.0,,,start_year_only,county_year_percent_progress,,,,,,,,,,,,1.0,0.0,,,,0.0,0,,
211001,2017,,prov_21,2016.0,2018.0,,,,,,,0,0,,,,,,,,,,,,,,,,,1.0,0.0,,,,0.0,0,,
211301,2009,,prov_21,2016.0,2018.0,,,,,,,0,0,,,,,,,,,,,,,,,,,0.0,0.0,,,,0.0,0,,
211301,2010,,prov_21,2016.0,2018.0,,,,,,,0,0,,,,,,,,,,,,,,,,,0.0,0.0,,,,0.0,0,,
211301,2011,,prov_21,2016.0,2018.0,,,,,,,0,0,,,,,,,,,,,,,,,,,0.0,0.0,,,,0.0,0,,
211301,2012,,prov_21,2016.0,2018.0,,,,,,,0,0,,,,,,,,,,,,,,,,,0.0,0.0,,,,0.0,0,,
211301,2013,,prov_21,2016.0,2018.0,,,,,,,0,0,,,,,,,,,,,,,,,,,0.0,0.0,,,,0.0,0,,
211301,2014,,prov_21,2016.0,2018.0,,,,,,,0,0,,,,,,,,,,,,,,,,,0.0,0.0,,,,0.0,0,,
211301,2015,,prov_21,2016.0,2018.0,,,,,,,0,0,,,,,,,,,,,,,,,,,0.0,0.0,,,,0.0,0,,
211301,2016,,prov_21,2016.0,2018.0,,,,,,,0,0,2016.0,,,start_year_only,county_year_percent_progress,,,,,,,,,,,,1.0,0.0,,,,0.0,0,,
211301,2017,,prov_21,2016.0,2018.0,,,,,,,0,0,,,,,,,,,,,,,,,,,1.0,0.0,,,,0.0,0,,
211601,2009,,prov_21,2016.0,2018.0,,,,,,,0,0,,,,,,,,,,,,,,,,,0.0,0.0,,,,0.0,0,,
211601,2010,,prov_21,2016.0,2018.0,,,,,,,0,0,,,,,,,,,,,,,,,,,0.0,0.0,,,,0.0,0,,
211601,2011,,prov_21,2016.0,2018.0,,,,,,,0,0,,,,,,,,,,,,,,,,,0.0,0.0,,,,0.0,0,,
211601,2012,,prov_21,2016.0,2018.0,,,,,,,0,0,,,,,,,,,,,,,,,,,0.0,0.0,,,,0.0,0,,
211601,2013,,prov_21,2016.0,2018.0,,,,,,,0,0,,,,,,,,,,,,,,,,,0.0,0.0,,,,0.0,0,,
211601,2014,,prov_21,2016.0,2018.0,,,,,,,0,0,,,,,,,,,,,,,,,,,0.0,0.0,,,,0.0,0,,
211601,2015,,prov_21,2016.0,2018.0,,,,,,,0,0,,,,,,,,,,,,,,,,,0.0,0.0,,,,0.0,0,,
211601,2016,,prov_21,2016.0,2018.0,,,,,,,0,0,2016.0,,,start_year_only,county_year_percent_progress,,,,,,,,,,,,1.0,0.0,,,,0.0,0,,
211601,2017,,prov_21,2016.0,2018.0,,,,,,,0,0,,,,,,,,,,,,,,,,,1.0,0.0,,,,0.0,0,,
220301,2009,,prov_22,2015.0,2021.0,,,,,,,0,0,,,,,,,,,,,,,,,,,0.0,0.0,,,,0.0,0,,
220301,2010,,prov_22,2015.0,2021.0,,,,,,,0,0,,,,,,,,,,,,,,,,,0.0,0.0,,,,0.0,0,,
220301,2011,,prov_22,2015.0,2021.0,,,,,,,0,0,,,,,,,,,,,,,,,,,0.0,0.0,,,,0.0,0,,
220301,2012,,prov_22,2015.0,2021.0,,,,,,,0,0,,,,,,,,,,,,,,,,,0.0,0.0,,,,0.0,0,,
220301,2013,,prov_22,2015.0,2021.0,,,,,,,0,0,,,,,,,,,,,,,,,,,0.0,0.0,,,,0.0,0,,
220301,2014,,prov_22,2015.0,2021.0,,,,,,,0,0,,,,,,,,,,,,,,,,,0.0,0.0,,,,0.0,0,,
220301,2015,,prov_22,2015.0,2021.0,,,,,,,0,0,2015.0,,,start_year_only,county_year_percent_progress,,,,,,,,,,,,1.0,0.0,,,,0.0,0,,
220301,2016,,prov_22,2015.0,2021.0,,,,,,,0,0,,,,,,,,,,,,,,,,,1.0,0.0,,,,0.0,0,,
220301,2017,,prov_22,2015.0,2021.0,,,,,,,0,0,,,,,,,,,,,,,,,,,1.0,0.0,,,,0.0,0,,
220302,2009,铁西区,吉林省,2015.0,2021.0,,,,,,,0,0,,,,,,,,,,,,,,,,,0.0,0.0,,,,0.0,0,,
220302,2010,铁西区,吉林省,2015.0,2021.0,,,,,,,0,0,,,,,,,,,,,,,,,,,0.0,0.0,,,,0.0,0,,
220302,2011,铁西区,吉林省,2015.0,2021.0,,,,,,,0,0,,,,,,,,,,,,,,,,,0.0,0.0,,,,0.0,0,,
220302,2012,铁西区,吉林省,2015.0,2021.0,,,,,,,0,0,,,,,,,,,,,,,,,,,0.0,0.0,,,,0.0,0,,
220302,2013,铁西区,吉林省,2015.0,2021.0,,,,,,,0,0,,,,,,,,,,,,,,,,,0.0,0.0,,,,0.0,0,,
220302,2014,铁西区,吉林省,2015.0,2021.0,,,,,,,0,0,,,,,,,,,,,,,,,,,0.0,0.0,,,,0.0,0,,
220302,2015,铁西区,吉林省,2015.0,2021.0,,,,,,,0,0,2015.0,,,start_year_only,county_year_percent_progress,,,,,,,,,,,,1.0,0.0,,,,0.0,0,,
220302,2016,铁西区,吉林省,2015.0,2021.0,,,,,,,0,0,,,,,,,,,,,,,,,,,1.0,0.0,,,,0.0,0,,
220302,2017,铁西区,吉林省,2015.0,2021.0,,,,,,,0,0,,,,,,,,,,,,,,,,,1.0,0.0,,,,0.0,0,,
220401,2009,,prov_22,2015.0,2021.0,,,,,,,0,0,,,,,,,,,,,,,,,,,0.0,0.0,,,,0.0,0,,
220401,2010,,prov_22,2015.0,2021.0,,,,,,,0,0,,,,,,,,,,,,,,,,,0.0,0.0,,,,0.0,0,,
220401,2011,,prov_22,2015.0,2021.0,,,,,,,0,0,,,,,,,,,,,,,,,,,0.0,0.0,,,,0.0,0,,
220401,2012,,prov_22,2015.0,2021.0,,,,,,,0,0,,,,,,,,,,,,,,,,,0.0,0.0,,,,0.0,0,,
220401,2013,,prov_22,2015.0,2021.0,,,,,,,0,0,,,,,,,,,,,,,,,,,0.0,0.0,,,,0.0,0,,
220401,2014,,prov_22,2015.0,2021.0,,,,,,,0,0,,,,,,,,,,,,,,,,,0.0,0.0,,,,0.0,0,,
220401,2015,,prov_22,2015.0,2021.0,,,,,,,0,0,2015.0,,,start_year_only,county_year_percent_progress,,,,,,,,,,,,1.0,0.0,,,,0.0,0,,
220401,2016,,prov_22,2015.0,2021.0,,,,,,,0,0,,,,,,,,,,,,,,,,,1.0,0.0,,,,0.0,0,,
220401,2017,,prov_22,2015.0,2021.0,,,,,,,0,0,,,,,,,,,,,,,,,,,1.0,0.0,,,,0.0,0,,
220402,2009,龙山区,吉林省,2015.0,2021.0,,,,,,,0,0,,,,,,,,,,,,,,,,,0.0,0.0,,,,0.0,0,,
220402,2010,龙山区,吉林省,2015.0,2021.0,,,,,,,0,0,,,,,,,,,,,,,,,,,0.0,0.0,,,,0.0,0,,
220402,2011,龙山区,吉林省,2015.0,2021.0,,,,,,,0,0,,,,,,,,,,,,,,,,,0.0,0.0,,,,0.0,0,,
220402,2012,龙山区,吉林省,2015.0,2021.0,,,,,,,0,0,,,,,,,,,,,,,,,,,0.0,0.0,,,,0.0,0,,
220402,2013,龙山区,吉林省,2015.0,2021.0,,,,,,,0,0,,,,,,,,,,,,,,,,,0.0,0.0,,,,0.0,0,,
220402,2014,龙山区,吉林省,2015.0,2021.0,,,,,,,0,0,,,,,,,,,,,,,,,,,0.0,0.0,,,,0.0,0,,
220402,2015,龙山区,吉林省,2015.0,2021.0,,,,,,,0,0,2015.0,,,start_year_only,county_year_percent_progress,,,,,,,,,,,,1.0,0.0,,,,0.0,0,,
220402,2016,龙山区,吉林省,2015.0,2021.0,,,,,,,0,0,,,,,,,,,,,,,,,,,1.0,0.0,,,,0.0,0,,
220402,2017,龙山区,吉林省,2015.0,2021.0,,,,,,,0,0,,,,,,,,,,,,,,,,,1.0,0.0,,,,0.0,0,,
220501,2009,,prov_22,2015.0,2021.0,,,,,,,0,0,,,,,,,,,,,,,,,,,0.0,0.0,,,,0.0,0,,
220501,2010,,prov_22,2015.0,2021.0,,,,,,,0,0,,,,,,,,,,,,,,,,,0.0,0.0,,,,0.0,0,,
220501,2011,,prov_22,2015.0,2021.0,,,,,,,0,0,,,,,,,,,,,,,,,,,0.0,0.0,,,,0.0,0,,
220501,2012,,prov_22,2015.0,2021.0,,,,,,,0,0,,,,,,,,,,,,,,,,,0.0,0.0,,,,0.0,0,,
220501,2013,,prov_22,2015.0,2021.0,,,,,,,0,0,,,,,,,,,,,,,,,,,0.0,0.0,,,,0.0,0,,
220501,2014,,prov_22,2015.0,2021.0,,,,,,,0,0,,,,,,,,,,,,,,,,,0.0,0.0,,,,0.0,0,,
220501,2015,,prov_22,2015.0,2021.0,,,,,,,0,0,2015.0,,,start_year_only,county_year_percent_progress,,,,,,,,,,,,1.0,0.0,,,,0.0,0,,
220501,2016,,prov_22,2015.0,2021.0,,,,,,,0,0,,,,,,,,,,,,,,,,,1.0,0.0,,,,0.0,0,,
220501,2017,,prov_22,2015.0,2021.0,,,,,,,0,0,,,,,,,,,,,,,,,,,1.0,0.0,,,,0.0,0,,
220502,2009,东昌区,吉林省,2015.0,2021.0,,,,,,,0,0,,,,,,,,,,,,,,,,,0.0,0.0,,,,0.0,0,,
220502,2010,东昌区,吉林省,2015.0,2021.0,,,,,,,0,0,,,,,,,,,,,,,,,,,0.0,0.0,,,,0.0,0,,
220502,2011,东昌区,吉林省,2015.0,2021.0,,,,,,,0,0,,,,,,,,,,,,,,,,,0.0,0.0,,,,0.0,0,,
220502,2012,东昌区,吉林省,2015.0,2021.0,,,,,,,0,0,,,,,,,,,,,,,,,,,0.0,0.0,,,,0.0,0,,
220502,2013,东昌区,吉林省,2015.0,2021.0,,,,,,,0,0,,,,,,,,,,,,,,,,,0.0,0.0,,,,0.0,0,,
220502,2014,东昌区,吉林省,2015.0,2021.0,,,,,,,0,0,,,,,,,,,,,,,,,,,0.0,0.0,,,,0.0,0,,
220502,2015,东昌区,吉林省,2015.0,2021.0,,,,,,,0,0,2015.0,,,start_year_only,county_year_percent_progress,,,,,,,,,,,,1.0,0.0,,,,0.0,0,,
220502,2016,东昌区,吉林省,2015.0,2021.0,,,,,,,0,0,,,,,,,,,,,,,,,,,1.0,0.0,,,,0.0,0,,
220502,2017,东昌区,吉林省,2015.0,2021.0,,,,,,,0,0,,,,,,,,,,,,,,,,,1.0,0.0,,,,0.0,0,,
230203,2009,,prov_23,2016.0,2018.0,,,,,,,0,1,,,,,,,2018.0,,,,,0.0,,0.0,0.0,new_v2_rate,0.0,0.0,,,,0.0,1,0.0,0.0
230203,2010,,prov_23,2016.0,2018.0,,,,,,,0,1,,,,,,,2018.0,,,,,0.0,,0.0,0.0,new_v2_rate,0.0,0.0,,,,0.0,1,0.0,0.0
230203,2011,,prov_23,2016.0,2018.0,,,,,,,0,1,,,,,,,2018.0,,,,,0.0,,0.0,0.0,new_v2_rate,0.0,0.0,,,,0.0,1,0.0,0.0
230203,2012,,prov_23,2016.0,2018.0,,,,,,,0,1,,,,,,,2018.0,,,,,0.0,,0.0,0.0,new_v2_rate,0.0,0.0,,,,0.0,1,0.0,0.0
230203,2013,,prov_23,2016.0,2018.0,,,,,,,0,1,,,,,,,2018.0,,,,,0.0,,0.0,0.0,new_v2_rate,0.0,0.0,,,,0.0,1,0.0,0.0
230203,2014,,prov_23,2016.0,2018.0,,,,,,,0,1,,,,,,,2018.0,,,,,0.0,,0.0,0.0,new_v2_rate,0.0,0.0,,,,0.0,1,0.0,0.0
230203,2015,,prov_23,2016.0,2018.0,,,,,,,0,1,,,,,,,2018.0,,,,,0.0,,0.0,0.0,new_v2_rate,0.0,0.0,,,,0.0,1,0.0,0.0
230203,2016,,prov_23,2016.0,2018.0,,,,,,,0,1,2016.0,,,start_year_only,county_year_percent_progress,,2018.0,,,,,0.0,,0.0,0.0,new_v2_rate,1.0,0.0,,,,0.0,1,0.0,0.0
230203,2017,,prov_23,2016.0,2018.0,,,,,,,0,1,,,,,,,2018.0,,,,,0.0,,0.0,0.0,new_v2_rate,1.0,0.0,,,,0.0,1,0.0,0.0
230401,2009,,prov_23,2016.0,2018.0,,,,,,,0,1,,,,,,,2018.0,,,,,0.0,,0.0,0.0,new_v2_rate,0.0,0.0,,,,0.0,1,0.0,0.0
230401,2010,,prov_23,2016.0,2018.0,,,,,,,0,1,,,,,,,2018.0,,,,,0.0,,0.0,0.0,new_v2_rate,0.0,0.0,,,,0.0,1,0.0,0.0
230401,2011,,prov_23,2016.0,2018.0,,,,,,,0,1,,,,,,,2018.0,,,,,0.0,,0.0,0.0,new_v2_rate,0.0,0.0,,,,0.0,1,0.0,0.0
230401,2012,,prov_23,2016.0,2018.0,,,,,,,0,1,,,,,,,2018.0,,,,,0.0,,0.0,0.0,new_v2_rate,0.0,0.0,,,,0.0,1,0.0,0.0
230401,2013,,prov_23,2016.0,2018.0,,,,,,,0,1,,,,,,,2018.0,,,,,0.0,,0.0,0.0,new_v2_rate,0.0,0.0,,,,0.0,1,0.0,0.0
230401,2014,,prov_23,2016.0,2018.0,,,,,,,0,1,,,,,,,2018.0,,,,,0.0,,0.0,0.0,new_v2_rate,0.0,0.0,,,,0.0,1,0.0,0.0
230401,2015,,prov_23,2016.0,2018.0,,,,,,,0,1,,,,,,,2018.0,,,,,0.0,,0.0,0.0,new_v2_rate,0.0,0.0,,,,0.0,1,0.0,0.0
230401,2016,,prov_23,2016.0,2018.0,,,,,,,0,1,2016.0,,,start_year_only,county_year_percent_progress,,2018.0,,,,,0.0,,0.0,0.0,new_v2_rate,1.0,0.0,,,,0.0,1,0.0,0.0
230401,2017,,prov_23,2016.0,2018.0,,,,,,,0,1,,,,,,,2018.0,,,,,0.0,,0.0,0.0,new_v2_rate,1.0,0.0,,,,0.0,1,0.0,0.0
230402,2009,,prov_23,2016.0,2018.0,,,,,,,0,1,,,,,,,2018.0,,,,,0.0,,0.0,0.0,new_v2_rate,0.0,0.0,,,,0.0,1,0.0,0.0
230402,2010,,prov_23,2016.0,2018.0,,,,,,,0,1,,,,,,,2018.0,,,,,0.0,,0.0,0.0,new_v2_rate,0.0,0.0,,,,0.0,1,0.0,0.0
230402,2011,,prov_23,2016.0,2018.0,,,,,,,0,1,,,,,,,2018.0,,,,,0.0,,0.0,0.0,new_v2_rate,0.0,0.0,,,,0.0,1,0.0,0.0
230402,2012,,prov_23,2016.0,2018.0,,,,,,,0,1,,,,,,,2018.0,,,,,0.0,,0.0,0.0,new_v2_rate,0.0,0.0,,,,0.0,1,0.0,0.0
230402,2013,,prov_23,2016.0,2018.0,,,,,,,0,1,,,,,,,2018.0,,,,,0.0,,0.0,0.0,new_v2_rate,0.0,0.0,,,,0.0,1,0.0,0.0
230402,2014,,prov_23,2016.0,2018.0,,,,,,,0,1,,,,,,,2018.0,,,,,0.0,,0.0,0.0,new_v2_rate,0.0,0.0,,,,0.0,1,0.0,0.0
230402,2015,,prov_23,2016.0,2018.0,,,,,,,0,1,,,,,,,2018.0,,,,,0.0,,0.0,0.0,new_v2_rate,0.0,0.0,,,,0.0,1,0.0,0.0
230402,2016,,prov_23,2016.0,2018.0,,,,,,,0,1,2016.0,,,start_year_only,county_year_percent_progress,,2018.0,,,,,0.0,,0.0,0.0,new_v2_rate,1.0,0.0,,,,0.0,1,0.0,0.0
230402,2017,,prov_23,2016.0,2018.0,,,,,,,0,1,,,,,,,2018.0,,,,,0.0,,0.0,0.0,new_v2_rate,1.0,0.0,,,,0.0,1,0.0,0.0
230403,2009,,prov_23,2016.0,2018.0,,,,,,,0,1,,,,,,,2018.0,,,,,0.0,,0.0,0.0,new_v2_rate,0.0,0.0,,,,0.0,1,0.0,0.0
230403,2010,,prov_23,2016.0,2018.0,,,,,,,0,1,,,,,,,2018.0,,,,,0.0,,0.0,0.0,new_v2_rate,0.0,0.0,,,,0.0,1,0.0,0.0
230403,2011,,prov_23,2016.0,2018.0,,,,,,,0,1,,,,,,,2018.0,,,,,0.0,,0.0,0.0,new_v2_rate,0.0,0.0,,,,0.0,1,0.0,0.0
230403,2012,,prov_23,2016.0,2018.0,,,,,,,0,1,,,,,,,2018.0,,,,,0.0,,0.0,0.0,new_v2_rate,0.0,0.0,,,,0.0,1,0.0,0.0
230403,2013,,prov_23,2016.0,2018.0,,,,,,,0,1,,,,,,,2018.0,,,,,0.0,,0.0,0.0,new_v2_rate,0.0,0.0,,,,0.0,1,0.0,0.0
230403,2014,,prov_23,2016.0,2018.0,,,,,,,0,1,,,,,,,2018.0,,,,,0.0,,0.0,0.0,new_v2_rate,0.0,0.0,,,,0.0,1,0.0,0.0
230403,2015,,prov_23,2016.0,2018.0,,,,,,,0,1,,,,,,,2018.0,,,,,0.0,,0.0,0.0,new_v2_rate,0.0,0.0,,,,0.0,1,0.0,0.0
230403,2016,,prov_23,2016.0,2018.0,,,,,,,0,1,2016.0,,,start_year_only,county_year_percent_progress,,2018.0,,,,,0.0,,0.0,0.0,new_v2_rate,1.0,0.0,,,,0.0,1,0.0,0.0
230403,2017,,prov_23,2016.0,2018.0,,,,,,,0,1,,,,,,,2018.0,,,,,0.0,,0.0,0.0,new_v2_rate,1.0,0.0,,,,0.0,1,0.0,0.0
230501,2009,,prov_23,2016.0,2018.0,,,,,,,0,1,,,,,,,2018.0,,,,,0.0,,0.0,0.0,new_v2_rate,0.0,0.0,,,,0.0,1,0.0,0.0
230501,2010,,prov_23,2016.0,2018.0,,,,,,,0,1,,,,,,,2018.0,,,,,0.0,,0.0,0.0,new_v2_rate,0.0,0.0,,,,0.0,1,0.0,0.0
230501,2011,,prov_23,2016.0,2018.0,,,,,,,0,1,,,,,,,2018.0,,,,,0.0,,0.0,0.0,new_v2_rate,0.0,0.0,,,,0.0,1,0.0,0.0
230501,2012,,prov_23,2016.0,2018.0,,,,,,,0,1,,,,,,,2018.0,,,,,0.0,,0.0,0.0,new_v2_rate,0.0,0.0,,,,0.0,1,0.0,0.0
230501,2013,,prov_23,2016.0,2018.0,,,,,,,0,1,,,,,,,2018.0,,,,,0.0,,0.0,0.0,new_v2_rate,0.0,0.0,,,,0.0,1,0.0,0.0
230501,2014,,prov_23,2016.0,2018.0,,,,,,,0,1,,,,,,,2018.0,,,,,0.0,,0.0,0.0,new_v2_rate,0.0,0.0,,,,0.0,1,0.0,0.0
230501,2015,,prov_23,2016.0,2018.0,,,,,,,0,1,,,,,,,2018.0,,,,,0.0,,0.0,0.0,new_v2_rate,0.0,0.0,,,,0.0,1,0.0,0.0
230501,2016,,prov_23,2016.0,2018.0,,,,,,,0,1,2016.0,,,start_year_only,county_year_percent_progress,,2018.0,,,,,0.0,,0.0,0.0,new_v2_rate,1.0,0.0,,,,0.0,1,0.0,0.0
230501,2017,,prov_23,2016.0,2018.0,,,,,,,0,1,,,,,,,2018.0,,,,,0.0,,0.0,0.0,new_v2_rate,1.0,0.0,,,,0.0,1,0.0,0.0
230502,2009,,prov_23,2016.0,2018.0,,,,,,,0,1,,,,,,,2018.0,,,,,0.0,,0.0,0.0,new_v2_rate,0.0,0.0,,,,0.0,1,0.0,0.0
230502,2010,,prov_23,2016.0,2018.0,,,,,,,0,1,,,,,,,2018.0,,,,,0.0,,0.0,0.0,new_v2_rate,0.0,0.0,,,,0.0,1,0.0,0.0
230502,2011,,prov_23,2016.0,2018.0,,,,,,,0,1,,,,,,,2018.0,,,,,0.0,,0.0,0.0,new_v2_rate,0.0,0.0,,,,0.0,1,0.0,0.0
230502,2012,,prov_23,2016.0,2018.0,,,,,,,0,1,,,,,,,2018.0,,,,,0.0,,0.0,0.0,new_v2_rate,0.0,0.0,,,,0.0,1,0.0,0.0
230502,2013,,prov_23,2016.0,2018.0,,,,,,,0,1,,,,,,,2018.0,,,,,0.0,,0.0,0.0,new_v2_rate,0.0,0.0,,,,0.0,1,0.0,0.0
230502,2014,,prov_23,2016.0,2018.0,,,,,,,0,1,,,,,,,2018.0,,,,,0.0,,0.0,0.0,new_v2_rate,0.0,0.0,,,,0.0,1,0.0,0.0
230502,2015,,prov_23,2016.0,2018.0,,,,,,,0,1,,,,,,,2018.0,,,,,0.0,,0.0,0.0,new_v2_rate,0.0,0.0,,,,0.0,1,0.0,0.0
230502,2016,,prov_23,2016.0,2018.0,,,,,,,0,1,2016.0,,,start_year_only,county_year_percent_progress,,2018.0,,,,,0.0,,0.0,0.0,new_v2_rate,1.0,0.0,,,,0.0,1,0.0,0.0
230502,2017,,prov_23,2016.0,2018.0,,,,,,,0,1,,,,,,,2018.0,,,,,0.0,,0.0,0.0,new_v2_rate,1.0,0.0,,,,0.0,1,0.0,0.0
230503,2009,,prov_23,2016.0,2018.0,,,,,,,0,1,,,,,,,2018.0,,,,,0.0,,0.0,0.0,new_v2_rate,0.0,0.0,,,,0.0,1,0.0,0.0
230503,2010,,prov_23,2016.0,2018.0,,,,,,,0,1,,,,,,,2018.0,,,,,0.0,,0.0,0.0,new_v2_rate,0.0,0.0,,,,0.0,1,0.0,0.0
230503,2011,,prov_23,2016.0,2018.0,,,,,,,0,1,,,,,,,2018.0,,,,,0.0,,0.0,0.0,new_v2_rate,0.0,0.0,,,,0.0,1,0.0,0.0
230503,2012,,prov_23,2016.0,2018.0,,,,,,,0,1,,,,,,,2018.0,,,,,0.0,,0.0,0.0,new_v2_rate,0.0,0.0,,,,0.0,1,0.0,0.0
230503,2013,,prov_23,2016.0,2018.0,,,,,,,0,1,,,,,,,2018.0,,,,,0.0,,0.0,0.0,new_v2_rate,0.0,0.0,,,,0.0,1,0.0,0.0
230503,2014,,prov_23,2016.0,2018.0,,,,,,,0,1,,,,,,,2018.0,,,,,0.0,,0.0,0.0,new_v2_rate,0.0,0.0,,,,0.0,1,0.0,0.0
230503,2015,,prov_23,2016.0,2018.0,,,,,,,0,1,,,,,,,2018.0,,,,,0.0,,0.0,0.0,new_v2_rate,0.0,0.0,,,,0.0,1,0.0,0.0
230503,2016,,prov_23,2016.0,2018.0,,,,,,,0,1,2016.0,,,start_year_only,county_year_percent_progress,,2018.0,,,,,0.0,,0.0,0.0,new_v2_rate,1.0,0.0,,,,0.0,1,0.0,0.0
230503,2017,,prov_23,2016.0,2018.0,,,,,,,0,1,,,,,,,2018.0,,,,,0.0,,0.0,0.0,new_v2_rate,1.0,0.0,,,,0.0,1,0.0,0.0
320101,2009,,prov_32,2015.0,2017.0,,,,,,,1,0,,,,,,,,,,,,,,,,,0.0,0.0,,,,0.0,0,,
320101,2010,,prov_32,2015.0,2017.0,,,,,,,1,0,,,,,,,,,,,,,,,,,0.0,0.0,,,,0.0,0,,
320101,2011,,prov_32,2015.0,2017.0,,,,,,,1,0,,,,,,,,,,,,,,,,,0.0,0.0,,,,0.0,0,,
320101,2012,,prov_32,2015.0,2017.0,,,,,,,1,0,,,,,,,,,,,,,,,,,0.0,0.0,,,,0.0,0,,
320101,2013,,prov_32,2015.0,2017.0,,,,,,,1,0,,,,,,,,,,,,,,,,,0.0,0.0,,,,0.0,0,,
320101,2014,,prov_32,2015.0,2017.0,,,,,,,1,0,,,,,,,,,,,,,,,,,0.0,0.0,,,,0.0,0,,
320101,2015,,prov_32,2015.0,2017.0,,,,,,,1,0,2015.0,,,start_year_only,county_year_percent_progress,,,,,,,,,,,,1.0,0.0,,,,0.0,0,,
320101,2016,,prov_32,2015.0,2017.0,,,,,,,1,0,,,,,,,,,,,,,,,,,1.0,0.0,,,,0.0,0,,
320101,2017,,prov_32,2015.0,2017.0,,,,,,,1,0,2015.0,2017.0,,completed_year_only,county_year_percent_progress,,,,,,,,,,,,1.0,1.0,,,,1.0,0,,
320202,2009,崇安区,江苏省,2015.0,2017.0,,,,,,,0,0,,,,,,,,,,,,,,,,,0.0,0.0,,,,0.0,0,,
320202,2010,崇安区,江苏省,2015.0,2017.0,,,,,,,0,0,,,,,,,,,,,,,,,,,0.0,0.0,,,,0.0,0,,
320202,2011,崇安区,江苏省,2015.0,2017.0,,,,,,,0,0,,,,,,,,,,,,,,,,,0.0,0.0,,,,0.0,0,,
320202,2012,崇安区,江苏省,2015.0,2017.0,,,,,,,0,0,,,,,,,,,,,,,,,,,0.0,0.0,,,,0.0,0,,
320202,2013,崇安区,江苏省,2015.0,2017.0,,,,,,,0,0,,,,,,,,,,,,,,,,,0.0,0.0,,,,0.0,0,,
320202,2014,崇安区,江苏省,2015.0,2017.0,,,,,,,0,0,,,,,,,,,,,,,,,,,0.0,0.0,,,,0.0,0,,
320202,2015,崇安区,江苏省,2015.0,2017.0,,,,,,,0,0,2015.0,,,start_year_only,county_year_percent_progress,,,,,,,,,,,,1.0,0.0,,,,0.0,0,,
320202,2016,崇安区,江苏省,2015.0,2017.0,,,,,,,0,0,,,,,,,,,,,,,,,,,1.0,0.0,,,,0.0,0,,
320202,2017,崇安区,江苏省,2015.0,2017.0,,,,,,,0,0,2015.0,2017.0,,completed_year_only,county_year_percent_progress,,,,,,,,,,,,1.0,1.0,,,,1.0,0,,
320301,2009,,prov_32,2015.0,2017.0,,,,,,,0,0,,,,,,,,,,,,,,,,,0.0,0.0,,,,0.0,0,,
320301,2010,,prov_32,2015.0,2017.0,,,,,,,0,0,,,,,,,,,,,,,,,,,0.0,0.0,,,,0.0,0,,
320301,2011,,prov_32,2015.0,2017.0,,,,,,,0,0,,,,,,,,,,,,,,,,,0.0,0.0,,,,0.0,0,,
320301,2012,,prov_32,2015.0,2017.0,,,,,,,0,0,,,,,,,,,,,,,,,,,0.0,0.0,,,,0.0,0,,
320301,2013,,prov_32,2015.0,2017.0,,,,,,,0,0,,,,,,,,,,,,,,,,,0.0,0.0,,,,0.0,0,,
320301,2014,,prov_32,2015.0,2017.0,,,,,,,0,0,,,,,,,,,,,,,,,,,0.0,0.0,,,,0.0,0,,
320301,2015,,prov_32,2015.0,2017.0,,,,,,,0,0,2015.0,,,start_year_only,county_year_percent_progress,,,,,,,,,,,,1.0,0.0,,,,0.0,0,,
320301,2016,,prov_32,2015.0,2017.0,,,,,,,0,0,,,,,,,,,,,,,,,,,1.0,0.0,,,,0.0,0,,
320301,2017,,prov_32,2015.0,2017.0,,,,,,,0,0,2015.0,2017.0,,completed_year_only,county_year_percent_progress,,,,,,,,,,,,1.0,1.0,,,,1.0,0,,
320501,2009,,prov_32,2015.0,2017.0,,,,,,,0,0,,,,,,,,,,,,,,,,,0.0,0.0,,,,0.0,0,,
320501,2010,,prov_32,2015.0,2017.0,,,,,,,0,0,,,,,,,,,,,,,,,,,0.0,0.0,,,,0.0,0,,
320501,2011,,prov_32,2015.0,2017.0,,,,,,,0,0,,,,,,,,,,,,,,,,,0.0,0.0,,,,0.0,0,,
320501,2012,,prov_32,2015.0,2017.0,,,,,,,0,0,,,,,,,,,,,,,,,,,0.0,0.0,,,,0.0,0,,
320501,2013,,prov_32,2015.0,2017.0,,,,,,,0,0,,,,,,,,,,,,,,,,,0.0,0.0,,,,0.0,0,,
320501,2014,,prov_32,2015.0,2017.0,,,,,,,0,0,,,,,,,,,,,,,,,,,0.0,0.0,,,,0.0,0,,
320501,2015,,prov_32,2015.0,2017.0,,,,,,,0,0,2015.0,,,start_year_only,county_year_percent_progress,,,,,,,,,,,,1.0,0.0,,,,0.0,0,,
320501,2016,,prov_32,2015.0,2017.0,,,,,,,0,0,,,,,,,,,,,,,,,,,1.0,0.0,,,,0.0,0,,
320501,2017,,prov_32,2015.0,2017.0,,,,,,,0,0,2015.0,2017.0,,completed_year_only,county_year_percent_progress,,,,,,,,,,,,1.0,1.0,,,,1.0,0,,
320502,2009,,prov_32,2015.0,2017.0,,,,,,,0,0,,,,,,,,,,,,,,,,,0.0,0.0,,,,0.0,0,,
320502,2010,,prov_32,2015.0,2017.0,,,,,,,0,0,,,,,,,,,,,,,,,,,0.0,0.0,,,,0.0,0,,
320502,2011,,prov_32,2015.0,2017.0,,,,,,,0,0,,,,,,,,,,,,,,,,,0.0,0.0,,,,0.0,0,,
320502,2012,,prov_32,2015.0,2017.0,,,,,,,0,0,,,,,,,,,,,,,,,,,0.0,0.0,,,,0.0,0,,
320502,2013,,prov_32,2015.0,2017.0,,,,,,,0,0,,,,,,,,,,,,,,,,,0.0,0.0,,,,0.0,0,,
320502,2014,,prov_32,2015.0,2017.0,,,,,,,0,0,,,,,,,,,,,,,,,,,0.0,0.0,,,,0.0,0,,
320502,2015,,prov_32,2015.0,2017.0,,,,,,,0,0,2015.0,,,start_year_only,county_year_percent_progress,,,,,,,,,,,,1.0,0.0,,,,0.0,0,,
320502,2016,,prov_32,2015.0,2017.0,,,,,,,0,0,,,,,,,,,,,,,,,,,1.0,0.0,,,,0.0,0,,
320502,2017,,prov_32,2015.0,2017.0,,,,,,,0,0,2015.0,2017.0,,completed_year_only,county_year_percent_progress,,,,,,,,,,,,1.0,1.0,,,,1.0,0,,
320503,2009,,prov_32,2015.0,2017.0,,,,,,,0,0,,,,,,,,,,,,,,,,,0.0,0.0,,,,0.0,0,,
320503,2010,,prov_32,2015.0,2017.0,,,,,,,0,0,,,,,,,,,,,,,,,,,0.0,0.0,,,,0.0,0,,
320503,2011,,prov_32,2015.0,2017.0,,,,,,,0,0,,,,,,,,,,,,,,,,,0.0,0.0,,,,0.0,0,,
320503,2012,,prov_32,2015.0,2017.0,,,,,,,0,0,,,,,,,,,,,,,,,,,0.0,0.0,,,,0.0,0,,
320503,2013,,prov_32,2015.0,2017.0,,,,,,,0,0,,,,,,,,,,,,,,,,,0.0,0.0,,,,0.0,0,,
320503,2014,,prov_32,2015.0,2017.0,,,,,,,0,0,,,,,,,,,,,,,,,,,0.0,0.0,,,,0.0,0,,
320503,2015,,prov_32,2015.0,2017.0,,,,,,,0,0,2015.0,,,start_year_only,county_year_percent_progress,,,,,,,,,,,,1.0,0.0,,,,0.0,0,,
320503,2016,,prov_32,2015.0,2017.0,,,,,,,0,0,,,,,,,,,,,,,,,,,1.0,0.0,,,,0.0,0,,
320503,2017,,prov_32,2015.0,2017.0,,,,,,,0,0,2015.0,2017.0,,completed_year_only,county_year_percent_progress,,,,,,,,,,,,1.0,1.0,,,,1.0,0,,
320601,2009,,prov_32,2015.0,2017.0,,,,,,,0,0,,,,,,,,,,,,,,,,,0.0,0.0,,,,0.0,0,,
320601,2010,,prov_32,2015.0,2017.0,,,,,,,0,0,,,,,,,,,,,,,,,,,0.0,0.0,,,,0.0,0,,
320601,2011,,prov_32,2015.0,2017.0,,,,,,,0,0,,,,,,,,,,,,,,,,,0.0,0.0,,,,0.0,0,,
320601,2012,,prov_32,2015.0,2017.0,,,,,,,0,0,,,,,,,,,,,,,,,,,0.0,0.0,,,,0.0,0,,
320601,2013,,prov_32,2015.0,2017.0,,,,,,,0,0,,,,,,,,,,,,,,,,,0.0,0.0,,,,0.0,0,,
320601,2014,,prov_32,2015.0,2017.0,,,,,,,0,0,,,,,,,,,,,,,,,,,0.0,0.0,,,,0.0,0,,
320601,2015,,prov_32,2015.0,2017.0,,,,,,,0,0,2015.0,,,start_year_only,county_year_percent_progress,,,,,,,,,,,,1.0,0.0,,,,0.0,0,,
320601,2016,,prov_32,2015.0,2017.0,,,,,,,0,0,,,,,,,,,,,,,,,,,1.0,0.0,,,,0.0,0,,
320601,2017,,prov_32,2015.0,2017.0,,,,,,,0,0,2015.0,2017.0,,completed_year_only,county_year_percent_progress,,,,,,,,,,,,1.0,1.0,,,,1.0,0,,
320603,2009,,prov_32,2015.0,2017.0,,,,,,,0,0,,,,,,,,,,,,,,,,,0.0,0.0,,,,0.0,0,,
320603,2010,,prov_32,2015.0,2017.0,,,,,,,0,0,,,,,,,,,,,,,,,,,0.0,0.0,,,,0.0,0,,
320603,2011,,prov_32,2015.0,2017.0,,,,,,,0,0,,,,,,,,,,,,,,,,,0.0,0.0,,,,0.0,0,,
320603,2012,,prov_32,2015.0,2017.0,,,,,,,0,0,,,,,,,,,,,,,,,,,0.0,0.0,,,,0.0,0,,
320603,2013,,prov_32,2015.0,2017.0,,,,,,,0,0,,,,,,,,,,,,,,,,,0.0,0.0,,,,0.0,0,,
320603,2014,,prov_32,2015.0,2017.0,,,,,,,0,0,,,,,,,,,,,,,,,,,0.0,0.0,,,,0.0,0,,
320603,2015,,prov_32,2015.0,2017.0,,,,,,,0,0,2015.0,,,start_year_only,county_year_percent_progress,,,,,,,,,,,,1.0,0.0,,,,0.0,0,,
320603,2016,,prov_32,2015.0,2017.0,,,,,,,0,0,,,,,,,,,,,,,,,,,1.0,0.0,,,,0.0,0,,
320603,2017,,prov_32,2015.0,2017.0,,,,,,,0,0,2015.0,2017.0,,completed_year_only,county_year_percent_progress,,,,,,,,,,,,1.0,1.0,,,,1.0,0,,
320701,2009,,prov_32,2015.0,2017.0,,,,,,,0,0,,,,,,,,,,,,,,,,,0.0,0.0,,,,0.0,0,,
320701,2010,,prov_32,2015.0,2017.0,,,,,,,0,0,,,,,,,,,,,,,,,,,0.0,0.0,,,,0.0,0,,
320701,2011,,prov_32,2015.0,2017.0,,,,,,,0,0,,,,,,,,,,,,,,,,,0.0,0.0,,,,0.0,0,,
320701,2012,,prov_32,2015.0,2017.0,,,,,,,0,0,,,,,,,,,,,,,,,,,0.0,0.0,,,,0.0,0,,
320701,2013,,prov_32,2015.0,2017.0,,,,,,,0,0,,,,,,,,,,,,,,,,,0.0,0.0,,,,0.0,0,,
320701,2014,,prov_32,2015.0,2017.0,,,,,,,0,0,,,,,,,,,,,,,,,,,0.0,0.0,,,,0.0,0,,
320701,2015,,prov_32,2015.0,2017.0,,,,,,,0,0,2015.0,,,start_year_only,county_year_percent_progress,,,,,,,,,,,,1.0,0.0,,,,0.0,0,,
320701,2016,,prov_32,2015.0,2017.0,,,,,,,0,0,,,,,,,,,,,,,,,,,1.0,0.0,,,,0.0,0,,
320701,2017,,prov_32,2015.0,2017.0,,,,,,,0,0,2015.0,2017.0,,completed_year_only,county_year_percent_progress,,,,,,,,,,,,1.0,1.0,,,,1.0,0,,
320801,2009,,prov_32,2015.0,2017.0,,,,,,,0,0,,,,,,,,,,,,,,,,,0.0,0.0,,,,0.0,0,,
320801,2010,,prov_32,2015.0,2017.0,,,,,,,0,0,,,,,,,,,,,,,,,,,0.0,0.0,,,,0.0,0,,
320801,2011,,prov_32,2015.0,2017.0,,,,,,,0,0,,,,,,,,,,,,,,,,,0.0,0.0,,,,0.0,0,,
320801,2012,,prov_32,2015.0,2017.0,,,,,,,0,0,,,,,,,,,,,,,,,,,0.0,0.0,,,,0.0,0,,
320801,2013,,prov_32,2015.0,2017.0,,,,,,,0,0,,,,,,,,,,,,,,,,,0.0,0.0,,,,0.0,0,,
320801,2014,,prov_32,2015.0,2017.0,,,,,,,0,0,,,,,,,,,,,,,,,,,0.0,0.0,,,,0.0,0,,
320801,2015,,prov_32,2015.0,2017.0,,,,,,,0,0,2015.0,,,start_year_only,county_year_percent_progress,,,,,,,,,,,,1.0,0.0,,,,0.0,0,,
320801,2016,,prov_32,2015.0,2017.0,,,,,,,0,0,,,,,,,,,,,,,,,,,1.0,0.0,,,,0.0,0,,
320801,2017,,prov_32,2015.0,2017.0,,,,,,,0,0,2015.0,2017.0,,completed_year_only,county_year_percent_progress,,,,,,,,,,,,1.0,1.0,,,,1.0,0,,
320802,2009,清河区,江苏省,2015.0,2017.0,,,,,,,0,0,,,,,,,,,,,,,,,,,0.0,0.0,,,,0.0,0,,
320802,2010,清河区,江苏省,2015.0,2017.0,,,,,,,0,0,,,,,,,,,,,,,,,,,0.0,0.0,,,,0.0,0,,
320802,2011,清河区,江苏省,2015.0,2017.0,,,,,,,0,0,,,,,,,,,,,,,,,,,0.0,0.0,,,,0.0,0,,
320802,2012,清河区,江苏省,2015.0,2017.0,,,,,,,0,0,,,,,,,,,,,,,,,,,0.0,0.0,,,,0.0,0,,
320802,2013,清河区,江苏省,2015.0,2017.0,,,,,,,0,0,,,,,,,,,,,,,,,,,0.0,0.0,,,,0.0,0,,
320802,2014,清河区,江苏省,2015.0,2017.0,,,,,,,0,0,,,,,,,,,,,,,,,,,0.0,0.0,,,,0.0,0,,
320802,2015,清河区,江苏省,2015.0,2017.0,,,,,,,0,0,2015.0,,,start_year_only,county_year_percent_progress,,,,,,,,,,,,1.0,0.0,,,,0.0,0,,
320802,2016,清河区,江苏省,2015.0,2017.0,,,,,,,0,0,,,,,,,,,,,,,,,,,1.0,0.0,,,,0.0,0,,
320802,2017,清河区,江苏省,2015.0,2017.0,,,,,,,0,0,2015.0,2017.0,,completed_year_only,county_year_percent_progress,,,,,,,,,,,,1.0,1.0,,,,1.0,0,,
320803,2009,淮安区,江苏省,2015.0,2017.0,,,,,,,0,0,,,,,,,,,,,,,,,,,0.0,0.0,,,,0.0,0,,
320803,2010,淮安区,江苏省,2015.0,2017.0,,,,,,,0,0,,,,,,,,,,,,,,,,,0.0,0.0,,,,0.0,0,,
320803,2011,淮安区,江苏省,2015.0,2017.0,,,,,,,0,0,,,,,,,,,,,,,,,,,0.0,0.0,,,,0.0,0,,
320803,2012,淮安区,江苏省,2015.0,2017.0,,,,,,,0,0,,,,,,,,,,,,,,,,,0.0,0.0,,,,0.0,0,,
320803,2013,淮安区,江苏省,2015.0,2017.0,,,,,,,0,0,,,,,,,,,,,,,,,,,0.0,0.0,,,,0.0,0,,
320803,2014,淮安区,江苏省,2015.0,2017.0,,,,,,,0,0,,,,,,,,,,,,,,,,,0.0,0.0,,,,0.0,0,,
320803,2015,淮安区,江苏省,2015.0,2017.0,,,,,,,0,0,2015.0,,,start_year_only,county_year_percent_progress,,,,,,,,,,,,1.0,0.0,,,,0.0,0,,
320803,2016,淮安区,江苏省,2015.0,2017.0,,,,,,,0,0,,,,,,,,,,,,,,,,,1.0,0.0,,,,0.0,0,,
320803,2017,淮安区,江苏省,2015.0,2017.0,,,,,,,0,0,2015.0,2017.0,,completed_year_only,county_year_percent_progress,,,,,,,,,,,,1.0,1.0,,,,1.0,0,,
321001,2009,,prov_32,2015.0,2017.0,,,,,,,0,0,,,,,,,,,,,,,,,,,0.0,0.0,,,,0.0,0,,
321001,2010,,prov_32,2015.0,2017.0,,,,,,,0,0,,,,,,,,,,,,,,,,,0.0,0.0,,,,0.0,0,,
321001,2011,,prov_32,2015.0,2017.0,,,,,,,0,0,,,,,,,,,,,,,,,,,0.0,0.0,,,,0.0,0,,
321001,2012,,prov_32,2015.0,2017.0,,,,,,,0,0,,,,,,,,,,,,,,,,,0.0,0.0,,,,0.0,0,,
321001,2013,,prov_32,2015.0,2017.0,,,,,,,0,0,,,,,,,,,,,,,,,,,0.0,0.0,,,,0.0,0,,
321001,2014,,prov_32,2015.0,2017.0,,,,,,,0,0,,,,,,,,,,,,,,,,,0.0,0.0,,,,0.0,0,,
321001,2015,,prov_32,2015.0,2017.0,,,,,,,0,0,2015.0,,,start_year_only,county_year_percent_progress,,,,,,,,,,,,1.0,0.0,,,,0.0,0,,
321001,2016,,prov_32,2015.0,2017.0,,,,,,,0,0,,,,,,,,,,,,,,,,,1.0,0.0,,,,0.0,0,,
321001,2017,,prov_32,2015.0,2017.0,,,,,,,0,0,2015.0,2017.0,,completed_year_only,county_year_percent_progress,,,,,,,,,,,,1.0,1.0,,,,1.0,0,,
321201,2009,,prov_32,2015.0,2017.0,,,,,,,0,0,,,,,,,,,,,,,,,,,0.0,0.0,,,,0.0,0,,
321201,2010,,prov_32,2015.0,2017.0,,,,,,,0,0,,,,,,,,,,,,,,,,,0.0,0.0,,,,0.0,0,,
321201,2011,,prov_32,2015.0,2017.0,,,,,,,0,0,,,,,,,,,,,,,,,,,0.0,0.0,,,,0.0,0,,
321201,2012,,prov_32,2015.0,2017.0,,,,,,,0,0,,,,,,,,,,,,,,,,,0.0,0.0,,,,0.0,0,,
321201,2013,,prov_32,2015.0,2017.0,,,,,,,0,0,,,,,,,,,,,,,,,,,0.0,0.0,,,,0.0,0,,
321201,2014,,prov_32,2015.0,2017.0,,,,,,,0,0,,,,,,,,,,,,,,,,,0.0,0.0,,,,0.0,0,,
321201,2015,,prov_32,2015.0,2017.0,,,,,,,0,0,2015.0,,,start_year_only,county_year_percent_progress,,,,,,,,,,,,1.0,0.0,,,,0.0,0,,
321201,2016,,prov_32,2015.0,2017.0,,,,,,,0,0,,,,,,,,,,,,,,,,,1.0,0.0,,,,0.0,0,,
321201,2017,,prov_32,2015.0,2017.0,,,,,,,0,0,2015.0,2017.0,,completed_year_only,county_year_percent_progress,,,,,,,,,,,,1.0,1.0,,,,1.0,0,,
321301,2009,,prov_32,2015.0,2017.0,,,,,,,0,0,,,,,,,,,,,,,,,,,0.0,0.0,,,,0.0,0,,
321301,2010,,prov_32,2015.0,2017.0,,,,,,,0,0,,,,,,,,,,,,,,,,,0.0,0.0,,,,0.0,0,,
321301,2011,,prov_32,2015.0,2017.0,,,,,,,0,0,,,,,,,,,,,,,,,,,0.0,0.0,,,,0.0,0,,
321301,2012,,prov_32,2015.0,2017.0,,,,,,,0,0,,,,,,,,,,,,,,,,,0.0,0.0,,,,0.0,0,,
321301,2013,,prov_32,2015.0,2017.0,,,,,,,0,0,,,,,,,,,,,,,,,,,0.0,0.0,,,,0.0,0,,
321301,2014,,prov_32,2015.0,2017.0,,,,,,,0,0,,,,,,,,,,,,,,,,,0.0,0.0,,,,0.0,0,,
321301,2015,,prov_32,2015.0,2017.0,,,,,,,0,0,2015.0,,,start_year_only,county_year_percent_progress,,,,,,,,,,,,1.0,0.0,,,,0.0,0,,
321301,2016,,prov_32,2015.0,2017.0,,,,,,,0,0,,,,,,,,,,,,,,,,,1.0,0.0,,,,0.0,0,,
321301,2017,,prov_32,2015.0,2017.0,,,,,,,0,0,2015.0,2017.0,,completed_year_only,county_year_percent_progress,,,,,,,,,,,,1.0,1.0,,,,1.0,0,,
330106,2009,西湖区,浙江省,,,,,,,,,1,0,,,,,,,,,,,,,,,,,,,,,,,0,,
330106,2010,西湖区,浙江省,,,,,,,,,1,0,,,,,,,,,,,,,,,,,,,,,,,0,,
330106,2011,西湖区,浙江省,,,,,,,,,1,0,,,,,,,,,,,,,,,,,,,,,,,0,,
330106,2012,西湖区,浙江省,,,,,,,,,1,0,,,,,,,,,,,,,,,,,,,,,,,0,,
330106,2013,西湖区,浙江省,,,,,,,,,1,0,,,,,,,,,,,,,,,,,,,,,,,0,,
330106,2014,西湖区,浙江省,,,,,,,,,1,0,,,,,,,,,,,,,,,,,,,,,,,0,,
330106,2015,西湖区,浙江省,,,,,,,,,1,0,,,,,,,,,,,,,,,,,,,,,,,0,,
330106,2016,西湖区,浙江省,,,,,,,,,1,0,,,,,,,,,,,,,,,,,,,,,,,0,,
330106,2017,西湖区,浙江省,,,,,,,,,1,0,,,,,,,,,,,,,,,,,,,,,,,0,,
330109,2009,萧山区,浙江省,,,,,,,,,1,0,,,,,,,,,,,,,,,,,,,,,,,0,,
330109,2010,萧山区,浙江省,,,,,,,,,1,0,,,,,,,,,,,,,,,,,,,,,,,0,,
330109,2011,萧山区,浙江省,,,,,,,,,1,0,,,,,,,,,,,,,,,,,,,,,,,0,,
330109,2012,萧山区,浙江省,,,,,,,,,1,0,,,,,,,,,,,,,,,,,,,,,,,0,,
330109,2013,萧山区,浙江省,,,,,,,,,1,0,,,,,,,,,,,,,,,,,,,,,,,0,,
330109,2014,萧山区,浙江省,,,,,,,,,1,0,,,,,,,,,,,,,,,,,,,,,,,0,,
330109,2015,萧山区,浙江省,,,,,,,,,1,0,,,,,,,,,,,,,,,,,,,,,,,0,,
330109,2016,萧山区,浙江省,,,,,,,,,1,0,,,,,,,,,,,,,,,,,,,,,,,0,,
330109,2017,萧山区,浙江省,,,,,,,,,1,0,,,,,,,,,,,,,,,,,,,,,,,0,,
330110,2009,余杭区,浙江省,,,,,,,,,1,0,,,,,,,,,,,,,,,,,,,,,,,0,,
330110,2010,余杭区,浙江省,,,,,,,,,1,0,,,,,,,,,,,,,,,,,,,,,,,0,,
330110,2011,余杭区,浙江省,,,,,,,,,1,0,,,,,,,,,,,,,,,,,,,,,,,0,,
330110,2012,余杭区,浙江省,,,,,,,,,1,0,,,,,,,,,,,,,,,,,,,,,,,0,,
330110,2013,余杭区,浙江省,,,,,,,,,1,0,,,,,,,,,,,,,,,,,,,,,,,0,,
330110,2014,余杭区,浙江省,,,,,,,,,1,0,,,,,,,,,,,,,,,,,,,,,,,0,,
330110,2015,余杭区,浙江省,,,,,,,,,1,0,,,,,,,,,,,,,,,,,,,,,,,0,,
330110,2016,余杭区,浙江省,,,,,,,,,1,0,,,,,,,,,,,,,,,,,,,,,,,0,,
330110,2017,余杭区,浙江省,,,,,,,,,1,0,,,,,,,,,,,,,,,,,,,,,,,0,,
330111,2009,富阳区,浙江省,,,,,,,,,0,0,,,,,,,,,,,,,,,,,,,,,,,0,,
330111,2010,富阳区,浙江省,,,,,,,,,0,0,,,,,,,,,,,,,,,,,,,,,,,0,,
330111,2011,富阳区,浙江省,,,,,,,,,0,0,,,,,,,,,,,,,,,,,,,,,,,0,,
330111,2012,富阳区,浙江省,,,,,,,,,0,0,,,,,,,,,,,,,,,,,,,,,,,0,,
330111,2013,富阳区,浙江省,,,,,,,,,0,0,,,,,,,,,,,,,,,,,,,,,,,0,,
330111,2014,富阳区,浙江省,,,,,,,,,0,0,,,,,,,,,,,,,,,,,,,,,,,0,,
330111,2015,富阳区,浙江省,,,,,,,,,0,0,,,,,,,,,,,,,,,,,,,,,,,0,,
330111,2016,富阳区,浙江省,,,,,,,,,0,0,,,,,,,,,,,,,,,,,,,,,,,0,,
330111,2017,富阳区,浙江省,,,,,,,,,0,0,,,,,,,,,,,,,,,,,,,,,,,0,,
330112,2009,临安区,浙江省,,,,,,,,,0,0,,,,,,,,,,,,,,,,,,,,,,,0,,
330112,2010,临安区,浙江省,,,,,,,,,0,0,,,,,,,,,,,,,,,,,,,,,,,0,,
330112,2011,临安区,浙江省,,,,,,,,,0,0,,,,,,,,,,,,,,,,,,,,,,,0,,
330112,2012,临安区,浙江省,,,,,,,,,0,0,,,,,,,,,,,,,,,,,,,,,,,0,,
330112,2013,临安区,浙江省,,,,,,,,,0,0,,,,,,,,,,,,,,,,,,,,,,,0,,
330112,2014,临安区,浙江省,,,,,,,,,0,0,,,,,,,,,,,,,,,,,,,,,,,0,,
330112,2015,临安区,浙江省,,,,,,,,,0,0,,,,,,,,,,,,,,,,,,,,,,,0,,
330112,2016,临安区,浙江省,,,,,,,,,0,0,,,,,,,,,,,,,,,,,,,,,,,0,,
330112,2017,临安区,浙江省,,,,,,,,,0,0,,,,,,,,,,,,,,,,,,,,,,,0,,
330122,2009,桐庐县,浙江省,,,,,,,,,0,0,,,,,,,,,,,,,,,,,,,,,,,0,,
330122,2010,桐庐县,浙江省,,,,,,,,,0,0,,,,,,,,,,,,,,,,,,,,,,,0,,
330122,2011,桐庐县,浙江省,,,,,,,,,0,0,,,,,,,,,,,,,,,,,,,,,,,0,,
330122,2012,桐庐县,浙江省,,,,,,,,,0,0,,,,,,,,,,,,,,,,,,,,,,,0,,
330122,2013,桐庐县,浙江省,,,,,,,,,0,0,,,,,,,,,,,,,,,,,,,,,,,0,,
330122,2014,桐庐县,浙江省,,,,,,,,,0,0,,,,,,,,,,,,,,,,,,,,,,,0,,
330122,2015,桐庐县,浙江省,,,,,,,,,0,0,,,,,,,,,,,,,,,,,,,,,,,0,,
330122,2016,桐庐县,浙江省,,,,,,,,,0,0,,,,,,,,,,,,,,,,,,,,,,,0,,
330122,2017,桐庐县,浙江省,,,,,,,,,0,0,,,,,,,,,,,,,,,,,,,,,,,0,,
330127,2009,淳安县,浙江省,,,,,,,,,0,0,,,,,,,,,,,,,,,,,,,,,,,0,,
330127,2010,淳安县,浙江省,,,,,,,,,0,0,,,,,,,,,,,,,,,,,,,,,,,0,,
330127,2011,淳安县,浙江省,,,,,,,,,0,0,,,,,,,,,,,,,,,,,,,,,,,0,,
330127,2012,淳安县,浙江省,,,,,,,,,0,0,,,,,,,,,,,,,,,,,,,,,,,0,,
330127,2013,淳安县,浙江省,,,,,,,,,0,0,,,,,,,,,,,,,,,,,,,,,,,0,,
330127,2014,淳安县,浙江省,,,,,,,,,0,0,,,,,,,,,,,,,,,,,,,,,,,0,,
330127,2015,淳安县,浙江省,,,,,,,,,0,0,,,,,,,,,,,,,,,,,,,,,,,0,,
330127,2016,淳安县,浙江省,,,,,,,,,0,0,,,,,,,,,,,,,,,,,,,,,,,0,,
330127,2017,淳安县,浙江省,,,,,,,,,0,0,,,,,,,,,,,,,,,,,,,,,,,0,,
330182,2009,建德市,浙江省,,,,,,,,,0,0,,,,,,,,,,,,,,,,,,,,,,,0,,
330182,2010,建德市,浙江省,,,,,,,,,0,0,,,,,,,,,,,,,,,,,,,,,,,0,,
330182,2011,建德市,浙江省,,,,,,,,,0,0,,,,,,,,,,,,,,,,,,,,,,,0,,
330182,2012,建德市,浙江省,,,,,,,,,0,0,,,,,,,,,,,,,,,,,,,,,,,0,,
330182,2013,建德市,浙江省,,,,,,,,,0,0,,,,,,,,,,,,,,,,,,,,,,,0,,
330182,2014,建德市,浙江省,,,,,,,,,0,0,,,,,,,,,,,,,,,,,,,,,,,0,,
330182,2015,建德市,浙江省,,,,,,,,,0,0,,,,,,,,,,,,,,,,,,,,,,,0,,
330182,2016,建德市,浙江省,,,,,,,,,0,0,,,,,,,,,,,,,,,,,,,,,,,0,,
330182,2017,建德市,浙江省,,,,,,,,,0,0,,,,,,,,,,,,,,,,,,,,,,,0,,
330203,2009,海曙区,浙江省,,,,,,,,,0,0,,,,,,,,,,,,,,,,,,,,,,,0,,
330203,2010,海曙区,浙江省,,,,,,,,,0,0,,,,,,,,,,,,,,,,,,,,,,,0,,
330203,2011,海曙区,浙江省,,,,,,,,,0,0,,,,,,,,,,,,,,,,,,,,,,,0,,
330203,2012,海曙区,浙江省,,,,,,,,,0,0,,,,,,,,,,,,,,,,,,,,,,,0,,
330203,2013,海曙区,浙江省,,,,,,,,,0,0,,,,,,,,,,,,,,,,,,,,,,,0,,
330203,2014,海曙区,浙江省,,,,,,,,,0,0,,,,,,,,,,,,,,,,,,,,,,,0,,
330203,2015,海曙区,浙江省,,,,,,,,,0,0,,,,,,,,,,,,,,,,,,,,,,,0,,
330203,2016,海曙区,浙江省,,,,,,,,,0,0,,,,,,,,,,,,,,,,,,,,,,,0,,
330203,2017,海曙区,浙江省,,,,,,,,,0,0,,,,,,,,,,,,,,,,,,,,,,,0,,
330205,2009,江北区,浙江省,,,,,,,,,0,0,,,,,,,,,,,,,,,,,,,,,,,0,,
330205,2010,江北区,浙江省,,,,,,,,,0,0,,,,,,,,,,,,,,,,,,,,,,,0,,
330205,2011,江北区,浙江省,,,,,,,,,0,0,,,,,,,,,,,,,,,,,,,,,,,0,,
330205,2012,江北区,浙江省,,,,,,,,,0,0,,,,,,,,,,,,,,,,,,,,,,,0,,
330205,2013,江北区,浙江省,,,,,,,,,0,0,,,,,,,,,,,,,,,,,,,,,,,0,,
330205,2014,江北区,浙江省,,,,,,,,,0,0,,,,,,,,,,,,,,,,,,,,,,,0,,
330205,2015,江北区,浙江省,,,,,,,,,0,0,,,,,,,,,,,,,,,,,,,,,,,0,,
330205,2016,江北区,浙江省,,,,,,,,,0,0,,,,,,,,,,,,,,,,,,,,,,,0,,
330205,2017,江北区,浙江省,,,,,,,,,0,0,,,,,,,,,,,,,,,,,,,,,,,0,,
330206,2009,北仑区,浙江省,,,,,,,,,0,0,,,,,,,,,,,,,,,,,,,,,,,0,,
330206,2010,北仑区,浙江省,,,,,,,,,0,0,,,,,,,,,,,,,,,,,,,,,,,0,,
330206,2011,北仑区,浙江省,,,,,,,,,0,0,,,,,,,,,,,,,,,,,,,,,,,0,,
330206,2012,北仑区,浙江省,,,,,,,,,0,0,,,,,,,,,,,,,,,,,,,,,,,0,,
330206,2013,北仑区,浙江省,,,,,,,,,0,0,,,,,,,,,,,,,,,,,,,,,,,0,,
330206,2014,北仑区,浙江省,,,,,,,,,0,0,,,,,,,,,,,,,,,,,,,,,,,0,,
330206,2015,北仑区,浙江省,,,,,,,,,0,0,,,,,,,,,,,,,,,,,,,,,,,0,,
330206,2016,北仑区,浙江省,,,,,,,,,0,0,,,,,,,,,,,,,,,,,,,,,,,0,,
330206,2017,北仑区,浙江省,,,,,,,,,0,0,,,,,,,,,,,,,,,,,,,,,,,0,,
330211,2009,镇海区,浙江省,,,,,,,,,0,0,,,,,,,,,,,,,,,,,,,,,,,0,,
330211,2010,镇海区,浙江省,,,,,,,,,0,0,,,,,,,,,,,,,,,,,,,,,,,0,,
330211,2011,镇海区,浙江省,,,,,,,,,0,0,,,,,,,,,,,,,,,,,,,,,,,0,,
330211,2012,镇海区,浙江省,,,,,,,,,0,0,,,,,,,,,,,,,,,,,,,,,,,0,,
330211,2013,镇海区,浙江省,,,,,,,,,0,0,,,,,,,,,,,,,,,,,,,,,,,0,,
330211,2014,镇海区,浙江省,,,,,,,,,0,0,,,,,,,,,,,,,,,,,,,,,,,0,,
330211,2015,镇海区,浙江省,,,,,,,,,0,0,,,,,,,,,,,,,,,,,,,,,,,0,,
330211,2016,镇海区,浙江省,,,,,,,,,0,0,,,,,,,,,,,,,,,,,,,,,,,0,,
330211,2017,镇海区,浙江省,,,,,,,,,0,0,,,,,,,,,,,,,,,,,,,,,,,0,,
330212,2009,鄞州区,浙江省,,,,,,,,,0,0,,,,,,,,,,,,,,,,,,,,,,,0,,
330212,2010,鄞州区,浙江省,,,,,,,,,0,0,,,,,,,,,,,,,,,,,,,,,,,0,,
330212,2011,鄞州区,浙江省,,,,,,,,,0,0,,,,,,,,,,,,,,,,,,,,,,,0,,
330212,2012,鄞州区,浙江省,,,,,,,,,0,0,,,,,,,,,,,,,,,,,,,,,,,0,,
330212,2013,鄞州区,浙江省,,,,,,,,,0,0,,,,,,,,,,,,,,,,,,,,,,,0,,
330212,2014,鄞州区,浙江省,,,,,,,,,0,0,,,,,,,,,,,,,,,,,,,,,,,0,,
330212,2015,鄞州区,浙江省,,,,,,,,,0,0,,,,,,,,,,,,,,,,,,,,,,,0,,
330212,2016,鄞州区,浙江省,,,,,,,,,0,0,,,,,,,,,,,,,,,,,,,,,,,0,,
330212,2017,鄞州区,浙江省,,,,,,,,,0,0,,,,,,,,,,,,,,,,,,,,,,,0,,
330213,2009,奉化区,浙江省,,,,,,,,,0,0,,,,,,,,,,,,,,,,,,,,,,,0,,
330213,2010,奉化区,浙江省,,,,,,,,,0,0,,,,,,,,,,,,,,,,,,,,,,,0,,
330213,2011,奉化区,浙江省,,,,,,,,,0,0,,,,,,,,,,,,,,,,,,,,,,,0,,
330213,2012,奉化区,浙江省,,,,,,,,,0,0,,,,,,,,,,,,,,,,,,,,,,,0,,
330213,2013,奉化区,浙江省,,,,,,,,,0,0,,,,,,,,,,,,,,,,,,,,,,,0,,
330213,2014,奉化区,浙江省,,,,,,,,,0,0,,,,,,,,,,,,,,,,,,,,,,,0,,
330213,2015,奉化区,浙江省,,,,,,,,,0,0,,,,,,,,,,,,,,,,,,,,,,,0,,
330213,2016,奉化区,浙江省,,,,,,,,,0,0,,,,,,,,,,,,,,,,,,,,,,,0,,
330213,2017,奉化区,浙江省,,,,,,,,,0,0,,,,,,,,,,,,,,,,,,,,,,,0,,
330225,2009,象山县,浙江省,,,,,,,,,0,0,,,,,,,,,,,,,,,,,,,,,,,0,,
330225,2010,象山县,浙江省,,,,,,,,,0,0,,,,,,,,,,,,,,,,,,,,,,,0,,
330225,2011,象山县,浙江省,,,,,,,,,0,0,,,,,,,,,,,,,,,,,,,,,,,0,,
330225,2012,象山县,浙江省,,,,,,,,,0,0,,,,,,,,,,,,,,,,,,,,,,,0,,
330225,2013,象山县,浙江省,,,,,,,,,0,0,,,,,,,,,,,,,,,,,,,,,,,0,,
330225,2014,象山县,浙江省,,,,,,,,,0,0,,,,,,,,,,,,,,,,,,,,,,,0,,
330225,2015,象山县,浙江省,,,,,,,,,0,0,,,,,,,,,,,,,,,,,,,,,,,0,,
330225,2016,象山县,浙江省,,,,,,,,,0,0,,,,,,,,,,,,,,,,,,,,,,,0,,
330225,2017,象山县,浙江省,,,,,,,,,0,0,,,,,,,,,,,,,,,,,,,,,,,0,,
330226,2009,宁海县,浙江省,,,,,,,,,0,0,,,,,,,,,,,,,,,,,,,,,,,0,,
330226,2010,宁海县,浙江省,,,,,,,,,0,0,,,,,,,,,,,,,,,,,,,,,,,0,,
330226,2011,宁海县,浙江省,,,,,,,,,0,0,,,,,,,,,,,,,,,,,,,,,,,0,,
330226,2012,宁海县,浙江省,,,,,,,,,0,0,,,,,,,,,,,,,,,,,,,,,,,0,,
330226,2013,宁海县,浙江省,,,,,,,,,0,0,,,,,,,,,,,,,,,,,,,,,,,0,,
330226,2014,宁海县,浙江省,,,,,,,,,0,0,,,,,,,,,,,,,,,,,,,,,,,0,,
330226,2015,宁海县,浙江省,,,,,,,,,0,0,,,,,,,,,,,,,,,,,,,,,,,0,,
330226,2016,宁海县,浙江省,,,,,,,,,0,0,,,,,,,,,,,,,,,,,,,,,,,0,,
330226,2017,宁海县,浙江省,,,,,,,,,0,0,,,,,,,,,,,,,,,,,,,,,,,0,,
330281,2009,余姚市,浙江省,,,,,,,,,0,0,,,,,,,,,,,,,,,,,,,,,,,0,,
330281,2010,余姚市,浙江省,,,,,,,,,0,0,,,,,,,,,,,,,,,,,,,,,,,0,,
330281,2011,余姚市,浙江省,,,,,,,,,0,0,,,,,,,,,,,,,,,,,,,,,,,0,,
330281,2012,余姚市,浙江省,,,,,,,,,0,0,,,,,,,,,,,,,,,,,,,,,,,0,,
330281,2013,余姚市,浙江省,,,,,,,,,0,0,,,,,,,,,,,,,,,,,,,,,,,0,,
330281,2014,余姚市,浙江省,,,,,,,,,0,0,,,,,,,,,,,,,,,,,,,,,,,0,,
330281,2015,余姚市,浙江省,,,,,,,,,0,0,,,,,,,,,,,,,,,,,,,,,,,0,,
330281,2016,余姚市,浙江省,,,,,,,,,0,0,,,,,,,,,,,,,,,,,,,,,,,0,,
330281,2017,余姚市,浙江省,,,,,,,,,0,0,,,,,,,,,,,,,,,,,,,,,,,0,,
330282,2009,慈溪市,浙江省,,,,,,,,,0,0,,,,,,,,,,,,,,,,,,,,,,,0,,
330282,2010,慈溪市,浙江省,,,,,,,,,0,0,,,,,,,,,,,,,,,,,,,,,,,0,,
330282,2011,慈溪市,浙江省,,,,,,,,,0,0,,,,,,,,,,,,,,,,,,,,,,,0,,
330282,2012,慈溪市,浙江省,,,,,,,,,0,0,,,,,,,,,,,,,,,,,,,,,,,0,,
330282,2013,慈溪市,浙江省,,,,,,,,,0,0,,,,,,,,,,,,,,,,,,,,,,,0,,
330282,2014,慈溪市,浙江省,,,,,,,,,0,0,,,,,,,,,,,,,,,,,,,,,,,0,,
330282,2015,慈溪市,浙江省,,,,,,,,,0,0,,,,,,,,,,,,,,,,,,,,,,,0,,
330282,2016,慈溪市,浙江省,,,,,,,,,0,0,,,,,,,,,,,,,,,,,,,,,,,0,,
330282,2017,慈溪市,浙江省,,,,,,,,,0,0,,,,,,,,,,,,,,,,,,,,,,,0,,
330302,2009,鹿城区,浙江省,,,,,,,,,0,0,,,,,,,,,,,,,,,,,,,,,,,0,,
330302,2010,鹿城区,浙江省,,,,,,,,,0,0,,,,,,,,,,,,,,,,,,,,,,,0,,
330302,2011,鹿城区,浙江省,,,,,,,,,0,0,,,,,,,,,,,,,,,,,,,,,,,0,,
330302,2012,鹿城区,浙江省,,,,,,,,,0,0,,,,,,,,,,,,,,,,,,,,,,,0,,
330302,2013,鹿城区,浙江省,,,,,,,,,0,0,,,,,,,,,,,,,,,,,,,,,,,0,,
330302,2014,鹿城区,浙江省,,,,,,,,,0,0,,,,,,,,,,,,,,,,,,,,,,,0,,
330302,2015,鹿城区,浙江省,,,,,,,,,0,0,,,,,,,,,,,,,,,,,,,,,,,0,,
330302,2016,鹿城区,浙江省,,,,,,,,,0,0,,,,,,,,,,,,,,,,,,,,,,,0,,
330302,2017,鹿城区,浙江省,,,,,,,,,0,0,,,,,,,,,,,,,,,,,,,,,,,0,,
330303,2009,龙湾区,浙江省,,,,,,,,,0,0,,,,,,,,,,,,,,,,,,,,,,,0,,
330303,2010,龙湾区,浙江省,,,,,,,,,0,0,,,,,,,,,,,,,,,,,,,,,,,0,,
330303,2011,龙湾区,浙江省,,,,,,,,,0,0,,,,,,,,,,,,,,,,,,,,,,,0,,
330303,2012,龙湾区,浙江省,,,,,,,,,0,0,,,,,,,,,,,,,,,,,,,,,,,0,,
330303,2013,龙湾区,浙江省,,,,,,,,,0,0,,,,,,,,,,,,,,,,,,,,,,,0,,
330303,2014,龙湾区,浙江省,,,,,,,,,0,0,,,,,,,,,,,,,,,,,,,,,,,0,,
330303,2015,龙湾区,浙江省,,,,,,,,,0,0,,,,,,,,,,,,,,,,,,,,,,,0,,
330303,2016,龙湾区,浙江省,,,,,,,,,0,0,,,,,,,,,,,,,,,,,,,,,,,0,,
330303,2017,龙湾区,浙江省,,,,,,,,,0,0,,,,,,,,,,,,,,,,,,,,,,,0,,
330304,2009,瓯海区,浙江省,,,,,,,,,0,0,,,,,,,,,,,,,,,,,,,,,,,0,,
330304,2010,瓯海区,浙江省,,,,,,,,,0,0,,,,,,,,,,,,,,,,,,,,,,,0,,
330304,2011,瓯海区,浙江省,,,,,,,,,0,0,,,,,,,,,,,,,,,,,,,,,,,0,,
330304,2012,瓯海区,浙江省,,,,,,,,,0,0,,,,,,,,,,,,,,,,,,,,,,,0,,
330304,2013,瓯海区,浙江省,,,,,,,,,0,0,,,,,,,,,,,,,,,,,,,,,,,0,,
330304,2014,瓯海区,浙江省,,,,,,,,,0,0,,,,,,,,,,,,,,,,,,,,,,,0,,
330304,2015,瓯海区,浙江省,,,,,,,,,0,0,,,,,,,,,,,,,,,,,,,,,,,0,,
330304,2016,瓯海区,浙江省,,,,,,,,,0,0,,,,,,,,,,,,,,,,,,,,,,,0,,
330304,2017,瓯海区,浙江省,,,,,,,,,0,0,,,,,,,,,,,,,,,,,,,,,,,0,,
330305,2009,洞头区,浙江省,,,,,,,,,0,0,,,,,,,,,,,,,,,,,,,,,,,0,,
330305,2010,洞头区,浙江省,,,,,,,,,0,0,,,,,,,,,,,,,,,,,,,,,,,0,,
330305,2011,洞头区,浙江省,,,,,,,,,0,0,,,,,,,,,,,,,,,,,,,,,,,0,,
330305,2012,洞头区,浙江省,,,,,,,,,0,0,,,,,,,,,,,,,,,,,,,,,,,0,,
330305,2013,洞头区,浙江省,,,,,,,,,0,0,,,,,,,,,,,,,,,,,,,,,,,0,,
330305,2014,洞头区,浙江省,,,,,,,,,0,0,,,,,,,,,,,,,,,,,,,,,,,0,,
330305,2015,洞头区,浙江省,,,,,,,,,0,0,,,,,,,,,,,,,,,,,,,,,,,0,,
330305,2016,洞头区,浙江省,,,,,,,,,0,0,,,,,,,,,,,,,,,,,,,,,,,0,,
330305,2017,洞头区,浙江省,,,,,,,,,0,0,,,,,,,,,,,,,,,,,,,,,,,0,,
330324,2009,永嘉县,浙江省,,,,,,,,,0,0,,,,,,,,,,,,,,,,,,,,,,,0,,
330324,2010,永嘉县,浙江省,,,,,,,,,0,0,,,,,,,,,,,,,,,,,,,,,,,0,,
330324,2011,永嘉县,浙江省,,,,,,,,,0,0,,,,,,,,,,,,,,,,,,,,,,,0,,
330324,2012,永嘉县,浙江省,,,,,,,,,0,0,,,,,,,,,,,,,,,,,,,,,,,0,,
330324,2013,永嘉县,浙江省,,,,,,,,,0,0,,,,,,,,,,,,,,,,,,,,,,,0,,
330324,2014,永嘉县,浙江省,,,,,,,,,0,0,,,,,,,,,,,,,,,,,,,,,,,0,,
330324,2015,永嘉县,浙江省,,,,,,,,,0,0,,,,,,,,,,,,,,,,,,,,,,,0,,
330324,2016,永嘉县,浙江省,,,,,,,,,0,0,,,,,,,,,,,,,,,,,,,,,,,0,,
330324,2017,永嘉县,浙江省,,,,,,,,,0,0,,,,,,,,,,,,,,,,,,,,,,,0,,
330326,2009,平阳县,浙江省,,,,,,,,,0,0,,,,,,,,,,,,,,,,,,,,,,,0,,
330326,2010,平阳县,浙江省,,,,,,,,,0,0,,,,,,,,,,,,,,,,,,,,,,,0,,
330326,2011,平阳县,浙江省,,,,,,,,,0,0,,,,,,,,,,,,,,,,,,,,,,,0,,
330326,2012,平阳县,浙江省,,,,,,,,,0,0,,,,,,,,,,,,,,,,,,,,,,,0,,
330326,2013,平阳县,浙江省,,,,,,,,,0,0,,,,,,,,,,,,,,,,,,,,,,,0,,
330326,2014,平阳县,浙江省,,,,,,,,,0,0,,,,,,,,,,,,,,,,,,,,,,,0,,
330326,2015,平阳县,浙江省,,,,,,,,,0,0,,,,,,,,,,,,,,,,,,,,,,,0,,
330326,2016,平阳县,浙江省,,,,,,,,,0,0,,,,,,,,,,,,,,,,,,,,,,,0,,
330326,2017,平阳县,浙江省,,,,,,,,,0,0,,,,,,,,,,,,,,,,,,,,,,,0,,
330327,2009,苍南县,浙江省,,,,,,,,,0,0,,,,,,,,,,,,,,,,,,,,,,,0,,
330327,2010,苍南县,浙江省,,,,,,,,,0,0,,,,,,,,,,,,,,,,,,,,,,,0,,
330327,2011,苍南县,浙江省,,,,,,,,,0,0,,,,,,,,,,,,,,,,,,,,,,,0,,
330327,2012,苍南县,浙江省,,,,,,,,,0,0,,,,,,,,,,,,,,,,,,,,,,,0,,
330327,2013,苍南县,浙江省,,,,,,,,,0,0,,,,,,,,,,,,,,,,,,,,,,,0,,
330327,2014,苍南县,浙江省,,,,,,,,,0,0,,,,,,,,,,,,,,,,,,,,,,,0,,
330327,2015,苍南县,浙江省,,,,,,,,,0,0,,,,,,,,,,,,,,,,,,,,,,,0,,
330327,2016,苍南县,浙江省,,,,,,,,,0,0,,,,,,,,,,,,,,,,,,,,,,,0,,
330327,2017,苍南县,浙江省,,,,,,,,,0,0,,,,,,,,,,,,,,,,,,,,,,,0,,
330328,2009,文成县,浙江省,,,,,,,,,0,0,,,,,,,,,,,,,,,,,,,,,,,0,,
330328,2010,文成县,浙江省,,,,,,,,,0,0,,,,,,,,,,,,,,,,,,,,,,,0,,
330328,2011,文成县,浙江省,,,,,,,,,0,0,,,,,,,,,,,,,,,,,,,,,,,0,,
330328,2012,文成县,浙江省,,,,,,,,,0,0,,,,,,,,,,,,,,,,,,,,,,,0,,
330328,2013,文成县,浙江省,,,,,,,,,0,0,,,,,,,,,,,,,,,,,,,,,,,0,,
330328,2014,文成县,浙江省,,,,,,,,,0,0,,,,,,,,,,,,,,,,,,,,,,,0,,
330328,2015,文成县,浙江省,,,,,,,,,0,0,,,,,,,,,,,,,,,,,,,,,,,0,,
330328,2016,文成县,浙江省,,,,,,,,,0,0,,,,,,,,,,,,,,,,,,,,,,,0,,
330328,2017,文成县,浙江省,,,,,,,,,0,0,,,,,,,,,,,,,,,,,,,,,,,0,,
330329,2009,泰顺县,浙江省,,,,,,,,,0,0,,,,,,,,,,,,,,,,,,,,,,,0,,
330329,2010,泰顺县,浙江省,,,,,,,,,0,0,,,,,,,,,,,,,,,,,,,,,,,0,,
330329,2011,泰顺县,浙江省,,,,,,,,,0,0,,,,,,,,,,,,,,,,,,,,,,,0,,
330329,2012,泰顺县,浙江省,,,,,,,,,0,0,,,,,,,,,,,,,,,,,,,,,,,0,,
330329,2013,泰顺县,浙江省,,,,,,,,,0,0,,,,,,,,,,,,,,,,,,,,,,,0,,
330329,2014,泰顺县,浙江省,,,,,,,,,0,0,,,,,,,,,,,,,,,,,,,,,,,0,,
330329,2015,泰顺县,浙江省,,,,,,,,,0,0,,,,,,,,,,,,,,,,,,,,,,,0,,
330329,2016,泰顺县,浙江省,,,,,,,,,0,0,,,,,,,,,,,,,,,,,,,,,,,0,,
330329,2017,泰顺县,浙江省,,,,,,,,,0,0,,,,,,,,,,,,,,,,,,,,,,,0,,
330381,2009,瑞安市,浙江省,,,,,,,,,0,0,,,,,,,,,,,,,,,,,,,,,,,0,,
330381,2010,瑞安市,浙江省,,,,,,,,,0,0,,,,,,,,,,,,,,,,,,,,,,,0,,
330381,2011,瑞安市,浙江省,,,,,,,,,0,0,,,,,,,,,,,,,,,,,,,,,,,0,,
330381,2012,瑞安市,浙江省,,,,,,,,,0,0,,,,,,,,,,,,,,,,,,,,,,,0,,
330381,2013,瑞安市,浙江省,,,,,,,,,0,0,,,,,,,,,,,,,,,,,,,,,,,0,,
330381,2014,瑞安市,浙江省,,,,,,,,,0,0,,,,,,,,,,,,,,,,,,,,,,,0,,
330381,2015,瑞安市,浙江省,,,,,,,,,0,0,,,,,,,,,,,,,,,,,,,,,,,0,,
330381,2016,瑞安市,浙江省,,,,,,,,,0,0,,,,,,,,,,,,,,,,,,,,,,,0,,
330381,2017,瑞安市,浙江省,,,,,,,,,0,0,,,,,,,,,,,,,,,,,,,,,,,0,,
330382,2009,乐清市,浙江省,,,,,,,,,0,0,,,,,,,,,,,,,,,,,,,,,,,0,,
330382,2010,乐清市,浙江省,,,,,,,,,0,0,,,,,,,,,,,,,,,,,,,,,,,0,,
330382,2011,乐清市,浙江省,,,,,,,,,0,0,,,,,,,,,,,,,,,,,,,,,,,0,,
330382,2012,乐清市,浙江省,,,,,,,,,0,0,,,,,,,,,,,,,,,,,,,,,,,0,,
330382,2013,乐清市,浙江省,,,,,,,,,0,0,,,,,,,,,,,,,,,,,,,,,,,0,,
330382,2014,乐清市,浙江省,,,,,,,,,0,0,,,,,,,,,,,,,,,,,,,,,,,0,,
330382,2015,乐清市,浙江省,,,,,,,,,0,0,,,,,,,,,,,,,,,,,,,,,,,0,,
330382,2016,乐清市,浙江省,,,,,,,,,0,0,,,,,,,,,,,,,,,,,,,,,,,0,,
330382,2017,乐清市,浙江省,,,,,,,,,0,0,,,,,,,,,,,,,,,,,,,,,,,0,,
330401,2009,,浙江省,2015.0,,,,,,,,0,1,,,,,,,,,,,,,,,,,0.0,,,,,0.0,0,,
330401,2010,,浙江省,2015.0,,,,,,,,0,1,,,,,,,,,,,,,,,,,0.0,,,,,0.0,0,,
330401,2011,,浙江省,2015.0,,,,,,,,0,1,,,,,,,,,,,,,,,,,0.0,,,,,0.0,0,,
330401,2012,,浙江省,2015.0,,,,,,,,0,1,,,,,,,,,,,,,,,,,0.0,,,,,0.0,0,,
330401,2013,,浙江省,2015.0,,,,,,,,0,1,,,,,,,,,,,,,,,,,0.0,,,,,0.0,0,,
330401,2014,,浙江省,2015.0,,,,,,,,0,1,,,,,,,,,,,,,,,,,0.0,,,,,0.0,0,,
330401,2015,,浙江省,2015.0,,,,,,,,0,1,2015.0,,,start_year_only,county_year_percent_progress,,,,,,,,,,,,1.0,,,,,0.0,0,,
330401,2016,,浙江省,2015.0,,,,,,,,0,1,,,,,,,,,,,,,,,,,1.0,,,,,0.0,0,,
330401,2017,,浙江省,2015.0,,,,,,,,0,1,,,,,,,,,,,,,,,,,1.0,,,,,0.0,0,,
330402,2009,南湖区,浙江省,2015.0,2016.0,,,,,,,0,1,,,,,,,2016.0,,,,,0.0,,0.0,0.0,new_v2_rate,0.0,0.0,,,,0.0,1,0.0,0.0
330402,2010,南湖区,浙江省,2015.0,2016.0,,,,,,,0,1,,,,,,,2016.0,,,,,0.0,,0.0,0.0,new_v2_rate,0.0,0.0,,,,0.0,1,0.0,0.0
330402,2011,南湖区,浙江省,2015.0,2016.0,,,,,,,0,1,,,,,,,2016.0,,,,,0.0,,0.0,0.0,new_v2_rate,0.0,0.0,,,,0.0,1,0.0,0.0
330402,2012,南湖区,浙江省,2015.0,2016.0,,,,,,,0,1,,,,,,,2016.0,,,,,0.0,,0.0,0.0,new_v2_rate,0.0,0.0,,,,0.0,1,0.0,0.0
330402,2013,南湖区,浙江省,2015.0,2016.0,,,,,,,0,1,,,,,,,2016.0,,,,,0.0,,0.0,0.0,new_v2_rate,0.0,0.0,,,,0.0,1,0.0,0.0
330402,2014,南湖区,浙江省,2015.0,2016.0,,,,,,,0,1,,,,,,,2016.0,,,,,0.0,,0.0,0.0,new_v2_rate,0.0,0.0,,,,0.0,1,0.0,0.0
330402,2015,南湖区,浙江省,2015.0,2016.0,,,,,,,0,1,2015.0,,,start_year_only,county_year_percent_progress,,2016.0,,,,,0.0,,0.0,0.0,new_v2_rate,1.0,0.0,,,,0.0,1,0.0,0.0
330402,2016,南湖区,浙江省,2015.0,2016.0,,,,,,,0,1,2015.0,2016.0,,completed_year_only,county_year_percent_progress,,2016.0,,,,,1.0,,1.0,1.0,new_v2_rate,1.0,1.0,,,,1.0,1,1.0,1.0
330402,2017,南湖区,浙江省,2015.0,2016.0,,,,,,,0,1,,,,,,,2016.0,,,,,1.0,,1.0,1.0,new_v2_rate,1.0,1.0,,,,1.0,1,1.0,1.0
330411,2009,秀洲区,浙江省,,,,,,,,,0,0,,,,,,,,,,,,,,,,,,,,,,,0,,
330411,2010,秀洲区,浙江省,,,,,,,,,0,0,,,,,,,,,,,,,,,,,,,,,,,0,,
330411,2011,秀洲区,浙江省,,,,,,,,,0,0,,,,,,,,,,,,,,,,,,,,,,,0,,
330411,2012,秀洲区,浙江省,,,,,,,,,0,0,,,,,,,,,,,,,,,,,,,,,,,0,,
330411,2013,秀洲区,浙江省,,,,,,,,,0,0,,,,,,,,,,,,,,,,,,,,,,,0,,
330411,2014,秀洲区,浙江省,,,,,,,,,0,0,,,,,,,,,,,,,,,,,,,,,,,0,,
330411,2015,秀洲区,浙江省,,,,,,,,,0,0,,,,,,,,,,,,,,,,,,,,,,,0,,
330411,2016,秀洲区,浙江省,,,,,,,,,0,0,,,,,,,,,,,,,,,,,,,,,,,0,,
330411,2017,秀洲区,浙江省,,,,,,,,,0,0,,,,,,,,,,,,,,,,,,,,,,,0,,
330421,2009,嘉善县,浙江省,,,,,,,,,0,0,,,,,,,,,,,,,,,,,,,,,,,0,,
330421,2010,嘉善县,浙江省,,,,,,,,,0,0,,,,,,,,,,,,,,,,,,,,,,,0,,
330421,2011,嘉善县,浙江省,,,,,,,,,0,0,,,,,,,,,,,,,,,,,,,,,,,0,,
330421,2012,嘉善县,浙江省,,,,,,,,,0,0,,,,,,,,,,,,,,,,,,,,,,,0,,
330421,2013,嘉善县,浙江省,,,,,,,,,0,0,,,,,,,,,,,,,,,,,,,,,,,0,,
330421,2014,嘉善县,浙江省,,,,,,,,,0,0,,,,,,,,,,,,,,,,,,,,,,,0,,
330421,2015,嘉善县,浙江省,,,,,,,,,0,0,,,,,,,,,,,,,,,,,,,,,,,0,,
330421,2016,嘉善县,浙江省,,,,,,,,,0,0,,,,,,,,,,,,,,,,,,,,,,,0,,
330421,2017,嘉善县,浙江省,,,,,,,,,0,0,,,,,,,,,,,,,,,,,,,,,,,0,,
330424,2009,海盐县,浙江省,,,,,,,,,0,0,,,,,,,,,,,,,,,,,,,,,,,0,,
330424,2010,海盐县,浙江省,,,,,,,,,0,0,,,,,,,,,,,,,,,,,,,,,,,0,,
330424,2011,海盐县,浙江省,,,,,,,,,0,0,,,,,,,,,,,,,,,,,,,,,,,0,,
330424,2012,海盐县,浙江省,,,,,,,,,0,0,,,,,,,,,,,,,,,,,,,,,,,0,,
330424,2013,海盐县,浙江省,,,,,,,,,0,0,,,,,,,,,,,,,,,,,,,,,,,0,,
330424,2014,海盐县,浙江省,,,,,,,,,0,0,,,,,,,,,,,,,,,,,,,,,,,0,,
330424,2015,海盐县,浙江省,,,,,,,,,0,0,,,,,,,,,,,,,,,,,,,,,,,0,,
330424,2016,海盐县,浙江省,,,,,,,,,0,0,,,,,,,,,,,,,,,,,,,,,,,0,,
330424,2017,海盐县,浙江省,,,,,,,,,0,0,,,,,,,,,,,,,,,,,,,,,,,0,,
330481,2009,海宁市,浙江省,,,,,,,,,0,0,,,,,,,,,,,,,,,,,,,,,,,0,,
330481,2010,海宁市,浙江省,,,,,,,,,0,0,,,,,,,,,,,,,,,,,,,,,,,0,,
330481,2011,海宁市,浙江省,,,,,,,,,0,0,,,,,,,,,,,,,,,,,,,,,,,0,,
330481,2012,海宁市,浙江省,,,,,,,,,0,0,,,,,,,,,,,,,,,,,,,,,,,0,,
330481,2013,海宁市,浙江省,,,,,,,,,0,0,,,,,,,,,,,,,,,,,,,,,,,0,,
330481,2014,海宁市,浙江省,,,,,,,,,0,0,,,,,,,,,,,,,,,,,,,,,,,0,,
330481,2015,海宁市,浙江省,,,,,,,,,0,0,,,,,,,,,,,,,,,,,,,,,,,0,,
330481,2016,海宁市,浙江省,,,,,,,,,0,0,,,,,,,,,,,,,,,,,,,,,,,0,,
330481,2017,海宁市,浙江省,,,,,,,,,0,0,,,,,,,,,,,,,,,,,,,,,,,0,,
330482,2009,平湖市,浙江省,,,,,,,,,0,0,,,,,,,,,,,,,,,,,,,,,,,0,,
330482,2010,平湖市,浙江省,,,,,,,,,0,0,,,,,,,,,,,,,,,,,,,,,,,0,,
330482,2011,平湖市,浙江省,,,,,,,,,0,0,,,,,,,,,,,,,,,,,,,,,,,0,,
330482,2012,平湖市,浙江省,,,,,,,,,0,0,,,,,,,,,,,,,,,,,,,,,,,0,,
330482,2013,平湖市,浙江省,,,,,,,,,0,0,,,,,,,,,,,,,,,,,,,,,,,0,,
330482,2014,平湖市,浙江省,,,,,,,,,0,0,,,,,,,,,,,,,,,,,,,,,,,0,,
330482,2015,平湖市,浙江省,,,,,,,,,0,0,,,,,,,,,,,,,,,,,,,,,,,0,,
330482,2016,平湖市,浙江省,,,,,,,,,0,0,,,,,,,,,,,,,,,,,,,,,,,0,,
330482,2017,平湖市,浙江省,,,,,,,,,0,0,,,,,,,,,,,,,,,,,,,,,,,0,,
330483,2009,桐乡市,浙江省,,,,,,,,,0,0,,,,,,,,,,,,,,,,,,,,,,,0,,
330483,2010,桐乡市,浙江省,,,,,,,,,0,0,,,,,,,,,,,,,,,,,,,,,,,0,,
330483,2011,桐乡市,浙江省,,,,,,,,,0,0,,,,,,,,,,,,,,,,,,,,,,,0,,
330483,2012,桐乡市,浙江省,,,,,,,,,0,0,,,,,,,,,,,,,,,,,,,,,,,0,,
330483,2013,桐乡市,浙江省,,,,,,,,,0,0,,,,,,,,,,,,,,,,,,,,,,,0,,
330483,2014,桐乡市,浙江省,,,,,,,,,0,0,,,,,,,,,,,,,,,,,,,,,,,0,,
330483,2015,桐乡市,浙江省,,,,,,,,,0,0,,,,,,,,,,,,,,,,,,,,,,,0,,
330483,2016,桐乡市,浙江省,,,,,,,,,0,0,,,,,,,,,,,,,,,,,,,,,,,0,,
330483,2017,桐乡市,浙江省,,,,,,,,,0,0,,,,,,,,,,,,,,,,,,,,,,,0,,
330501,2009,,浙江省,2015.0,,,,,,,,0,1,,,,,,,,,,,,,,,,,0.0,,,,,0.0,0,,
330501,2010,,浙江省,2015.0,,,,,,,,0,1,,,,,,,,,,,,,,,,,0.0,,,,,0.0,0,,
330501,2011,,浙江省,2015.0,,,,,,,,0,1,,,,,,,,,,,,,,,,,0.0,,,,,0.0,0,,
330501,2012,,浙江省,2015.0,,,,,,,,0,1,,,,,,,,,,,,,,,,,0.0,,,,,0.0,0,,
330501,2013,,浙江省,2015.0,,,,,,,,0,1,,,,,,,,,,,,,,,,,0.0,,,,,0.0,0,,
330501,2014,,浙江省,2015.0,,,,,,,,0,1,,,,,,,,,,,,,,,,,0.0,,,,,0.0,0,,
330501,2015,,浙江省,2015.0,,,,,,,,0,1,2015.0,,,start_year_only,county_year_percent_progress,,,,,,,,,,,,1.0,,,,,0.0,0,,
330501,2016,,浙江省,2015.0,,,,,,,,0,1,,,,,,,,,,,,,,,,,1.0,,,,,0.0,0,,
330501,2017,,浙江省,2015.0,,,,,,,,0,1,,,,,,,,,,,,,,,,,1.0,,,,,0.0,0,,
330502,2009,吴兴区,浙江省,,,,,,,,,0,0,,,,,,,,,,,,,,,,,,,,,,,0,,
330502,2010,吴兴区,浙江省,,,,,,,,,0,0,,,,,,,,,,,,,,,,,,,,,,,0,,
330502,2011,吴兴区,浙江省,,,,,,,,,0,0,,,,,,,,,,,,,,,,,,,,,,,0,,
330502,2012,吴兴区,浙江省,,,,,,,,,0,0,,,,,,,,,,,,,,,,,,,,,,,0,,
330502,2013,吴兴区,浙江省,,,,,,,,,0,0,,,,,,,,,,,,,,,,,,,,,,,0,,
330502,2014,吴兴区,浙江省,,,,,,,,,0,0,,,,,,,,,,,,,,,,,,,,,,,0,,
330502,2015,吴兴区,浙江省,,,,,,,,,0,0,,,,,,,,,,,,,,,,,,,,,,,0,,
330502,2016,吴兴区,浙江省,,,,,,,,,0,0,,,,,,,,,,,,,,,,,,,,,,,0,,
330502,2017,吴兴区,浙江省,,,,,,,,,0,0,,,,,,,,,,,,,,,,,,,,,,,0,,
330503,2009,南浔区,浙江省,,,,,,,,,0,0,,,,,,,,,,,,,,,,,,,,,,,0,,
330503,2010,南浔区,浙江省,,,,,,,,,0,0,,,,,,,,,,,,,,,,,,,,,,,0,,
330503,2011,南浔区,浙江省,,,,,,,,,0,0,,,,,,,,,,,,,,,,,,,,,,,0,,
330503,2012,南浔区,浙江省,,,,,,,,,0,0,,,,,,,,,,,,,,,,,,,,,,,0,,
330503,2013,南浔区,浙江省,,,,,,,,,0,0,,,,,,,,,,,,,,,,,,,,,,,0,,
330503,2014,南浔区,浙江省,,,,,,,,,0,0,,,,,,,,,,,,,,,,,,,,,,,0,,
330503,2015,南浔区,浙江省,,,,,,,,,0,0,,,,,,,,,,,,,,,,,,,,,,,0,,
330503,2016,南浔区,浙江省,,,,,,,,,0,0,,,,,,,,,,,,,,,,,,,,,,,0,,
330503,2017,南浔区,浙江省,,,,,,,,,0,0,,,,,,,,,,,,,,,,,,,,,,,0,,
330521,2009,德清县,浙江省,,,,,,,,,0,0,,,,,,,,,,,,,,,,,,,,,,,0,,
330521,2010,德清县,浙江省,,,,,,,,,0,0,,,,,,,,,,,,,,,,,,,,,,,0,,
330521,2011,德清县,浙江省,,,,,,,,,0,0,,,,,,,,,,,,,,,,,,,,,,,0,,
330521,2012,德清县,浙江省,,,,,,,,,0,0,,,,,,,,,,,,,,,,,,,,,,,0,,
330521,2013,德清县,浙江省,,,,,,,,,0,0,,,,,,,,,,,,,,,,,,,,,,,0,,
330521,2014,德清县,浙江省,,,,,,,,,0,0,,,,,,,,,,,,,,,,,,,,,,,0,,
330521,2015,德清县,浙江省,,,,,,,,,0,0,,,,,,,,,,,,,,,,,,,,,,,0,,
330521,2016,德清县,浙江省,,,,,,,,,0,0,,,,,,,,,,,,,,,,,,,,,,,0,,
330521,2017,德清县,浙江省,,,,,,,,,0,0,,,,,,,,,,,,,,,,,,,,,,,0,,
330522,2009,长兴县,浙江省,,,,,,,,,0,0,,,,,,,,,,,,,,,,,,,,,,,0,,
330522,2010,长兴县,浙江省,,,,,,,,,0,0,,,,,,,,,,,,,,,,,,,,,,,0,,
330522,2011,长兴县,浙江省,,,,,,,,,0,0,,,,,,,,,,,,,,,,,,,,,,,0,,
330522,2012,长兴县,浙江省,,,,,,,,,0,0,,,,,,,,,,,,,,,,,,,,,,,0,,
330522,2013,长兴县,浙江省,,,,,,,,,0,0,,,,,,,,,,,,,,,,,,,,,,,0,,
330522,2014,长兴县,浙江省,,,,,,,,,0,0,,,,,,,,,,,,,,,,,,,,,,,0,,
330522,2015,长兴县,浙江省,,,,,,,,,0,0,,,,,,,,,,,,,,,,,,,,,,,0,,
330522,2016,长兴县,浙江省,,,,,,,,,0,0,,,,,,,,,,,,,,,,,,,,,,,0,,
330522,2017,长兴县,浙江省,,,,,,,,,0,0,,,,,,,,,,,,,,,,,,,,,,,0,,
330523,2009,安吉县,浙江省,,,,,,,,,0,0,,,,,,,,,,,,,,,,,,,,,,,0,,
330523,2010,安吉县,浙江省,,,,,,,,,0,0,,,,,,,,,,,,,,,,,,,,,,,0,,
330523,2011,安吉县,浙江省,,,,,,,,,0,0,,,,,,,,,,,,,,,,,,,,,,,0,,
330523,2012,安吉县,浙江省,,,,,,,,,0,0,,,,,,,,,,,,,,,,,,,,,,,0,,
330523,2013,安吉县,浙江省,,,,,,,,,0,0,,,,,,,,,,,,,,,,,,,,,,,0,,
330523,2014,安吉县,浙江省,,,,,,,,,0,0,,,,,,,,,,,,,,,,,,,,,,,0,,
330523,2015,安吉县,浙江省,,,,,,,,,0,0,,,,,,,,,,,,,,,,,,,,,,,0,,
330523,2016,安吉县,浙江省,,,,,,,,,0,0,,,,,,,,,,,,,,,,,,,,,,,0,,
330523,2017,安吉县,浙江省,,,,,,,,,0,0,,,,,,,,,,,,,,,,,,,,,,,0,,
330602,2009,越城区,浙江省,2015.0,2016.0,,,,,,,0,1,,,,,,,2016.0,,,,,0.0,,0.0,0.0,new_v2_rate,0.0,0.0,,,,0.0,1,0.0,0.0
330602,2010,越城区,浙江省,2015.0,2016.0,,,,,,,0,1,,,,,,,2016.0,,,,,0.0,,0.0,0.0,new_v2_rate,0.0,0.0,,,,0.0,1,0.0,0.0
330602,2011,越城区,浙江省,2015.0,2016.0,,,,,,,0,1,,,,,,,2016.0,,,,,0.0,,0.0,0.0,new_v2_rate,0.0,0.0,,,,0.0,1,0.0,0.0
330602,2012,越城区,浙江省,2015.0,2016.0,,,,,,,0,1,,,,,,,2016.0,,,,,0.0,,0.0,0.0,new_v2_rate,0.0,0.0,,,,0.0,1,0.0,0.0
330602,2013,越城区,浙江省,2015.0,2016.0,,,,,,,0,1,,,,,,,2016.0,,,,,0.0,,0.0,0.0,new_v2_rate,0.0,0.0,,,,0.0,1,0.0,0.0
330602,2014,越城区,浙江省,2015.0,2016.0,,,,,,,0,1,,,,,,,2016.0,,,,,0.0,,0.0,0.0,new_v2_rate,0.0,0.0,,,,0.0,1,0.0,0.0
330602,2015,越城区,浙江省,2015.0,2016.0,,,,,,,0,1,2015.0,,,start_year_only,county_year_percent_progress,,2016.0,,,,,0.0,,0.0,0.0,new_v2_rate,1.0,0.0,,,,0.0,1,0.0,0.0
330602,2016,越城区,浙江省,2015.0,2016.0,,,,,,,0,1,2015.0,2016.0,,completed_year_only,county_year_percent_progress,,2016.0,,,,,1.0,,1.0,1.0,new_v2_rate,1.0,1.0,,,,1.0,1,1.0,1.0
330602,2017,越城区,浙江省,2015.0,2016.0,,,,,,,0,1,,,,,,,2016.0,,,,,1.0,,1.0,1.0,new_v2_rate,1.0,1.0,,,,1.0,1,1.0,1.0
330603,2009,柯桥区,浙江省,,,,,,,,,0,0,,,,,,,,,,,,,,,,,,,,,,,0,,
330603,2010,柯桥区,浙江省,,,,,,,,,0,0,,,,,,,,,,,,,,,,,,,,,,,0,,
330603,2011,柯桥区,浙江省,,,,,,,,,0,0,,,,,,,,,,,,,,,,,,,,,,,0,,
330603,2012,柯桥区,浙江省,,,,,,,,,0,0,,,,,,,,,,,,,,,,,,,,,,,0,,
330603,2013,柯桥区,浙江省,,,,,,,,,0,0,,,,,,,,,,,,,,,,,,,,,,,0,,
330603,2014,柯桥区,浙江省,,,,,,,,,0,0,,,,,,,,,,,,,,,,,,,,,,,0,,
330603,2015,柯桥区,浙江省,,,,,,,,,0,0,,,,,,,,,,,,,,,,,,,,,,,0,,
330603,2016,柯桥区,浙江省,,,,,,,,,0,0,,,,,,,,,,,,,,,,,,,,,,,0,,
330603,2017,柯桥区,浙江省,,,,,,,,,0,0,,,,,,,,,,,,,,,,,,,,,,,0,,
330604,2009,上虞区,浙江省,,,,,,,,,0,0,,,,,,,,,,,,,,,,,,,,,,,0,,
330604,2010,上虞区,浙江省,,,,,,,,,0,0,,,,,,,,,,,,,,,,,,,,,,,0,,
330604,2011,上虞区,浙江省,,,,,,,,,0,0,,,,,,,,,,,,,,,,,,,,,,,0,,
330604,2012,上虞区,浙江省,,,,,,,,,0,0,,,,,,,,,,,,,,,,,,,,,,,0,,
330604,2013,上虞区,浙江省,,,,,,,,,0,0,,,,,,,,,,,,,,,,,,,,,,,0,,
330604,2014,上虞区,浙江省,,,,,,,,,0,0,,,,,,,,,,,,,,,,,,,,,,,0,,
330604,2015,上虞区,浙江省,,,,,,,,,0,0,,,,,,,,,,,,,,,,,,,,,,,0,,
330604,2016,上虞区,浙江省,,,,,,,,,0,0,,,,,,,,,,,,,,,,,,,,,,,0,,
330604,2017,上虞区,浙江省,,,,,,,,,0,0,,,,,,,,,,,,,,,,,,,,,,,0,,
330624,2009,新昌县,浙江省,,,,,,,,,0,0,,,,,,,,,,,,,,,,,,,,,,,0,,
330624,2010,新昌县,浙江省,,,,,,,,,0,0,,,,,,,,,,,,,,,,,,,,,,,0,,
330624,2011,新昌县,浙江省,,,,,,,,,0,0,,,,,,,,,,,,,,,,,,,,,,,0,,
330624,2012,新昌县,浙江省,,,,,,,,,0,0,,,,,,,,,,,,,,,,,,,,,,,0,,
330624,2013,新昌县,浙江省,,,,,,,,,0,0,,,,,,,,,,,,,,,,,,,,,,,0,,
330624,2014,新昌县,浙江省,,,,,,,,,0,0,,,,,,,,,,,,,,,,,,,,,,,0,,
330624,2015,新昌县,浙江省,,,,,,,,,0,0,,,,,,,,,,,,,,,,,,,,,,,0,,
330624,2016,新昌县,浙江省,,,,,,,,,0,0,,,,,,,,,,,,,,,,,,,,,,,0,,
330624,2017,新昌县,浙江省,,,,,,,,,0,0,,,,,,,,,,,,,,,,,,,,,,,0,,
330681,2009,诸暨市,浙江省,,,,,,,,,0,0,,,,,,,,,,,,,,,,,,,,,,,0,,
330681,2010,诸暨市,浙江省,,,,,,,,,0,0,,,,,,,,,,,,,,,,,,,,,,,0,,
330681,2011,诸暨市,浙江省,,,,,,,,,0,0,,,,,,,,,,,,,,,,,,,,,,,0,,
330681,2012,诸暨市,浙江省,,,,,,,,,0,0,,,,,,,,,,,,,,,,,,,,,,,0,,
330681,2013,诸暨市,浙江省,,,,,,,,,0,0,,,,,,,,,,,,,,,,,,,,,,,0,,
330681,2014,诸暨市,浙江省,,,,,,,,,0,0,,,,,,,,,,,,,,,,,,,,,,,0,,
330681,2015,诸暨市,浙江省,,,,,,,,,0,0,,,,,,,,,,,,,,,,,,,,,,,0,,
330681,2016,诸暨市,浙江省,,,,,,,,,0,0,,,,,,,,,,,,,,,,,,,,,,,0,,
330681,2017,诸暨市,浙江省,,,,,,,,,0,0,,,,,,,,,,,,,,,,,,,,,,,0,,
330683,2009,嵊州市,浙江省,,,,,,,,,0,0,,,,,,,,,,,,,,,,,,,,,,,0,,
330683,2010,嵊州市,浙江省,,,,,,,,,0,0,,,,,,,,,,,,,,,,,,,,,,,0,,
330683,2011,嵊州市,浙江省,,,,,,,,,0,0,,,,,,,,,,,,,,,,,,,,,,,0,,
330683,2012,嵊州市,浙江省,,,,,,,,,0,0,,,,,,,,,,,,,,,,,,,,,,,0,,
330683,2013,嵊州市,浙江省,,,,,,,,,0,0,,,,,,,,,,,,,,,,,,,,,,,0,,
330683,2014,嵊州市,浙江省,,,,,,,,,0,0,,,,,,,,,,,,,,,,,,,,,,,0,,
330683,2015,嵊州市,浙江省,,,,,,,,,0,0,,,,,,,,,,,,,,,,,,,,,,,0,,
330683,2016,嵊州市,浙江省,,,,,,,,,0,0,,,,,,,,,,,,,,,,,,,,,,,0,,
330683,2017,嵊州市,浙江省,,,,,,,,,0,0,,,,,,,,,,,,,,,,,,,,,,,0,,
330702,2009,婺城区,浙江省,2015.0,,,,,,,,0,1,,,,,,,,,,,,,,,,,0.0,,,,,0.0,0,,
330702,2010,婺城区,浙江省,2015.0,,,,,,,,0,1,,,,,,,,,,,,,,,,,0.0,,,,,0.0,0,,
330702,2011,婺城区,浙江省,2015.0,,,,,,,,0,1,,,,,,,,,,,,,,,,,0.0,,,,,0.0,0,,
330702,2012,婺城区,浙江省,2015.0,,,,,,,,0,1,,,,,,,,,,,,,,,,,0.0,,,,,0.0,0,,
330702,2013,婺城区,浙江省,2015.0,,,,,,,,0,1,,,,,,,,,,,,,,,,,0.0,,,,,0.0,0,,
330702,2014,婺城区,浙江省,2015.0,,,,,,,,0,1,,,,,,,,,,,,,,,,,0.0,,,,,0.0,0,,
330702,2015,婺城区,浙江省,2015.0,,,,,,,,0,1,2015.0,,,start_year_only,county_year_percent_progress,,,,,,,,,,,,1.0,,,,,0.0,0,,
330702,2016,婺城区,浙江省,2015.0,,,,,,,,0,1,,,,,,,,,,,,,,,,,1.0,,,,,0.0,0,,
330702,2017,婺城区,浙江省,2015.0,,,,,,,,0,1,,,,,,,,,,,,,,,,,1.0,,,,,0.0,0,,
330703,2009,金东区,浙江省,,,,,,,,,0,0,,,,,,,,,,,,,,,,,,,,,,,0,,
330703,2010,金东区,浙江省,,,,,,,,,0,0,,,,,,,,,,,,,,,,,,,,,,,0,,
330703,2011,金东区,浙江省,,,,,,,,,0,0,,,,,,,,,,,,,,,,,,,,,,,0,,
330703,2012,金东区,浙江省,,,,,,,,,0,0,,,,,,,,,,,,,,,,,,,,,,,0,,
330703,2013,金东区,浙江省,,,,,,,,,0,0,,,,,,,,,,,,,,,,,,,,,,,0,,
330703,2014,金东区,浙江省,,,,,,,,,0,0,,,,,,,,,,,,,,,,,,,,,,,0,,
330703,2015,金东区,浙江省,,,,,,,,,0,0,,,,,,,,,,,,,,,,,,,,,,,0,,
330703,2016,金东区,浙江省,,,,,,,,,0,0,,,,,,,,,,,,,,,,,,,,,,,0,,
330703,2017,金东区,浙江省,,,,,,,,,0,0,,,,,,,,,,,,,,,,,,,,,,,0,,
330723,2009,武义县,浙江省,,,,,,,,,0,0,,,,,,,,,,,,,,,,,,,,,,,0,,
330723,2010,武义县,浙江省,,,,,,,,,0,0,,,,,,,,,,,,,,,,,,,,,,,0,,
330723,2011,武义县,浙江省,,,,,,,,,0,0,,,,,,,,,,,,,,,,,,,,,,,0,,
330723,2012,武义县,浙江省,,,,,,,,,0,0,,,,,,,,,,,,,,,,,,,,,,,0,,
330723,2013,武义县,浙江省,,,,,,,,,0,0,,,,,,,,,,,,,,,,,,,,,,,0,,
330723,2014,武义县,浙江省,,,,,,,,,0,0,,,,,,,,,,,,,,,,,,,,,,,0,,
330723,2015,武义县,浙江省,,,,,,,,,0,0,,,,,,,,,,,,,,,,,,,,,,,0,,
330723,2016,武义县,浙江省,,,,,,,,,0,0,,,,,,,,,,,,,,,,,,,,,,,0,,
330723,2017,武义县,浙江省,,,,,,,,,0,0,,,,,,,,,,,,,,,,,,,,,,,0,,
330726,2009,浦江县,浙江省,,,,,,,,,0,0,,,,,,,,,,,,,,,,,,,,,,,0,,
330726,2010,浦江县,浙江省,,,,,,,,,0,0,,,,,,,,,,,,,,,,,,,,,,,0,,
330726,2011,浦江县,浙江省,,,,,,,,,0,0,,,,,,,,,,,,,,,,,,,,,,,0,,
330726,2012,浦江县,浙江省,,,,,,,,,0,0,,,,,,,,,,,,,,,,,,,,,,,0,,
330726,2013,浦江县,浙江省,,,,,,,,,0,0,,,,,,,,,,,,,,,,,,,,,,,0,,
330726,2014,浦江县,浙江省,,,,,,,,,0,0,,,,,,,,,,,,,,,,,,,,,,,0,,
330726,2015,浦江县,浙江省,,,,,,,,,0,0,,,,,,,,,,,,,,,,,,,,,,,0,,
330726,2016,浦江县,浙江省,,,,,,,,,0,0,,,,,,,,,,,,,,,,,,,,,,,0,,
330726,2017,浦江县,浙江省,,,,,,,,,0,0,,,,,,,,,,,,,,,,,,,,,,,0,,
330727,2009,磐安县,浙江省,,,,,,,,,0,0,,,,,,,,,,,,,,,,,,,,,,,0,,
330727,2010,磐安县,浙江省,,,,,,,,,0,0,,,,,,,,,,,,,,,,,,,,,,,0,,
330727,2011,磐安县,浙江省,,,,,,,,,0,0,,,,,,,,,,,,,,,,,,,,,,,0,,
330727,2012,磐安县,浙江省,,,,,,,,,0,0,,,,,,,,,,,,,,,,,,,,,,,0,,
330727,2013,磐安县,浙江省,,,,,,,,,0,0,,,,,,,,,,,,,,,,,,,,,,,0,,
330727,2014,磐安县,浙江省,,,,,,,,,0,0,,,,,,,,,,,,,,,,,,,,,,,0,,
330727,2015,磐安县,浙江省,,,,,,,,,0,0,,,,,,,,,,,,,,,,,,,,,,,0,,
330727,2016,磐安县,浙江省,,,,,,,,,0,0,,,,,,,,,,,,,,,,,,,,,,,0,,
330727,2017,磐安县,浙江省,,,,,,,,,0,0,,,,,,,,,,,,,,,,,,,,,,,0,,
330781,2009,兰溪市,浙江省,,,,,,,,,0,0,,,,,,,,,,,,,,,,,,,,,,,0,,
330781,2010,兰溪市,浙江省,,,,,,,,,0,0,,,,,,,,,,,,,,,,,,,,,,,0,,
330781,2011,兰溪市,浙江省,,,,,,,,,0,0,,,,,,,,,,,,,,,,,,,,,,,0,,
330781,2012,兰溪市,浙江省,,,,,,,,,0,0,,,,,,,,,,,,,,,,,,,,,,,0,,
330781,2013,兰溪市,浙江省,,,,,,,,,0,0,,,,,,,,,,,,,,,,,,,,,,,0,,
330781,2014,兰溪市,浙江省,,,,,,,,,0,0,,,,,,,,,,,,,,,,,,,,,,,0,,
330781,2015,兰溪市,浙江省,,,,,,,,,0,0,,,,,,,,,,,,,,,,,,,,,,,0,,
330781,2016,兰溪市,浙江省,,,,,,,,,0,0,,,,,,,,,,,,,,,,,,,,,,,0,,
330781,2017,兰溪市,浙江省,,,,,,,,,0,0,,,,,,,,,,,,,,,,,,,,,,,0,,
330782,2009,义乌市,浙江省,,,,,,,,,0,0,,,,,,,,,,,,,,,,,,,,,,,0,,
330782,2010,义乌市,浙江省,,,,,,,,,0,0,,,,,,,,,,,,,,,,,,,,,,,0,,
330782,2011,义乌市,浙江省,,,,,,,,,0,0,,,,,,,,,,,,,,,,,,,,,,,0,,
330782,2012,义乌市,浙江省,,,,,,,,,0,0,,,,,,,,,,,,,,,,,,,,,,,0,,
330782,2013,义乌市,浙江省,,,,,,,,,0,0,,,,,,,,,,,,,,,,,,,,,,,0,,
330782,2014,义乌市,浙江省,,,,,,,,,0,0,,,,,,,,,,,,,,,,,,,,,,,0,,
330782,2015,义乌市,浙江省,,,,,,,,,0,0,,,,,,,,,,,,,,,,,,,,,,,0,,
330782,2016,义乌市,浙江省,,,,,,,,,0,0,,,,,,,,,,,,,,,,,,,,,,,0,,
330782,2017,义乌市,浙江省,,,,,,,,,0,0,,,,,,,,,,,,,,,,,,,,,,,0,,
330783,2009,东阳市,浙江省,,,,,,,,,0,0,,,,,,,,,,,,,,,,,,,,,,,0,,
330783,2010,东阳市,浙江省,,,,,,,,,0,0,,,,,,,,,,,,,,,,,,,,,,,0,,
330783,2011,东阳市,浙江省,,,,,,,,,0,0,,,,,,,,,,,,,,,,,,,,,,,0,,
330783,2012,东阳市,浙江省,,,,,,,,,0,0,,,,,,,,,,,,,,,,,,,,,,,0,,
330783,2013,东阳市,浙江省,,,,,,,,,0,0,,,,,,,,,,,,,,,,,,,,,,,0,,
330783,2014,东阳市,浙江省,,,,,,,,,0,0,,,,,,,,,,,,,,,,,,,,,,,0,,
330783,2015,东阳市,浙江省,,,,,,,,,0,0,,,,,,,,,,,,,,,,,,,,,,,0,,
330783,2016,东阳市,浙江省,,,,,,,,,0,0,,,,,,,,,,,,,,,,,,,,,,,0,,
330783,2017,东阳市,浙江省,,,,,,,,,0,0,,,,,,,,,,,,,,,,,,,,,,,0,,
330784,2009,永康市,浙江省,,,,,,,,,0,0,,,,,,,,,,,,,,,,,,,,,,,0,,
330784,2010,永康市,浙江省,,,,,,,,,0,0,,,,,,,,,,,,,,,,,,,,,,,0,,
330784,2011,永康市,浙江省,,,,,,,,,0,0,,,,,,,,,,,,,,,,,,,,,,,0,,
330784,2012,永康市,浙江省,,,,,,,,,0,0,,,,,,,,,,,,,,,,,,,,,,,0,,
330784,2013,永康市,浙江省,,,,,,,,,0,0,,,,,,,,,,,,,,,,,,,,,,,0,,
330784,2014,永康市,浙江省,,,,,,,,,0,0,,,,,,,,,,,,,,,,,,,,,,,0,,
330784,2015,永康市,浙江省,,,,,,,,,0,0,,,,,,,,,,,,,,,,,,,,,,,0,,
330784,2016,永康市,浙江省,,,,,,,,,0,0,,,,,,,,,,,,,,,,,,,,,,,0,,
330784,2017,永康市,浙江省,,,,,,,,,0,0,,,,,,,,,,,,,,,,,,,,,,,0,,
330801,2009,,浙江省,2015.0,,,,,,,,0,1,,,,,,,,,,,,,,,,,0.0,,,,,0.0,0,,
330801,2010,,浙江省,2015.0,,,,,,,,0,1,,,,,,,,,,,,,,,,,0.0,,,,,0.0,0,,
330801,2011,,浙江省,2015.0,,,,,,,,0,1,,,,,,,,,,,,,,,,,0.0,,,,,0.0,0,,
330801,2012,,浙江省,2015.0,,,,,,,,0,1,,,,,,,,,,,,,,,,,0.0,,,,,0.0,0,,
330801,2013,,浙江省,2015.0,,,,,,,,0,1,,,,,,,,,,,,,,,,,0.0,,,,,0.0,0,,
330801,2014,,浙江省,2015.0,,,,,,,,0,1,,,,,,,,,,,,,,,,,0.0,,,,,0.0,0,,
330801,2015,,浙江省,2015.0,,,,,,,,0,1,2015.0,,,start_year_only,county_year_percent_progress,,,,,,,,,,,,1.0,,,,,0.0,0,,
330801,2016,,浙江省,2015.0,,,,,,,,0,1,,,,,,,,,,,,,,,,,1.0,,,,,0.0,0,,
330801,2017,,浙江省,2015.0,,,,,,,,0,1,,,,,,,,,,,,,,,,,1.0,,,,,0.0,0,,
330802,2009,柯城区,浙江省,2015.0,2017.0,,,,2016.0,,1.0,0,1,,,,,,2016.0,2017.0,,,,,0.0,,0.0,0.0,new_v2_rate,0.0,0.0,,,,0.0,1,0.0,0.0
330802,2010,柯城区,浙江省,2015.0,2017.0,,,,2016.0,,1.0,0,1,,,,,,2016.0,2017.0,,,,,0.0,,0.0,0.0,new_v2_rate,0.0,0.0,,,,0.0,1,0.0,0.0
330802,2011,柯城区,浙江省,2015.0,2017.0,,,,2016.0,,1.0,0,1,,,,,,2016.0,2017.0,,,,,0.0,,0.0,0.0,new_v2_rate,0.0,0.0,,,,0.0,1,0.0,0.0
330802,2012,柯城区,浙江省,2015.0,2017.0,,,,2016.0,,1.0,0,1,,,,,,2016.0,2017.0,,,,,0.0,,0.0,0.0,new_v2_rate,0.0,0.0,,,,0.0,1,0.0,0.0
330802,2013,柯城区,浙江省,2015.0,2017.0,,,,2016.0,,1.0,0,1,,,,,,2016.0,2017.0,,,,,0.0,,0.0,0.0,new_v2_rate,0.0,0.0,,,,0.0,1,0.0,0.0
330802,2014,柯城区,浙江省,2015.0,2017.0,,,,2016.0,,1.0,0,1,,,,,,2016.0,2017.0,,,,,0.0,,0.0,0.0,new_v2_rate,0.0,0.0,,,,0.0,1,0.0,0.0
330802,2015,柯城区,浙江省,2015.0,2017.0,,,,2016.0,,1.0,0,1,2015.0,,,start_year_only,county_year_percent_progress,2016.0,2017.0,,,,,0.0,,0.0,0.0,new_v2_rate,1.0,0.0,,,,0.0,1,0.0,0.0
330802,2016,柯城区,浙江省,2015.0,2017.0,,,,2016.0,,1.0,0,1,,,,,,2016.0,2017.0,,,,,0.0,,0.0,0.0,new_v2_rate,1.0,0.0,,,,0.0,1,0.0,0.0
330802,2017,柯城区,浙江省,2015.0,2017.0,,,,2016.0,,1.0,0,1,2016.0,2017.0,,completed_year_only,county_year_percent_progress,2016.0,2017.0,,,,,1.0,,1.0,1.0,new_v2_rate,1.0,1.0,,,,1.0,1,1.0,1.0
330803,2009,衢江区,浙江省,,,,,,,,,0,0,,,,,,,,,,,,,,,,,,,,,,,0,,
330803,2010,衢江区,浙江省,,,,,,,,,0,0,,,,,,,,,,,,,,,,,,,,,,,0,,
330803,2011,衢江区,浙江省,,,,,,,,,0,0,,,,,,,,,,,,,,,,,,,,,,,0,,
330803,2012,衢江区,浙江省,,,,,,,,,0,0,,,,,,,,,,,,,,,,,,,,,,,0,,
330803,2013,衢江区,浙江省,,,,,,,,,0,0,,,,,,,,,,,,,,,,,,,,,,,0,,
330803,2014,衢江区,浙江省,,,,,,,,,0,0,,,,,,,,,,,,,,,,,,,,,,,0,,
330803,2015,衢江区,浙江省,,,,,,,,,0,0,,,,,,,,,,,,,,,,,,,,,,,0,,
330803,2016,衢江区,浙江省,,,,,,,,,0,0,,,,,,,,,,,,,,,,,,,,,,,0,,
330803,2017,衢江区,浙江省,,,,,,,,,0,0,,,,,,,,,,,,,,,,,,,,,,,0,,
330822,2009,常山县,浙江省,,,,,,,,,0,0,,,,,,,,,,,,,,,,,,,,,,,0,,
330822,2010,常山县,浙江省,,,,,,,,,0,0,,,,,,,,,,,,,,,,,,,,,,,0,,
330822,2011,常山县,浙江省,,,,,,,,,0,0,,,,,,,,,,,,,,,,,,,,,,,0,,
330822,2012,常山县,浙江省,,,,,,,,,0,0,,,,,,,,,,,,,,,,,,,,,,,0,,
330822,2013,常山县,浙江省,,,,,,,,,0,0,,,,,,,,,,,,,,,,,,,,,,,0,,
330822,2014,常山县,浙江省,,,,,,,,,0,0,,,,,,,,,,,,,,,,,,,,,,,0,,
330822,2015,常山县,浙江省,,,,,,,,,0,0,,,,,,,,,,,,,,,,,,,,,,,0,,
330822,2016,常山县,浙江省,,,,,,,,,0,0,,,,,,,,,,,,,,,,,,,,,,,0,,
330822,2017,常山县,浙江省,,,,,,,,,0,0,,,,,,,,,,,,,,,,,,,,,,,0,,
330824,2009,开化县,浙江省,,,,,,,,,0,0,,,,,,,,,,,,,,,,,,,,,,,0,,
330824,2010,开化县,浙江省,,,,,,,,,0,0,,,,,,,,,,,,,,,,,,,,,,,0,,
330824,2011,开化县,浙江省,,,,,,,,,0,0,,,,,,,,,,,,,,,,,,,,,,,0,,
330824,2012,开化县,浙江省,,,,,,,,,0,0,,,,,,,,,,,,,,,,,,,,,,,0,,
330824,2013,开化县,浙江省,,,,,,,,,0,0,,,,,,,,,,,,,,,,,,,,,,,0,,
330824,2014,开化县,浙江省,,,,,,,,,0,0,,,,,,,,,,,,,,,,,,,,,,,0,,
330824,2015,开化县,浙江省,,,,,,,,,0,0,,,,,,,,,,,,,,,,,,,,,,,0,,
330824,2016,开化县,浙江省,,,,,,,,,0,0,,,,,,,,,,,,,,,,,,,,,,,0,,
330824,2017,开化县,浙江省,,,,,,,,,0,0,,,,,,,,,,,,,,,,,,,,,,,0,,
330825,2009,龙游县,浙江省,,,,,,,,,0,0,,,,,,,,,,,,,,,,,,,,,,,0,,
330825,2010,龙游县,浙江省,,,,,,,,,0,0,,,,,,,,,,,,,,,,,,,,,,,0,,
330825,2011,龙游县,浙江省,,,,,,,,,0,0,,,,,,,,,,,,,,,,,,,,,,,0,,
330825,2012,龙游县,浙江省,,,,,,,,,0,0,,,,,,,,,,,,,,,,,,,,,,,0,,
330825,2013,龙游县,浙江省,,,,,,,,,0,0,,,,,,,,,,,,,,,,,,,,,,,0,,
330825,2014,龙游县,浙江省,,,,,,,,,0,0,,,,,,,,,,,,,,,,,,,,,,,0,,
330825,2015,龙游县,浙江省,,,,,,,,,0,0,,,,,,,,,,,,,,,,,,,,,,,0,,
330825,2016,龙游县,浙江省,,,,,,,,,0,0,,,,,,,,,,,,,,,,,,,,,,,0,,
330825,2017,龙游县,浙江省,,,,,,,,,0,0,,,,,,,,,,,,,,,,,,,,,,,0,,
330881,2009,江山市,浙江省,,,,,,,,,0,0,,,,,,,,,,,,,,,,,,,,,,,0,,
330881,2010,江山市,浙江省,,,,,,,,,0,0,,,,,,,,,,,,,,,,,,,,,,,0,,
330881,2011,江山市,浙江省,,,,,,,,,0,0,,,,,,,,,,,,,,,,,,,,,,,0,,
330881,2012,江山市,浙江省,,,,,,,,,0,0,,,,,,,,,,,,,,,,,,,,,,,0,,
330881,2013,江山市,浙江省,,,,,,,,,0,0,,,,,,,,,,,,,,,,,,,,,,,0,,
330881,2014,江山市,浙江省,,,,,,,,,0,0,,,,,,,,,,,,,,,,,,,,,,,0,,
330881,2015,江山市,浙江省,,,,,,,,,0,0,,,,,,,,,,,,,,,,,,,,,,,0,,
330881,2016,江山市,浙江省,,,,,,,,,0,0,,,,,,,,,,,,,,,,,,,,,,,0,,
330881,2017,江山市,浙江省,,,,,,,,,0,0,,,,,,,,,,,,,,,,,,,,,,,0,,
330901,2009,,浙江省,2015.0,,,,,,,,0,1,,,,,,,,,,,,,,,,,0.0,,,,,0.0,0,,
330901,2010,,浙江省,2015.0,,,,,,,,0,1,,,,,,,,,,,,,,,,,0.0,,,,,0.0,0,,
330901,2011,,浙江省,2015.0,,,,,,,,0,1,,,,,,,,,,,,,,,,,0.0,,,,,0.0,0,,
330901,2012,,浙江省,2015.0,,,,,,,,0,1,,,,,,,,,,,,,,,,,0.0,,,,,0.0,0,,
330901,2013,,浙江省,2015.0,,,,,,,,0,1,,,,,,,,,,,,,,,,,0.0,,,,,0.0,0,,
330901,2014,,浙江省,2015.0,,,,,,,,0,1,,,,,,,,,,,,,,,,,0.0,,,,,0.0,0,,
330901,2015,,浙江省,2015.0,,,,,,,,0,1,2015.0,,,start_year_only,county_year_percent_progress,,,,,,,,,,,,1.0,,,,,0.0,0,,
330901,2016,,浙江省,2015.0,,,,,,,,0,1,,,,,,,,,,,,,,,,,1.0,,,,,0.0,0,,
330901,2017,,浙江省,2015.0,,,,,,,,0,1,,,,,,,,,,,,,,,,,1.0,,,,,0.0,0,,
330902,2009,定海区,浙江省,2015.0,,,,,,,,0,1,,,,,,,,,,,,,,,,,0.0,,,,,0.0,0,,
330902,2010,定海区,浙江省,2015.0,,,,,,,,0,1,,,,,,,,,,,,,,,,,0.0,,,,,0.0,0,,
330902,2011,定海区,浙江省,2015.0,,,,,,,,0,1,,,,,,,,,,,,,,,,,0.0,,,,,0.0,0,,
330902,2012,定海区,浙江省,2015.0,,,,,,,,0,1,,,,,,,,,,,,,,,,,0.0,,,,,0.0,0,,
330902,2013,定海区,浙江省,2015.0,,,,,,,,0,1,,,,,,,,,,,,,,,,,0.0,,,,,0.0,0,,
330902,2014,定海区,浙江省,2015.0,,,,,,,,0,1,,,,,,,,,,,,,,,,,0.0,,,,,0.0,0,,
330902,2015,定海区,浙江省,2015.0,,,,,,,,0,1,2015.0,,,start_year_only,county_year_percent_progress,,,,,,,,,,,,1.0,,,,,0.0,0,,
330902,2016,定海区,浙江省,2015.0,,,,,,,,0,1,,,,,,,,,,,,,,,,,1.0,,,,,0.0,0,,
330902,2017,定海区,浙江省,2015.0,,,,,,,,0,1,,,,,,,,,,,,,,,,,1.0,,,,,0.0,0,,
330903,2009,普陀区,浙江省,,,,,,,,,0,0,,,,,,,,,,,,,,,,,,,,,,,0,,
330903,2010,普陀区,浙江省,,,,,,,,,0,0,,,,,,,,,,,,,,,,,,,,,,,0,,
330903,2011,普陀区,浙江省,,,,,,,,,0,0,,,,,,,,,,,,,,,,,,,,,,,0,,
330903,2012,普陀区,浙江省,,,,,,,,,0,0,,,,,,,,,,,,,,,,,,,,,,,0,,
330903,2013,普陀区,浙江省,,,,,,,,,0,0,,,,,,,,,,,,,,,,,,,,,,,0,,
330903,2014,普陀区,浙江省,,,,,,,,,0,0,,,,,,,,,,,,,,,,,,,,,,,0,,
330903,2015,普陀区,浙江省,,,,,,,,,0,0,,,,,,,,,,,,,,,,,,,,,,,0,,
330903,2016,普陀区,浙江省,,,,,,,,,0,0,,,,,,,,,,,,,,,,,,,,,,,0,,
330903,2017,普陀区,浙江省,,,,,,,,,0,0,,,,,,,,,,,,,,,,,,,,,,,0,,
330921,2009,岱山县,浙江省,,,,,,,,,0,0,,,,,,,,,,,,,,,,,,,,,,,0,,
330921,2010,岱山县,浙江省,,,,,,,,,0,0,,,,,,,,,,,,,,,,,,,,,,,0,,
330921,2011,岱山县,浙江省,,,,,,,,,0,0,,,,,,,,,,,,,,,,,,,,,,,0,,
330921,2012,岱山县,浙江省,,,,,,,,,0,0,,,,,,,,,,,,,,,,,,,,,,,0,,
330921,2013,岱山县,浙江省,,,,,,,,,0,0,,,,,,,,,,,,,,,,,,,,,,,0,,
330921,2014,岱山县,浙江省,,,,,,,,,0,0,,,,,,,,,,,,,,,,,,,,,,,0,,
330921,2015,岱山县,浙江省,,,,,,,,,0,0,,,,,,,,,,,,,,,,,,,,,,,0,,
330921,2016,岱山县,浙江省,,,,,,,,,0,0,,,,,,,,,,,,,,,,,,,,,,,0,,
330921,2017,岱山县,浙江省,,,,,,,,,0,0,,,,,,,,,,,,,,,,,,,,,,,0,,
330922,2009,嵊泗县,浙江省,,,,,,,,,0,0,,,,,,,,,,,,,,,,,,,,,,,0,,
330922,2010,嵊泗县,浙江省,,,,,,,,,0,0,,,,,,,,,,,,,,,,,,,,,,,0,,
330922,2011,嵊泗县,浙江省,,,,,,,,,0,0,,,,,,,,,,,,,,,,,,,,,,,0,,
330922,2012,嵊泗县,浙江省,,,,,,,,,0,0,,,,,,,,,,,,,,,,,,,,,,,0,,
330922,2013,嵊泗县,浙江省,,,,,,,,,0,0,,,,,,,,,,,,,,,,,,,,,,,0,,
330922,2014,嵊泗县,浙江省,,,,,,,,,0,0,,,,,,,,,,,,,,,,,,,,,,,0,,
330922,2015,嵊泗县,浙江省,,,,,,,,,0,0,,,,,,,,,,,,,,,,,,,,,,,0,,
330922,2016,嵊泗县,浙江省,,,,,,,,,0,0,,,,,,,,,,,,,,,,,,,,,,,0,,
330922,2017,嵊泗县,浙江省,,,,,,,,,0,0,,,,,,,,,,,,,,,,,,,,,,,0,,
331001,2009,,浙江省,2015.0,,,,,,,,0,1,,,,,,,,,,,,,,,,,0.0,,,,,0.0,0,,
331001,2010,,浙江省,2015.0,,,,,,,,0,1,,,,,,,,,,,,,,,,,0.0,,,,,0.0,0,,
331001,2011,,浙江省,2015.0,,,,,,,,0,1,,,,,,,,,,,,,,,,,0.0,,,,,0.0,0,,
331001,2012,,浙江省,2015.0,,,,,,,,0,1,,,,,,,,,,,,,,,,,0.0,,,,,0.0,0,,
331001,2013,,浙江省,2015.0,,,,,,,,0,1,,,,,,,,,,,,,,,,,0.0,,,,,0.0,0,,
331001,2014,,浙江省,2015.0,,,,,,,,0,1,,,,,,,,,,,,,,,,,0.0,,,,,0.0,0,,
331001,2015,,浙江省,2015.0,,,,,,,,0,1,2015.0,,,start_year_only,county_year_percent_progress,,,,,,,,,,,,1.0,,,,,0.0,0,,
331001,2016,,浙江省,2015.0,,,,,,,,0,1,,,,,,,,,,,,,,,,,1.0,,,,,0.0,0,,
331001,2017,,浙江省,2015.0,,,,,,,,0,1,,,,,,,,,,,,,,,,,1.0,,,,,0.0,0,,
331002,2009,椒江区,浙江省,,,,,,,,,0,0,,,,,,,,,,,,,,,,,,,,,,,0,,
331002,2010,椒江区,浙江省,,,,,,,,,0,0,,,,,,,,,,,,,,,,,,,,,,,0,,
331002,2011,椒江区,浙江省,,,,,,,,,0,0,,,,,,,,,,,,,,,,,,,,,,,0,,
331002,2012,椒江区,浙江省,,,,,,,,,0,0,,,,,,,,,,,,,,,,,,,,,,,0,,
331002,2013,椒江区,浙江省,,,,,,,,,0,0,,,,,,,,,,,,,,,,,,,,,,,0,,
331002,2014,椒江区,浙江省,,,,,,,,,0,0,,,,,,,,,,,,,,,,,,,,,,,0,,
331002,2015,椒江区,浙江省,,,,,,,,,0,0,,,,,,,,,,,,,,,,,,,,,,,0,,
331002,2016,椒江区,浙江省,,,,,,,,,0,0,,,,,,,,,,,,,,,,,,,,,,,0,,
331002,2017,椒江区,浙江省,,,,,,,,,0,0,,,,,,,,,,,,,,,,,,,,,,,0,,
331003,2009,黄岩区,浙江省,,,,,,,,,0,0,,,,,,,,,,,,,,,,,,,,,,,0,,
331003,2010,黄岩区,浙江省,,,,,,,,,0,0,,,,,,,,,,,,,,,,,,,,,,,0,,
331003,2011,黄岩区,浙江省,,,,,,,,,0,0,,,,,,,,,,,,,,,,,,,,,,,0,,
331003,2012,黄岩区,浙江省,,,,,,,,,0,0,,,,,,,,,,,,,,,,,,,,,,,0,,
331003,2013,黄岩区,浙江省,,,,,,,,,0,0,,,,,,,,,,,,,,,,,,,,,,,0,,
331003,2014,黄岩区,浙江省,,,,,,,,,0,0,,,,,,,,,,,,,,,,,,,,,,,0,,
331003,2015,黄岩区,浙江省,,,,,,,,,0,0,,,,,,,,,,,,,,,,,,,,,,,0,,
331003,2016,黄岩区,浙江省,,,,,,,,,0,0,,,,,,,,,,,,,,,,,,,,,,,0,,
331003,2017,黄岩区,浙江省,,,,,,,,,0,0,,,,,,,,,,,,,,,,,,,,,,,0,,
331004,2009,路桥区,浙江省,,,,,,,,,0,0,,,,,,,,,,,,,,,,,,,,,,,0,,
331004,2010,路桥区,浙江省,,,,,,,,,0,0,,,,,,,,,,,,,,,,,,,,,,,0,,
331004,2011,路桥区,浙江省,,,,,,,,,0,0,,,,,,,,,,,,,,,,,,,,,,,0,,
331004,2012,路桥区,浙江省,,,,,,,,,0,0,,,,,,,,,,,,,,,,,,,,,,,0,,
331004,2013,路桥区,浙江省,,,,,,,,,0,0,,,,,,,,,,,,,,,,,,,,,,,0,,
331004,2014,路桥区,浙江省,,,,,,,,,0,0,,,,,,,,,,,,,,,,,,,,,,,0,,
331004,2015,路桥区,浙江省,,,,,,,,,0,0,,,,,,,,,,,,,,,,,,,,,,,0,,
331004,2016,路桥区,浙江省,,,,,,,,,0,0,,,,,,,,,,,,,,,,,,,,,,,0,,
331004,2017,路桥区,浙江省,,,,,,,,,0,0,,,,,,,,,,,,,,,,,,,,,,,0,,
331022,2009,三门县,浙江省,,,,,,,,,0,0,,,,,,,,,,,,,,,,,,,,,,,0,,
331022,2010,三门县,浙江省,,,,,,,,,0,0,,,,,,,,,,,,,,,,,,,,,,,0,,
331022,2011,三门县,浙江省,,,,,,,,,0,0,,,,,,,,,,,,,,,,,,,,,,,0,,
331022,2012,三门县,浙江省,,,,,,,,,0,0,,,,,,,,,,,,,,,,,,,,,,,0,,
331022,2013,三门县,浙江省,,,,,,,,,0,0,,,,,,,,,,,,,,,,,,,,,,,0,,
331022,2014,三门县,浙江省,,,,,,,,,0,0,,,,,,,,,,,,,,,,,,,,,,,0,,
331022,2015,三门县,浙江省,,,,,,,,,0,0,,,,,,,,,,,,,,,,,,,,,,,0,,
331022,2016,三门县,浙江省,,,,,,,,,0,0,,,,,,,,,,,,,,,,,,,,,,,0,,
331022,2017,三门县,浙江省,,,,,,,,,0,0,,,,,,,,,,,,,,,,,,,,,,,0,,
331023,2009,天台县,浙江省,,,,,,,,,0,0,,,,,,,,,,,,,,,,,,,,,,,0,,
331023,2010,天台县,浙江省,,,,,,,,,0,0,,,,,,,,,,,,,,,,,,,,,,,0,,
331023,2011,天台县,浙江省,,,,,,,,,0,0,,,,,,,,,,,,,,,,,,,,,,,0,,
331023,2012,天台县,浙江省,,,,,,,,,0,0,,,,,,,,,,,,,,,,,,,,,,,0,,
331023,2013,天台县,浙江省,,,,,,,,,0,0,,,,,,,,,,,,,,,,,,,,,,,0,,
331023,2014,天台县,浙江省,,,,,,,,,0,0,,,,,,,,,,,,,,,,,,,,,,,0,,
331023,2015,天台县,浙江省,,,,,,,,,0,0,,,,,,,,,,,,,,,,,,,,,,,0,,
331023,2016,天台县,浙江省,,,,,,,,,0,0,,,,,,,,,,,,,,,,,,,,,,,0,,
331023,2017,天台县,浙江省,,,,,,,,,0,0,,,,,,,,,,,,,,,,,,,,,,,0,,
331024,2009,仙居县,浙江省,,,,,,,,,0,0,,,,,,,,,,,,,,,,,,,,,,,0,,
331024,2010,仙居县,浙江省,,,,,,,,,0,0,,,,,,,,,,,,,,,,,,,,,,,0,,
331024,2011,仙居县,浙江省,,,,,,,,,0,0,,,,,,,,,,,,,,,,,,,,,,,0,,
331024,2012,仙居县,浙江省,,,,,,,,,0,0,,,,,,,,,,,,,,,,,,,,,,,0,,
331024,2013,仙居县,浙江省,,,,,,,,,0,0,,,,,,,,,,,,,,,,,,,,,,,0,,
331024,2014,仙居县,浙江省,,,,,,,,,0,0,,,,,,,,,,,,,,,,,,,,,,,0,,
331024,2015,仙居县,浙江省,,,,,,,,,0,0,,,,,,,,,,,,,,,,,,,,,,,0,,
331024,2016,仙居县,浙江省,,,,,,,,,0,0,,,,,,,,,,,,,,,,,,,,,,,0,,
331024,2017,仙居县,浙江省,,,,,,,,,0,0,,,,,,,,,,,,,,,,,,,,,,,0,,
331081,2009,温岭市,浙江省,,,,,,,,,0,0,,,,,,,,,,,,,,,,,,,,,,,0,,
331081,2010,温岭市,浙江省,,,,,,,,,0,0,,,,,,,,,,,,,,,,,,,,,,,0,,
331081,2011,温岭市,浙江省,,,,,,,,,0,0,,,,,,,,,,,,,,,,,,,,,,,0,,
331081,2012,温岭市,浙江省,,,,,,,,,0,0,,,,,,,,,,,,,,,,,,,,,,,0,,
331081,2013,温岭市,浙江省,,,,,,,,,0,0,,,,,,,,,,,,,,,,,,,,,,,0,,
331081,2014,温岭市,浙江省,,,,,,,,,0,0,,,,,,,,,,,,,,,,,,,,,,,0,,
331081,2015,温岭市,浙江省,,,,,,,,,0,0,,,,,,,,,,,,,,,,,,,,,,,0,,
331081,2016,温岭市,浙江省,,,,,,,,,0,0,,,,,,,,,,,,,,,,,,,,,,,0,,
331081,2017,温岭市,浙江省,,,,,,,,,0,0,,,,,,,,,,,,,,,,,,,,,,,0,,
331082,2009,临海市,浙江省,,,,,,,,,0,0,,,,,,,,,,,,,,,,,,,,,,,0,,
331082,2010,临海市,浙江省,,,,,,,,,0,0,,,,,,,,,,,,,,,,,,,,,,,0,,
331082,2011,临海市,浙江省,,,,,,,,,0,0,,,,,,,,,,,,,,,,,,,,,,,0,,
331082,2012,临海市,浙江省,,,,,,,,,0,0,,,,,,,,,,,,,,,,,,,,,,,0,,
331082,2013,临海市,浙江省,,,,,,,,,0,0,,,,,,,,,,,,,,,,,,,,,,,0,,
331082,2014,临海市,浙江省,,,,,,,,,0,0,,,,,,,,,,,,,,,,,,,,,,,0,,
331082,2015,临海市,浙江省,,,,,,,,,0,0,,,,,,,,,,,,,,,,,,,,,,,0,,
331082,2016,临海市,浙江省,,,,,,,,,0,0,,,,,,,,,,,,,,,,,,,,,,,0,,
331082,2017,临海市,浙江省,,,,,,,,,0,0,,,,,,,,,,,,,,,,,,,,,,,0,,
331083,2009,玉环市,浙江省,,,,,,,,,0,0,,,,,,,,,,,,,,,,,,,,,,,0,,
331083,2010,玉环市,浙江省,,,,,,,,,0,0,,,,,,,,,,,,,,,,,,,,,,,0,,
331083,2011,玉环市,浙江省,,,,,,,,,0,0,,,,,,,,,,,,,,,,,,,,,,,0,,
331083,2012,玉环市,浙江省,,,,,,,,,0,0,,,,,,,,,,,,,,,,,,,,,,,0,,
331083,2013,玉环市,浙江省,,,,,,,,,0,0,,,,,,,,,,,,,,,,,,,,,,,0,,
331083,2014,玉环市,浙江省,,,,,,,,,0,0,,,,,,,,,,,,,,,,,,,,,,,0,,
331083,2015,玉环市,浙江省,,,,,,,,,0,0,,,,,,,,,,,,,,,,,,,,,,,0,,
331083,2016,玉环市,浙江省,,,,,,,,,0,0,,,,,,,,,,,,,,,,,,,,,,,0,,
331083,2017,玉环市,浙江省,,,,,,,,,0,0,,,,,,,,,,,,,,,,,,,,,,,0,,
331102,2009,莲都区,浙江省,,,,,,,,,0,0,,,,,,,,,,,,,,,,,,,,,,,0,,
331102,2010,莲都区,浙江省,,,,,,,,,0,0,,,,,,,,,,,,,,,,,,,,,,,0,,
331102,2011,莲都区,浙江省,,,,,,,,,0,0,,,,,,,,,,,,,,,,,,,,,,,0,,
331102,2012,莲都区,浙江省,,,,,,,,,0,0,,,,,,,,,,,,,,,,,,,,,,,0,,
331102,2013,莲都区,浙江省,,,,,,,,,0,0,,,,,,,,,,,,,,,,,,,,,,,0,,
331102,2014,莲都区,浙江省,,,,,,,,,0,0,,,,,,,,,,,,,,,,,,,,,,,0,,
331102,2015,莲都区,浙江省,,,,,,,,,0,0,,,,,,,,,,,,,,,,,,,,,,,0,,
331102,2016,莲都区,浙江省,,,,,,,,,0,0,,,,,,,,,,,,,,,,,,,,,,,0,,
331102,2017,莲都区,浙江省,,,,,,,,,0,0,,,,,,,,,,,,,,,,,,,,,,,0,,
331121,2009,青田县,浙江省,,,,,,,,,0,0,,,,,,,,,,,,,,,,,,,,,,,0,,
331121,2010,青田县,浙江省,,,,,,,,,0,0,,,,,,,,,,,,,,,,,,,,,,,0,,
331121,2011,青田县,浙江省,,,,,,,,,0,0,,,,,,,,,,,,,,,,,,,,,,,0,,
331121,2012,青田县,浙江省,,,,,,,,,0,0,,,,,,,,,,,,,,,,,,,,,,,0,,
331121,2013,青田县,浙江省,,,,,,,,,0,0,,,,,,,,,,,,,,,,,,,,,,,0,,
331121,2014,青田县,浙江省,,,,,,,,,0,0,,,,,,,,,,,,,,,,,,,,,,,0,,
331121,2015,青田县,浙江省,,,,,,,,,0,0,,,,,,,,,,,,,,,,,,,,,,,0,,
331121,2016,青田县,浙江省,,,,,,,,,0,0,,,,,,,,,,,,,,,,,,,,,,,0,,
331121,2017,青田县,浙江省,,,,,,,,,0,0,,,,,,,,,,,,,,,,,,,,,,,0,,
331122,2009,缙云县,浙江省,,,,,,,,,0,0,,,,,,,,,,,,,,,,,,,,,,,0,,
331122,2010,缙云县,浙江省,,,,,,,,,0,0,,,,,,,,,,,,,,,,,,,,,,,0,,
331122,2011,缙云县,浙江省,,,,,,,,,0,0,,,,,,,,,,,,,,,,,,,,,,,0,,
331122,2012,缙云县,浙江省,,,,,,,,,0,0,,,,,,,,,,,,,,,,,,,,,,,0,,
331122,2013,缙云县,浙江省,,,,,,,,,0,0,,,,,,,,,,,,,,,,,,,,,,,0,,
331122,2014,缙云县,浙江省,,,,,,,,,0,0,,,,,,,,,,,,,,,,,,,,,,,0,,
331122,2015,缙云县,浙江省,,,,,,,,,0,0,,,,,,,,,,,,,,,,,,,,,,,0,,
331122,2016,缙云县,浙江省,,,,,,,,,0,0,,,,,,,,,,,,,,,,,,,,,,,0,,
331122,2017,缙云县,浙江省,,,,,,,,,0,0,,,,,,,,,,,,,,,,,,,,,,,0,,
331123,2009,遂昌县,浙江省,,,,,,,,,0,0,,,,,,,,,,,,,,,,,,,,,,,0,,
331123,2010,遂昌县,浙江省,,,,,,,,,0,0,,,,,,,,,,,,,,,,,,,,,,,0,,
331123,2011,遂昌县,浙江省,,,,,,,,,0,0,,,,,,,,,,,,,,,,,,,,,,,0,,
331123,2012,遂昌县,浙江省,,,,,,,,,0,0,,,,,,,,,,,,,,,,,,,,,,,0,,
331123,2013,遂昌县,浙江省,,,,,,,,,0,0,,,,,,,,,,,,,,,,,,,,,,,0,,
331123,2014,遂昌县,浙江省,,,,,,,,,0,0,,,,,,,,,,,,,,,,,,,,,,,0,,
331123,2015,遂昌县,浙江省,,,,,,,,,0,0,,,,,,,,,,,,,,,,,,,,,,,0,,
331123,2016,遂昌县,浙江省,,,,,,,,,0,0,,,,,,,,,,,,,,,,,,,,,,,0,,
331123,2017,遂昌县,浙江省,,,,,,,,,0,0,,,,,,,,,,,,,,,,,,,,,,,0,,
331124,2009,松阳县,浙江省,,,,,,,,,0,0,,,,,,,,,,,,,,,,,,,,,,,0,,
331124,2010,松阳县,浙江省,,,,,,,,,0,0,,,,,,,,,,,,,,,,,,,,,,,0,,
331124,2011,松阳县,浙江省,,,,,,,,,0,0,,,,,,,,,,,,,,,,,,,,,,,0,,
331124,2012,松阳县,浙江省,,,,,,,,,0,0,,,,,,,,,,,,,,,,,,,,,,,0,,
331124,2013,松阳县,浙江省,,,,,,,,,0,0,,,,,,,,,,,,,,,,,,,,,,,0,,
331124,2014,松阳县,浙江省,,,,,,,,,0,0,,,,,,,,,,,,,,,,,,,,,,,0,,
331124,2015,松阳县,浙江省,,,,,,,,,0,0,,,,,,,,,,,,,,,,,,,,,,,0,,
331124,2016,松阳县,浙江省,,,,,,,,,0,0,,,,,,,,,,,,,,,,,,,,,,,0,,
331124,2017,松阳县,浙江省,,,,,,,,,0,0,,,,,,,,,,,,,,,,,,,,,,,0,,
331125,2009,云和县,浙江省,,,,,,,,,0,0,,,,,,,,,,,,,,,,,,,,,,,0,,
331125,2010,云和县,浙江省,,,,,,,,,0,0,,,,,,,,,,,,,,,,,,,,,,,0,,
331125,2011,云和县,浙江省,,,,,,,,,0,0,,,,,,,,,,,,,,,,,,,,,,,0,,
331125,2012,云和县,浙江省,,,,,,,,,0,0,,,,,,,,,,,,,,,,,,,,,,,0,,
331125,2013,云和县,浙江省,,,,,,,,,0,0,,,,,,,,,,,,,,,,,,,,,,,0,,
331125,2014,云和县,浙江省,,,,,,,,,0,0,,,,,,,,,,,,,,,,,,,,,,,0,,
331125,2015,云和县,浙江省,,,,,,,,,0,0,,,,,,,,,,,,,,,,,,,,,,,0,,
331125,2016,云和县,浙江省,,,,,,,,,0,0,,,,,,,,,,,,,,,,,,,,,,,0,,
331125,2017,云和县,浙江省,,,,,,,,,0,0,,,,,,,,,,,,,,,,,,,,,,,0,,
331126,2009,庆元县,浙江省,,,,,,,,,0,0,,,,,,,,,,,,,,,,,,,,,,,0,,
331126,2010,庆元县,浙江省,,,,,,,,,0,0,,,,,,,,,,,,,,,,,,,,,,,0,,
331126,2011,庆元县,浙江省,,,,,,,,,0,0,,,,,,,,,,,,,,,,,,,,,,,0,,
331126,2012,庆元县,浙江省,,,,,,,,,0,0,,,,,,,,,,,,,,,,,,,,,,,0,,
331126,2013,庆元县,浙江省,,,,,,,,,0,0,,,,,,,,,,,,,,,,,,,,,,,0,,
331126,2014,庆元县,浙江省,,,,,,,,,0,0,,,,,,,,,,,,,,,,,,,,,,,0,,
331126,2015,庆元县,浙江省,,,,,,,,,0,0,,,,,,,,,,,,,,,,,,,,,,,0,,
331126,2016,庆元县,浙江省,,,,,,,,,0,0,,,,,,,,,,,,,,,,,,,,,,,0,,
331126,2017,庆元县,浙江省,,,,,,,,,0,0,,,,,,,,,,,,,,,,,,,,,,,0,,
331127,2009,景宁畲族自治县,浙江省,,,,,,,,,0,0,,,,,,,,,,,,,,,,,,,,,,,0,,
331127,2010,景宁畲族自治县,浙江省,,,,,,,,,0,0,,,,,,,,,,,,,,,,,,,,,,,0,,
331127,2011,景宁畲族自治县,浙江省,,,,,,,,,0,0,,,,,,,,,,,,,,,,,,,,,,,0,,
331127,2012,景宁畲族自治县,浙江省,,,,,,,,,0,0,,,,,,,,,,,,,,,,,,,,,,,0,,
331127,2013,景宁畲族自治县,浙江省,,,,,,,,,0,0,,,,,,,,,,,,,,,,,,,,,,,0,,
331127,2014,景宁畲族自治县,浙江省,,,,,,,,,0,0,,,,,,,,,,,,,,,,,,,,,,,0,,
331127,2015,景宁畲族自治县,浙江省,,,,,,,,,0,0,,,,,,,,,,,,,,,,,,,,,,,0,,
331127,2016,景宁畲族自治县,浙江省,,,,,,,,,0,0,,,,,,,,,,,,,,,,,,,,,,,0,,
331127,2017,景宁畲族自治县,浙江省,,,,,,,,,0,0,,,,,,,,,,,,,,,,,,,,,,,0,,
331181,2009,龙泉市,浙江省,,,,,,,,,0,0,,,,,,,,,,,,,,,,,,,,,,,0,,
331181,2010,龙泉市,浙江省,,,,,,,,,0,0,,,,,,,,,,,,,,,,,,,,,,,0,,
331181,2011,龙泉市,浙江省,,,,,,,,,0,0,,,,,,,,,,,,,,,,,,,,,,,0,,
331181,2012,龙泉市,浙江省,,,,,,,,,0,0,,,,,,,,,,,,,,,,,,,,,,,0,,
331181,2013,龙泉市,浙江省,,,,,,,,,0,0,,,,,,,,,,,,,,,,,,,,,,,0,,
331181,2014,龙泉市,浙江省,,,,,,,,,0,0,,,,,,,,,,,,,,,,,,,,,,,0,,
331181,2015,龙泉市,浙江省,,,,,,,,,0,0,,,,,,,,,,,,,,,,,,,,,,,0,,
331181,2016,龙泉市,浙江省,,,,,,,,,0,0,,,,,,,,,,,,,,,,,,,,,,,0,,
331181,2017,龙泉市,浙江省,,,,,,,,,0,0,,,,,,,,,,,,,,,,,,,,,,,0,,
331201,2009,,浙江省,2015.0,,,,,,,,0,1,,,,,,,,,,,,,,,,,0.0,,,,,0.0,0,,
331201,2010,,浙江省,2015.0,,,,,,,,0,1,,,,,,,,,,,,,,,,,0.0,,,,,0.0,0,,
331201,2011,,浙江省,2015.0,,,,,,,,0,1,,,,,,,,,,,,,,,,,0.0,,,,,0.0,0,,
331201,2012,,浙江省,2015.0,,,,,,,,0,1,,,,,,,,,,,,,,,,,0.0,,,,,0.0,0,,
331201,2013,,浙江省,2015.0,,,,,,,,0,1,,,,,,,,,,,,,,,,,0.0,,,,,0.0,0,,
331201,2014,,浙江省,2015.0,,,,,,,,0,1,,,,,,,,,,,,,,,,,0.0,,,,,0.0,0,,
331201,2015,,浙江省,2015.0,,,,,,,,0,1,2015.0,,,start_year_only,county_year_percent_progress,,,,,,,,,,,,1.0,,,,,0.0,0,,
331201,2016,,浙江省,2015.0,,,,,,,,0,1,,,,,,,,,,,,,,,,,1.0,,,,,0.0,0,,
331201,2017,,浙江省,2015.0,,,,,,,,0,1,,,,,,,,,,,,,,,,,1.0,,,,,0.0,0,,
331401,2009,,浙江省,2015.0,,,,,,,,0,1,,,,,,,,,,,,,,,,,0.0,,,,,0.0,0,,
331401,2010,,浙江省,2015.0,,,,,,,,0,1,,,,,,,,,,,,,,,,,0.0,,,,,0.0,0,,
331401,2011,,浙江省,2015.0,,,,,,,,0,1,,,,,,,,,,,,,,,,,0.0,,,,,0.0,0,,
331401,2012,,浙江省,2015.0,,,,,,,,0,1,,,,,,,,,,,,,,,,,0.0,,,,,0.0,0,,
331401,2013,,浙江省,2015.0,,,,,,,,0,1,,,,,,,,,,,,,,,,,0.0,,,,,0.0,0,,
331401,2014,,浙江省,2015.0,,,,,,,,0,1,,,,,,,,,,,,,,,,,0.0,,,,,0.0,0,,
331401,2015,,浙江省,2015.0,,,,,,,,0,1,2015.0,,,start_year_only,county_year_percent_progress,,,,,,,,,,,,1.0,,,,,0.0,0,,
331401,2016,,浙江省,2015.0,,,,,,,,0,1,,,,,,,,,,,,,,,,,1.0,,,,,0.0,0,,
331401,2017,,浙江省,2015.0,,,,,,,,0,1,,,,,,,,,,,,,,,,,1.0,,,,,0.0,0,,
331501,2009,,浙江省,2015.0,,,,,,,,0,1,,,,,,,,,,,,,,,,,0.0,,,,,0.0,0,,
331501,2010,,浙江省,2015.0,,,,,,,,0,1,,,,,,,,,,,,,,,,,0.0,,,,,0.0,0,,
331501,2011,,浙江省,2015.0,,,,,,,,0,1,,,,,,,,,,,,,,,,,0.0,,,,,0.0,0,,
331501,2012,,浙江省,2015.0,,,,,,,,0,1,,,,,,,,,,,,,,,,,0.0,,,,,0.0,0,,
331501,2013,,浙江省,2015.0,,,,,,,,0,1,,,,,,,,,,,,,,,,,0.0,,,,,0.0,0,,
331501,2014,,浙江省,2015.0,,,,,,,,0,1,,,,,,,,,,,,,,,,,0.0,,,,,0.0,0,,
331501,2015,,浙江省,2015.0,,,,,,,,0,1,2015.0,,,start_year_only,county_year_percent_progress,,,,,,,,,,,,1.0,,,,,0.0,0,,
331501,2016,,浙江省,2015.0,,,,,,,,0,1,,,,,,,,,,,,,,,,,1.0,,,,,0.0,0,,
331501,2017,,浙江省,2015.0,,,,,,,,0,1,,,,,,,,,,,,,,,,,1.0,,,,,0.0,0,,
331601,2009,,浙江省,2015.0,,,,,,,,0,1,,,,,,,,,,,,,,,,,0.0,,,,,0.0,0,,
331601,2010,,浙江省,2015.0,,,,,,,,0,1,,,,,,,,,,,,,,,,,0.0,,,,,0.0,0,,
331601,2011,,浙江省,2015.0,,,,,,,,0,1,,,,,,,,,,,,,,,,,0.0,,,,,0.0,0,,
331601,2012,,浙江省,2015.0,,,,,,,,0,1,,,,,,,,,,,,,,,,,0.0,,,,,0.0,0,,
331601,2013,,浙江省,2015.0,,,,,,,,0,1,,,,,,,,,,,,,,,,,0.0,,,,,0.0,0,,
331601,2014,,浙江省,2015.0,,,,,,,,0,1,,,,,,,,,,,,,,,,,0.0,,,,,0.0,0,,
331601,2015,,浙江省,2015.0,,,,,,,,0,1,2015.0,,,start_year_only,county_year_percent_progress,,,,,,,,,,,,1.0,,,,,0.0,0,,
331601,2016,,浙江省,2015.0,,,,,,,,0,1,,,,,,,,,,,,,,,,,1.0,,,,,0.0,0,,
331601,2017,,浙江省,2015.0,,,,,,,,0,1,,,,,,,,,,,,,,,,,1.0,,,,,0.0,0,,
331801,2009,,浙江省,2015.0,,,,,,,,0,1,,,,,,,,,,,,,,,,,0.0,,,,,0.0,0,,
331801,2010,,浙江省,2015.0,,,,,,,,0,1,,,,,,,,,,,,,,,,,0.0,,,,,0.0,0,,
331801,2011,,浙江省,2015.0,,,,,,,,0,1,,,,,,,,,,,,,,,,,0.0,,,,,0.0,0,,
331801,2012,,浙江省,2015.0,,,,,,,,0,1,,,,,,,,,,,,,,,,,0.0,,,,,0.0,0,,
331801,2013,,浙江省,2015.0,,,,,,,,0,1,,,,,,,,,,,,,,,,,0.0,,,,,0.0,0,,
331801,2014,,浙江省,2015.0,,,,,,,,0,1,,,,,,,,,,,,,,,,,0.0,,,,,0.0,0,,
331801,2015,,浙江省,2015.0,,,,,,,,0,1,2015.0,,,start_year_only,county_year_percent_progress,,,,,,,,,,,,1.0,,,,,0.0,0,,
331801,2016,,浙江省,2015.0,,,,,,,,0,1,,,,,,,,,,,,,,,,,1.0,,,,,0.0,0,,
331801,2017,,浙江省,2015.0,,,,,,,,0,1,,,,,,,,,,,,,,,,,1.0,,,,,0.0,0,,
340101,2009,,prov_34,2014.0,,,,,,,,1,0,,,,,,,,,,,,,,,,,0.0,,,,,0.0,0,,
340101,2010,,prov_34,2014.0,,,,,,,,1,0,,,,,,,,,,,,,,,,,0.0,,,,,0.0,0,,
340101,2011,,prov_34,2014.0,,,,,,,,1,0,,,,,,,,,,,,,,,,,0.0,,,,,0.0,0,,
340101,2012,,prov_34,2014.0,,,,,,,,1,0,,,,,,,,,,,,,,,,,0.0,,,,,0.0,0,,
340101,2013,,prov_34,2014.0,,,,,,,,1,0,,,,,,,,,,,,,,,,,0.0,,,,,0.0,0,,
340101,2014,,prov_34,2014.0,,,,,,,,1,0,2014.0,,,start_year_only,county_year_percent_progress,,,,,,,,,,,,1.0,,,,,0.0,0,,
340101,2015,,prov_34,2014.0,,,,,,,,1,0,,,,,,,,,,,,,,,,,1.0,,,,,0.0,0,,
340101,2016,,prov_34,2014.0,,,,,,,,1,0,2014.0,,0.9990000000000001,annual_rate,county_year_percent_progress,,,,,,,,0.9990000000000001,,0.9990000000000001,old_std_rate,1.0,,,,,0.9990000000000001,1,1.0,1.0
340101,2017,,prov_34,2014.0,,,,,,,,1,0,,,,,,,,,,,,,,,,,1.0,,,,,0.0,0,,
340102,2009,瑶海区,安徽省,2014.0,,,,,,,,1,0,,,,,,,,,,,,,,,,,0.0,,,,,0.0,0,,
340102,2010,瑶海区,安徽省,2014.0,,,,,,,,1,0,,,,,,,,,,,,,,,,,0.0,,,,,0.0,0,,
340102,2011,瑶海区,安徽省,2014.0,,,,,,,,1,0,,,,,,,,,,,,,,,,,0.0,,,,,0.0,0,,
340102,2012,瑶海区,安徽省,2014.0,,,,,,,,1,0,,,,,,,,,,,,,,,,,0.0,,,,,0.0,0,,
340102,2013,瑶海区,安徽省,2014.0,,,,,,,,1,0,,,,,,,,,,,,,,,,,0.0,,,,,0.0,0,,
340102,2014,瑶海区,安徽省,2014.0,,,,,,,,1,0,2014.0,,,start_year_only,county_year_percent_progress,,,,,,,,,,,,1.0,,,,,0.0,0,,
340102,2015,瑶海区,安徽省,2014.0,,,,,,,,1,0,,,,,,,,,,,,,,,,,1.0,,,,,0.0,0,,
340102,2016,瑶海区,安徽省,2014.0,,,,,,,,1,0,2014.0,,0.9990000000000001,annual_rate,county_year_percent_progress,,,,,,,,0.9990000000000001,,0.9990000000000001,old_std_rate,1.0,,,,,0.9990000000000001,1,1.0,1.0
340102,2017,瑶海区,安徽省,2014.0,,,,,,,,1,0,,,,,,,,,,,,,,,,,1.0,,,,,0.0,0,,
340103,2009,庐阳区,安徽省,2014.0,,,,,,,,1,0,,,,,,,,,,,,,,,,,0.0,,,,,0.0,0,,
340103,2010,庐阳区,安徽省,2014.0,,,,,,,,1,0,,,,,,,,,,,,,,,,,0.0,,,,,0.0,0,,
340103,2011,庐阳区,安徽省,2014.0,,,,,,,,1,0,,,,,,,,,,,,,,,,,0.0,,,,,0.0,0,,
340103,2012,庐阳区,安徽省,2014.0,,,,,,,,1,0,,,,,,,,,,,,,,,,,0.0,,,,,0.0,0,,
340103,2013,庐阳区,安徽省,2014.0,,,,,,,,1,0,,,,,,,,,,,,,,,,,0.0,,,,,0.0,0,,
340103,2014,庐阳区,安徽省,2014.0,,,,,,,,1,0,2014.0,,,start_year_only,county_year_percent_progress,,,,,,,,,,,,1.0,,,,,0.0,0,,
340103,2015,庐阳区,安徽省,2014.0,,,,,,,,1,0,,,,,,,,,,,,,,,,,1.0,,,,,0.0,0,,
340103,2016,庐阳区,安徽省,2014.0,,,,,,,,1,0,2014.0,,0.9990000000000001,annual_rate,county_year_percent_progress,,,,,,,,0.9990000000000001,,0.9990000000000001,old_std_rate,1.0,,,,,0.9990000000000001,1,1.0,1.0
340103,2017,庐阳区,安徽省,2014.0,,,,,,,,1,0,,,,,,,,,,,,,,,,,1.0,,,,,0.0,0,,
340301,2009,,prov_34,2014.0,,,,,,,,0,0,,,,,,,,,,,,,,,,,0.0,,,,,0.0,0,,
340301,2010,,prov_34,2014.0,,,,,,,,0,0,,,,,,,,,,,,,,,,,0.0,,,,,0.0,0,,
340301,2011,,prov_34,2014.0,,,,,,,,0,0,,,,,,,,,,,,,,,,,0.0,,,,,0.0,0,,
340301,2012,,prov_34,2014.0,,,,,,,,0,0,,,,,,,,,,,,,,,,,0.0,,,,,0.0,0,,
340301,2013,,prov_34,2014.0,,,,,,,,0,0,,,,,,,,,,,,,,,,,0.0,,,,,0.0,0,,
340301,2014,,prov_34,2014.0,,,,,,,,0,0,2014.0,,,start_year_only,county_year_percent_progress,,,,,,,,,,,,1.0,,,,,0.0,0,,
340301,2015,,prov_34,2014.0,,,,,,,,0,0,,,,,,,,,,,,,,,,,1.0,,,,,0.0,0,,
340301,2016,,prov_34,2014.0,,,,,,,,0,0,2014.0,,0.9990000000000001,annual_rate,county_year_percent_progress,,,,,,,,0.9990000000000001,,0.9990000000000001,old_std_rate,1.0,,,,,0.9990000000000001,1,1.0,1.0
340301,2017,,prov_34,2014.0,,,,,,,,0,0,,,,,,,,,,,,,,,,,1.0,,,,,0.0,0,,
340501,2009,,prov_34,2014.0,,,,,,,,0,0,,,,,,,,,,,,,,,,,0.0,,,,,0.0,0,,
340501,2010,,prov_34,2014.0,,,,,,,,0,0,,,,,,,,,,,,,,,,,0.0,,,,,0.0,0,,
340501,2011,,prov_34,2014.0,,,,,,,,0,0,,,,,,,,,,,,,,,,,0.0,,,,,0.0,0,,
340501,2012,,prov_34,2014.0,,,,,,,,0,0,,,,,,,,,,,,,,,,,0.0,,,,,0.0,0,,
340501,2013,,prov_34,2014.0,,,,,,,,0,0,,,,,,,,,,,,,,,,,0.0,,,,,0.0,0,,
340501,2014,,prov_34,2014.0,,,,,,,,0,0,2014.0,,,start_year_only,county_year_percent_progress,,,,,,,,,,,,1.0,,,,,0.0,0,,
340501,2015,,prov_34,2014.0,,,,,,,,0,0,,,,,,,,,,,,,,,,,1.0,,,,,0.0,0,,
340501,2016,,prov_34,2014.0,,,,,,,,0,0,2014.0,,0.9990000000000001,annual_rate,county_year_percent_progress,,,,,,,,0.9990000000000001,,0.9990000000000001,old_std_rate,1.0,,,,,0.9990000000000001,1,1.0,1.0
340501,2017,,prov_34,2014.0,,,,,,,,0,0,,,,,,,,,,,,,,,,,1.0,,,,,0.0,0,,
340502,2009,,prov_34,2014.0,,,,,,,,0,0,,,,,,,,,,,,,,,,,0.0,,,,,0.0,0,,
340502,2010,,prov_34,2014.0,,,,,,,,0,0,,,,,,,,,,,,,,,,,0.0,,,,,0.0,0,,
340502,2011,,prov_34,2014.0,,,,,,,,0,0,,,,,,,,,,,,,,,,,0.0,,,,,0.0,0,,
340502,2012,,prov_34,2014.0,,,,,,,,0,0,,,,,,,,,,,,,,,,,0.0,,,,,0.0,0,,
340502,2013,,prov_34,2014.0,,,,,,,,0,0,,,,,,,,,,,,,,,,,0.0,,,,,0.0,0,,
340502,2014,,prov_34,2014.0,,,,,,,,0,0,2014.0,,,start_year_only,county_year_percent_progress,,,,,,,,,,,,1.0,,,,,0.0,0,,
340502,2015,,prov_34,2014.0,,,,,,,,0,0,,,,,,,,,,,,,,,,,1.0,,,,,0.0,0,,
340502,2016,,prov_34,2014.0,,,,,,,,0,0,2014.0,,0.9990000000000001,annual_rate,county_year_percent_progress,,,,,,,,0.9990000000000001,,0.9990000000000001,old_std_rate,1.0,,,,,0.9990000000000001,1,1.0,1.0
340502,2017,,prov_34,2014.0,,,,,,,,0,0,,,,,,,,,,,,,,,,,1.0,,,,,0.0,0,,
340503,2009,花山区,安徽省,2014.0,,,,,,,,0,0,,,,,,,,,,,,,,,,,0.0,,,,,0.0,0,,
340503,2010,花山区,安徽省,2014.0,,,,,,,,0,0,,,,,,,,,,,,,,,,,0.0,,,,,0.0,0,,
340503,2011,花山区,安徽省,2014.0,,,,,,,,0,0,,,,,,,,,,,,,,,,,0.0,,,,,0.0,0,,
340503,2012,花山区,安徽省,2014.0,,,,,,,,0,0,,,,,,,,,,,,,,,,,0.0,,,,,0.0,0,,
340503,2013,花山区,安徽省,2014.0,,,,,,,,0,0,,,,,,,,,,,,,,,,,0.0,,,,,0.0,0,,
340503,2014,花山区,安徽省,2014.0,,,,,,,,0,0,2014.0,,,start_year_only,county_year_percent_progress,,,,,,,,,,,,1.0,,,,,0.0,0,,
340503,2015,花山区,安徽省,2014.0,,,,,,,,0,0,,,,,,,,,,,,,,,,,1.0,,,,,0.0,0,,
340503,2016,花山区,安徽省,2014.0,,,,,,,,0,0,2014.0,,0.9990000000000001,annual_rate,county_year_percent_progress,,,,,,,,0.9990000000000001,,0.9990000000000001,old_std_rate,1.0,,,,,0.9990000000000001,1,1.0,1.0
340503,2017,花山区,安徽省,2014.0,,,,,,,,0,0,,,,,,,,,,,,,,,,,1.0,,,,,0.0,0,,
340504,2009,雨山区,安徽省,2014.0,,,,,,,,0,0,,,,,,,,,,,,,,,,,0.0,,,,,0.0,0,,
340504,2010,雨山区,安徽省,2014.0,,,,,,,,0,0,,,,,,,,,,,,,,,,,0.0,,,,,0.0,0,,
340504,2011,雨山区,安徽省,2014.0,,,,,,,,0,0,,,,,,,,,,,,,,,,,0.0,,,,,0.0,0,,
340504,2012,雨山区,安徽省,2014.0,,,,,,,,0,0,,,,,,,,,,,,,,,,,0.0,,,,,0.0,0,,
340504,2013,雨山区,安徽省,2014.0,,,,,,,,0,0,,,,,,,,,,,,,,,,,0.0,,,,,0.0,0,,
340504,2014,雨山区,安徽省,2014.0,,,,,,,,0,0,2014.0,,,start_year_only,county_year_percent_progress,,,,,,,,,,,,1.0,,,,,0.0,0,,
340504,2015,雨山区,安徽省,2014.0,,,,,,,,0,0,,,,,,,,,,,,,,,,,1.0,,,,,0.0,0,,
340504,2016,雨山区,安徽省,2014.0,,,,,,,,0,0,2014.0,,0.9990000000000001,annual_rate,county_year_percent_progress,,,,,,,,0.9990000000000001,,0.9990000000000001,old_std_rate,1.0,,,,,0.9990000000000001,1,1.0,1.0
340504,2017,雨山区,安徽省,2014.0,,,,,,,,0,0,,,,,,,,,,,,,,,,,1.0,,,,,0.0,0,,
340601,2009,,prov_34,2014.0,,,,,,,,0,0,,,,,,,,,,,,,,,,,0.0,,,,,0.0,0,,
340601,2010,,prov_34,2014.0,,,,,,,,0,0,,,,,,,,,,,,,,,,,0.0,,,,,0.0,0,,
340601,2011,,prov_34,2014.0,,,,,,,,0,0,,,,,,,,,,,,,,,,,0.0,,,,,0.0,0,,
340601,2012,,prov_34,2014.0,,,,,,,,0,0,,,,,,,,,,,,,,,,,0.0,,,,,0.0,0,,
340601,2013,,prov_34,2014.0,,,,,,,,0,0,,,,,,,,,,,,,,,,,0.0,,,,,0.0,0,,
340601,2014,,prov_34,2014.0,,,,,,,,0,0,2014.0,,,start_year_only,county_year_percent_progress,,,,,,,,,,,,1.0,,,,,0.0,0,,
340601,2015,,prov_34,2014.0,,,,,,,,0,0,,,,,,,,,,,,,,,,,1.0,,,,,0.0,0,,
340601,2016,,prov_34,2014.0,,,,,,,,0,0,2014.0,,0.9990000000000001,annual_rate,county_year_percent_progress,,,,,,,,0.9990000000000001,,0.9990000000000001,old_std_rate,1.0,,,,,0.9990000000000001,1,1.0,1.0
340601,2017,,prov_34,2014.0,,,,,,,,0,0,,,,,,,,,,,,,,,,,1.0,,,,,0.0,0,,
340703,2009,,prov_34,2014.0,,,,,,,,0,0,,,,,,,,,,,,,,,,,0.0,,,,,0.0,0,,
340703,2010,,prov_34,2014.0,,,,,,,,0,0,,,,,,,,,,,,,,,,,0.0,,,,,0.0,0,,
340703,2011,,prov_34,2014.0,,,,,,,,0,0,,,,,,,,,,,,,,,,,0.0,,,,,0.0,0,,
340703,2012,,prov_34,2014.0,,,,,,,,0,0,,,,,,,,,,,,,,,,,0.0,,,,,0.0,0,,
340703,2013,,prov_34,2014.0,,,,,,,,0,0,,,,,,,,,,,,,,,,,0.0,,,,,0.0,0,,
340703,2014,,prov_34,2014.0,,,,,,,,0,0,2014.0,,,start_year_only,county_year_percent_progress,,,,,,,,,,,,1.0,,,,,0.0,0,,
340703,2015,,prov_34,2014.0,,,,,,,,0,0,,,,,,,,,,,,,,,,,1.0,,,,,0.0,0,,
340703,2016,,prov_34,2014.0,,,,,,,,0,0,2014.0,,0.9990000000000001,annual_rate,county_year_percent_progress,,,,,,,,0.9990000000000001,,0.9990000000000001,old_std_rate,1.0,,,,,0.9990000000000001,1,1.0,1.0
340703,2017,,prov_34,2014.0,,,,,,,,0,0,,,,,,,,,,,,,,,,,1.0,,,,,0.0,0,,
340901,2009,,prov_34,2014.0,,,,,,,,0,0,,,,,,,,,,,,,,,,,0.0,,,,,0.0,0,,
340901,2010,,prov_34,2014.0,,,,,,,,0,0,,,,,,,,,,,,,,,,,0.0,,,,,0.0,0,,
340901,2011,,prov_34,2014.0,,,,,,,,0,0,,,,,,,,,,,,,,,,,0.0,,,,,0.0,0,,
340901,2012,,prov_34,2014.0,,,,,,,,0,0,,,,,,,,,,,,,,,,,0.0,,,,,0.0,0,,
340901,2013,,prov_34,2014.0,,,,,,,,0,0,,,,,,,,,,,,,,,,,0.0,,,,,0.0,0,,
340901,2014,,prov_34,2014.0,,,,,,,,0,0,2014.0,,,start_year_only,county_year_percent_progress,,,,,,,,,,,,1.0,,,,,0.0,0,,
340901,2015,,prov_34,2014.0,,,,,,,,0,0,,,,,,,,,,,,,,,,,1.0,,,,,0.0,0,,
340901,2016,,prov_34,2014.0,,,,,,,,0,0,2014.0,,0.9990000000000001,annual_rate,county_year_percent_progress,,,,,,,,0.9990000000000001,,0.9990000000000001,old_std_rate,1.0,,,,,0.9990000000000001,1,1.0,1.0
340901,2017,,prov_34,2014.0,,,,,,,,0,0,,,,,,,,,,,,,,,,,1.0,,,,,0.0,0,,
341101,2009,,prov_34,2014.0,,,,,,,,0,0,,,,,,,,,,,,,,,,,0.0,,,,,0.0,0,,
341101,2010,,prov_34,2014.0,,,,,,,,0,0,,,,,,,,,,,,,,,,,0.0,,,,,0.0,0,,
341101,2011,,prov_34,2014.0,,,,,,,,0,0,,,,,,,,,,,,,,,,,0.0,,,,,0.0,0,,
341101,2012,,prov_34,2014.0,,,,,,,,0,0,,,,,,,,,,,,,,,,,0.0,,,,,0.0,0,,
341101,2013,,prov_34,2014.0,,,,,,,,0,0,,,,,,,,,,,,,,,,,0.0,,,,,0.0,0,,
341101,2014,,prov_34,2014.0,,,,,,,,0,0,2014.0,,,start_year_only,county_year_percent_progress,,,,,,,,,,,,1.0,,,,,0.0,0,,
341101,2015,,prov_34,2014.0,,,,,,,,0,0,,,,,,,,,,,,,,,,,1.0,,,,,0.0,0,,
341101,2016,,prov_34,2014.0,,,,,,,,0,0,2014.0,,0.9990000000000001,annual_rate,county_year_percent_progress,,,,,,,,0.9990000000000001,,0.9990000000000001,old_std_rate,1.0,,,,,0.9990000000000001,1,1.0,1.0
341101,2017,,prov_34,2014.0,,,,,,,,0,0,,,,,,,,,,,,,,,,,1.0,,,,,0.0,0,,
341102,2009,琅琊区,安徽省,2014.0,,,,,,,,0,0,,,,,,,,,,,,,,,,,0.0,,,,,0.0,0,,
341102,2010,琅琊区,安徽省,2014.0,,,,,,,,0,0,,,,,,,,,,,,,,,,,0.0,,,,,0.0,0,,
341102,2011,琅琊区,安徽省,2014.0,,,,,,,,0,0,,,,,,,,,,,,,,,,,0.0,,,,,0.0,0,,
341102,2012,琅琊区,安徽省,2014.0,,,,,,,,0,0,,,,,,,,,,,,,,,,,0.0,,,,,0.0,0,,
341102,2013,琅琊区,安徽省,2014.0,,,,,,,,0,0,,,,,,,,,,,,,,,,,0.0,,,,,0.0,0,,
341102,2014,琅琊区,安徽省,2014.0,,,,,,,,0,0,2014.0,,,start_year_only,county_year_percent_progress,,,,,,,,,,,,1.0,,,,,0.0,0,,
341102,2015,琅琊区,安徽省,2014.0,,,,,,,,0,0,,,,,,,,,,,,,,,,,1.0,,,,,0.0,0,,
341102,2016,琅琊区,安徽省,2014.0,,,,,,,,0,0,2014.0,,0.9990000000000001,annual_rate,county_year_percent_progress,,,,,,,,0.9990000000000001,,0.9990000000000001,old_std_rate,1.0,,,,,0.9990000000000001,1,1.0,1.0
341102,2017,琅琊区,安徽省,2014.0,,,,,,,,0,0,,,,,,,,,,,,,,,,,1.0,,,,,0.0,0,,
341301,2009,,prov_34,2014.0,,,,,,,,0,0,,,,,,,,,,,,,,,,,0.0,,,,,0.0,0,,
341301,2010,,prov_34,2014.0,,,,,,,,0,0,,,,,,,,,,,,,,,,,0.0,,,,,0.0,0,,
341301,2011,,prov_34,2014.0,,,,,,,,0,0,,,,,,,,,,,,,,,,,0.0,,,,,0.0,0,,
341301,2012,,prov_34,2014.0,,,,,,,,0,0,,,,,,,,,,,,,,,,,0.0,,,,,0.0,0,,
341301,2013,,prov_34,2014.0,,,,,,,,0,0,,,,,,,,,,,,,,,,,0.0,,,,,0.0,0,,
341301,2014,,prov_34,2014.0,,,,,,,,0,0,2014.0,,,start_year_only,county_year_percent_progress,,,,,,,,,,,,1.0,,,,,0.0,0,,
341301,2015,,prov_34,2014.0,,,,,,,,0,0,,,,,,,,,,,,,,,,,1.0,,,,,0.0,0,,
341301,2016,,prov_34,2014.0,,,,,,,,0,0,2014.0,,0.9990000000000001,annual_rate,county_year_percent_progress,,,,,,,,0.9990000000000001,,0.9990000000000001,old_std_rate,1.0,,,,,0.9990000000000001,1,1.0,1.0
341301,2017,,prov_34,2014.0,,,,,,,,0,0,,,,,,,,,,,,,,,,,1.0,,,,,0.0,0,,
341501,2009,,prov_34,2014.0,,,,,,,,0,0,,,,,,,,,,,,,,,,,0.0,,,,,0.0,0,,
341501,2010,,prov_34,2014.0,,,,,,,,0,0,,,,,,,,,,,,,,,,,0.0,,,,,0.0,0,,
341501,2011,,prov_34,2014.0,,,,,,,,0,0,,,,,,,,,,,,,,,,,0.0,,,,,0.0,0,,
341501,2012,,prov_34,2014.0,,,,,,,,0,0,,,,,,,,,,,,,,,,,0.0,,,,,0.0,0,,
341501,2013,,prov_34,2014.0,,,,,,,,0,0,,,,,,,,,,,,,,,,,0.0,,,,,0.0,0,,
341501,2014,,prov_34,2014.0,,,,,,,,0,0,2014.0,,,start_year_only,county_year_percent_progress,,,,,,,,,,,,1.0,,,,,0.0,0,,
341501,2015,,prov_34,2014.0,,,,,,,,0,0,,,,,,,,,,,,,,,,,1.0,,,,,0.0,0,,
341501,2016,,prov_34,2014.0,,,,,,,,0,0,2014.0,,0.9990000000000001,annual_rate,county_year_percent_progress,,,,,,,,0.9990000000000001,,0.9990000000000001,old_std_rate,1.0,,,,,0.9990000000000001,1,1.0,1.0
341501,2017,,prov_34,2014.0,,,,,,,,0,0,,,,,,,,,,,,,,,,,1.0,,,,,0.0,0,,
350101,2009,,福建省,2015.0,2018.0,,2018.0,,,,,1,1,,,,,,,2018.0,,2018.0,,,0.0,,0.0,0.0,new_v2_rate,0.0,0.0,,0.0,,0.0,1,0.0,0.0
350101,2010,,福建省,2015.0,2018.0,,2018.0,,,,,1,1,,,,,,,2018.0,,2018.0,,,0.0,,0.0,0.0,new_v2_rate,0.0,0.0,,0.0,,0.0,1,0.0,0.0
350101,2011,,福建省,2015.0,2018.0,,2018.0,,,,,1,1,,,,,,,2018.0,,2018.0,,,0.0,,0.0,0.0,new_v2_rate,0.0,0.0,,0.0,,0.0,1,0.0,0.0
350101,2012,,福建省,2015.0,2018.0,,2018.0,,,,,1,1,,,,,,,2018.0,,2018.0,,,0.0,,0.0,0.0,new_v2_rate,0.0,0.0,,0.0,,0.0,1,0.0,0.0
350101,2013,,福建省,2015.0,2018.0,,2018.0,,,,,1,1,,,,,,,2018.0,,2018.0,,,0.0,,0.0,0.0,new_v2_rate,0.0,0.0,,0.0,,0.0,1,0.0,0.0
350101,2014,,福建省,2015.0,2018.0,,2018.0,,,,,1,1,,,,,,,2018.0,,2018.0,,,0.0,,0.0,0.0,new_v2_rate,0.0,0.0,,0.0,,0.0,1,0.0,0.0
350101,2015,,福建省,2015.0,2018.0,,2018.0,,,,,1,1,2015.0,,,start_year_only,county_year_percent_progress,,2018.0,,2018.0,,,0.0,,0.0,0.0,new_v2_rate,1.0,0.0,,0.0,,0.0,1,0.0,0.0
350101,2016,,福建省,2015.0,2018.0,,2018.0,,,,,1,1,,,,,,,2018.0,,2018.0,,,0.0,,0.0,0.0,new_v2_rate,1.0,0.0,,0.0,,0.0,1,0.0,0.0
350101,2017,,福建省,2015.0,2018.0,,2018.0,,,,,1,1,,,,,,,2018.0,,2018.0,,,0.0,,0.0,0.0,new_v2_rate,1.0,0.0,,0.0,,0.0,1,0.0,0.0
350102,2009,鼓楼区,福建省,2015.0,2018.0,,2018.0,,,,,1,1,,,,,,,2018.0,,2018.0,,,0.0,,0.0,0.0,new_v2_rate,0.0,0.0,,0.0,,0.0,1,0.0,0.0
350102,2010,鼓楼区,福建省,2015.0,2018.0,,2018.0,,,,,1,1,,,,,,,2018.0,,2018.0,,,0.0,,0.0,0.0,new_v2_rate,0.0,0.0,,0.0,,0.0,1,0.0,0.0
350102,2011,鼓楼区,福建省,2015.0,2018.0,,2018.0,,,,,1,1,,,,,,,2018.0,,2018.0,,,0.0,,0.0,0.0,new_v2_rate,0.0,0.0,,0.0,,0.0,1,0.0,0.0
350102,2012,鼓楼区,福建省,2015.0,2018.0,,2018.0,,,,,1,1,,,,,,,2018.0,,2018.0,,,0.0,,0.0,0.0,new_v2_rate,0.0,0.0,,0.0,,0.0,1,0.0,0.0
350102,2013,鼓楼区,福建省,2015.0,2018.0,,2018.0,,,,,1,1,,,,,,,2018.0,,2018.0,,,0.0,,0.0,0.0,new_v2_rate,0.0,0.0,,0.0,,0.0,1,0.0,0.0
350102,2014,鼓楼区,福建省,2015.0,2018.0,,2018.0,,,,,1,1,,,,,,,2018.0,,2018.0,,,0.0,,0.0,0.0,new_v2_rate,0.0,0.0,,0.0,,0.0,1,0.0,0.0
350102,2015,鼓楼区,福建省,2015.0,2018.0,,2018.0,,,,,1,1,2015.0,,,start_year_only,county_year_percent_progress,,2018.0,,2018.0,,,0.0,,0.0,0.0,new_v2_rate,1.0,0.0,,0.0,,0.0,1,0.0,0.0
350102,2016,鼓楼区,福建省,2015.0,2018.0,,2018.0,,,,,1,1,,,,,,,2018.0,,2018.0,,,0.0,,0.0,0.0,new_v2_rate,1.0,0.0,,0.0,,0.0,1,0.0,0.0
350102,2017,鼓楼区,福建省,2015.0,2018.0,,2018.0,,,,,1,1,,,,,,,2018.0,,2018.0,,,0.0,,0.0,0.0,new_v2_rate,1.0,0.0,,0.0,,0.0,1,0.0,0.0
350103,2009,台江区,福建省,2015.0,2018.0,,2018.0,,,,,1,1,,,,,,,2018.0,,2018.0,,,0.0,,0.0,0.0,new_v2_rate,0.0,0.0,,0.0,,0.0,1,0.0,0.0
350103,2010,台江区,福建省,2015.0,2018.0,,2018.0,,,,,1,1,,,,,,,2018.0,,2018.0,,,0.0,,0.0,0.0,new_v2_rate,0.0,0.0,,0.0,,0.0,1,0.0,0.0
350103,2011,台江区,福建省,2015.0,2018.0,,2018.0,,,,,1,1,,,,,,,2018.0,,2018.0,,,0.0,,0.0,0.0,new_v2_rate,0.0,0.0,,0.0,,0.0,1,0.0,0.0
350103,2012,台江区,福建省,2015.0,2018.0,,2018.0,,,,,1,1,,,,,,,2018.0,,2018.0,,,0.0,,0.0,0.0,new_v2_rate,0.0,0.0,,0.0,,0.0,1,0.0,0.0
350103,2013,台江区,福建省,2015.0,2018.0,,2018.0,,,,,1,1,,,,,,,2018.0,,2018.0,,,0.0,,0.0,0.0,new_v2_rate,0.0,0.0,,0.0,,0.0,1,0.0,0.0
350103,2014,台江区,福建省,2015.0,2018.0,,2018.0,,,,,1,1,,,,,,,2018.0,,2018.0,,,0.0,,0.0,0.0,new_v2_rate,0.0,0.0,,0.0,,0.0,1,0.0,0.0
350103,2015,台江区,福建省,2015.0,2018.0,,2018.0,,,,,1,1,2015.0,,,start_year_only,county_year_percent_progress,,2018.0,,2018.0,,,0.0,,0.0,0.0,new_v2_rate,1.0,0.0,,0.0,,0.0,1,0.0,0.0
350103,2016,台江区,福建省,2015.0,2018.0,,2018.0,,,,,1,1,,,,,,,2018.0,,2018.0,,,0.0,,0.0,0.0,new_v2_rate,1.0,0.0,,0.0,,0.0,1,0.0,0.0
350103,2017,台江区,福建省,2015.0,2018.0,,2018.0,,,,,1,1,,,,,,,2018.0,,2018.0,,,0.0,,0.0,0.0,new_v2_rate,1.0,0.0,,0.0,,0.0,1,0.0,0.0
350201,2009,,福建省,2015.0,2018.0,,2018.0,,,,,0,1,,,,,,,2018.0,,2018.0,,,0.0,,0.0,0.0,new_v2_rate,0.0,0.0,,0.0,,0.0,1,0.0,0.0
350201,2010,,福建省,2015.0,2018.0,,2018.0,,,,,0,1,,,,,,,2018.0,,2018.0,,,0.0,,0.0,0.0,new_v2_rate,0.0,0.0,,0.0,,0.0,1,0.0,0.0
350201,2011,,福建省,2015.0,2018.0,,2018.0,,,,,0,1,,,,,,,2018.0,,2018.0,,,0.0,,0.0,0.0,new_v2_rate,0.0,0.0,,0.0,,0.0,1,0.0,0.0
350201,2012,,福建省,2015.0,2018.0,,2018.0,,,,,0,1,,,,,,,2018.0,,2018.0,,,0.0,,0.0,0.0,new_v2_rate,0.0,0.0,,0.0,,0.0,1,0.0,0.0
350201,2013,,福建省,2015.0,2018.0,,2018.0,,,,,0,1,,,,,,,2018.0,,2018.0,,,0.0,,0.0,0.0,new_v2_rate,0.0,0.0,,0.0,,0.0,1,0.0,0.0
350201,2014,,福建省,2015.0,2018.0,,2018.0,,,,,0,1,,,,,,,2018.0,,2018.0,,,0.0,,0.0,0.0,new_v2_rate,0.0,0.0,,0.0,,0.0,1,0.0,0.0
350201,2015,,福建省,2015.0,2018.0,,2018.0,,,,,0,1,2015.0,,,start_year_only,county_year_percent_progress,,2018.0,,2018.0,,,0.0,,0.0,0.0,new_v2_rate,1.0,0.0,,0.0,,0.0,1,0.0,0.0
350201,2016,,福建省,2015.0,2018.0,,2018.0,,,,,0,1,,,,,,,2018.0,,2018.0,,,0.0,,0.0,0.0,new_v2_rate,1.0,0.0,,0.0,,0.0,1,0.0,0.0
350201,2017,,福建省,2015.0,2018.0,,2018.0,,,,,0,1,,,,,,,2018.0,,2018.0,,,0.0,,0.0,0.0,new_v2_rate,1.0,0.0,,0.0,,0.0,1,0.0,0.0
350301,2009,,福建省,2015.0,2018.0,,2018.0,,,,,0,1,,,,,,,2018.0,,2018.0,,,0.0,,0.0,0.0,new_v2_rate,0.0,0.0,,0.0,,0.0,1,0.0,0.0
350301,2010,,福建省,2015.0,2018.0,,2018.0,,,,,0,1,,,,,,,2018.0,,2018.0,,,0.0,,0.0,0.0,new_v2_rate,0.0,0.0,,0.0,,0.0,1,0.0,0.0
350301,2011,,福建省,2015.0,2018.0,,2018.0,,,,,0,1,,,,,,,2018.0,,2018.0,,,0.0,,0.0,0.0,new_v2_rate,0.0,0.0,,0.0,,0.0,1,0.0,0.0
350301,2012,,福建省,2015.0,2018.0,,2018.0,,,,,0,1,,,,,,,2018.0,,2018.0,,,0.0,,0.0,0.0,new_v2_rate,0.0,0.0,,0.0,,0.0,1,0.0,0.0
350301,2013,,福建省,2015.0,2018.0,,2018.0,,,,,0,1,,,,,,,2018.0,,2018.0,,,0.0,,0.0,0.0,new_v2_rate,0.0,0.0,,0.0,,0.0,1,0.0,0.0
350301,2014,,福建省,2015.0,2018.0,,2018.0,,,,,0,1,,,,,,,2018.0,,2018.0,,,0.0,,0.0,0.0,new_v2_rate,0.0,0.0,,0.0,,0.0,1,0.0,0.0
350301,2015,,福建省,2015.0,2018.0,,2018.0,,,,,0,1,2015.0,,,start_year_only,county_year_percent_progress,,2018.0,,2018.0,,,0.0,,0.0,0.0,new_v2_rate,1.0,0.0,,0.0,,0.0,1,0.0,0.0
350301,2016,,福建省,2015.0,2018.0,,2018.0,,,,,0,1,,,,,,,2018.0,,2018.0,,,0.0,,0.0,0.0,new_v2_rate,1.0,0.0,,0.0,,0.0,1,0.0,0.0
350301,2017,,福建省,2015.0,2018.0,,2018.0,,,,,0,1,,,,,,,2018.0,,2018.0,,,0.0,,0.0,0.0,new_v2_rate,1.0,0.0,,0.0,,0.0,1,0.0,0.0
350401,2009,,福建省,2015.0,2018.0,,2018.0,,,,,0,1,,,,,,,2018.0,,2018.0,,,0.0,,0.0,0.0,new_v2_rate,0.0,0.0,,0.0,,0.0,1,0.0,0.0
350401,2010,,福建省,2015.0,2018.0,,2018.0,,,,,0,1,,,,,,,2018.0,,2018.0,,,0.0,,0.0,0.0,new_v2_rate,0.0,0.0,,0.0,,0.0,1,0.0,0.0
350401,2011,,福建省,2015.0,2018.0,,2018.0,,,,,0,1,,,,,,,2018.0,,2018.0,,,0.0,,0.0,0.0,new_v2_rate,0.0,0.0,,0.0,,0.0,1,0.0,0.0
350401,2012,,福建省,2015.0,2018.0,,2018.0,,,,,0,1,,,,,,,2018.0,,2018.0,,,0.0,,0.0,0.0,new_v2_rate,0.0,0.0,,0.0,,0.0,1,0.0,0.0
350401,2013,,福建省,2015.0,2018.0,,2018.0,,,,,0,1,,,,,,,2018.0,,2018.0,,,0.0,,0.0,0.0,new_v2_rate,0.0,0.0,,0.0,,0.0,1,0.0,0.0
350401,2014,,福建省,2015.0,2018.0,,2018.0,,,,,0,1,,,,,,,2018.0,,2018.0,,,0.0,,0.0,0.0,new_v2_rate,0.0,0.0,,0.0,,0.0,1,0.0,0.0
350401,2015,,福建省,2015.0,2018.0,,2018.0,,,,,0,1,2015.0,,,start_year_only,county_year_percent_progress,,2018.0,,2018.0,,,0.0,,0.0,0.0,new_v2_rate,1.0,0.0,,0.0,,0.0,1,0.0,0.0
350401,2016,,福建省,2015.0,2018.0,,2018.0,,,,,0,1,,,,,,,2018.0,,2018.0,,,0.0,,0.0,0.0,new_v2_rate,1.0,0.0,,0.0,,0.0,1,0.0,0.0
350401,2017,,福建省,2015.0,2018.0,,2018.0,,,,,0,1,,,,,,,2018.0,,2018.0,,,0.0,,0.0,0.0,new_v2_rate,1.0,0.0,,0.0,,0.0,1,0.0,0.0
350402,2009,梅列区,福建省,2015.0,2018.0,,2018.0,,,,,0,1,,,,,,,2018.0,,2018.0,,,0.0,,0.0,0.0,new_v2_rate,0.0,0.0,,0.0,,0.0,1,0.0,0.0
350402,2010,梅列区,福建省,2015.0,2018.0,,2018.0,,,,,0,1,,,,,,,2018.0,,2018.0,,,0.0,,0.0,0.0,new_v2_rate,0.0,0.0,,0.0,,0.0,1,0.0,0.0
350402,2011,梅列区,福建省,2015.0,2018.0,,2018.0,,,,,0,1,,,,,,,2018.0,,2018.0,,,0.0,,0.0,0.0,new_v2_rate,0.0,0.0,,0.0,,0.0,1,0.0,0.0
350402,2012,梅列区,福建省,2015.0,2018.0,,2018.0,,,,,0,1,,,,,,,2018.0,,2018.0,,,0.0,,0.0,0.0,new_v2_rate,0.0,0.0,,0.0,,0.0,1,0.0,0.0
350402,2013,梅列区,福建省,2015.0,2018.0,,2018.0,,,,,0,1,,,,,,,2018.0,,2018.0,,,0.0,,0.0,0.0,new_v2_rate,0.0,0.0,,0.0,,0.0,1,0.0,0.0
350402,2014,梅列区,福建省,2015.0,2018.0,,2018.0,,,,,0,1,,,,,,,2018.0,,2018.0,,,0.0,,0.0,0.0,new_v2_rate,0.0,0.0,,0.0,,0.0,1,0.0,0.0
350402,2015,梅列区,福建省,2015.0,2018.0,,2018.0,,,,,0,1,2015.0,,,start_year_only,county_year_percent_progress,,2018.0,,2018.0,,,0.0,,0.0,0.0,new_v2_rate,1.0,0.0,,0.0,,0.0,1,0.0,0.0
350402,2016,梅列区,福建省,2015.0,2018.0,,2018.0,,,,,0,1,,,,,,,2018.0,,2018.0,,,0.0,,0.0,0.0,new_v2_rate,1.0,0.0,,0.0,,0.0,1,0.0,0.0
350402,2017,梅列区,福建省,2015.0,2018.0,,2018.0,,,,,0,1,,,,,,,2018.0,,2018.0,,,0.0,,0.0,0.0,new_v2_rate,1.0,0.0,,0.0,,0.0,1,0.0,0.0
350501,2009,,福建省,2015.0,2018.0,,2018.0,,,,,0,1,,,,,,,2018.0,,2018.0,,,0.0,,0.0,0.0,new_v2_rate,0.0,0.0,,0.0,,0.0,1,0.0,0.0
350501,2010,,福建省,2015.0,2018.0,,2018.0,,,,,0,1,,,,,,,2018.0,,2018.0,,,0.0,,0.0,0.0,new_v2_rate,0.0,0.0,,0.0,,0.0,1,0.0,0.0
350501,2011,,福建省,2015.0,2018.0,,2018.0,,,,,0,1,,,,,,,2018.0,,2018.0,,,0.0,,0.0,0.0,new_v2_rate,0.0,0.0,,0.0,,0.0,1,0.0,0.0
350501,2012,,福建省,2015.0,2018.0,,2018.0,,,,,0,1,,,,,,,2018.0,,2018.0,,,0.0,,0.0,0.0,new_v2_rate,0.0,0.0,,0.0,,0.0,1,0.0,0.0
350501,2013,,福建省,2015.0,2018.0,,2018.0,,,,,0,1,,,,,,,2018.0,,2018.0,,,0.0,,0.0,0.0,new_v2_rate,0.0,0.0,,0.0,,0.0,1,0.0,0.0
350501,2014,,福建省,2015.0,2018.0,,2018.0,,,,,0,1,,,,,,,2018.0,,2018.0,,,0.0,,0.0,0.0,new_v2_rate,0.0,0.0,,0.0,,0.0,1,0.0,0.0
350501,2015,,福建省,2015.0,2018.0,,2018.0,,,,,0,1,2015.0,,,start_year_only,county_year_percent_progress,,2018.0,,2018.0,,,0.0,,0.0,0.0,new_v2_rate,1.0,0.0,,0.0,,0.0,1,0.0,0.0
350501,2016,,福建省,2015.0,2018.0,,2018.0,,,,,0,1,,,,,,,2018.0,,2018.0,,,0.0,,0.0,0.0,new_v2_rate,1.0,0.0,,0.0,,0.0,1,0.0,0.0
350501,2017,,福建省,2015.0,2018.0,,2018.0,,,,,0,1,,,,,,,2018.0,,2018.0,,,0.0,,0.0,0.0,new_v2_rate,1.0,0.0,,0.0,,0.0,1,0.0,0.0
350701,2009,,福建省,2015.0,2018.0,,2018.0,,,,,0,1,,,,,,,2018.0,,2018.0,,,0.0,,0.0,0.0,new_v2_rate,0.0,0.0,,0.0,,0.0,1,0.0,0.0
350701,2010,,福建省,2015.0,2018.0,,2018.0,,,,,0,1,,,,,,,2018.0,,2018.0,,,0.0,,0.0,0.0,new_v2_rate,0.0,0.0,,0.0,,0.0,1,0.0,0.0
350701,2011,,福建省,2015.0,2018.0,,2018.0,,,,,0,1,,,,,,,2018.0,,2018.0,,,0.0,,0.0,0.0,new_v2_rate,0.0,0.0,,0.0,,0.0,1,0.0,0.0
350701,2012,,福建省,2015.0,2018.0,,2018.0,,,,,0,1,,,,,,,2018.0,,2018.0,,,0.0,,0.0,0.0,new_v2_rate,0.0,0.0,,0.0,,0.0,1,0.0,0.0
350701,2013,,福建省,2015.0,2018.0,,2018.0,,,,,0,1,,,,,,,2018.0,,2018.0,,,0.0,,0.0,0.0,new_v2_rate,0.0,0.0,,0.0,,0.0,1,0.0,0.0
350701,2014,,福建省,2015.0,2018.0,,2018.0,,,,,0,1,,,,,,,2018.0,,2018.0,,,0.0,,0.0,0.0,new_v2_rate,0.0,0.0,,0.0,,0.0,1,0.0,0.0
350701,2015,,福建省,2015.0,2018.0,,2018.0,,,,,0,1,2015.0,,,start_year_only,county_year_percent_progress,,2018.0,,2018.0,,,0.0,,0.0,0.0,new_v2_rate,1.0,0.0,,0.0,,0.0,1,0.0,0.0
350701,2016,,福建省,2015.0,2018.0,,2018.0,,,,,0,1,,,,,,,2018.0,,2018.0,,,0.0,,0.0,0.0,new_v2_rate,1.0,0.0,,0.0,,0.0,1,0.0,0.0
350701,2017,,福建省,2015.0,2018.0,,2018.0,,,,,0,1,,,,,,,2018.0,,2018.0,,,0.0,,0.0,0.0,new_v2_rate,1.0,0.0,,0.0,,0.0,1,0.0,0.0
350703,2009,建阳区,福建省,2015.0,2018.0,,2018.0,,,,,0,1,,,,,,,2018.0,,2018.0,,,0.0,,0.0,0.0,new_v2_rate,0.0,0.0,,0.0,,0.0,1,0.0,0.0
350703,2010,建阳区,福建省,2015.0,2018.0,,2018.0,,,,,0,1,,,,,,,2018.0,,2018.0,,,0.0,,0.0,0.0,new_v2_rate,0.0,0.0,,0.0,,0.0,1,0.0,0.0
350703,2011,建阳区,福建省,2015.0,2018.0,,2018.0,,,,,0,1,,,,,,,2018.0,,2018.0,,,0.0,,0.0,0.0,new_v2_rate,0.0,0.0,,0.0,,0.0,1,0.0,0.0
350703,2012,建阳区,福建省,2015.0,2018.0,,2018.0,,,,,0,1,,,,,,,2018.0,,2018.0,,,0.0,,0.0,0.0,new_v2_rate,0.0,0.0,,0.0,,0.0,1,0.0,0.0
350703,2013,建阳区,福建省,2015.0,2018.0,,2018.0,,,,,0,1,,,,,,,2018.0,,2018.0,,,0.0,,0.0,0.0,new_v2_rate,0.0,0.0,,0.0,,0.0,1,0.0,0.0
350703,2014,建阳区,福建省,2015.0,2018.0,,2018.0,,,,,0,1,,,,,,,2018.0,,2018.0,,,0.0,,0.0,0.0,new_v2_rate,0.0,0.0,,0.0,,0.0,1,0.0,0.0
350703,2015,建阳区,福建省,2015.0,2018.0,,2018.0,,,,,0,1,2015.0,,,start_year_only,county_year_percent_progress,,2018.0,,2018.0,,,0.0,,0.0,0.0,new_v2_rate,1.0,0.0,,0.0,,0.0,1,0.0,0.0
350703,2016,建阳区,福建省,2015.0,2018.0,,2018.0,,,,,0,1,,,,,,,2018.0,,2018.0,,,0.0,,0.0,0.0,new_v2_rate,1.0,0.0,,0.0,,0.0,1,0.0,0.0
350703,2017,建阳区,福建省,2015.0,2018.0,,2018.0,,,,,0,1,,,,,,,2018.0,,2018.0,,,0.0,,0.0,0.0,new_v2_rate,1.0,0.0,,0.0,,0.0,1,0.0,0.0
350901,2009,,福建省,2015.0,2018.0,,2018.0,,,,,0,1,,,,,,,2018.0,,2018.0,,,0.0,,0.0,0.0,new_v2_rate,0.0,0.0,,0.0,,0.0,1,0.0,0.0
350901,2010,,福建省,2015.0,2018.0,,2018.0,,,,,0,1,,,,,,,2018.0,,2018.0,,,0.0,,0.0,0.0,new_v2_rate,0.0,0.0,,0.0,,0.0,1,0.0,0.0
350901,2011,,福建省,2015.0,2018.0,,2018.0,,,,,0,1,,,,,,,2018.0,,2018.0,,,0.0,,0.0,0.0,new_v2_rate,0.0,0.0,,0.0,,0.0,1,0.0,0.0
350901,2012,,福建省,2015.0,2018.0,,2018.0,,,,,0,1,,,,,,,2018.0,,2018.0,,,0.0,,0.0,0.0,new_v2_rate,0.0,0.0,,0.0,,0.0,1,0.0,0.0
350901,2013,,福建省,2015.0,2018.0,,2018.0,,,,,0,1,,,,,,,2018.0,,2018.0,,,0.0,,0.0,0.0,new_v2_rate,0.0,0.0,,0.0,,0.0,1,0.0,0.0
350901,2014,,福建省,2015.0,2018.0,,2018.0,,,,,0,1,,,,,,,2018.0,,2018.0,,,0.0,,0.0,0.0,new_v2_rate,0.0,0.0,,0.0,,0.0,1,0.0,0.0
350901,2015,,福建省,2015.0,2018.0,,2018.0,,,,,0,1,2015.0,,,start_year_only,county_year_percent_progress,,2018.0,,2018.0,,,0.0,,0.0,0.0,new_v2_rate,1.0,0.0,,0.0,,0.0,1,0.0,0.0
350901,2016,,福建省,2015.0,2018.0,,2018.0,,,,,0,1,,,,,,,2018.0,,2018.0,,,0.0,,0.0,0.0,new_v2_rate,1.0,0.0,,0.0,,0.0,1,0.0,0.0
350901,2017,,福建省,2015.0,2018.0,,2018.0,,,,,0,1,,,,,,,2018.0,,2018.0,,,0.0,,0.0,0.0,new_v2_rate,1.0,0.0,,0.0,,0.0,1,0.0,0.0
351001,2009,,福建省,2015.0,2018.0,,2018.0,,,,,0,1,,,,,,,2018.0,,2018.0,,,0.0,,0.0,0.0,new_v2_rate,0.0,0.0,,0.0,,0.0,1,0.0,0.0
351001,2010,,福建省,2015.0,2018.0,,2018.0,,,,,0,1,,,,,,,2018.0,,2018.0,,,0.0,,0.0,0.0,new_v2_rate,0.0,0.0,,0.0,,0.0,1,0.0,0.0
351001,2011,,福建省,2015.0,2018.0,,2018.0,,,,,0,1,,,,,,,2018.0,,2018.0,,,0.0,,0.0,0.0,new_v2_rate,0.0,0.0,,0.0,,0.0,1,0.0,0.0
351001,2012,,福建省,2015.0,2018.0,,2018.0,,,,,0,1,,,,,,,2018.0,,2018.0,,,0.0,,0.0,0.0,new_v2_rate,0.0,0.0,,0.0,,0.0,1,0.0,0.0
351001,2013,,福建省,2015.0,2018.0,,2018.0,,,,,0,1,,,,,,,2018.0,,2018.0,,,0.0,,0.0,0.0,new_v2_rate,0.0,0.0,,0.0,,0.0,1,0.0,0.0
351001,2014,,福建省,2015.0,2018.0,,2018.0,,,,,0,1,,,,,,,2018.0,,2018.0,,,0.0,,0.0,0.0,new_v2_rate,0.0,0.0,,0.0,,0.0,1,0.0,0.0
351001,2015,,福建省,2015.0,2018.0,,2018.0,,,,,0,1,2015.0,,,start_year_only,county_year_percent_progress,,2018.0,,2018.0,,,0.0,,0.0,0.0,new_v2_rate,1.0,0.0,,0.0,,0.0,1,0.0,0.0
351001,2016,,福建省,2015.0,2018.0,,2018.0,,,,,0,1,,,,,,,2018.0,,2018.0,,,0.0,,0.0,0.0,new_v2_rate,1.0,0.0,,0.0,,0.0,1,0.0,0.0
351001,2017,,福建省,2015.0,2018.0,,2018.0,,,,,0,1,,,,,,,2018.0,,2018.0,,,0.0,,0.0,0.0,new_v2_rate,1.0,0.0,,0.0,,0.0,1,0.0,0.0
351201,2009,,福建省,2015.0,2018.0,,2018.0,,,,,0,1,,,,,,,2018.0,,2018.0,,,0.0,,0.0,0.0,new_v2_rate,0.0,0.0,,0.0,,0.0,1,0.0,0.0
351201,2010,,福建省,2015.0,2018.0,,2018.0,,,,,0,1,,,,,,,2018.0,,2018.0,,,0.0,,0.0,0.0,new_v2_rate,0.0,0.0,,0.0,,0.0,1,0.0,0.0
351201,2011,,福建省,2015.0,2018.0,,2018.0,,,,,0,1,,,,,,,2018.0,,2018.0,,,0.0,,0.0,0.0,new_v2_rate,0.0,0.0,,0.0,,0.0,1,0.0,0.0
351201,2012,,福建省,2015.0,2018.0,,2018.0,,,,,0,1,,,,,,,2018.0,,2018.0,,,0.0,,0.0,0.0,new_v2_rate,0.0,0.0,,0.0,,0.0,1,0.0,0.0
351201,2013,,福建省,2015.0,2018.0,,2018.0,,,,,0,1,,,,,,,2018.0,,2018.0,,,0.0,,0.0,0.0,new_v2_rate,0.0,0.0,,0.0,,0.0,1,0.0,0.0
351201,2014,,福建省,2015.0,2018.0,,2018.0,,,,,0,1,,,,,,,2018.0,,2018.0,,,0.0,,0.0,0.0,new_v2_rate,0.0,0.0,,0.0,,0.0,1,0.0,0.0
351201,2015,,福建省,2015.0,2018.0,,2018.0,,,,,0,1,2015.0,,,start_year_only,county_year_percent_progress,,2018.0,,2018.0,,,0.0,,0.0,0.0,new_v2_rate,1.0,0.0,,0.0,,0.0,1,0.0,0.0
351201,2016,,福建省,2015.0,2018.0,,2018.0,,,,,0,1,,,,,,,2018.0,,2018.0,,,0.0,,0.0,0.0,new_v2_rate,1.0,0.0,,0.0,,0.0,1,0.0,0.0
351201,2017,,福建省,2015.0,2018.0,,2018.0,,,,,0,1,,,,,,,2018.0,,2018.0,,,0.0,,0.0,0.0,new_v2_rate,1.0,0.0,,0.0,,0.0,1,0.0,0.0
360101,2009,,江西省,2015.0,,,,,,,,1,0,,,,,,,,,,,,,,,,,0.0,,,,,0.0,0,,
360101,2010,,江西省,2015.0,,,,,,,,1,0,,,,,,,,,,,,,,,,,0.0,,,,,0.0,0,,
360101,2011,,江西省,2015.0,,,,,,,,1,0,,,,,,,,,,,,,,,,,0.0,,,,,0.0,0,,
360101,2012,,江西省,2015.0,,,,,,,,1,0,,,,,,,,,,,,,,,,,0.0,,,,,0.0,0,,
360101,2013,,江西省,2015.0,,,,,,,,1,0,,,,,,,,,,,,,,,,,0.0,,,,,0.0,0,,
360101,2014,,江西省,2015.0,,,,,,,,1,0,,,,,,,,,,,,,,,,,0.0,,,,,0.0,0,,
360101,2015,,江西省,2015.0,,,,,,,,1,0,2015.0,,,start_year_only,county_year_percent_progress,,,,,,,,,,,,1.0,,,,,0.0,0,,
360101,2016,,江西省,2015.0,,,,,,,,1,0,,,,,,,,,,,,,,,,,1.0,,,,,0.0,0,,
360101,2017,,江西省,2015.0,,,,,,,,1,0,2015.0,,0.9209999999999999,annual_rate,county_year_percent_progress,,,,,,,,0.9209999999999999,,0.9209999999999999,old_std_rate,1.0,,,,,0.9209999999999999,1,1.0,1.0
360103,2009,西湖区,江西省,2015.0,,,,,,,,0,0,,,,,,,,,,,,,,,,,0.0,,,,,0.0,0,,
360103,2010,西湖区,江西省,2015.0,,,,,,,,0,0,,,,,,,,,,,,,,,,,0.0,,,,,0.0,0,,
360103,2011,西湖区,江西省,2015.0,,,,,,,,0,0,,,,,,,,,,,,,,,,,0.0,,,,,0.0,0,,
360103,2012,西湖区,江西省,2015.0,,,,,,,,0,0,,,,,,,,,,,,,,,,,0.0,,,,,0.0,0,,
360103,2013,西湖区,江西省,2015.0,,,,,,,,0,0,,,,,,,,,,,,,,,,,0.0,,,,,0.0,0,,
360103,2014,西湖区,江西省,2015.0,,,,,,,,0,0,,,,,,,,,,,,,,,,,0.0,,,,,0.0,0,,
360103,2015,西湖区,江西省,2015.0,,,,,,,,0,0,2015.0,,,start_year_only,county_year_percent_progress,,,,,,,,,,,,1.0,,,,,0.0,0,,
360103,2016,西湖区,江西省,2015.0,,,,,,,,0,0,,,,,,,,,,,,,,,,,1.0,,,,,0.0,0,,
360103,2017,西湖区,江西省,2015.0,,,,,,,,0,0,2015.0,,0.9209999999999999,annual_rate,county_year_percent_progress,,,,,,,,0.9209999999999999,,0.9209999999999999,old_std_rate,1.0,,,,,0.9209999999999999,1,1.0,1.0
360104,2009,青云谱区,江西省,2015.0,,,,,,,,0,0,,,,,,,,,,,,,,,,,0.0,,,,,0.0,0,,
360104,2010,青云谱区,江西省,2015.0,,,,,,,,0,0,,,,,,,,,,,,,,,,,0.0,,,,,0.0,0,,
360104,2011,青云谱区,江西省,2015.0,,,,,,,,0,0,,,,,,,,,,,,,,,,,0.0,,,,,0.0,0,,
360104,2012,青云谱区,江西省,2015.0,,,,,,,,0,0,,,,,,,,,,,,,,,,,0.0,,,,,0.0,0,,
360104,2013,青云谱区,江西省,2015.0,,,,,,,,0,0,,,,,,,,,,,,,,,,,0.0,,,,,0.0,0,,
360104,2014,青云谱区,江西省,2015.0,,,,,,,,0,0,,,,,,,,,,,,,,,,,0.0,,,,,0.0,0,,
360104,2015,青云谱区,江西省,2015.0,,,,,,,,0,0,2015.0,,,start_year_only,county_year_percent_progress,,,,,,,,,,,,1.0,,,,,0.0,0,,
360104,2016,青云谱区,江西省,2015.0,,,,,,,,0,0,,,,,,,,,,,,,,,,,1.0,,,,,0.0,0,,
360104,2017,青云谱区,江西省,2015.0,,,,,,,,0,0,2015.0,,0.9209999999999999,annual_rate,county_year_percent_progress,,,,,,,,0.9209999999999999,,0.9209999999999999,old_std_rate,1.0,,,,,0.9209999999999999,1,1.0,1.0
360202,2009,昌江区,江西省,2015.0,,,,,,,,0,0,,,,,,,,,,,,,,,,,0.0,,,,,0.0,0,,
360202,2010,昌江区,江西省,2015.0,,,,,,,,0,0,,,,,,,,,,,,,,,,,0.0,,,,,0.0,0,,
360202,2011,昌江区,江西省,2015.0,,,,,,,,0,0,,,,,,,,,,,,,,,,,0.0,,,,,0.0,0,,
360202,2012,昌江区,江西省,2015.0,,,,,,,,0,0,,,,,,,,,,,,,,,,,0.0,,,,,0.0,0,,
360202,2013,昌江区,江西省,2015.0,,,,,,,,0,0,,,,,,,,,,,,,,,,,0.0,,,,,0.0,0,,
360202,2014,昌江区,江西省,2015.0,,,,,,,,0,0,,,,,,,,,,,,,,,,,0.0,,,,,0.0,0,,
360202,2015,昌江区,江西省,2015.0,,,,,,,,0,0,2015.0,,,start_year_only,county_year_percent_progress,,,,,,,,,,,,1.0,,,,,0.0,0,,
360202,2016,昌江区,江西省,2015.0,,,,,,,,0,0,,,,,,,,,,,,,,,,,1.0,,,,,0.0,0,,
360202,2017,昌江区,江西省,2015.0,,,,,,,,0,0,2015.0,,0.9209999999999999,annual_rate,county_year_percent_progress,,,,,,,,0.9209999999999999,,0.9209999999999999,old_std_rate,1.0,,,,,0.9209999999999999,1,1.0,1.0
360203,2009,珠山区,江西省,2015.0,,,,,,,,0,0,,,,,,,,,,,,,,,,,0.0,,,,,0.0,0,,
360203,2010,珠山区,江西省,2015.0,,,,,,,,0,0,,,,,,,,,,,,,,,,,0.0,,,,,0.0,0,,
360203,2011,珠山区,江西省,2015.0,,,,,,,,0,0,,,,,,,,,,,,,,,,,0.0,,,,,0.0,0,,
360203,2012,珠山区,江西省,2015.0,,,,,,,,0,0,,,,,,,,,,,,,,,,,0.0,,,,,0.0,0,,
360203,2013,珠山区,江西省,2015.0,,,,,,,,0,0,,,,,,,,,,,,,,,,,0.0,,,,,0.0,0,,
360203,2014,珠山区,江西省,2015.0,,,,,,,,0,0,,,,,,,,,,,,,,,,,0.0,,,,,0.0,0,,
360203,2015,珠山区,江西省,2015.0,,,,,,,,0,0,2015.0,,,start_year_only,county_year_percent_progress,,,,,,,,,,,,1.0,,,,,0.0,0,,
360203,2016,珠山区,江西省,2015.0,,,,,,,,0,0,,,,,,,,,,,,,,,,,1.0,,,,,0.0,0,,
360203,2017,珠山区,江西省,2015.0,,,,,,,,0,0,2015.0,,0.9209999999999999,annual_rate,county_year_percent_progress,,,,,,,,0.9209999999999999,,0.9209999999999999,old_std_rate,1.0,,,,,0.9209999999999999,1,1.0,1.0
360301,2009,,江西省,2015.0,,,,,,,,0,0,,,,,,,,,,,,,,,,,0.0,,,,,0.0,0,,
360301,2010,,江西省,2015.0,,,,,,,,0,0,,,,,,,,,,,,,,,,,0.0,,,,,0.0,0,,
360301,2011,,江西省,2015.0,,,,,,,,0,0,,,,,,,,,,,,,,,,,0.0,,,,,0.0,0,,
360301,2012,,江西省,2015.0,,,,,,,,0,0,,,,,,,,,,,,,,,,,0.0,,,,,0.0,0,,
360301,2013,,江西省,2015.0,,,,,,,,0,0,,,,,,,,,,,,,,,,,0.0,,,,,0.0,0,,
360301,2014,,江西省,2015.0,,,,,,,,0,0,,,,,,,,,,,,,,,,,0.0,,,,,0.0,0,,
360301,2015,,江西省,2015.0,,,,,,,,0,0,2015.0,,,start_year_only,county_year_percent_progress,,,,,,,,,,,,1.0,,,,,0.0,0,,
360301,2016,,江西省,2015.0,,,,,,,,0,0,,,,,,,,,,,,,,,,,1.0,,,,,0.0,0,,
360301,2017,,江西省,2015.0,,,,,,,,0,0,2015.0,,0.9209999999999999,annual_rate,county_year_percent_progress,,,,,,,,0.9209999999999999,,0.9209999999999999,old_std_rate,1.0,,,,,0.9209999999999999,1,1.0,1.0
360401,2009,,江西省,2015.0,,,,,,,,0,0,,,,,,,,,,,,,,,,,0.0,,,,,0.0,0,,
360401,2010,,江西省,2015.0,,,,,,,,0,0,,,,,,,,,,,,,,,,,0.0,,,,,0.0,0,,
360401,2011,,江西省,2015.0,,,,,,,,0,0,,,,,,,,,,,,,,,,,0.0,,,,,0.0,0,,
360401,2012,,江西省,2015.0,,,,,,,,0,0,,,,,,,,,,,,,,,,,0.0,,,,,0.0,0,,
360401,2013,,江西省,2015.0,,,,,,,,0,0,,,,,,,,,,,,,,,,,0.0,,,,,0.0,0,,
360401,2014,,江西省,2015.0,,,,,,,,0,0,,,,,,,,,,,,,,,,,0.0,,,,,0.0,0,,
360401,2015,,江西省,2015.0,,,,,,,,0,0,2015.0,,,start_year_only,county_year_percent_progress,,,,,,,,,,,,1.0,,,,,0.0,0,,
360401,2016,,江西省,2015.0,,,,,,,,0,0,,,,,,,,,,,,,,,,,1.0,,,,,0.0,0,,
360401,2017,,江西省,2015.0,,,,,,,,0,0,2015.0,,0.9209999999999999,annual_rate,county_year_percent_progress,,,,,,,,0.9209999999999999,,0.9209999999999999,old_std_rate,1.0,,,,,0.9209999999999999,1,1.0,1.0
360402,2009,濂溪区,江西省,2015.0,,,,,,,,0,0,,,,,,,,,,,,,,,,,0.0,,,,,0.0,0,,
360402,2010,濂溪区,江西省,2015.0,,,,,,,,0,0,,,,,,,,,,,,,,,,,0.0,,,,,0.0,0,,
360402,2011,濂溪区,江西省,2015.0,,,,,,,,0,0,,,,,,,,,,,,,,,,,0.0,,,,,0.0,0,,
360402,2012,濂溪区,江西省,2015.0,,,,,,,,0,0,,,,,,,,,,,,,,,,,0.0,,,,,0.0,0,,
360402,2013,濂溪区,江西省,2015.0,,,,,,,,0,0,,,,,,,,,,,,,,,,,0.0,,,,,0.0,0,,
360402,2014,濂溪区,江西省,2015.0,,,,,,,,0,0,,,,,,,,,,,,,,,,,0.0,,,,,0.0,0,,
360402,2015,濂溪区,江西省,2015.0,,,,,,,,0,0,2015.0,,,start_year_only,county_year_percent_progress,,,,,,,,,,,,1.0,,,,,0.0,0,,
360402,2016,濂溪区,江西省,2015.0,,,,,,,,0,0,,,,,,,,,,,,,,,,,1.0,,,,,0.0,0,,
360402,2017,濂溪区,江西省,2015.0,,,,,,,,0,0,2015.0,,0.9209999999999999,annual_rate,county_year_percent_progress,,,,,,,,0.9209999999999999,,0.9209999999999999,old_std_rate,1.0,,,,,0.9209999999999999,1,1.0,1.0
360501,2009,,江西省,2015.0,,,,,,,,0,0,,,,,,,,,,,,,,,,,0.0,,,,,0.0,0,,
360501,2010,,江西省,2015.0,,,,,,,,0,0,,,,,,,,,,,,,,,,,0.0,,,,,0.0,0,,
360501,2011,,江西省,2015.0,,,,,,,,0,0,,,,,,,,,,,,,,,,,0.0,,,,,0.0,0,,
360501,2012,,江西省,2015.0,,,,,,,,0,0,,,,,,,,,,,,,,,,,0.0,,,,,0.0,0,,
360501,2013,,江西省,2015.0,,,,,,,,0,0,,,,,,,,,,,,,,,,,0.0,,,,,0.0,0,,
360501,2014,,江西省,2015.0,,,,,,,,0,0,,,,,,,,,,,,,,,,,0.0,,,,,0.0,0,,
360501,2015,,江西省,2015.0,,,,,,,,0,0,2015.0,,,start_year_only,county_year_percent_progress,,,,,,,,,,,,1.0,,,,,0.0,0,,
360501,2016,,江西省,2015.0,,,,,,,,0,0,,,,,,,,,,,,,,,,,1.0,,,,,0.0,0,,
360501,2017,,江西省,2015.0,,,,,,,,0,0,2015.0,,0.9209999999999999,annual_rate,county_year_percent_progress,,,,,,,,0.9209999999999999,,0.9209999999999999,old_std_rate,1.0,,,,,0.9209999999999999,1,1.0,1.0
360601,2009,,江西省,2015.0,,,,,,,,0,0,,,,,,,,,,,,,,,,,0.0,,,,,0.0,0,,
360601,2010,,江西省,2015.0,,,,,,,,0,0,,,,,,,,,,,,,,,,,0.0,,,,,0.0,0,,
360601,2011,,江西省,2015.0,,,,,,,,0,0,,,,,,,,,,,,,,,,,0.0,,,,,0.0,0,,
360601,2012,,江西省,2015.0,,,,,,,,0,0,,,,,,,,,,,,,,,,,0.0,,,,,0.0,0,,
360601,2013,,江西省,2015.0,,,,,,,,0,0,,,,,,,,,,,,,,,,,0.0,,,,,0.0,0,,
360601,2014,,江西省,2015.0,,,,,,,,0,0,,,,,,,,,,,,,,,,,0.0,,,,,0.0,0,,
360601,2015,,江西省,2015.0,,,,,,,,0,0,2015.0,,,start_year_only,county_year_percent_progress,,,,,,,,,,,,1.0,,,,,0.0,0,,
360601,2016,,江西省,2015.0,,,,,,,,0,0,,,,,,,,,,,,,,,,,1.0,,,,,0.0,0,,
360601,2017,,江西省,2015.0,,,,,,,,0,0,2015.0,,0.9209999999999999,annual_rate,county_year_percent_progress,,,,,,,,0.9209999999999999,,0.9209999999999999,old_std_rate,1.0,,,,,0.9209999999999999,1,1.0,1.0
360701,2009,,江西省,2015.0,,,,,,,,0,0,,,,,,,,,,,,,,,,,0.0,,,,,0.0,0,,
360701,2010,,江西省,2015.0,,,,,,,,0,0,,,,,,,,,,,,,,,,,0.0,,,,,0.0,0,,
360701,2011,,江西省,2015.0,,,,,,,,0,0,,,,,,,,,,,,,,,,,0.0,,,,,0.0,0,,
360701,2012,,江西省,2015.0,,,,,,,,0,0,,,,,,,,,,,,,,,,,0.0,,,,,0.0,0,,
360701,2013,,江西省,2015.0,,,,,,,,0,0,,,,,,,,,,,,,,,,,0.0,,,,,0.0,0,,
360701,2014,,江西省,2015.0,,,,,,,,0,0,,,,,,,,,,,,,,,,,0.0,,,,,0.0,0,,
360701,2015,,江西省,2015.0,,,,,,,,0,0,2015.0,,,start_year_only,county_year_percent_progress,,,,,,,,,,,,1.0,,,,,0.0,0,,
360701,2016,,江西省,2015.0,,,,,,,,0,0,,,,,,,,,,,,,,,,,1.0,,,,,0.0,0,,
360701,2017,,江西省,2015.0,,,,,,,,0,0,2015.0,,0.9209999999999999,annual_rate,county_year_percent_progress,,,,,,,,0.9209999999999999,,0.9209999999999999,old_std_rate,1.0,,,,,0.9209999999999999,1,1.0,1.0
370101,2009,,山东省,2013.0,2016.0,2016.0,,2016.0,,,,0,1,,,,,,,2016.0,2016.0,,2016.0,,0.0,,0.0,0.0,new_v2_rate,0.0,0.0,0.0,,0.0,0.0,1,0.0,0.0
370101,2010,,山东省,2013.0,2016.0,2016.0,,2016.0,,,,0,1,,,,,,,2016.0,2016.0,,2016.0,,0.0,,0.0,0.0,new_v2_rate,0.0,0.0,0.0,,0.0,0.0,1,0.0,0.0
370101,2011,,山东省,2013.0,2016.0,2016.0,,2016.0,,,,0,1,,,,,,,2016.0,2016.0,,2016.0,,0.0,,0.0,0.0,new_v2_rate,0.0,0.0,0.0,,0.0,0.0,1,0.0,0.0
370101,2012,,山东省,2013.0,2016.0,2016.0,,2016.0,,,,0,1,,,,,,,2016.0,2016.0,,2016.0,,0.0,,0.0,0.0,new_v2_rate,0.0,0.0,0.0,,0.0,0.0,1,0.0,0.0
370101,2013,,山东省,2013.0,2016.0,2016.0,,2016.0,,,,0,1,2013.0,,,start_year_only,county_year_percent_progress,,2016.0,2016.0,,2016.0,,0.0,,0.0,0.0,new_v2_rate,1.0,0.0,0.0,,0.0,0.0,1,0.0,0.0
370101,2014,,山东省,2013.0,2016.0,2016.0,,2016.0,,,,0,1,,,,,,,2016.0,2016.0,,2016.0,,0.0,,0.0,0.0,new_v2_rate,1.0,0.0,0.0,,0.0,0.0,1,0.0,0.0
370101,2015,,山东省,2013.0,2016.0,2016.0,,2016.0,,,,0,1,,,,,,,2016.0,2016.0,,2016.0,,0.0,,0.0,0.0,new_v2_rate,1.0,0.0,0.0,,0.0,0.0,1,0.0,0.0
370101,2016,,山东省,2013.0,2016.0,2016.0,,2016.0,,,,0,1,2013.0,2016.0,,completed_year_only,county_year_percent_progress,,2016.0,2016.0,,2016.0,,1.0,,1.0,1.0,new_v2_rate,1.0,1.0,1.0,,1.0,1.0,1,1.0,1.0
370101,2017,,山东省,2013.0,2016.0,2016.0,,2016.0,,,,0,1,,,,,,,2016.0,2016.0,,2016.0,,1.0,,1.0,1.0,new_v2_rate,1.0,1.0,1.0,,1.0,1.0,1,1.0,1.0
370102,2009,历下区,山东省,2013.0,2016.0,2016.0,,2016.0,,,,1,1,,,,,,,2016.0,2016.0,,2016.0,,0.0,,0.0,0.0,new_v2_rate,0.0,0.0,0.0,,0.0,0.0,1,0.0,0.0
370102,2010,历下区,山东省,2013.0,2016.0,2016.0,,2016.0,,,,1,1,,,,,,,2016.0,2016.0,,2016.0,,0.0,,0.0,0.0,new_v2_rate,0.0,0.0,0.0,,0.0,0.0,1,0.0,0.0
370102,2011,历下区,山东省,2013.0,2016.0,2016.0,,2016.0,,,,1,1,,,,,,,2016.0,2016.0,,2016.0,,0.0,,0.0,0.0,new_v2_rate,0.0,0.0,0.0,,0.0,0.0,1,0.0,0.0
370102,2012,历下区,山东省,2013.0,2016.0,2016.0,,2016.0,,,,1,1,,,,,,,2016.0,2016.0,,2016.0,,0.0,,0.0,0.0,new_v2_rate,0.0,0.0,0.0,,0.0,0.0,1,0.0,0.0
370102,2013,历下区,山东省,2013.0,2016.0,2016.0,,2016.0,,,,1,1,2013.0,,,start_year_only,county_year_percent_progress,,2016.0,2016.0,,2016.0,,0.0,,0.0,0.0,new_v2_rate,1.0,0.0,0.0,,0.0,0.0,1,0.0,0.0
370102,2014,历下区,山东省,2013.0,2016.0,2016.0,,2016.0,,,,1,1,,,,,,,2016.0,2016.0,,2016.0,,0.0,,0.0,0.0,new_v2_rate,1.0,0.0,0.0,,0.0,0.0,1,0.0,0.0
370102,2015,历下区,山东省,2013.0,2016.0,2016.0,,2016.0,,,,1,1,,,,,,,2016.0,2016.0,,2016.0,,0.0,,0.0,0.0,new_v2_rate,1.0,0.0,0.0,,0.0,0.0,1,0.0,0.0
370102,2016,历下区,山东省,2013.0,2016.0,2016.0,,2016.0,,,,1,1,2013.0,2016.0,,completed_year_only,county_year_percent_progress,,2016.0,2016.0,,2016.0,,1.0,,1.0,1.0,new_v2_rate,1.0,1.0,1.0,,1.0,1.0,1,1.0,1.0
370102,2017,历下区,山东省,2013.0,2016.0,2016.0,,2016.0,,,,1,1,,,,,,,2016.0,2016.0,,2016.0,,1.0,,1.0,1.0,new_v2_rate,1.0,1.0,1.0,,1.0,1.0,1,1.0,1.0
370201,2009,,山东省,2013.0,2016.0,2016.0,,2016.0,,,,0,1,,,,,,,2016.0,2016.0,,2016.0,,0.0,,0.0,0.0,new_v2_rate,0.0,0.0,0.0,,0.0,0.0,1,0.0,0.0
370201,2010,,山东省,2013.0,2016.0,2016.0,,2016.0,,,,0,1,,,,,,,2016.0,2016.0,,2016.0,,0.0,,0.0,0.0,new_v2_rate,0.0,0.0,0.0,,0.0,0.0,1,0.0,0.0
370201,2011,,山东省,2013.0,2016.0,2016.0,,2016.0,,,,0,1,,,,,,,2016.0,2016.0,,2016.0,,0.0,,0.0,0.0,new_v2_rate,0.0,0.0,0.0,,0.0,0.0,1,0.0,0.0
370201,2012,,山东省,2013.0,2016.0,2016.0,,2016.0,,,,0,1,,,,,,,2016.0,2016.0,,2016.0,,0.0,,0.0,0.0,new_v2_rate,0.0,0.0,0.0,,0.0,0.0,1,0.0,0.0
370201,2013,,山东省,2013.0,2016.0,2016.0,,2016.0,,,,0,1,2013.0,,,start_year_only,county_year_percent_progress,,2016.0,2016.0,,2016.0,,0.0,,0.0,0.0,new_v2_rate,1.0,0.0,0.0,,0.0,0.0,1,0.0,0.0
370201,2014,,山东省,2013.0,2016.0,2016.0,,2016.0,,,,0,1,,,,,,,2016.0,2016.0,,2016.0,,0.0,,0.0,0.0,new_v2_rate,1.0,0.0,0.0,,0.0,0.0,1,0.0,0.0
370201,2015,,山东省,2013.0,2016.0,2016.0,,2016.0,,,,0,1,,,,,,,2016.0,2016.0,,2016.0,,0.0,,0.0,0.0,new_v2_rate,1.0,0.0,0.0,,0.0,0.0,1,0.0,0.0
370201,2016,,山东省,2013.0,2016.0,2016.0,,2016.0,,,,0,1,2013.0,2016.0,,completed_year_only,county_year_percent_progress,,2016.0,2016.0,,2016.0,,1.0,,1.0,1.0,new_v2_rate,1.0,1.0,1.0,,1.0,1.0,1,1.0,1.0
370201,2017,,山东省,2013.0,2016.0,2016.0,,2016.0,,,,0,1,,,,,,,2016.0,2016.0,,2016.0,,1.0,,1.0,1.0,new_v2_rate,1.0,1.0,1.0,,1.0,1.0,1,1.0,1.0
370203,2009,市北区,山东省,2013.0,2016.0,2016.0,,2016.0,,,,0,1,,,,,,,2016.0,2016.0,,2016.0,,0.0,,0.0,0.0,new_v2_rate,0.0,0.0,0.0,,0.0,0.0,1,0.0,0.0
370203,2010,市北区,山东省,2013.0,2016.0,2016.0,,2016.0,,,,0,1,,,,,,,2016.0,2016.0,,2016.0,,0.0,,0.0,0.0,new_v2_rate,0.0,0.0,0.0,,0.0,0.0,1,0.0,0.0
370203,2011,市北区,山东省,2013.0,2016.0,2016.0,,2016.0,,,,0,1,,,,,,,2016.0,2016.0,,2016.0,,0.0,,0.0,0.0,new_v2_rate,0.0,0.0,0.0,,0.0,0.0,1,0.0,0.0
370203,2012,市北区,山东省,2013.0,2016.0,2016.0,,2016.0,,,,0,1,,,,,,,2016.0,2016.0,,2016.0,,0.0,,0.0,0.0,new_v2_rate,0.0,0.0,0.0,,0.0,0.0,1,0.0,0.0
370203,2013,市北区,山东省,2013.0,2016.0,2016.0,,2016.0,,,,0,1,2013.0,,,start_year_only,county_year_percent_progress,,2016.0,2016.0,,2016.0,,0.0,,0.0,0.0,new_v2_rate,1.0,0.0,0.0,,0.0,0.0,1,0.0,0.0
370203,2014,市北区,山东省,2013.0,2016.0,2016.0,,2016.0,,,,0,1,,,,,,,2016.0,2016.0,,2016.0,,0.0,,0.0,0.0,new_v2_rate,1.0,0.0,0.0,,0.0,0.0,1,0.0,0.0
370203,2015,市北区,山东省,2013.0,2016.0,2016.0,,2016.0,,,,0,1,,,,,,,2016.0,2016.0,,2016.0,,0.0,,0.0,0.0,new_v2_rate,1.0,0.0,0.0,,0.0,0.0,1,0.0,0.0
370203,2016,市北区,山东省,2013.0,2016.0,2016.0,,2016.0,,,,0,1,2013.0,2016.0,,completed_year_only,county_year_percent_progress,,2016.0,2016.0,,2016.0,,1.0,,1.0,1.0,new_v2_rate,1.0,1.0,1.0,,1.0,1.0,1,1.0,1.0
370203,2017,市北区,山东省,2013.0,2016.0,2016.0,,2016.0,,,,0,1,,,,,,,2016.0,2016.0,,2016.0,,1.0,,1.0,1.0,new_v2_rate,1.0,1.0,1.0,,1.0,1.0,1,1.0,1.0
370301,2009,,山东省,2013.0,2016.0,2016.0,,2016.0,,,,0,1,,,,,,,2016.0,2016.0,,2016.0,,0.0,,0.0,0.0,new_v2_rate,0.0,0.0,0.0,,0.0,0.0,1,0.0,0.0
370301,2010,,山东省,2013.0,2016.0,2016.0,,2016.0,,,,0,1,,,,,,,2016.0,2016.0,,2016.0,,0.0,,0.0,0.0,new_v2_rate,0.0,0.0,0.0,,0.0,0.0,1,0.0,0.0
370301,2011,,山东省,2013.0,2016.0,2016.0,,2016.0,,,,0,1,,,,,,,2016.0,2016.0,,2016.0,,0.0,,0.0,0.0,new_v2_rate,0.0,0.0,0.0,,0.0,0.0,1,0.0,0.0
370301,2012,,山东省,2013.0,2016.0,2016.0,,2016.0,,,,0,1,,,,,,,2016.0,2016.0,,2016.0,,0.0,,0.0,0.0,new_v2_rate,0.0,0.0,0.0,,0.0,0.0,1,0.0,0.0
370301,2013,,山东省,2013.0,2016.0,2016.0,,2016.0,,,,0,1,2013.0,,,start_year_only,county_year_percent_progress,,2016.0,2016.0,,2016.0,,0.0,,0.0,0.0,new_v2_rate,1.0,0.0,0.0,,0.0,0.0,1,0.0,0.0
370301,2014,,山东省,2013.0,2016.0,2016.0,,2016.0,,,,0,1,,,,,,,2016.0,2016.0,,2016.0,,0.0,,0.0,0.0,new_v2_rate,1.0,0.0,0.0,,0.0,0.0,1,0.0,0.0
370301,2015,,山东省,2013.0,2016.0,2016.0,,2016.0,,,,0,1,,,,,,,2016.0,2016.0,,2016.0,,0.0,,0.0,0.0,new_v2_rate,1.0,0.0,0.0,,0.0,0.0,1,0.0,0.0
370301,2016,,山东省,2013.0,2016.0,2016.0,,2016.0,,,,0,1,2013.0,2016.0,,completed_year_only,county_year_percent_progress,,2016.0,2016.0,,2016.0,,1.0,,1.0,1.0,new_v2_rate,1.0,1.0,1.0,,1.0,1.0,1,1.0,1.0
370301,2017,,山东省,2013.0,2016.0,2016.0,,2016.0,,,,0,1,,,,,,,2016.0,2016.0,,2016.0,,1.0,,1.0,1.0,new_v2_rate,1.0,1.0,1.0,,1.0,1.0,1,1.0,1.0
370401,2009,,山东省,2013.0,2016.0,2016.0,,2016.0,,,,0,1,,,,,,,2016.0,2016.0,,2016.0,,0.0,,0.0,0.0,new_v2_rate,0.0,0.0,0.0,,0.0,0.0,1,0.0,0.0
370401,2010,,山东省,2013.0,2016.0,2016.0,,2016.0,,,,0,1,,,,,,,2016.0,2016.0,,2016.0,,0.0,,0.0,0.0,new_v2_rate,0.0,0.0,0.0,,0.0,0.0,1,0.0,0.0
370401,2011,,山东省,2013.0,2016.0,2016.0,,2016.0,,,,0,1,,,,,,,2016.0,2016.0,,2016.0,,0.0,,0.0,0.0,new_v2_rate,0.0,0.0,0.0,,0.0,0.0,1,0.0,0.0
370401,2012,,山东省,2013.0,2016.0,2016.0,,2016.0,,,,0,1,,,,,,,2016.0,2016.0,,2016.0,,0.0,,0.0,0.0,new_v2_rate,0.0,0.0,0.0,,0.0,0.0,1,0.0,0.0
370401,2013,,山东省,2013.0,2016.0,2016.0,,2016.0,,,,0,1,2013.0,,,start_year_only,county_year_percent_progress,,2016.0,2016.0,,2016.0,,0.0,,0.0,0.0,new_v2_rate,1.0,0.0,0.0,,0.0,0.0,1,0.0,0.0
370401,2014,,山东省,2013.0,2016.0,2016.0,,2016.0,,,,0,1,,,,,,,2016.0,2016.0,,2016.0,,0.0,,0.0,0.0,new_v2_rate,1.0,0.0,0.0,,0.0,0.0,1,0.0,0.0
370401,2015,,山东省,2013.0,2016.0,2016.0,,2016.0,,,,0,1,,,,,,,2016.0,2016.0,,2016.0,,0.0,,0.0,0.0,new_v2_rate,1.0,0.0,0.0,,0.0,0.0,1,0.0,0.0
370401,2016,,山东省,2013.0,2016.0,2016.0,,2016.0,,,,0,1,2013.0,2016.0,,completed_year_only,county_year_percent_progress,,2016.0,2016.0,,2016.0,,1.0,,1.0,1.0,new_v2_rate,1.0,1.0,1.0,,1.0,1.0,1,1.0,1.0
370401,2017,,山东省,2013.0,2016.0,2016.0,,2016.0,,,,0,1,,,,,,,2016.0,2016.0,,2016.0,,1.0,,1.0,1.0,new_v2_rate,1.0,1.0,1.0,,1.0,1.0,1,1.0,1.0
370402,2009,市中区,山东省,2013.0,2016.0,2016.0,,2016.0,,,,0,1,,,,,,,2016.0,2016.0,,2016.0,,0.0,,0.0,0.0,new_v2_rate,0.0,0.0,0.0,,0.0,0.0,1,0.0,0.0
370402,2010,市中区,山东省,2013.0,2016.0,2016.0,,2016.0,,,,0,1,,,,,,,2016.0,2016.0,,2016.0,,0.0,,0.0,0.0,new_v2_rate,0.0,0.0,0.0,,0.0,0.0,1,0.0,0.0
370402,2011,市中区,山东省,2013.0,2016.0,2016.0,,2016.0,,,,0,1,,,,,,,2016.0,2016.0,,2016.0,,0.0,,0.0,0.0,new_v2_rate,0.0,0.0,0.0,,0.0,0.0,1,0.0,0.0
370402,2012,市中区,山东省,2013.0,2016.0,2016.0,,2016.0,,,,0,1,,,,,,,2016.0,2016.0,,2016.0,,0.0,,0.0,0.0,new_v2_rate,0.0,0.0,0.0,,0.0,0.0,1,0.0,0.0
370402,2013,市中区,山东省,2013.0,2016.0,2016.0,,2016.0,,,,0,1,2013.0,,,start_year_only,county_year_percent_progress,,2016.0,2016.0,,2016.0,,0.0,,0.0,0.0,new_v2_rate,1.0,0.0,0.0,,0.0,0.0,1,0.0,0.0
370402,2014,市中区,山东省,2013.0,2016.0,2016.0,,2016.0,,,,0,1,,,,,,,2016.0,2016.0,,2016.0,,0.0,,0.0,0.0,new_v2_rate,1.0,0.0,0.0,,0.0,0.0,1,0.0,0.0
370402,2015,市中区,山东省,2013.0,2016.0,2016.0,,2016.0,,,,0,1,,,,,,,2016.0,2016.0,,2016.0,,0.0,,0.0,0.0,new_v2_rate,1.0,0.0,0.0,,0.0,0.0,1,0.0,0.0
370402,2016,市中区,山东省,2013.0,2016.0,2016.0,,2016.0,,,,0,1,2013.0,2016.0,,completed_year_only,county_year_percent_progress,,2016.0,2016.0,,2016.0,,1.0,,1.0,1.0,new_v2_rate,1.0,1.0,1.0,,1.0,1.0,1,1.0,1.0
370402,2017,市中区,山东省,2013.0,2016.0,2016.0,,2016.0,,,,0,1,,,,,,,2016.0,2016.0,,2016.0,,1.0,,1.0,1.0,new_v2_rate,1.0,1.0,1.0,,1.0,1.0,1,1.0,1.0
370403,2009,薛城区,山东省,2013.0,2016.0,2016.0,,2016.0,,,,0,1,,,,,,,2016.0,2016.0,,2016.0,,0.0,,0.0,0.0,new_v2_rate,0.0,0.0,0.0,,0.0,0.0,1,0.0,0.0
370403,2010,薛城区,山东省,2013.0,2016.0,2016.0,,2016.0,,,,0,1,,,,,,,2016.0,2016.0,,2016.0,,0.0,,0.0,0.0,new_v2_rate,0.0,0.0,0.0,,0.0,0.0,1,0.0,0.0
370403,2011,薛城区,山东省,2013.0,2016.0,2016.0,,2016.0,,,,0,1,,,,,,,2016.0,2016.0,,2016.0,,0.0,,0.0,0.0,new_v2_rate,0.0,0.0,0.0,,0.0,0.0,1,0.0,0.0
370403,2012,薛城区,山东省,2013.0,2016.0,2016.0,,2016.0,,,,0,1,,,,,,,2016.0,2016.0,,2016.0,,0.0,,0.0,0.0,new_v2_rate,0.0,0.0,0.0,,0.0,0.0,1,0.0,0.0
370403,2013,薛城区,山东省,2013.0,2016.0,2016.0,,2016.0,,,,0,1,2013.0,,,start_year_only,county_year_percent_progress,,2016.0,2016.0,,2016.0,,0.0,,0.0,0.0,new_v2_rate,1.0,0.0,0.0,,0.0,0.0,1,0.0,0.0
370403,2014,薛城区,山东省,2013.0,2016.0,2016.0,,2016.0,,,,0,1,,,,,,,2016.0,2016.0,,2016.0,,0.0,,0.0,0.0,new_v2_rate,1.0,0.0,0.0,,0.0,0.0,1,0.0,0.0
370403,2015,薛城区,山东省,2013.0,2016.0,2016.0,,2016.0,,,,0,1,,,,,,,2016.0,2016.0,,2016.0,,0.0,,0.0,0.0,new_v2_rate,1.0,0.0,0.0,,0.0,0.0,1,0.0,0.0
370403,2016,薛城区,山东省,2013.0,2016.0,2016.0,,2016.0,,,,0,1,2013.0,2016.0,,completed_year_only,county_year_percent_progress,,2016.0,2016.0,,2016.0,,1.0,,1.0,1.0,new_v2_rate,1.0,1.0,1.0,,1.0,1.0,1,1.0,1.0
370403,2017,薛城区,山东省,2013.0,2016.0,2016.0,,2016.0,,,,0,1,,,,,,,2016.0,2016.0,,2016.0,,1.0,,1.0,1.0,new_v2_rate,1.0,1.0,1.0,,1.0,1.0,1,1.0,1.0
370501,2009,,山东省,2013.0,2016.0,2016.0,,2016.0,,,,0,1,,,,,,,2016.0,2016.0,,2016.0,,0.0,,0.0,0.0,new_v2_rate,0.0,0.0,0.0,,0.0,0.0,1,0.0,0.0
370501,2010,,山东省,2013.0,2016.0,2016.0,,2016.0,,,,0,1,,,,,,,2016.0,2016.0,,2016.0,,0.0,,0.0,0.0,new_v2_rate,0.0,0.0,0.0,,0.0,0.0,1,0.0,0.0
370501,2011,,山东省,2013.0,2016.0,2016.0,,2016.0,,,,0,1,,,,,,,2016.0,2016.0,,2016.0,,0.0,,0.0,0.0,new_v2_rate,0.0,0.0,0.0,,0.0,0.0,1,0.0,0.0
370501,2012,,山东省,2013.0,2016.0,2016.0,,2016.0,,,,0,1,,,,,,,2016.0,2016.0,,2016.0,,0.0,,0.0,0.0,new_v2_rate,0.0,0.0,0.0,,0.0,0.0,1,0.0,0.0
370501,2013,,山东省,2013.0,2016.0,2016.0,,2016.0,,,,0,1,2013.0,,,start_year_only,county_year_percent_progress,,2016.0,2016.0,,2016.0,,0.0,,0.0,0.0,new_v2_rate,1.0,0.0,0.0,,0.0,0.0,1,0.0,0.0
370501,2014,,山东省,2013.0,2016.0,2016.0,,2016.0,,,,0,1,,,,,,,2016.0,2016.0,,2016.0,,0.0,,0.0,0.0,new_v2_rate,1.0,0.0,0.0,,0.0,0.0,1,0.0,0.0
370501,2015,,山东省,2013.0,2016.0,2016.0,,2016.0,,,,0,1,,,,,,,2016.0,2016.0,,2016.0,,0.0,,0.0,0.0,new_v2_rate,1.0,0.0,0.0,,0.0,0.0,1,0.0,0.0
370501,2016,,山东省,2013.0,2016.0,2016.0,,2016.0,,,,0,1,2013.0,2016.0,,completed_year_only,county_year_percent_progress,,2016.0,2016.0,,2016.0,,1.0,,1.0,1.0,new_v2_rate,1.0,1.0,1.0,,1.0,1.0,1,1.0,1.0
370501,2017,,山东省,2013.0,2016.0,2016.0,,2016.0,,,,0,1,,,,,,,2016.0,2016.0,,2016.0,,1.0,,1.0,1.0,new_v2_rate,1.0,1.0,1.0,,1.0,1.0,1,1.0,1.0
370502,2009,东营区,山东省,2013.0,2016.0,2016.0,,2016.0,,,,0,1,,,,,,,2016.0,2016.0,,2016.0,,0.0,,0.0,0.0,new_v2_rate,0.0,0.0,0.0,,0.0,0.0,1,0.0,0.0
370502,2010,东营区,山东省,2013.0,2016.0,2016.0,,2016.0,,,,0,1,,,,,,,2016.0,2016.0,,2016.0,,0.0,,0.0,0.0,new_v2_rate,0.0,0.0,0.0,,0.0,0.0,1,0.0,0.0
370502,2011,东营区,山东省,2013.0,2016.0,2016.0,,2016.0,,,,0,1,,,,,,,2016.0,2016.0,,2016.0,,0.0,,0.0,0.0,new_v2_rate,0.0,0.0,0.0,,0.0,0.0,1,0.0,0.0
370502,2012,东营区,山东省,2013.0,2016.0,2016.0,,2016.0,,,,0,1,,,,,,,2016.0,2016.0,,2016.0,,0.0,,0.0,0.0,new_v2_rate,0.0,0.0,0.0,,0.0,0.0,1,0.0,0.0
370502,2013,东营区,山东省,2013.0,2016.0,2016.0,,2016.0,,,,0,1,2013.0,,,start_year_only,county_year_percent_progress,,2016.0,2016.0,,2016.0,,0.0,,0.0,0.0,new_v2_rate,1.0,0.0,0.0,,0.0,0.0,1,0.0,0.0
370502,2014,东营区,山东省,2013.0,2016.0,2016.0,,2016.0,,,,0,1,,,,,,,2016.0,2016.0,,2016.0,,0.0,,0.0,0.0,new_v2_rate,1.0,0.0,0.0,,0.0,0.0,1,0.0,0.0
370502,2015,东营区,山东省,2013.0,2016.0,2016.0,,2016.0,,,,0,1,,,,,,,2016.0,2016.0,,2016.0,,0.0,,0.0,0.0,new_v2_rate,1.0,0.0,0.0,,0.0,0.0,1,0.0,0.0
370502,2016,东营区,山东省,2013.0,2016.0,2016.0,,2016.0,,,,0,1,2013.0,2016.0,,completed_year_only,county_year_percent_progress,,2016.0,2016.0,,2016.0,,1.0,,1.0,1.0,new_v2_rate,1.0,1.0,1.0,,1.0,1.0,1,1.0,1.0
370502,2017,东营区,山东省,2013.0,2016.0,2016.0,,2016.0,,,,0,1,,,,,,,2016.0,2016.0,,2016.0,,1.0,,1.0,1.0,new_v2_rate,1.0,1.0,1.0,,1.0,1.0,1,1.0,1.0
370704,2009,坊子区,山东省,2013.0,2016.0,2016.0,,2016.0,,,,0,1,,,,,,,2016.0,2016.0,,2016.0,,0.0,,0.0,0.0,new_v2_rate,0.0,0.0,0.0,,0.0,0.0,1,0.0,0.0
370704,2010,坊子区,山东省,2013.0,2016.0,2016.0,,2016.0,,,,0,1,,,,,,,2016.0,2016.0,,2016.0,,0.0,,0.0,0.0,new_v2_rate,0.0,0.0,0.0,,0.0,0.0,1,0.0,0.0
370704,2011,坊子区,山东省,2013.0,2016.0,2016.0,,2016.0,,,,0,1,,,,,,,2016.0,2016.0,,2016.0,,0.0,,0.0,0.0,new_v2_rate,0.0,0.0,0.0,,0.0,0.0,1,0.0,0.0
370704,2012,坊子区,山东省,2013.0,2016.0,2016.0,,2016.0,,,,0,1,,,,,,,2016.0,2016.0,,2016.0,,0.0,,0.0,0.0,new_v2_rate,0.0,0.0,0.0,,0.0,0.0,1,0.0,0.0
370704,2013,坊子区,山东省,2013.0,2016.0,2016.0,,2016.0,,,,0,1,2013.0,,,start_year_only,county_year_percent_progress,,2016.0,2016.0,,2016.0,,0.0,,0.0,0.0,new_v2_rate,1.0,0.0,0.0,,0.0,0.0,1,0.0,0.0
370704,2014,坊子区,山东省,2013.0,2016.0,2016.0,,2016.0,,,,0,1,,,,,,,2016.0,2016.0,,2016.0,,0.0,,0.0,0.0,new_v2_rate,1.0,0.0,0.0,,0.0,0.0,1,0.0,0.0
370704,2015,坊子区,山东省,2013.0,2016.0,2016.0,,2016.0,,,,0,1,,,,,,,2016.0,2016.0,,2016.0,,0.0,,0.0,0.0,new_v2_rate,1.0,0.0,0.0,,0.0,0.0,1,0.0,0.0
370704,2016,坊子区,山东省,2013.0,2016.0,2016.0,,2016.0,,,,0,1,2013.0,2016.0,,completed_year_only,county_year_percent_progress,,2016.0,2016.0,,2016.0,,1.0,,1.0,1.0,new_v2_rate,1.0,1.0,1.0,,1.0,1.0,1,1.0,1.0
370704,2017,坊子区,山东省,2013.0,2016.0,2016.0,,2016.0,,,,0,1,,,,,,,2016.0,2016.0,,2016.0,,1.0,,1.0,1.0,new_v2_rate,1.0,1.0,1.0,,1.0,1.0,1,1.0,1.0
370801,2009,,山东省,2013.0,2016.0,2016.0,,2016.0,,,,0,1,,,,,,,2016.0,2016.0,,2016.0,,0.0,,0.0,0.0,new_v2_rate,0.0,0.0,0.0,,0.0,0.0,1,0.0,0.0
370801,2010,,山东省,2013.0,2016.0,2016.0,,2016.0,,,,0,1,,,,,,,2016.0,2016.0,,2016.0,,0.0,,0.0,0.0,new_v2_rate,0.0,0.0,0.0,,0.0,0.0,1,0.0,0.0
370801,2011,,山东省,2013.0,2016.0,2016.0,,2016.0,,,,0,1,,,,,,,2016.0,2016.0,,2016.0,,0.0,,0.0,0.0,new_v2_rate,0.0,0.0,0.0,,0.0,0.0,1,0.0,0.0
370801,2012,,山东省,2013.0,2016.0,2016.0,,2016.0,,,,0,1,,,,,,,2016.0,2016.0,,2016.0,,0.0,,0.0,0.0,new_v2_rate,0.0,0.0,0.0,,0.0,0.0,1,0.0,0.0
370801,2013,,山东省,2013.0,2016.0,2016.0,,2016.0,,,,0,1,2013.0,,,start_year_only,county_year_percent_progress,,2016.0,2016.0,,2016.0,,0.0,,0.0,0.0,new_v2_rate,1.0,0.0,0.0,,0.0,0.0,1,0.0,0.0
370801,2014,,山东省,2013.0,2016.0,2016.0,,2016.0,,,,0,1,,,,,,,2016.0,2016.0,,2016.0,,0.0,,0.0,0.0,new_v2_rate,1.0,0.0,0.0,,0.0,0.0,1,0.0,0.0
370801,2015,,山东省,2013.0,2016.0,2016.0,,2016.0,,,,0,1,,,,,,,2016.0,2016.0,,2016.0,,0.0,,0.0,0.0,new_v2_rate,1.0,0.0,0.0,,0.0,0.0,1,0.0,0.0
370801,2016,,山东省,2013.0,2016.0,2016.0,,2016.0,,,,0,1,2013.0,2016.0,,completed_year_only,county_year_percent_progress,,2016.0,2016.0,,2016.0,,1.0,,1.0,1.0,new_v2_rate,1.0,1.0,1.0,,1.0,1.0,1,1.0,1.0
370801,2017,,山东省,2013.0,2016.0,2016.0,,2016.0,,,,0,1,,,,,,,2016.0,2016.0,,2016.0,,1.0,,1.0,1.0,new_v2_rate,1.0,1.0,1.0,,1.0,1.0,1,1.0,1.0
370802,2009,市中区,山东省,2013.0,2016.0,2016.0,,2016.0,,,,0,1,,,,,,,2016.0,2016.0,,2016.0,,0.0,,0.0,0.0,new_v2_rate,0.0,0.0,0.0,,0.0,0.0,1,0.0,0.0
370802,2010,市中区,山东省,2013.0,2016.0,2016.0,,2016.0,,,,0,1,,,,,,,2016.0,2016.0,,2016.0,,0.0,,0.0,0.0,new_v2_rate,0.0,0.0,0.0,,0.0,0.0,1,0.0,0.0
370802,2011,市中区,山东省,2013.0,2016.0,2016.0,,2016.0,,,,0,1,,,,,,,2016.0,2016.0,,2016.0,,0.0,,0.0,0.0,new_v2_rate,0.0,0.0,0.0,,0.0,0.0,1,0.0,0.0
370802,2012,市中区,山东省,2013.0,2016.0,2016.0,,2016.0,,,,0,1,,,,,,,2016.0,2016.0,,2016.0,,0.0,,0.0,0.0,new_v2_rate,0.0,0.0,0.0,,0.0,0.0,1,0.0,0.0
370802,2013,市中区,山东省,2013.0,2016.0,2016.0,,2016.0,,,,0,1,2013.0,,,start_year_only,county_year_percent_progress,,2016.0,2016.0,,2016.0,,0.0,,0.0,0.0,new_v2_rate,1.0,0.0,0.0,,0.0,0.0,1,0.0,0.0
370802,2014,市中区,山东省,2013.0,2016.0,2016.0,,2016.0,,,,0,1,,,,,,,2016.0,2016.0,,2016.0,,0.0,,0.0,0.0,new_v2_rate,1.0,0.0,0.0,,0.0,0.0,1,0.0,0.0
370802,2015,市中区,山东省,2013.0,2016.0,2016.0,,2016.0,,,,0,1,,,,,,,2016.0,2016.0,,2016.0,,0.0,,0.0,0.0,new_v2_rate,1.0,0.0,0.0,,0.0,0.0,1,0.0,0.0
370802,2016,市中区,山东省,2013.0,2016.0,2016.0,,2016.0,,,,0,1,2013.0,2016.0,,completed_year_only,county_year_percent_progress,,2016.0,2016.0,,2016.0,,1.0,,1.0,1.0,new_v2_rate,1.0,1.0,1.0,,1.0,1.0,1,1.0,1.0
370802,2017,市中区,山东省,2013.0,2016.0,2016.0,,2016.0,,,,0,1,,,,,,,2016.0,2016.0,,2016.0,,1.0,,1.0,1.0,new_v2_rate,1.0,1.0,1.0,,1.0,1.0,1,1.0,1.0
370803,2009,,山东省,2013.0,2016.0,2016.0,,2016.0,,,,0,1,,,,,,,2016.0,2016.0,,2016.0,,0.0,,0.0,0.0,new_v2_rate,0.0,0.0,0.0,,0.0,0.0,1,0.0,0.0
370803,2010,,山东省,2013.0,2016.0,2016.0,,2016.0,,,,0,1,,,,,,,2016.0,2016.0,,2016.0,,0.0,,0.0,0.0,new_v2_rate,0.0,0.0,0.0,,0.0,0.0,1,0.0,0.0
370803,2011,,山东省,2013.0,2016.0,2016.0,,2016.0,,,,0,1,,,,,,,2016.0,2016.0,,2016.0,,0.0,,0.0,0.0,new_v2_rate,0.0,0.0,0.0,,0.0,0.0,1,0.0,0.0
370803,2012,,山东省,2013.0,2016.0,2016.0,,2016.0,,,,0,1,,,,,,,2016.0,2016.0,,2016.0,,0.0,,0.0,0.0,new_v2_rate,0.0,0.0,0.0,,0.0,0.0,1,0.0,0.0
370803,2013,,山东省,2013.0,2016.0,2016.0,,2016.0,,,,0,1,2013.0,,,start_year_only,county_year_percent_progress,,2016.0,2016.0,,2016.0,,0.0,,0.0,0.0,new_v2_rate,1.0,0.0,0.0,,0.0,0.0,1,0.0,0.0
370803,2014,,山东省,2013.0,2016.0,2016.0,,2016.0,,,,0,1,,,,,,,2016.0,2016.0,,2016.0,,0.0,,0.0,0.0,new_v2_rate,1.0,0.0,0.0,,0.0,0.0,1,0.0,0.0
370803,2015,,山东省,2013.0,2016.0,2016.0,,2016.0,,,,0,1,,,,,,,2016.0,2016.0,,2016.0,,0.0,,0.0,0.0,new_v2_rate,1.0,0.0,0.0,,0.0,0.0,1,0.0,0.0
370803,2016,,山东省,2013.0,2016.0,2016.0,,2016.0,,,,0,1,2013.0,2016.0,,completed_year_only,county_year_percent_progress,,2016.0,2016.0,,2016.0,,1.0,,1.0,1.0,new_v2_rate,1.0,1.0,1.0,,1.0,1.0,1,1.0,1.0
370803,2017,,山东省,2013.0,2016.0,2016.0,,2016.0,,,,0,1,,,,,,,2016.0,2016.0,,2016.0,,1.0,,1.0,1.0,new_v2_rate,1.0,1.0,1.0,,1.0,1.0,1,1.0,1.0
370804,2009,,山东省,2013.0,2016.0,2016.0,,2016.0,,,,0,1,,,,,,,2016.0,2016.0,,2016.0,,0.0,,0.0,0.0,new_v2_rate,0.0,0.0,0.0,,0.0,0.0,1,0.0,0.0
370804,2010,,山东省,2013.0,2016.0,2016.0,,2016.0,,,,0,1,,,,,,,2016.0,2016.0,,2016.0,,0.0,,0.0,0.0,new_v2_rate,0.0,0.0,0.0,,0.0,0.0,1,0.0,0.0
370804,2011,,山东省,2013.0,2016.0,2016.0,,2016.0,,,,0,1,,,,,,,2016.0,2016.0,,2016.0,,0.0,,0.0,0.0,new_v2_rate,0.0,0.0,0.0,,0.0,0.0,1,0.0,0.0
370804,2012,,山东省,2013.0,2016.0,2016.0,,2016.0,,,,0,1,,,,,,,2016.0,2016.0,,2016.0,,0.0,,0.0,0.0,new_v2_rate,0.0,0.0,0.0,,0.0,0.0,1,0.0,0.0
370804,2013,,山东省,2013.0,2016.0,2016.0,,2016.0,,,,0,1,2013.0,,,start_year_only,county_year_percent_progress,,2016.0,2016.0,,2016.0,,0.0,,0.0,0.0,new_v2_rate,1.0,0.0,0.0,,0.0,0.0,1,0.0,0.0
370804,2014,,山东省,2013.0,2016.0,2016.0,,2016.0,,,,0,1,,,,,,,2016.0,2016.0,,2016.0,,0.0,,0.0,0.0,new_v2_rate,1.0,0.0,0.0,,0.0,0.0,1,0.0,0.0
370804,2015,,山东省,2013.0,2016.0,2016.0,,2016.0,,,,0,1,,,,,,,2016.0,2016.0,,2016.0,,0.0,,0.0,0.0,new_v2_rate,1.0,0.0,0.0,,0.0,0.0,1,0.0,0.0
370804,2016,,山东省,2013.0,2016.0,2016.0,,2016.0,,,,0,1,2013.0,2016.0,,completed_year_only,county_year_percent_progress,,2016.0,2016.0,,2016.0,,1.0,,1.0,1.0,new_v2_rate,1.0,1.0,1.0,,1.0,1.0,1,1.0,1.0
370804,2017,,山东省,2013.0,2016.0,2016.0,,2016.0,,,,0,1,,,,,,,2016.0,2016.0,,2016.0,,1.0,,1.0,1.0,new_v2_rate,1.0,1.0,1.0,,1.0,1.0,1,1.0,1.0
370901,2009,,山东省,2013.0,2016.0,2016.0,,2016.0,,,,0,1,,,,,,,2016.0,2016.0,,2016.0,,0.0,,0.0,0.0,new_v2_rate,0.0,0.0,0.0,,0.0,0.0,1,0.0,0.0
370901,2010,,山东省,2013.0,2016.0,2016.0,,2016.0,,,,0,1,,,,,,,2016.0,2016.0,,2016.0,,0.0,,0.0,0.0,new_v2_rate,0.0,0.0,0.0,,0.0,0.0,1,0.0,0.0
370901,2011,,山东省,2013.0,2016.0,2016.0,,2016.0,,,,0,1,,,,,,,2016.0,2016.0,,2016.0,,0.0,,0.0,0.0,new_v2_rate,0.0,0.0,0.0,,0.0,0.0,1,0.0,0.0
370901,2012,,山东省,2013.0,2016.0,2016.0,,2016.0,,,,0,1,,,,,,,2016.0,2016.0,,2016.0,,0.0,,0.0,0.0,new_v2_rate,0.0,0.0,0.0,,0.0,0.0,1,0.0,0.0
370901,2013,,山东省,2013.0,2016.0,2016.0,,2016.0,,,,0,1,2013.0,,,start_year_only,county_year_percent_progress,,2016.0,2016.0,,2016.0,,0.0,,0.0,0.0,new_v2_rate,1.0,0.0,0.0,,0.0,0.0,1,0.0,0.0
370901,2014,,山东省,2013.0,2016.0,2016.0,,2016.0,,,,0,1,,,,,,,2016.0,2016.0,,2016.0,,0.0,,0.0,0.0,new_v2_rate,1.0,0.0,0.0,,0.0,0.0,1,0.0,0.0
370901,2015,,山东省,2013.0,2016.0,2016.0,,2016.0,,,,0,1,,,,,,,2016.0,2016.0,,2016.0,,0.0,,0.0,0.0,new_v2_rate,1.0,0.0,0.0,,0.0,0.0,1,0.0,0.0
370901,2016,,山东省,2013.0,2016.0,2016.0,,2016.0,,,,0,1,2013.0,2016.0,,completed_year_only,county_year_percent_progress,,2016.0,2016.0,,2016.0,,1.0,,1.0,1.0,new_v2_rate,1.0,1.0,1.0,,1.0,1.0,1,1.0,1.0
370901,2017,,山东省,2013.0,2016.0,2016.0,,2016.0,,,,0,1,,,,,,,2016.0,2016.0,,2016.0,,1.0,,1.0,1.0,new_v2_rate,1.0,1.0,1.0,,1.0,1.0,1,1.0,1.0
370902,2009,泰山区,山东省,2013.0,2016.0,2016.0,,2016.0,,,,0,1,,,,,,,2016.0,2016.0,,2016.0,,0.0,,0.0,0.0,new_v2_rate,0.0,0.0,0.0,,0.0,0.0,1,0.0,0.0
370902,2010,泰山区,山东省,2013.0,2016.0,2016.0,,2016.0,,,,0,1,,,,,,,2016.0,2016.0,,2016.0,,0.0,,0.0,0.0,new_v2_rate,0.0,0.0,0.0,,0.0,0.0,1,0.0,0.0
370902,2011,泰山区,山东省,2013.0,2016.0,2016.0,,2016.0,,,,0,1,,,,,,,2016.0,2016.0,,2016.0,,0.0,,0.0,0.0,new_v2_rate,0.0,0.0,0.0,,0.0,0.0,1,0.0,0.0
370902,2012,泰山区,山东省,2013.0,2016.0,2016.0,,2016.0,,,,0,1,,,,,,,2016.0,2016.0,,2016.0,,0.0,,0.0,0.0,new_v2_rate,0.0,0.0,0.0,,0.0,0.0,1,0.0,0.0
370902,2013,泰山区,山东省,2013.0,2016.0,2016.0,,2016.0,,,,0,1,2013.0,,,start_year_only,county_year_percent_progress,,2016.0,2016.0,,2016.0,,0.0,,0.0,0.0,new_v2_rate,1.0,0.0,0.0,,0.0,0.0,1,0.0,0.0
370902,2014,泰山区,山东省,2013.0,2016.0,2016.0,,2016.0,,,,0,1,,,,,,,2016.0,2016.0,,2016.0,,0.0,,0.0,0.0,new_v2_rate,1.0,0.0,0.0,,0.0,0.0,1,0.0,0.0
370902,2015,泰山区,山东省,2013.0,2016.0,2016.0,,2016.0,,,,0,1,,,,,,,2016.0,2016.0,,2016.0,,0.0,,0.0,0.0,new_v2_rate,1.0,0.0,0.0,,0.0,0.0,1,0.0,0.0
370902,2016,泰山区,山东省,2013.0,2016.0,2016.0,,2016.0,,,,0,1,2013.0,2016.0,,completed_year_only,county_year_percent_progress,,2016.0,2016.0,,2016.0,,1.0,,1.0,1.0,new_v2_rate,1.0,1.0,1.0,,1.0,1.0,1,1.0,1.0
370902,2017,泰山区,山东省,2013.0,2016.0,2016.0,,2016.0,,,,0,1,,,,,,,2016.0,2016.0,,2016.0,,1.0,,1.0,1.0,new_v2_rate,1.0,1.0,1.0,,1.0,1.0,1,1.0,1.0
371002,2009,环翠区,山东省,2013.0,2016.0,2016.0,,2016.0,,,,0,1,,,,,,,2016.0,2016.0,,2016.0,,0.0,,0.0,0.0,new_v2_rate,0.0,0.0,0.0,,0.0,0.0,1,0.0,0.0
371002,2010,环翠区,山东省,2013.0,2016.0,2016.0,,2016.0,,,,0,1,,,,,,,2016.0,2016.0,,2016.0,,0.0,,0.0,0.0,new_v2_rate,0.0,0.0,0.0,,0.0,0.0,1,0.0,0.0
371002,2011,环翠区,山东省,2013.0,2016.0,2016.0,,2016.0,,,,0,1,,,,,,,2016.0,2016.0,,2016.0,,0.0,,0.0,0.0,new_v2_rate,0.0,0.0,0.0,,0.0,0.0,1,0.0,0.0
371002,2012,环翠区,山东省,2013.0,2016.0,2016.0,,2016.0,,,,0,1,,,,,,,2016.0,2016.0,,2016.0,,0.0,,0.0,0.0,new_v2_rate,0.0,0.0,0.0,,0.0,0.0,1,0.0,0.0
371002,2013,环翠区,山东省,2013.0,2016.0,2016.0,,2016.0,,,,0,1,2013.0,,,start_year_only,county_year_percent_progress,,2016.0,2016.0,,2016.0,,0.0,,0.0,0.0,new_v2_rate,1.0,0.0,0.0,,0.0,0.0,1,0.0,0.0
371002,2014,环翠区,山东省,2013.0,2016.0,2016.0,,2016.0,,,,0,1,,,,,,,2016.0,2016.0,,2016.0,,0.0,,0.0,0.0,new_v2_rate,1.0,0.0,0.0,,0.0,0.0,1,0.0,0.0
371002,2015,环翠区,山东省,2013.0,2016.0,2016.0,,2016.0,,,,0,1,,,,,,,2016.0,2016.0,,2016.0,,0.0,,0.0,0.0,new_v2_rate,1.0,0.0,0.0,,0.0,0.0,1,0.0,0.0
371002,2016,环翠区,山东省,2013.0,2016.0,2016.0,,2016.0,,,,0,1,2013.0,2016.0,,completed_year_only,county_year_percent_progress,,2016.0,2016.0,,2016.0,,1.0,,1.0,1.0,new_v2_rate,1.0,1.0,1.0,,1.0,1.0,1,1.0,1.0
371002,2017,环翠区,山东省,2013.0,2016.0,2016.0,,2016.0,,,,0,1,,,,,,,2016.0,2016.0,,2016.0,,1.0,,1.0,1.0,new_v2_rate,1.0,1.0,1.0,,1.0,1.0,1,1.0,1.0
371101,2009,,山东省,2013.0,2016.0,2016.0,,2016.0,,,,0,1,,,,,,,2016.0,2016.0,,2016.0,,0.0,,0.0,0.0,new_v2_rate,0.0,0.0,0.0,,0.0,0.0,1,0.0,0.0
371101,2010,,山东省,2013.0,2016.0,2016.0,,2016.0,,,,0,1,,,,,,,2016.0,2016.0,,2016.0,,0.0,,0.0,0.0,new_v2_rate,0.0,0.0,0.0,,0.0,0.0,1,0.0,0.0
371101,2011,,山东省,2013.0,2016.0,2016.0,,2016.0,,,,0,1,,,,,,,2016.0,2016.0,,2016.0,,0.0,,0.0,0.0,new_v2_rate,0.0,0.0,0.0,,0.0,0.0,1,0.0,0.0
371101,2012,,山东省,2013.0,2016.0,2016.0,,2016.0,,,,0,1,,,,,,,2016.0,2016.0,,2016.0,,0.0,,0.0,0.0,new_v2_rate,0.0,0.0,0.0,,0.0,0.0,1,0.0,0.0
371101,2013,,山东省,2013.0,2016.0,2016.0,,2016.0,,,,0,1,2013.0,,,start_year_only,county_year_percent_progress,,2016.0,2016.0,,2016.0,,0.0,,0.0,0.0,new_v2_rate,1.0,0.0,0.0,,0.0,0.0,1,0.0,0.0
371101,2014,,山东省,2013.0,2016.0,2016.0,,2016.0,,,,0,1,,,,,,,2016.0,2016.0,,2016.0,,0.0,,0.0,0.0,new_v2_rate,1.0,0.0,0.0,,0.0,0.0,1,0.0,0.0
371101,2015,,山东省,2013.0,2016.0,2016.0,,2016.0,,,,0,1,,,,,,,2016.0,2016.0,,2016.0,,0.0,,0.0,0.0,new_v2_rate,1.0,0.0,0.0,,0.0,0.0,1,0.0,0.0
371101,2016,,山东省,2013.0,2016.0,2016.0,,2016.0,,,,0,1,2013.0,2016.0,,completed_year_only,county_year_percent_progress,,2016.0,2016.0,,2016.0,,1.0,,1.0,1.0,new_v2_rate,1.0,1.0,1.0,,1.0,1.0,1,1.0,1.0
371101,2017,,山东省,2013.0,2016.0,2016.0,,2016.0,,,,0,1,,,,,,,2016.0,2016.0,,2016.0,,1.0,,1.0,1.0,new_v2_rate,1.0,1.0,1.0,,1.0,1.0,1,1.0,1.0
371201,2009,,山东省,2013.0,2016.0,2016.0,,2016.0,,,,0,1,,,,,,,2016.0,2016.0,,2016.0,,0.0,,0.0,0.0,new_v2_rate,0.0,0.0,0.0,,0.0,0.0,1,0.0,0.0
371201,2010,,山东省,2013.0,2016.0,2016.0,,2016.0,,,,0,1,,,,,,,2016.0,2016.0,,2016.0,,0.0,,0.0,0.0,new_v2_rate,0.0,0.0,0.0,,0.0,0.0,1,0.0,0.0
371201,2011,,山东省,2013.0,2016.0,2016.0,,2016.0,,,,0,1,,,,,,,2016.0,2016.0,,2016.0,,0.0,,0.0,0.0,new_v2_rate,0.0,0.0,0.0,,0.0,0.0,1,0.0,0.0
371201,2012,,山东省,2013.0,2016.0,2016.0,,2016.0,,,,0,1,,,,,,,2016.0,2016.0,,2016.0,,0.0,,0.0,0.0,new_v2_rate,0.0,0.0,0.0,,0.0,0.0,1,0.0,0.0
371201,2013,,山东省,2013.0,2016.0,2016.0,,2016.0,,,,0,1,2013.0,,,start_year_only,county_year_percent_progress,,2016.0,2016.0,,2016.0,,0.0,,0.0,0.0,new_v2_rate,1.0,0.0,0.0,,0.0,0.0,1,0.0,0.0
371201,2014,,山东省,2013.0,2016.0,2016.0,,2016.0,,,,0,1,,,,,,,2016.0,2016.0,,2016.0,,0.0,,0.0,0.0,new_v2_rate,1.0,0.0,0.0,,0.0,0.0,1,0.0,0.0
371201,2015,,山东省,2013.0,2016.0,2016.0,,2016.0,,,,0,1,,,,,,,2016.0,2016.0,,2016.0,,0.0,,0.0,0.0,new_v2_rate,1.0,0.0,0.0,,0.0,0.0,1,0.0,0.0
371201,2016,,山东省,2013.0,2016.0,2016.0,,2016.0,,,,0,1,2013.0,2016.0,,completed_year_only,county_year_percent_progress,,2016.0,2016.0,,2016.0,,1.0,,1.0,1.0,new_v2_rate,1.0,1.0,1.0,,1.0,1.0,1,1.0,1.0
371201,2017,,山东省,2013.0,2016.0,2016.0,,2016.0,,,,0,1,,,,,,,2016.0,2016.0,,2016.0,,1.0,,1.0,1.0,new_v2_rate,1.0,1.0,1.0,,1.0,1.0,1,1.0,1.0
371401,2009,,山东省,2013.0,2016.0,2016.0,,2016.0,,,,0,1,,,,,,,2016.0,2016.0,,2016.0,,0.0,,0.0,0.0,new_v2_rate,0.0,0.0,0.0,,0.0,0.0,1,0.0,0.0
371401,2010,,山东省,2013.0,2016.0,2016.0,,2016.0,,,,0,1,,,,,,,2016.0,2016.0,,2016.0,,0.0,,0.0,0.0,new_v2_rate,0.0,0.0,0.0,,0.0,0.0,1,0.0,0.0
371401,2011,,山东省,2013.0,2016.0,2016.0,,2016.0,,,,0,1,,,,,,,2016.0,2016.0,,2016.0,,0.0,,0.0,0.0,new_v2_rate,0.0,0.0,0.0,,0.0,0.0,1,0.0,0.0
371401,2012,,山东省,2013.0,2016.0,2016.0,,2016.0,,,,0,1,,,,,,,2016.0,2016.0,,2016.0,,0.0,,0.0,0.0,new_v2_rate,0.0,0.0,0.0,,0.0,0.0,1,0.0,0.0
371401,2013,,山东省,2013.0,2016.0,2016.0,,2016.0,,,,0,1,2013.0,,,start_year_only,county_year_percent_progress,,2016.0,2016.0,,2016.0,,0.0,,0.0,0.0,new_v2_rate,1.0,0.0,0.0,,0.0,0.0,1,0.0,0.0
371401,2014,,山东省,2013.0,2016.0,2016.0,,2016.0,,,,0,1,,,,,,,2016.0,2016.0,,2016.0,,0.0,,0.0,0.0,new_v2_rate,1.0,0.0,0.0,,0.0,0.0,1,0.0,0.0
371401,2015,,山东省,2013.0,2016.0,2016.0,,2016.0,,,,0,1,,,,,,,2016.0,2016.0,,2016.0,,0.0,,0.0,0.0,new_v2_rate,1.0,0.0,0.0,,0.0,0.0,1,0.0,0.0
371401,2016,,山东省,2013.0,2016.0,2016.0,,2016.0,,,,0,1,2013.0,2016.0,,completed_year_only,county_year_percent_progress,,2016.0,2016.0,,2016.0,,1.0,,1.0,1.0,new_v2_rate,1.0,1.0,1.0,,1.0,1.0,1,1.0,1.0
371401,2017,,山东省,2013.0,2016.0,2016.0,,2016.0,,,,0,1,,,,,,,2016.0,2016.0,,2016.0,,1.0,,1.0,1.0,new_v2_rate,1.0,1.0,1.0,,1.0,1.0,1,1.0,1.0
371402,2009,德城区,山东省,2013.0,2016.0,2016.0,,2016.0,,,,0,1,,,,,,,2016.0,2016.0,,2016.0,,0.0,,0.0,0.0,new_v2_rate,0.0,0.0,0.0,,0.0,0.0,1,0.0,0.0
371402,2010,德城区,山东省,2013.0,2016.0,2016.0,,2016.0,,,,0,1,,,,,,,2016.0,2016.0,,2016.0,,0.0,,0.0,0.0,new_v2_rate,0.0,0.0,0.0,,0.0,0.0,1,0.0,0.0
371402,2011,德城区,山东省,2013.0,2016.0,2016.0,,2016.0,,,,0,1,,,,,,,2016.0,2016.0,,2016.0,,0.0,,0.0,0.0,new_v2_rate,0.0,0.0,0.0,,0.0,0.0,1,0.0,0.0
371402,2012,德城区,山东省,2013.0,2016.0,2016.0,,2016.0,,,,0,1,,,,,,,2016.0,2016.0,,2016.0,,0.0,,0.0,0.0,new_v2_rate,0.0,0.0,0.0,,0.0,0.0,1,0.0,0.0
371402,2013,德城区,山东省,2013.0,2016.0,2016.0,,2016.0,,,,0,1,2013.0,,,start_year_only,county_year_percent_progress,,2016.0,2016.0,,2016.0,,0.0,,0.0,0.0,new_v2_rate,1.0,0.0,0.0,,0.0,0.0,1,0.0,0.0
371402,2014,德城区,山东省,2013.0,2016.0,2016.0,,2016.0,,,,0,1,,,,,,,2016.0,2016.0,,2016.0,,0.0,,0.0,0.0,new_v2_rate,1.0,0.0,0.0,,0.0,0.0,1,0.0,0.0
371402,2015,德城区,山东省,2013.0,2016.0,2016.0,,2016.0,,,,0,1,,,,,,,2016.0,2016.0,,2016.0,,0.0,,0.0,0.0,new_v2_rate,1.0,0.0,0.0,,0.0,0.0,1,0.0,0.0
371402,2016,德城区,山东省,2013.0,2016.0,2016.0,,2016.0,,,,0,1,2013.0,2016.0,,completed_year_only,county_year_percent_progress,,2016.0,2016.0,,2016.0,,1.0,,1.0,1.0,new_v2_rate,1.0,1.0,1.0,,1.0,1.0,1,1.0,1.0
371402,2017,德城区,山东省,2013.0,2016.0,2016.0,,2016.0,,,,0,1,,,,,,,2016.0,2016.0,,2016.0,,1.0,,1.0,1.0,new_v2_rate,1.0,1.0,1.0,,1.0,1.0,1,1.0,1.0
371501,2009,,山东省,2013.0,2016.0,2016.0,,2016.0,,,,0,1,,,,,,,2016.0,2016.0,,2016.0,,0.0,,0.0,0.0,new_v2_rate,0.0,0.0,0.0,,0.0,0.0,1,0.0,0.0
371501,2010,,山东省,2013.0,2016.0,2016.0,,2016.0,,,,0,1,,,,,,,2016.0,2016.0,,2016.0,,0.0,,0.0,0.0,new_v2_rate,0.0,0.0,0.0,,0.0,0.0,1,0.0,0.0
371501,2011,,山东省,2013.0,2016.0,2016.0,,2016.0,,,,0,1,,,,,,,2016.0,2016.0,,2016.0,,0.0,,0.0,0.0,new_v2_rate,0.0,0.0,0.0,,0.0,0.0,1,0.0,0.0
371501,2012,,山东省,2013.0,2016.0,2016.0,,2016.0,,,,0,1,,,,,,,2016.0,2016.0,,2016.0,,0.0,,0.0,0.0,new_v2_rate,0.0,0.0,0.0,,0.0,0.0,1,0.0,0.0
371501,2013,,山东省,2013.0,2016.0,2016.0,,2016.0,,,,0,1,2013.0,,,start_year_only,county_year_percent_progress,,2016.0,2016.0,,2016.0,,0.0,,0.0,0.0,new_v2_rate,1.0,0.0,0.0,,0.0,0.0,1,0.0,0.0
371501,2014,,山东省,2013.0,2016.0,2016.0,,2016.0,,,,0,1,,,,,,,2016.0,2016.0,,2016.0,,0.0,,0.0,0.0,new_v2_rate,1.0,0.0,0.0,,0.0,0.0,1,0.0,0.0
371501,2015,,山东省,2013.0,2016.0,2016.0,,2016.0,,,,0,1,,,,,,,2016.0,2016.0,,2016.0,,0.0,,0.0,0.0,new_v2_rate,1.0,0.0,0.0,,0.0,0.0,1,0.0,0.0
371501,2016,,山东省,2013.0,2016.0,2016.0,,2016.0,,,,0,1,2013.0,2016.0,,completed_year_only,county_year_percent_progress,,2016.0,2016.0,,2016.0,,1.0,,1.0,1.0,new_v2_rate,1.0,1.0,1.0,,1.0,1.0,1,1.0,1.0
371501,2017,,山东省,2013.0,2016.0,2016.0,,2016.0,,,,0,1,,,,,,,2016.0,2016.0,,2016.0,,1.0,,1.0,1.0,new_v2_rate,1.0,1.0,1.0,,1.0,1.0,1,1.0,1.0
371502,2009,东昌府区,山东省,2013.0,2016.0,2016.0,,2016.0,,,,0,1,,,,,,,2016.0,2016.0,,2016.0,,0.0,,0.0,0.0,new_v2_rate,0.0,0.0,0.0,,0.0,0.0,1,0.0,0.0
371502,2010,东昌府区,山东省,2013.0,2016.0,2016.0,,2016.0,,,,0,1,,,,,,,2016.0,2016.0,,2016.0,,0.0,,0.0,0.0,new_v2_rate,0.0,0.0,0.0,,0.0,0.0,1,0.0,0.0
371502,2011,东昌府区,山东省,2013.0,2016.0,2016.0,,2016.0,,,,0,1,,,,,,,2016.0,2016.0,,2016.0,,0.0,,0.0,0.0,new_v2_rate,0.0,0.0,0.0,,0.0,0.0,1,0.0,0.0
371502,2012,东昌府区,山东省,2013.0,2016.0,2016.0,,2016.0,,,,0,1,,,,,,,2016.0,2016.0,,2016.0,,0.0,,0.0,0.0,new_v2_rate,0.0,0.0,0.0,,0.0,0.0,1,0.0,0.0
371502,2013,东昌府区,山东省,2013.0,2016.0,2016.0,,2016.0,,,,0,1,2013.0,,,start_year_only,county_year_percent_progress,,2016.0,2016.0,,2016.0,,0.0,,0.0,0.0,new_v2_rate,1.0,0.0,0.0,,0.0,0.0,1,0.0,0.0
371502,2014,东昌府区,山东省,2013.0,2016.0,2016.0,,2016.0,,,,0,1,,,,,,,2016.0,2016.0,,2016.0,,0.0,,0.0,0.0,new_v2_rate,1.0,0.0,0.0,,0.0,0.0,1,0.0,0.0
371502,2015,东昌府区,山东省,2013.0,2016.0,2016.0,,2016.0,,,,0,1,,,,,,,2016.0,2016.0,,2016.0,,0.0,,0.0,0.0,new_v2_rate,1.0,0.0,0.0,,0.0,0.0,1,0.0,0.0
371502,2016,东昌府区,山东省,2013.0,2016.0,2016.0,,2016.0,,,,0,1,2013.0,2016.0,,completed_year_only,county_year_percent_progress,,2016.0,2016.0,,2016.0,,1.0,,1.0,1.0,new_v2_rate,1.0,1.0,1.0,,1.0,1.0,1,1.0,1.0
371502,2017,东昌府区,山东省,2013.0,2016.0,2016.0,,2016.0,,,,0,1,,,,,,,2016.0,2016.0,,2016.0,,1.0,,1.0,1.0,new_v2_rate,1.0,1.0,1.0,,1.0,1.0,1,1.0,1.0
371601,2009,,山东省,2013.0,2016.0,2016.0,,2016.0,,,,0,1,,,,,,,2016.0,2016.0,,2016.0,,0.0,,0.0,0.0,new_v2_rate,0.0,0.0,0.0,,0.0,0.0,1,0.0,0.0
371601,2010,,山东省,2013.0,2016.0,2016.0,,2016.0,,,,0,1,,,,,,,2016.0,2016.0,,2016.0,,0.0,,0.0,0.0,new_v2_rate,0.0,0.0,0.0,,0.0,0.0,1,0.0,0.0
371601,2011,,山东省,2013.0,2016.0,2016.0,,2016.0,,,,0,1,,,,,,,2016.0,2016.0,,2016.0,,0.0,,0.0,0.0,new_v2_rate,0.0,0.0,0.0,,0.0,0.0,1,0.0,0.0
371601,2012,,山东省,2013.0,2016.0,2016.0,,2016.0,,,,0,1,,,,,,,2016.0,2016.0,,2016.0,,0.0,,0.0,0.0,new_v2_rate,0.0,0.0,0.0,,0.0,0.0,1,0.0,0.0
371601,2013,,山东省,2013.0,2016.0,2016.0,,2016.0,,,,0,1,2013.0,,,start_year_only,county_year_percent_progress,,2016.0,2016.0,,2016.0,,0.0,,0.0,0.0,new_v2_rate,1.0,0.0,0.0,,0.0,0.0,1,0.0,0.0
371601,2014,,山东省,2013.0,2016.0,2016.0,,2016.0,,,,0,1,,,,,,,2016.0,2016.0,,2016.0,,0.0,,0.0,0.0,new_v2_rate,1.0,0.0,0.0,,0.0,0.0,1,0.0,0.0
371601,2015,,山东省,2013.0,2016.0,2016.0,,2016.0,,,,0,1,,,,,,,2016.0,2016.0,,2016.0,,0.0,,0.0,0.0,new_v2_rate,1.0,0.0,0.0,,0.0,0.0,1,0.0,0.0
371601,2016,,山东省,2013.0,2016.0,2016.0,,2016.0,,,,0,1,2013.0,2016.0,,completed_year_only,county_year_percent_progress,,2016.0,2016.0,,2016.0,,1.0,,1.0,1.0,new_v2_rate,1.0,1.0,1.0,,1.0,1.0,1,1.0,1.0
371601,2017,,山东省,2013.0,2016.0,2016.0,,2016.0,,,,0,1,,,,,,,2016.0,2016.0,,2016.0,,1.0,,1.0,1.0,new_v2_rate,1.0,1.0,1.0,,1.0,1.0,1,1.0,1.0
410101,2009,,河南省,2015.0,,,,,,,,1,0,,,,,,,,,,,,,,,,,0.0,,,,,0.0,0,,
410101,2010,,河南省,2015.0,,,,,,,,1,0,,,,,,,,,,,,,,,,,0.0,,,,,0.0,0,,
410101,2011,,河南省,2015.0,,,,,,,,1,0,,,,,,,,,,,,,,,,,0.0,,,,,0.0,0,,
410101,2012,,河南省,2015.0,,,,,,,,1,0,,,,,,,,,,,,,,,,,0.0,,,,,0.0,0,,
410101,2013,,河南省,2015.0,,,,,,,,1,0,,,,,,,,,,,,,,,,,0.0,,,,,0.0,0,,
410101,2014,,河南省,2015.0,,,,,,,,1,0,,,,,,,,,,,,,,,,,0.0,,,,,0.0,0,,
410101,2015,,河南省,2015.0,,,,,,,,1,0,2015.0,,,start_year_only,county_year_percent_progress,,,,,,,,,,,,1.0,,,,,0.0,0,,
410101,2016,,河南省,2015.0,,,,,,,,1,0,,,,,,,,,,,,,,,,,1.0,,,,,0.0,0,,
410101,2017,,河南省,2015.0,,,,,,,,1,0,2015.0,,0.9621999999999999,annual_rate,county_year_percent_progress,,,,,,,,0.9621999999999999,,0.9621999999999999,old_std_rate,1.0,,,,,0.9621999999999999,1,1.0,1.0
410102,2009,中原区,河南省,2015.0,,,,,,,,1,0,,,,,,,,,,,,,,,,,0.0,,,,,0.0,0,,
410102,2010,中原区,河南省,2015.0,,,,,,,,1,0,,,,,,,,,,,,,,,,,0.0,,,,,0.0,0,,
410102,2011,中原区,河南省,2015.0,,,,,,,,1,0,,,,,,,,,,,,,,,,,0.0,,,,,0.0,0,,
410102,2012,中原区,河南省,2015.0,,,,,,,,1,0,,,,,,,,,,,,,,,,,0.0,,,,,0.0,0,,
410102,2013,中原区,河南省,2015.0,,,,,,,,1,0,,,,,,,,,,,,,,,,,0.0,,,,,0.0,0,,
410102,2014,中原区,河南省,2015.0,,,,,,,,1,0,,,,,,,,,,,,,,,,,0.0,,,,,0.0,0,,
410102,2015,中原区,河南省,2015.0,,,,,,,,1,0,2015.0,,,start_year_only,county_year_percent_progress,,,,,,,,,,,,1.0,,,,,0.0,0,,
410102,2016,中原区,河南省,2015.0,,,,,,,,1,0,,,,,,,,,,,,,,,,,1.0,,,,,0.0,0,,
410102,2017,中原区,河南省,2015.0,,,,,,,,1,0,2015.0,,0.9621999999999999,annual_rate,county_year_percent_progress,,,,,,,,0.9621999999999999,,0.9621999999999999,old_std_rate,1.0,,,,,0.9621999999999999,1,1.0,1.0
410103,2009,二七区,河南省,2015.0,,,,,,,,1,0,,,,,,,,,,,,,,,,,0.0,,,,,0.0,0,,
410103,2010,二七区,河南省,2015.0,,,,,,,,1,0,,,,,,,,,,,,,,,,,0.0,,,,,0.0,0,,
410103,2011,二七区,河南省,2015.0,,,,,,,,1,0,,,,,,,,,,,,,,,,,0.0,,,,,0.0,0,,
410103,2012,二七区,河南省,2015.0,,,,,,,,1,0,,,,,,,,,,,,,,,,,0.0,,,,,0.0,0,,
410103,2013,二七区,河南省,2015.0,,,,,,,,1,0,,,,,,,,,,,,,,,,,0.0,,,,,0.0,0,,
410103,2014,二七区,河南省,2015.0,,,,,,,,1,0,,,,,,,,,,,,,,,,,0.0,,,,,0.0,0,,
410103,2015,二七区,河南省,2015.0,,,,,,,,1,0,2015.0,,,start_year_only,county_year_percent_progress,,,,,,,,,,,,1.0,,,,,0.0,0,,
410103,2016,二七区,河南省,2015.0,,,,,,,,1,0,,,,,,,,,,,,,,,,,1.0,,,,,0.0,0,,
410103,2017,二七区,河南省,2015.0,,,,,,,,1,0,2015.0,,0.9621999999999999,annual_rate,county_year_percent_progress,,,,,,,,0.9621999999999999,,0.9621999999999999,old_std_rate,1.0,,,,,0.9621999999999999,1,1.0,1.0
410201,2009,,河南省,2015.0,,,,,,,,0,0,,,,,,,,,,,,,,,,,0.0,,,,,0.0,0,,
410201,2010,,河南省,2015.0,,,,,,,,0,0,,,,,,,,,,,,,,,,,0.0,,,,,0.0,0,,
410201,2011,,河南省,2015.0,,,,,,,,0,0,,,,,,,,,,,,,,,,,0.0,,,,,0.0,0,,
410201,2012,,河南省,2015.0,,,,,,,,0,0,,,,,,,,,,,,,,,,,0.0,,,,,0.0,0,,
410201,2013,,河南省,2015.0,,,,,,,,0,0,,,,,,,,,,,,,,,,,0.0,,,,,0.0,0,,
410201,2014,,河南省,2015.0,,,,,,,,0,0,,,,,,,,,,,,,,,,,0.0,,,,,0.0,0,,
410201,2015,,河南省,2015.0,,,,,,,,0,0,2015.0,,,start_year_only,county_year_percent_progress,,,,,,,,,,,,1.0,,,,,0.0,0,,
410201,2016,,河南省,2015.0,,,,,,,,0,0,,,,,,,,,,,,,,,,,1.0,,,,,0.0,0,,
410201,2017,,河南省,2015.0,,,,,,,,0,0,2015.0,,0.9621999999999999,annual_rate,county_year_percent_progress,,,,,,,,0.9621999999999999,,0.9621999999999999,old_std_rate,1.0,,,,,0.9621999999999999,1,1.0,1.0
410301,2009,,河南省,2015.0,,,,,,,,0,0,,,,,,,,,,,,,,,,,0.0,,,,,0.0,0,,
410301,2010,,河南省,2015.0,,,,,,,,0,0,,,,,,,,,,,,,,,,,0.0,,,,,0.0,0,,
410301,2011,,河南省,2015.0,,,,,,,,0,0,,,,,,,,,,,,,,,,,0.0,,,,,0.0,0,,
410301,2012,,河南省,2015.0,,,,,,,,0,0,,,,,,,,,,,,,,,,,0.0,,,,,0.0,0,,
410301,2013,,河南省,2015.0,,,,,,,,0,0,,,,,,,,,,,,,,,,,0.0,,,,,0.0,0,,
410301,2014,,河南省,2015.0,,,,,,,,0,0,,,,,,,,,,,,,,,,,0.0,,,,,0.0,0,,
410301,2015,,河南省,2015.0,,,,,,,,0,0,2015.0,,,start_year_only,county_year_percent_progress,,,,,,,,,,,,1.0,,,,,0.0,0,,
410301,2016,,河南省,2015.0,,,,,,,,0,0,,,,,,,,,,,,,,,,,1.0,,,,,0.0,0,,
410301,2017,,河南省,2015.0,,,,,,,,0,0,2015.0,,0.9621999999999999,annual_rate,county_year_percent_progress,,,,,,,,0.9621999999999999,,0.9621999999999999,old_std_rate,1.0,,,,,0.9621999999999999,1,1.0,1.0
410302,2009,老城区,河南省,2015.0,,,,,,,,0,0,,,,,,,,,,,,,,,,,0.0,,,,,0.0,0,,
410302,2010,老城区,河南省,2015.0,,,,,,,,0,0,,,,,,,,,,,,,,,,,0.0,,,,,0.0,0,,
410302,2011,老城区,河南省,2015.0,,,,,,,,0,0,,,,,,,,,,,,,,,,,0.0,,,,,0.0,0,,
410302,2012,老城区,河南省,2015.0,,,,,,,,0,0,,,,,,,,,,,,,,,,,0.0,,,,,0.0,0,,
410302,2013,老城区,河南省,2015.0,,,,,,,,0,0,,,,,,,,,,,,,,,,,0.0,,,,,0.0,0,,
410302,2014,老城区,河南省,2015.0,,,,,,,,0,0,,,,,,,,,,,,,,,,,0.0,,,,,0.0,0,,
410302,2015,老城区,河南省,2015.0,,,,,,,,0,0,2015.0,,,start_year_only,county_year_percent_progress,,,,,,,,,,,,1.0,,,,,0.0,0,,
410302,2016,老城区,河南省,2015.0,,,,,,,,0,0,,,,,,,,,,,,,,,,,1.0,,,,,0.0,0,,
410302,2017,老城区,河南省,2015.0,,,,,,,,0,0,2015.0,,0.9621999999999999,annual_rate,county_year_percent_progress,,,,,,,,0.9621999999999999,,0.9621999999999999,old_std_rate,1.0,,,,,0.9621999999999999,1,1.0,1.0
410401,2009,,河南省,2015.0,,,,,,,,0,0,,,,,,,,,,,,,,,,,0.0,,,,,0.0,0,,
410401,2010,,河南省,2015.0,,,,,,,,0,0,,,,,,,,,,,,,,,,,0.0,,,,,0.0,0,,
410401,2011,,河南省,2015.0,,,,,,,,0,0,,,,,,,,,,,,,,,,,0.0,,,,,0.0,0,,
410401,2012,,河南省,2015.0,,,,,,,,0,0,,,,,,,,,,,,,,,,,0.0,,,,,0.0,0,,
410401,2013,,河南省,2015.0,,,,,,,,0,0,,,,,,,,,,,,,,,,,0.0,,,,,0.0,0,,
410401,2014,,河南省,2015.0,,,,,,,,0,0,,,,,,,,,,,,,,,,,0.0,,,,,0.0,0,,
410401,2015,,河南省,2015.0,,,,,,,,0,0,2015.0,,,start_year_only,county_year_percent_progress,,,,,,,,,,,,1.0,,,,,0.0,0,,
410401,2016,,河南省,2015.0,,,,,,,,0,0,,,,,,,,,,,,,,,,,1.0,,,,,0.0,0,,
410401,2017,,河南省,2015.0,,,,,,,,0,0,2015.0,,0.9621999999999999,annual_rate,county_year_percent_progress,,,,,,,,0.9621999999999999,,0.9621999999999999,old_std_rate,1.0,,,,,0.9621999999999999,1,1.0,1.0
410402,2009,新华区,河南省,2015.0,,,,,,,,0,0,,,,,,,,,,,,,,,,,0.0,,,,,0.0,0,,
410402,2010,新华区,河南省,2015.0,,,,,,,,0,0,,,,,,,,,,,,,,,,,0.0,,,,,0.0,0,,
410402,2011,新华区,河南省,2015.0,,,,,,,,0,0,,,,,,,,,,,,,,,,,0.0,,,,,0.0,0,,
410402,2012,新华区,河南省,2015.0,,,,,,,,0,0,,,,,,,,,,,,,,,,,0.0,,,,,0.0,0,,
410402,2013,新华区,河南省,2015.0,,,,,,,,0,0,,,,,,,,,,,,,,,,,0.0,,,,,0.0,0,,
410402,2014,新华区,河南省,2015.0,,,,,,,,0,0,,,,,,,,,,,,,,,,,0.0,,,,,0.0,0,,
410402,2015,新华区,河南省,2015.0,,,,,,,,0,0,2015.0,,,start_year_only,county_year_percent_progress,,,,,,,,,,,,1.0,,,,,0.0,0,,
410402,2016,新华区,河南省,2015.0,,,,,,,,0,0,,,,,,,,,,,,,,,,,1.0,,,,,0.0,0,,
410402,2017,新华区,河南省,2015.0,,,,,,,,0,0,2015.0,,0.9621999999999999,annual_rate,county_year_percent_progress,,,,,,,,0.9621999999999999,,0.9621999999999999,old_std_rate,1.0,,,,,0.9621999999999999,1,1.0,1.0
410501,2009,,河南省,2015.0,,,,,,,,0,0,,,,,,,,,,,,,,,,,0.0,,,,,0.0,0,,
410501,2010,,河南省,2015.0,,,,,,,,0,0,,,,,,,,,,,,,,,,,0.0,,,,,0.0,0,,
410501,2011,,河南省,2015.0,,,,,,,,0,0,,,,,,,,,,,,,,,,,0.0,,,,,0.0,0,,
410501,2012,,河南省,2015.0,,,,,,,,0,0,,,,,,,,,,,,,,,,,0.0,,,,,0.0,0,,
410501,2013,,河南省,2015.0,,,,,,,,0,0,,,,,,,,,,,,,,,,,0.0,,,,,0.0,0,,
410501,2014,,河南省,2015.0,,,,,,,,0,0,,,,,,,,,,,,,,,,,0.0,,,,,0.0,0,,
410501,2015,,河南省,2015.0,,,,,,,,0,0,2015.0,,,start_year_only,county_year_percent_progress,,,,,,,,,,,,1.0,,,,,0.0,0,,
410501,2016,,河南省,2015.0,,,,,,,,0,0,,,,,,,,,,,,,,,,,1.0,,,,,0.0,0,,
410501,2017,,河南省,2015.0,,,,,,,,0,0,2015.0,,0.9621999999999999,annual_rate,county_year_percent_progress,,,,,,,,0.9621999999999999,,0.9621999999999999,old_std_rate,1.0,,,,,0.9621999999999999,1,1.0,1.0
410502,2009,文峰区,河南省,2015.0,,,,,,,,0,0,,,,,,,,,,,,,,,,,0.0,,,,,0.0,0,,
410502,2010,文峰区,河南省,2015.0,,,,,,,,0,0,,,,,,,,,,,,,,,,,0.0,,,,,0.0,0,,
410502,2011,文峰区,河南省,2015.0,,,,,,,,0,0,,,,,,,,,,,,,,,,,0.0,,,,,0.0,0,,
410502,2012,文峰区,河南省,2015.0,,,,,,,,0,0,,,,,,,,,,,,,,,,,0.0,,,,,0.0,0,,
410502,2013,文峰区,河南省,2015.0,,,,,,,,0,0,,,,,,,,,,,,,,,,,0.0,,,,,0.0,0,,
410502,2014,文峰区,河南省,2015.0,,,,,,,,0,0,,,,,,,,,,,,,,,,,0.0,,,,,0.0,0,,
410502,2015,文峰区,河南省,2015.0,,,,,,,,0,0,2015.0,,,start_year_only,county_year_percent_progress,,,,,,,,,,,,1.0,,,,,0.0,0,,
410502,2016,文峰区,河南省,2015.0,,,,,,,,0,0,,,,,,,,,,,,,,,,,1.0,,,,,0.0,0,,
410502,2017,文峰区,河南省,2015.0,,,,,,,,0,0,2015.0,,0.9621999999999999,annual_rate,county_year_percent_progress,,,,,,,,0.9621999999999999,,0.9621999999999999,old_std_rate,1.0,,,,,0.9621999999999999,1,1.0,1.0
410601,2009,,河南省,2015.0,,,,,,,,0,0,,,,,,,,,,,,,,,,,0.0,,,,,0.0,0,,
410601,2010,,河南省,2015.0,,,,,,,,0,0,,,,,,,,,,,,,,,,,0.0,,,,,0.0,0,,
410601,2011,,河南省,2015.0,,,,,,,,0,0,,,,,,,,,,,,,,,,,0.0,,,,,0.0,0,,
410601,2012,,河南省,2015.0,,,,,,,,0,0,,,,,,,,,,,,,,,,,0.0,,,,,0.0,0,,
410601,2013,,河南省,2015.0,,,,,,,,0,0,,,,,,,,,,,,,,,,,0.0,,,,,0.0,0,,
410601,2014,,河南省,2015.0,,,,,,,,0,0,,,,,,,,,,,,,,,,,0.0,,,,,0.0,0,,
410601,2015,,河南省,2015.0,,,,,,,,0,0,2015.0,,,start_year_only,county_year_percent_progress,,,,,,,,,,,,1.0,,,,,0.0,0,,
410601,2016,,河南省,2015.0,,,,,,,,0,0,,,,,,,,,,,,,,,,,1.0,,,,,0.0,0,,
410601,2017,,河南省,2015.0,,,,,,,,0,0,2015.0,,0.9621999999999999,annual_rate,county_year_percent_progress,,,,,,,,0.9621999999999999,,0.9621999999999999,old_std_rate,1.0,,,,,0.9621999999999999,1,1.0,1.0
410602,2009,鹤山区,河南省,2015.0,,,,,,,,0,0,,,,,,,,,,,,,,,,,0.0,,,,,0.0,0,,
410602,2010,鹤山区,河南省,2015.0,,,,,,,,0,0,,,,,,,,,,,,,,,,,0.0,,,,,0.0,0,,
410602,2011,鹤山区,河南省,2015.0,,,,,,,,0,0,,,,,,,,,,,,,,,,,0.0,,,,,0.0,0,,
410602,2012,鹤山区,河南省,2015.0,,,,,,,,0,0,,,,,,,,,,,,,,,,,0.0,,,,,0.0,0,,
410602,2013,鹤山区,河南省,2015.0,,,,,,,,0,0,,,,,,,,,,,,,,,,,0.0,,,,,0.0,0,,
410602,2014,鹤山区,河南省,2015.0,,,,,,,,0,0,,,,,,,,,,,,,,,,,0.0,,,,,0.0,0,,
410602,2015,鹤山区,河南省,2015.0,,,,,,,,0,0,2015.0,,,start_year_only,county_year_percent_progress,,,,,,,,,,,,1.0,,,,,0.0,0,,
410602,2016,鹤山区,河南省,2015.0,,,,,,,,0,0,,,,,,,,,,,,,,,,,1.0,,,,,0.0,0,,
410602,2017,鹤山区,河南省,2015.0,,,,,,,,0,0,2015.0,,0.9621999999999999,annual_rate,county_year_percent_progress,,,,,,,,0.9621999999999999,,0.9621999999999999,old_std_rate,1.0,,,,,0.9621999999999999,1,1.0,1.0
410604,2009,,河南省,2015.0,,,,,,,,0,0,,,,,,,,,,,,,,,,,0.0,,,,,0.0,0,,
410604,2010,,河南省,2015.0,,,,,,,,0,0,,,,,,,,,,,,,,,,,0.0,,,,,0.0,0,,
410604,2011,,河南省,2015.0,,,,,,,,0,0,,,,,,,,,,,,,,,,,0.0,,,,,0.0,0,,
410604,2012,,河南省,2015.0,,,,,,,,0,0,,,,,,,,,,,,,,,,,0.0,,,,,0.0,0,,
410604,2013,,河南省,2015.0,,,,,,,,0,0,,,,,,,,,,,,,,,,,0.0,,,,,0.0,0,,
410604,2014,,河南省,2015.0,,,,,,,,0,0,,,,,,,,,,,,,,,,,0.0,,,,,0.0,0,,
410604,2015,,河南省,2015.0,,,,,,,,0,0,2015.0,,,start_year_only,county_year_percent_progress,,,,,,,,,,,,1.0,,,,,0.0,0,,
410604,2016,,河南省,2015.0,,,,,,,,0,0,,,,,,,,,,,,,,,,,1.0,,,,,0.0,0,,
410604,2017,,河南省,2015.0,,,,,,,,0,0,2015.0,,0.9621999999999999,annual_rate,county_year_percent_progress,,,,,,,,0.9621999999999999,,0.9621999999999999,old_std_rate,1.0,,,,,0.9621999999999999,1,1.0,1.0
410902,2009,华龙区,河南省,2015.0,,,,,,,,0,0,,,,,,,,,,,,,,,,,0.0,,,,,0.0,0,,
410902,2010,华龙区,河南省,2015.0,,,,,,,,0,0,,,,,,,,,,,,,,,,,0.0,,,,,0.0,0,,
410902,2011,华龙区,河南省,2015.0,,,,,,,,0,0,,,,,,,,,,,,,,,,,0.0,,,,,0.0,0,,
410902,2012,华龙区,河南省,2015.0,,,,,,,,0,0,,,,,,,,,,,,,,,,,0.0,,,,,0.0,0,,
410902,2013,华龙区,河南省,2015.0,,,,,,,,0,0,,,,,,,,,,,,,,,,,0.0,,,,,0.0,0,,
410902,2014,华龙区,河南省,2015.0,,,,,,,,0,0,,,,,,,,,,,,,,,,,0.0,,,,,0.0,0,,
410902,2015,华龙区,河南省,2015.0,,,,,,,,0,0,2015.0,,,start_year_only,county_year_percent_progress,,,,,,,,,,,,1.0,,,,,0.0,0,,
410902,2016,华龙区,河南省,2015.0,,,,,,,,0,0,,,,,,,,,,,,,,,,,1.0,,,,,0.0,0,,
410902,2017,华龙区,河南省,2015.0,,,,,,,,0,0,2015.0,,0.9621999999999999,annual_rate,county_year_percent_progress,,,,,,,,0.9621999999999999,,0.9621999999999999,old_std_rate,1.0,,,,,0.9621999999999999,1,1.0,1.0
411101,2009,,河南省,2015.0,,,,,,,,0,0,,,,,,,,,,,,,,,,,0.0,,,,,0.0,0,,
411101,2010,,河南省,2015.0,,,,,,,,0,0,,,,,,,,,,,,,,,,,0.0,,,,,0.0,0,,
411101,2011,,河南省,2015.0,,,,,,,,0,0,,,,,,,,,,,,,,,,,0.0,,,,,0.0,0,,
411101,2012,,河南省,2015.0,,,,,,,,0,0,,,,,,,,,,,,,,,,,0.0,,,,,0.0,0,,
411101,2013,,河南省,2015.0,,,,,,,,0,0,,,,,,,,,,,,,,,,,0.0,,,,,0.0,0,,
411101,2014,,河南省,2015.0,,,,,,,,0,0,,,,,,,,,,,,,,,,,0.0,,,,,0.0,0,,
411101,2015,,河南省,2015.0,,,,,,,,0,0,2015.0,,,start_year_only,county_year_percent_progress,,,,,,,,,,,,1.0,,,,,0.0,0,,
411101,2016,,河南省,2015.0,,,,,,,,0,0,,,,,,,,,,,,,,,,,1.0,,,,,0.0,0,,
411101,2017,,河南省,2015.0,,,,,,,,0,0,2015.0,,0.9621999999999999,annual_rate,county_year_percent_progress,,,,,,,,0.9621999999999999,,0.9621999999999999,old_std_rate,1.0,,,,,0.9621999999999999,1,1.0,1.0
411102,2009,源汇区,河南省,2015.0,,,,,,,,0,0,,,,,,,,,,,,,,,,,0.0,,,,,0.0,0,,
411102,2010,源汇区,河南省,2015.0,,,,,,,,0,0,,,,,,,,,,,,,,,,,0.0,,,,,0.0,0,,
411102,2011,源汇区,河南省,2015.0,,,,,,,,0,0,,,,,,,,,,,,,,,,,0.0,,,,,0.0,0,,
411102,2012,源汇区,河南省,2015.0,,,,,,,,0,0,,,,,,,,,,,,,,,,,0.0,,,,,0.0,0,,
411102,2013,源汇区,河南省,2015.0,,,,,,,,0,0,,,,,,,,,,,,,,,,,0.0,,,,,0.0,0,,
411102,2014,源汇区,河南省,2015.0,,,,,,,,0,0,,,,,,,,,,,,,,,,,0.0,,,,,0.0,0,,
411102,2015,源汇区,河南省,2015.0,,,,,,,,0,0,2015.0,,,start_year_only,county_year_percent_progress,,,,,,,,,,,,1.0,,,,,0.0,0,,
411102,2016,源汇区,河南省,2015.0,,,,,,,,0,0,,,,,,,,,,,,,,,,,1.0,,,,,0.0,0,,
411102,2017,源汇区,河南省,2015.0,,,,,,,,0,0,2015.0,,0.9621999999999999,annual_rate,county_year_percent_progress,,,,,,,,0.9621999999999999,,0.9621999999999999,old_std_rate,1.0,,,,,0.9621999999999999,1,1.0,1.0
411201,2009,,河南省,2015.0,,,,,,,,0,0,,,,,,,,,,,,,,,,,0.0,,,,,0.0,0,,
411201,2010,,河南省,2015.0,,,,,,,,0,0,,,,,,,,,,,,,,,,,0.0,,,,,0.0,0,,
411201,2011,,河南省,2015.0,,,,,,,,0,0,,,,,,,,,,,,,,,,,0.0,,,,,0.0,0,,
411201,2012,,河南省,2015.0,,,,,,,,0,0,,,,,,,,,,,,,,,,,0.0,,,,,0.0,0,,
411201,2013,,河南省,2015.0,,,,,,,,0,0,,,,,,,,,,,,,,,,,0.0,,,,,0.0,0,,
411201,2014,,河南省,2015.0,,,,,,,,0,0,,,,,,,,,,,,,,,,,0.0,,,,,0.0,0,,
411201,2015,,河南省,2015.0,,,,,,,,0,0,2015.0,,,start_year_only,county_year_percent_progress,,,,,,,,,,,,1.0,,,,,0.0,0,,
411201,2016,,河南省,2015.0,,,,,,,,0,0,,,,,,,,,,,,,,,,,1.0,,,,,0.0,0,,
411201,2017,,河南省,2015.0,,,,,,,,0,0,2015.0,,0.9621999999999999,annual_rate,county_year_percent_progress,,,,,,,,0.9621999999999999,,0.9621999999999999,old_std_rate,1.0,,,,,0.9621999999999999,1,1.0,1.0
411501,2009,信阳市市辖区,河南省,2015.0,2016.0,,2016.0,,,,,0,1,,,,,,,2016.0,,2016.0,,,0.0,,0.0,0.0,new_v2_rate,0.0,0.0,,0.0,,0.0,1,0.0,0.0
411501,2010,信阳市市辖区,河南省,2015.0,2016.0,,2016.0,,,,,0,1,,,,,,,2016.0,,2016.0,,,0.0,,0.0,0.0,new_v2_rate,0.0,0.0,,0.0,,0.0,1,0.0,0.0
411501,2011,信阳市市辖区,河南省,2015.0,2016.0,,2016.0,,,,,0,1,,,,,,,2016.0,,2016.0,,,0.0,,0.0,0.0,new_v2_rate,0.0,0.0,,0.0,,0.0,1,0.0,0.0
411501,2012,信阳市市辖区,河南省,2015.0,2016.0,,2016.0,,,,,0,1,,,,,,,2016.0,,2016.0,,,0.0,,0.0,0.0,new_v2_rate,0.0,0.0,,0.0,,0.0,1,0.0,0.0
411501,2013,信阳市市辖区,河南省,2015.0,2016.0,,2016.0,,,,,0,1,,,,,,,2016.0,,2016.0,,,0.0,,0.0,0.0,new_v2_rate,0.0,0.0,,0.0,,0.0,1,0.0,0.0
411501,2014,信阳市市辖区,河南省,2015.0,2016.0,,2016.0,,,,,0,1,,,,,,,2016.0,,2016.0,,,0.0,,0.0,0.0,new_v2_rate,0.0,0.0,,0.0,,0.0,1,0.0,0.0
411501,2015,信阳市市辖区,河南省,2015.0,2016.0,,2016.0,,,,,0,1,2015.0,,,start_year_only,county_year_percent_progress,,2016.0,,2016.0,,,0.0,,0.0,0.0,new_v2_rate,1.0,0.0,,0.0,,0.0,1,0.0,0.0
411501,2016,信阳市市辖区,河南省,2015.0,2016.0,,2016.0,,,,,0,1,2015.0,2016.0,,completed_year_only,county_year_percent_progress,,2016.0,,2016.0,,,1.0,,1.0,1.0,new_v2_rate,1.0,1.0,,1.0,,1.0,1,1.0,1.0
411501,2017,信阳市市辖区,河南省,2015.0,2016.0,,2016.0,,,,,0,1,2015.0,,0.9621999999999999,annual_rate,county_year_percent_progress,,2016.0,,2016.0,,,1.0,0.9621999999999999,1.0,0.9621999999999999,old_std_rate,1.0,1.0,,1.0,,0.9621999999999999,1,1.0,1.0
411601,2009,,河南省,2015.0,,,,,,,,0,0,,,,,,,,,,,,,,,,,0.0,,,,,0.0,0,,
411601,2010,,河南省,2015.0,,,,,,,,0,0,,,,,,,,,,,,,,,,,0.0,,,,,0.0,0,,
411601,2011,,河南省,2015.0,,,,,,,,0,0,,,,,,,,,,,,,,,,,0.0,,,,,0.0,0,,
411601,2012,,河南省,2015.0,,,,,,,,0,0,,,,,,,,,,,,,,,,,0.0,,,,,0.0,0,,
411601,2013,,河南省,2015.0,,,,,,,,0,0,,,,,,,,,,,,,,,,,0.0,,,,,0.0,0,,
411601,2014,,河南省,2015.0,,,,,,,,0,0,,,,,,,,,,,,,,,,,0.0,,,,,0.0,0,,
411601,2015,,河南省,2015.0,,,,,,,,0,0,2015.0,,,start_year_only,county_year_percent_progress,,,,,,,,,,,,1.0,,,,,0.0,0,,
411601,2016,,河南省,2015.0,,,,,,,,0,0,,,,,,,,,,,,,,,,,1.0,,,,,0.0,0,,
411601,2017,,河南省,2015.0,,,,,,,,0,0,2015.0,,0.9621999999999999,annual_rate,county_year_percent_progress,,,,,,,,0.9621999999999999,,0.9621999999999999,old_std_rate,1.0,,,,,0.9621999999999999,1,1.0,1.0
411701,2009,,河南省,2015.0,,,,,,,,0,0,,,,,,,,,,,,,,,,,0.0,,,,,0.0,0,,
411701,2010,,河南省,2015.0,,,,,,,,0,0,,,,,,,,,,,,,,,,,0.0,,,,,0.0,0,,
411701,2011,,河南省,2015.0,,,,,,,,0,0,,,,,,,,,,,,,,,,,0.0,,,,,0.0,0,,
411701,2012,,河南省,2015.0,,,,,,,,0,0,,,,,,,,,,,,,,,,,0.0,,,,,0.0,0,,
411701,2013,,河南省,2015.0,,,,,,,,0,0,,,,,,,,,,,,,,,,,0.0,,,,,0.0,0,,
411701,2014,,河南省,2015.0,,,,,,,,0,0,,,,,,,,,,,,,,,,,0.0,,,,,0.0,0,,
411701,2015,,河南省,2015.0,,,,,,,,0,0,2015.0,,,start_year_only,county_year_percent_progress,,,,,,,,,,,,1.0,,,,,0.0,0,,
411701,2016,,河南省,2015.0,,,,,,,,0,0,,,,,,,,,,,,,,,,,1.0,,,,,0.0,0,,
411701,2017,,河南省,2015.0,,,,,,,,0,0,2015.0,,0.9621999999999999,annual_rate,county_year_percent_progress,,,,,,,,0.9621999999999999,,0.9621999999999999,old_std_rate,1.0,,,,,0.9621999999999999,1,1.0,1.0
411801,2009,,河南省,2015.0,,,,,,,,0,0,,,,,,,,,,,,,,,,,0.0,,,,,0.0,0,,
411801,2010,,河南省,2015.0,,,,,,,,0,0,,,,,,,,,,,,,,,,,0.0,,,,,0.0,0,,
411801,2011,,河南省,2015.0,,,,,,,,0,0,,,,,,,,,,,,,,,,,0.0,,,,,0.0,0,,
411801,2012,,河南省,2015.0,,,,,,,,0,0,,,,,,,,,,,,,,,,,0.0,,,,,0.0,0,,
411801,2013,,河南省,2015.0,,,,,,,,0,0,,,,,,,,,,,,,,,,,0.0,,,,,0.0,0,,
411801,2014,,河南省,2015.0,,,,,,,,0,0,,,,,,,,,,,,,,,,,0.0,,,,,0.0,0,,
411801,2015,,河南省,2015.0,,,,,,,,0,0,2015.0,,,start_year_only,county_year_percent_progress,,,,,,,,,,,,1.0,,,,,0.0,0,,
411801,2016,,河南省,2015.0,,,,,,,,0,0,,,,,,,,,,,,,,,,,1.0,,,,,0.0,0,,
411801,2017,,河南省,2015.0,,,,,,,,0,0,2015.0,,0.9621999999999999,annual_rate,county_year_percent_progress,,,,,,,,0.9621999999999999,,0.9621999999999999,old_std_rate,1.0,,,,,0.9621999999999999,1,1.0,1.0
420602,2009,襄城区,湖北省,2015.0,,,,,,,,0,0,,,,,,,,,,,,,,,,,0.0,,,,,0.0,0,,
420602,2010,襄城区,湖北省,2015.0,,,,,,,,0,0,,,,,,,,,,,,,,,,,0.0,,,,,0.0,0,,
420602,2011,襄城区,湖北省,2015.0,,,,,,,,0,0,,,,,,,,,,,,,,,,,0.0,,,,,0.0,0,,
420602,2012,襄城区,湖北省,2015.0,,,,,,,,0,0,,,,,,,,,,,,,,,,,0.0,,,,,0.0,0,,
420602,2013,襄城区,湖北省,2015.0,,,,,,,,0,0,,,,,,,,,,,,,,,,,0.0,,,,,0.0,0,,
420602,2014,襄城区,湖北省,2015.0,,,,,,,,0,0,,,,,,,,,,,,,,,,,0.0,,,,,0.0,0,,
420602,2015,襄城区,湖北省,2015.0,,,,,,,,0,0,2015.0,,,start_year_only,county_year_percent_progress,,,,,,,,,,,,1.0,,,,,0.0,0,,
420602,2016,襄城区,湖北省,2015.0,,,,,,,,0,0,,,,,,,,,,,,,,,,,1.0,,,,,0.0,0,,
420602,2017,襄城区,湖北省,2015.0,,,,,,,,0,0,,,,,,,,,,,,,,,,,1.0,,,,,0.0,0,,
420702,2009,梁子湖区,湖北省,2015.0,,,,,,,,0,0,,,,,,,,,,,,,,,,,0.0,,,,,0.0,0,,
420702,2010,梁子湖区,湖北省,2015.0,,,,,,,,0,0,,,,,,,,,,,,,,,,,0.0,,,,,0.0,0,,
420702,2011,梁子湖区,湖北省,2015.0,,,,,,,,0,0,,,,,,,,,,,,,,,,,0.0,,,,,0.0,0,,
420702,2012,梁子湖区,湖北省,2015.0,,,,,,,,0,0,,,,,,,,,,,,,,,,,0.0,,,,,0.0,0,,
420702,2013,梁子湖区,湖北省,2015.0,,,,,,,,0,0,,,,,,,,,,,,,,,,,0.0,,,,,0.0,0,,
420702,2014,梁子湖区,湖北省,2015.0,,,,,,,,0,0,,,,,,,,,,,,,,,,,0.0,,,,,0.0,0,,
420702,2015,梁子湖区,湖北省,2015.0,,,,,,,,0,0,2015.0,,,start_year_only,county_year_percent_progress,,,,,,,,,,,,1.0,,,,,0.0,0,,
420702,2016,梁子湖区,湖北省,2015.0,,,,,,,,0,0,,,,,,,,,,,,,,,,,1.0,,,,,0.0,0,,
420702,2017,梁子湖区,湖北省,2015.0,,,,,,,,0,0,,,,,,,,,,,,,,,,,1.0,,,,,0.0,0,,
420801,2009,荆门市市辖区,湖北省,2015.0,2016.0,,2016.0,,,,,0,1,,,,,,,2016.0,,2016.0,,,0.0,,0.0,0.0,new_v2_rate,0.0,0.0,,0.0,,0.0,1,0.0,0.0
420801,2010,荆门市市辖区,湖北省,2015.0,2016.0,,2016.0,,,,,0,1,,,,,,,2016.0,,2016.0,,,0.0,,0.0,0.0,new_v2_rate,0.0,0.0,,0.0,,0.0,1,0.0,0.0
420801,2011,荆门市市辖区,湖北省,2015.0,2016.0,,2016.0,,,,,0,1,,,,,,,2016.0,,2016.0,,,0.0,,0.0,0.0,new_v2_rate,0.0,0.0,,0.0,,0.0,1,0.0,0.0
420801,2012,荆门市市辖区,湖北省,2015.0,2016.0,,2016.0,,,,,0,1,,,,,,,2016.0,,2016.0,,,0.0,,0.0,0.0,new_v2_rate,0.0,0.0,,0.0,,0.0,1,0.0,0.0
420801,2013,荆门市市辖区,湖北省,2015.0,2016.0,,2016.0,,,,,0,1,,,,,,,2016.0,,2016.0,,,0.0,,0.0,0.0,new_v2_rate,0.0,0.0,,0.0,,0.0,1,0.0,0.0
420801,2014,荆门市市辖区,湖北省,2015.0,2016.0,,2016.0,,,,,0,1,,,,,,,2016.0,,2016.0,,,0.0,,0.0,0.0,new_v2_rate,0.0,0.0,,0.0,,0.0,1,0.0,0.0
420801,2015,荆门市市辖区,湖北省,2015.0,2016.0,,2016.0,,,,,0,1,2015.0,,,start_year_only,county_year_percent_progress,,2016.0,,2016.0,,,0.0,,0.0,0.0,new_v2_rate,1.0,0.0,,0.0,,0.0,1,0.0,0.0
420801,2016,荆门市市辖区,湖北省,2015.0,2016.0,,2016.0,,,,,0,1,2015.0,2016.0,,completed_year_only,county_year_percent_progress,,2016.0,,2016.0,,97.8,0.978,,0.978,0.978,new_v2_rate,1.0,1.0,,1.0,,0.978,1,1.0,1.0
420801,2017,荆门市市辖区,湖北省,2015.0,2016.0,,2016.0,,,,,0,1,,,,,,,2016.0,,2016.0,,,1.0,,1.0,1.0,new_v2_rate,1.0,1.0,,1.0,,1.0,1,1.0,1.0
420802,2009,东宝区,湖北省,2015.0,2016.0,,2016.0,,,,,0,1,,,,,,,2016.0,,2016.0,,,0.0,,0.0,0.0,new_v2_rate,0.0,0.0,,0.0,,0.0,1,0.0,0.0
420802,2010,东宝区,湖北省,2015.0,2016.0,,2016.0,,,,,0,1,,,,,,,2016.0,,2016.0,,,0.0,,0.0,0.0,new_v2_rate,0.0,0.0,,0.0,,0.0,1,0.0,0.0
420802,2011,东宝区,湖北省,2015.0,2016.0,,2016.0,,,,,0,1,,,,,,,2016.0,,2016.0,,,0.0,,0.0,0.0,new_v2_rate,0.0,0.0,,0.0,,0.0,1,0.0,0.0
420802,2012,东宝区,湖北省,2015.0,2016.0,,2016.0,,,,,0,1,,,,,,,2016.0,,2016.0,,,0.0,,0.0,0.0,new_v2_rate,0.0,0.0,,0.0,,0.0,1,0.0,0.0
420802,2013,东宝区,湖北省,2015.0,2016.0,,2016.0,,,,,0,1,,,,,,,2016.0,,2016.0,,,0.0,,0.0,0.0,new_v2_rate,0.0,0.0,,0.0,,0.0,1,0.0,0.0
420802,2014,东宝区,湖北省,2015.0,2016.0,,2016.0,,,,,0,1,,,,,,,2016.0,,2016.0,,,0.0,,0.0,0.0,new_v2_rate,0.0,0.0,,0.0,,0.0,1,0.0,0.0
420802,2015,东宝区,湖北省,2015.0,2016.0,,2016.0,,,,,0,1,2015.0,,,start_year_only,county_year_percent_progress,,2016.0,,2016.0,,,0.0,,0.0,0.0,new_v2_rate,1.0,0.0,,0.0,,0.0,1,0.0,0.0
420802,2016,东宝区,湖北省,2015.0,2016.0,,2016.0,,,,,0,1,2015.0,2016.0,,completed_year_only,county_year_percent_progress,,2016.0,,2016.0,,97.8,0.978,,0.978,0.978,new_v2_rate,1.0,1.0,,1.0,,0.978,1,1.0,1.0
420802,2017,东宝区,湖北省,2015.0,2016.0,,2016.0,,,,,0,1,,,,,,,2016.0,,2016.0,,,1.0,,1.0,1.0,new_v2_rate,1.0,1.0,,1.0,,1.0,1,1.0,1.0
420901,2009,,湖北省,2015.0,,,,,,,,0,0,,,,,,,,,,,,,,,,,0.0,,,,,0.0,0,,
420901,2010,,湖北省,2015.0,,,,,,,,0,0,,,,,,,,,,,,,,,,,0.0,,,,,0.0,0,,
420901,2011,,湖北省,2015.0,,,,,,,,0,0,,,,,,,,,,,,,,,,,0.0,,,,,0.0,0,,
420901,2012,,湖北省,2015.0,,,,,,,,0,0,,,,,,,,,,,,,,,,,0.0,,,,,0.0,0,,
420901,2013,,湖北省,2015.0,,,,,,,,0,0,,,,,,,,,,,,,,,,,0.0,,,,,0.0,0,,
420901,2014,,湖北省,2015.0,,,,,,,,0,0,,,,,,,,,,,,,,,,,0.0,,,,,0.0,0,,
420901,2015,,湖北省,2015.0,,,,,,,,0,0,2015.0,,,start_year_only,county_year_percent_progress,,,,,,,,,,,,1.0,,,,,0.0,0,,
420901,2016,,湖北省,2015.0,,,,,,,,0,0,,,,,,,,,,,,,,,,,1.0,,,,,0.0,0,,
420901,2017,,湖北省,2015.0,,,,,,,,0,0,,,,,,,,,,,,,,,,,1.0,,,,,0.0,0,,
420902,2009,孝南区,湖北省,2015.0,,,,,,,,0,0,,,,,,,,,,,,,,,,,0.0,,,,,0.0,0,,
420902,2010,孝南区,湖北省,2015.0,,,,,,,,0,0,,,,,,,,,,,,,,,,,0.0,,,,,0.0,0,,
420902,2011,孝南区,湖北省,2015.0,,,,,,,,0,0,,,,,,,,,,,,,,,,,0.0,,,,,0.0,0,,
420902,2012,孝南区,湖北省,2015.0,,,,,,,,0,0,,,,,,,,,,,,,,,,,0.0,,,,,0.0,0,,
420902,2013,孝南区,湖北省,2015.0,,,,,,,,0,0,,,,,,,,,,,,,,,,,0.0,,,,,0.0,0,,
420902,2014,孝南区,湖北省,2015.0,,,,,,,,0,0,,,,,,,,,,,,,,,,,0.0,,,,,0.0,0,,
420902,2015,孝南区,湖北省,2015.0,,,,,,,,0,0,2015.0,,,start_year_only,county_year_percent_progress,,,,,,,,,,,,1.0,,,,,0.0,0,,
420902,2016,孝南区,湖北省,2015.0,,,,,,,,0,0,,,,,,,,,,,,,,,,,1.0,,,,,0.0,0,,
420902,2017,孝南区,湖北省,2015.0,,,,,,,,0,0,,,,,,,,,,,,,,,,,1.0,,,,,0.0,0,,
420903,2009,,湖北省,2015.0,,,,,,,,0,0,,,,,,,,,,,,,,,,,0.0,,,,,0.0,0,,
420903,2010,,湖北省,2015.0,,,,,,,,0,0,,,,,,,,,,,,,,,,,0.0,,,,,0.0,0,,
420903,2011,,湖北省,2015.0,,,,,,,,0,0,,,,,,,,,,,,,,,,,0.0,,,,,0.0,0,,
420903,2012,,湖北省,2015.0,,,,,,,,0,0,,,,,,,,,,,,,,,,,0.0,,,,,0.0,0,,
420903,2013,,湖北省,2015.0,,,,,,,,0,0,,,,,,,,,,,,,,,,,0.0,,,,,0.0,0,,
420903,2014,,湖北省,2015.0,,,,,,,,0,0,,,,,,,,,,,,,,,,,0.0,,,,,0.0,0,,
420903,2015,,湖北省,2015.0,,,,,,,,0,0,2015.0,,,start_year_only,county_year_percent_progress,,,,,,,,,,,,1.0,,,,,0.0,0,,
420903,2016,,湖北省,2015.0,,,,,,,,0,0,,,,,,,,,,,,,,,,,1.0,,,,,0.0,0,,
420903,2017,,湖北省,2015.0,,,,,,,,0,0,,,,,,,,,,,,,,,,,1.0,,,,,0.0,0,,
420904,2009,,湖北省,2015.0,,,,,,,,0,0,,,,,,,,,,,,,,,,,0.0,,,,,0.0,0,,
420904,2010,,湖北省,2015.0,,,,,,,,0,0,,,,,,,,,,,,,,,,,0.0,,,,,0.0,0,,
420904,2011,,湖北省,2015.0,,,,,,,,0,0,,,,,,,,,,,,,,,,,0.0,,,,,0.0,0,,
420904,2012,,湖北省,2015.0,,,,,,,,0,0,,,,,,,,,,,,,,,,,0.0,,,,,0.0,0,,
420904,2013,,湖北省,2015.0,,,,,,,,0,0,,,,,,,,,,,,,,,,,0.0,,,,,0.0,0,,
420904,2014,,湖北省,2015.0,,,,,,,,0,0,,,,,,,,,,,,,,,,,0.0,,,,,0.0,0,,
420904,2015,,湖北省,2015.0,,,,,,,,0,0,2015.0,,,start_year_only,county_year_percent_progress,,,,,,,,,,,,1.0,,,,,0.0,0,,
420904,2016,,湖北省,2015.0,,,,,,,,0,0,,,,,,,,,,,,,,,,,1.0,,,,,0.0,0,,
420904,2017,,湖北省,2015.0,,,,,,,,0,0,,,,,,,,,,,,,,,,,1.0,,,,,0.0,0,,
421101,2009,黄冈市市辖区,湖北省,2015.0,2016.0,2017.0,,2017.0,,,,0,1,,,,,,,2016.0,2017.0,,2017.0,,0.0,,0.0,0.0,new_v2_rate,0.0,0.0,0.0,,0.0,0.0,1,0.0,0.0
421101,2010,黄冈市市辖区,湖北省,2015.0,2016.0,2017.0,,2017.0,,,,0,1,,,,,,,2016.0,2017.0,,2017.0,,0.0,,0.0,0.0,new_v2_rate,0.0,0.0,0.0,,0.0,0.0,1,0.0,0.0
421101,2011,黄冈市市辖区,湖北省,2015.0,2016.0,2017.0,,2017.0,,,,0,1,,,,,,,2016.0,2017.0,,2017.0,,0.0,,0.0,0.0,new_v2_rate,0.0,0.0,0.0,,0.0,0.0,1,0.0,0.0
421101,2012,黄冈市市辖区,湖北省,2015.0,2016.0,2017.0,,2017.0,,,,0,1,,,,,,,2016.0,2017.0,,2017.0,,0.0,,0.0,0.0,new_v2_rate,0.0,0.0,0.0,,0.0,0.0,1,0.0,0.0
421101,2013,黄冈市市辖区,湖北省,2015.0,2016.0,2017.0,,2017.0,,,,0,1,,,,,,,2016.0,2017.0,,2017.0,,0.0,,0.0,0.0,new_v2_rate,0.0,0.0,0.0,,0.0,0.0,1,0.0,0.0
421101,2014,黄冈市市辖区,湖北省,2015.0,2016.0,2017.0,,2017.0,,,,0,1,,,,,,,2016.0,2017.0,,2017.0,,0.0,,0.0,0.0,new_v2_rate,0.0,0.0,0.0,,0.0,0.0,1,0.0,0.0
421101,2015,黄冈市市辖区,湖北省,2015.0,2016.0,2017.0,,2017.0,,,,0,1,2015.0,,,start_year_only,county_year_percent_progress,,2016.0,2017.0,,2017.0,,0.0,,0.0,0.0,new_v2_rate,1.0,0.0,0.0,,0.0,0.0,1,0.0,0.0
421101,2016,黄冈市市辖区,湖北省,2015.0,2016.0,2017.0,,2017.0,,,,0,1,2015.0,2016.0,,completed_year_only,county_year_percent_progress,,2016.0,2017.0,,2017.0,,1.0,,1.0,1.0,new_v2_rate,1.0,1.0,0.0,,0.0,1.0,1,1.0,1.0
421101,2017,黄冈市市辖区,湖北省,2015.0,2016.0,2017.0,,2017.0,,,,0,1,,,,,,,2016.0,2017.0,,2017.0,,1.0,,1.0,1.0,new_v2_rate,1.0,1.0,1.0,,1.0,1.0,1,1.0,1.0
421102,2009,黄州区,湖北省,2015.0,2016.0,2017.0,,2017.0,,,,0,1,,,,,,,2016.0,2017.0,,2017.0,,0.0,,0.0,0.0,new_v2_rate,0.0,0.0,0.0,,0.0,0.0,1,0.0,0.0
421102,2010,黄州区,湖北省,2015.0,2016.0,2017.0,,2017.0,,,,0,1,,,,,,,2016.0,2017.0,,2017.0,,0.0,,0.0,0.0,new_v2_rate,0.0,0.0,0.0,,0.0,0.0,1,0.0,0.0
421102,2011,黄州区,湖北省,2015.0,2016.0,2017.0,,2017.0,,,,0,1,,,,,,,2016.0,2017.0,,2017.0,,0.0,,0.0,0.0,new_v2_rate,0.0,0.0,0.0,,0.0,0.0,1,0.0,0.0
421102,2012,黄州区,湖北省,2015.0,2016.0,2017.0,,2017.0,,,,0,1,,,,,,,2016.0,2017.0,,2017.0,,0.0,,0.0,0.0,new_v2_rate,0.0,0.0,0.0,,0.0,0.0,1,0.0,0.0
421102,2013,黄州区,湖北省,2015.0,2016.0,2017.0,,2017.0,,,,0,1,,,,,,,2016.0,2017.0,,2017.0,,0.0,,0.0,0.0,new_v2_rate,0.0,0.0,0.0,,0.0,0.0,1,0.0,0.0
421102,2014,黄州区,湖北省,2015.0,2016.0,2017.0,,2017.0,,,,0,1,,,,,,,2016.0,2017.0,,2017.0,,0.0,,0.0,0.0,new_v2_rate,0.0,0.0,0.0,,0.0,0.0,1,0.0,0.0
421102,2015,黄州区,湖北省,2015.0,2016.0,2017.0,,2017.0,,,,0,1,2015.0,,,start_year_only,county_year_percent_progress,,2016.0,2017.0,,2017.0,,0.0,,0.0,0.0,new_v2_rate,1.0,0.0,0.0,,0.0,0.0,1,0.0,0.0
421102,2016,黄州区,湖北省,2015.0,2016.0,2017.0,,2017.0,,,,0,1,2015.0,2016.0,,completed_year_only,county_year_percent_progress,,2016.0,2017.0,,2017.0,,1.0,,1.0,1.0,new_v2_rate,1.0,1.0,0.0,,0.0,1.0,1,1.0,1.0
421102,2017,黄州区,湖北省,2015.0,2016.0,2017.0,,2017.0,,,,0,1,,,,,,,2016.0,2017.0,,2017.0,,1.0,,1.0,1.0,new_v2_rate,1.0,1.0,1.0,,1.0,1.0,1,1.0,1.0
421201,2009,咸宁市市辖区,湖北省,2015.0,2016.0,,,,,,,0,0,,,,,,,,,,,,,,,,,0.0,0.0,,,,0.0,0,,
421201,2010,咸宁市市辖区,湖北省,2015.0,2016.0,,,,,,,0,0,,,,,,,,,,,,,,,,,0.0,0.0,,,,0.0,0,,
421201,2011,咸宁市市辖区,湖北省,2015.0,2016.0,,,,,,,0,0,,,,,,,,,,,,,,,,,0.0,0.0,,,,0.0,0,,
421201,2012,咸宁市市辖区,湖北省,2015.0,2016.0,,,,,,,0,0,,,,,,,,,,,,,,,,,0.0,0.0,,,,0.0,0,,
421201,2013,咸宁市市辖区,湖北省,2015.0,2016.0,,,,,,,0,0,,,,,,,,,,,,,,,,,0.0,0.0,,,,0.0,0,,
421201,2014,咸宁市市辖区,湖北省,2015.0,2016.0,,,,,,,0,0,,,,,,,,,,,,,,,,,0.0,0.0,,,,0.0,0,,
421201,2015,咸宁市市辖区,湖北省,2015.0,2016.0,,,,,,,0,0,2015.0,,,start_year_only,county_year_percent_progress,,,,,,,,,,,,1.0,0.0,,,,0.0,0,,
421201,2016,咸宁市市辖区,湖北省,2015.0,2016.0,,,,,,,0,0,2015.0,2016.0,0.963,annual_rate,county_year_percent_progress,,,,,,,,0.963,,0.963,old_std_rate,1.0,1.0,,,,0.963,1,1.0,1.0
421201,2017,咸宁市市辖区,湖北省,2015.0,2016.0,,,,,,,0,0,,,,,,,,,,,,,,,,,1.0,1.0,,,,1.0,0,,
421203,2009,,湖北省,2015.0,,,,,,,,0,0,,,,,,,,,,,,,,,,,0.0,,,,,0.0,0,,
421203,2010,,湖北省,2015.0,,,,,,,,0,0,,,,,,,,,,,,,,,,,0.0,,,,,0.0,0,,
421203,2011,,湖北省,2015.0,,,,,,,,0,0,,,,,,,,,,,,,,,,,0.0,,,,,0.0,0,,
421203,2012,,湖北省,2015.0,,,,,,,,0,0,,,,,,,,,,,,,,,,,0.0,,,,,0.0,0,,
421203,2013,,湖北省,2015.0,,,,,,,,0,0,,,,,,,,,,,,,,,,,0.0,,,,,0.0,0,,
421203,2014,,湖北省,2015.0,,,,,,,,0,0,,,,,,,,,,,,,,,,,0.0,,,,,0.0,0,,
421203,2015,,湖北省,2015.0,,,,,,,,0,0,2015.0,,,start_year_only,county_year_percent_progress,,,,,,,,,,,,1.0,,,,,0.0,0,,
421203,2016,,湖北省,2015.0,,,,,,,,0,0,,,,,,,,,,,,,,,,,1.0,,,,,0.0,0,,
421203,2017,,湖北省,2015.0,,,,,,,,0,0,,,,,,,,,,,,,,,,,1.0,,,,,0.0,0,,
421301,2009,,湖北省,2015.0,,,,,,,,0,0,,,,,,,,,,,,,,,,,0.0,,,,,0.0,0,,
421301,2010,,湖北省,2015.0,,,,,,,,0,0,,,,,,,,,,,,,,,,,0.0,,,,,0.0,0,,
421301,2011,,湖北省,2015.0,,,,,,,,0,0,,,,,,,,,,,,,,,,,0.0,,,,,0.0,0,,
421301,2012,,湖北省,2015.0,,,,,,,,0,0,,,,,,,,,,,,,,,,,0.0,,,,,0.0,0,,
421301,2013,,湖北省,2015.0,,,,,,,,0,0,,,,,,,,,,,,,,,,,0.0,,,,,0.0,0,,
421301,2014,,湖北省,2015.0,,,,,,,,0,0,,,,,,,,,,,,,,,,,0.0,,,,,0.0,0,,
421301,2015,,湖北省,2015.0,,,,,,,,0,0,2015.0,,,start_year_only,county_year_percent_progress,,,,,,,,,,,,1.0,,,,,0.0,0,,
421301,2016,,湖北省,2015.0,,,,,,,,0,0,,,,,,,,,,,,,,,,,1.0,,,,,0.0,0,,
421301,2017,,湖北省,2015.0,,,,,,,,0,0,,,,,,,,,,,,,,,,,1.0,,,,,0.0,0,,
421302,2009,,湖北省,2015.0,,,,,,,,0,0,,,,,,,,,,,,,,,,,0.0,,,,,0.0,0,,
421302,2010,,湖北省,2015.0,,,,,,,,0,0,,,,,,,,,,,,,,,,,0.0,,,,,0.0,0,,
421302,2011,,湖北省,2015.0,,,,,,,,0,0,,,,,,,,,,,,,,,,,0.0,,,,,0.0,0,,
421302,2012,,湖北省,2015.0,,,,,,,,0,0,,,,,,,,,,,,,,,,,0.0,,,,,0.0,0,,
421302,2013,,湖北省,2015.0,,,,,,,,0,0,,,,,,,,,,,,,,,,,0.0,,,,,0.0,0,,
421302,2014,,湖北省,2015.0,,,,,,,,0,0,,,,,,,,,,,,,,,,,0.0,,,,,0.0,0,,
421302,2015,,湖北省,2015.0,,,,,,,,0,0,2015.0,,,start_year_only,county_year_percent_progress,,,,,,,,,,,,1.0,,,,,0.0,0,,
421302,2016,,湖北省,2015.0,,,,,,,,0,0,,,,,,,,,,,,,,,,,1.0,,,,,0.0,0,,
421302,2017,,湖北省,2015.0,,,,,,,,0,0,,,,,,,,,,,,,,,,,1.0,,,,,0.0,0,,
430301,2009,,湖南省,2015.0,2018.0,,,,,,,0,1,,,,,,,2018.0,,,,,0.0,,0.0,0.0,new_v2_rate,0.0,0.0,,,,0.0,1,0.0,0.0
430301,2010,,湖南省,2015.0,2018.0,,,,,,,0,1,,,,,,,2018.0,,,,,0.0,,0.0,0.0,new_v2_rate,0.0,0.0,,,,0.0,1,0.0,0.0
430301,2011,,湖南省,2015.0,2018.0,,,,,,,0,1,,,,,,,2018.0,,,,,0.0,,0.0,0.0,new_v2_rate,0.0,0.0,,,,0.0,1,0.0,0.0
430301,2012,,湖南省,2015.0,2018.0,,,,,,,0,1,,,,,,,2018.0,,,,,0.0,,0.0,0.0,new_v2_rate,0.0,0.0,,,,0.0,1,0.0,0.0
430301,2013,,湖南省,2015.0,2018.0,,,,,,,0,1,,,,,,,2018.0,,,,,0.0,,0.0,0.0,new_v2_rate,0.0,0.0,,,,0.0,1,0.0,0.0
430301,2014,,湖南省,2015.0,2018.0,,,,,,,0,1,,,,,,,2018.0,,,,,0.0,,0.0,0.0,new_v2_rate,0.0,0.0,,,,0.0,1,0.0,0.0
430301,2015,,湖南省,2015.0,2018.0,,,,,,,0,1,2015.0,,,start_year_only,county_year_percent_progress,,2018.0,,,,,0.0,,0.0,0.0,new_v2_rate,1.0,0.0,,,,0.0,1,0.0,0.0
430301,2016,,湖南省,2015.0,2018.0,,,,,,,0,1,,,,,,,2018.0,,,,,0.0,,0.0,0.0,new_v2_rate,1.0,0.0,,,,0.0,1,0.0,0.0
430301,2017,,湖南省,2015.0,2018.0,,,,,,,0,1,,,,,,,2018.0,,,,,0.0,,0.0,0.0,new_v2_rate,1.0,0.0,,,,0.0,1,0.0,0.0
430302,2009,雨湖区,湖南省,2015.0,2018.0,,,,,,,0,1,,,,,,,2018.0,,,,,0.0,,0.0,0.0,new_v2_rate,0.0,0.0,,,,0.0,1,0.0,0.0
430302,2010,雨湖区,湖南省,2015.0,2018.0,,,,,,,0,1,,,,,,,2018.0,,,,,0.0,,0.0,0.0,new_v2_rate,0.0,0.0,,,,0.0,1,0.0,0.0
430302,2011,雨湖区,湖南省,2015.0,2018.0,,,,,,,0,1,,,,,,,2018.0,,,,,0.0,,0.0,0.0,new_v2_rate,0.0,0.0,,,,0.0,1,0.0,0.0
430302,2012,雨湖区,湖南省,2015.0,2018.0,,,,,,,0,1,,,,,,,2018.0,,,,,0.0,,0.0,0.0,new_v2_rate,0.0,0.0,,,,0.0,1,0.0,0.0
430302,2013,雨湖区,湖南省,2015.0,2018.0,,,,,,,0,1,,,,,,,2018.0,,,,,0.0,,0.0,0.0,new_v2_rate,0.0,0.0,,,,0.0,1,0.0,0.0
430302,2014,雨湖区,湖南省,2015.0,2018.0,,,,,,,0,1,,,,,,,2018.0,,,,,0.0,,0.0,0.0,new_v2_rate,0.0,0.0,,,,0.0,1,0.0,0.0
430302,2015,雨湖区,湖南省,2015.0,2018.0,,,,,,,0,1,2015.0,,,start_year_only,county_year_percent_progress,,2018.0,,,,,0.0,,0.0,0.0,new_v2_rate,1.0,0.0,,,,0.0,1,0.0,0.0
430302,2016,雨湖区,湖南省,2015.0,2018.0,,,,,,,0,1,,,,,,,2018.0,,,,,0.0,,0.0,0.0,new_v2_rate,1.0,0.0,,,,0.0,1,0.0,0.0
430302,2017,雨湖区,湖南省,2015.0,2018.0,,,,,,,0,1,,,,,,,2018.0,,,,,0.0,,0.0,0.0,new_v2_rate,1.0,0.0,,,,0.0,1,0.0,0.0
430303,2009,,湖南省,2015.0,2018.0,,,,,,,0,1,,,,,,,2018.0,,,,,0.0,,0.0,0.0,new_v2_rate,0.0,0.0,,,,0.0,1,0.0,0.0
430303,2010,,湖南省,2015.0,2018.0,,,,,,,0,1,,,,,,,2018.0,,,,,0.0,,0.0,0.0,new_v2_rate,0.0,0.0,,,,0.0,1,0.0,0.0
430303,2011,,湖南省,2015.0,2018.0,,,,,,,0,1,,,,,,,2018.0,,,,,0.0,,0.0,0.0,new_v2_rate,0.0,0.0,,,,0.0,1,0.0,0.0
430303,2012,,湖南省,2015.0,2018.0,,,,,,,0,1,,,,,,,2018.0,,,,,0.0,,0.0,0.0,new_v2_rate,0.0,0.0,,,,0.0,1,0.0,0.0
430303,2013,,湖南省,2015.0,2018.0,,,,,,,0,1,,,,,,,2018.0,,,,,0.0,,0.0,0.0,new_v2_rate,0.0,0.0,,,,0.0,1,0.0,0.0
430303,2014,,湖南省,2015.0,2018.0,,,,,,,0,1,,,,,,,2018.0,,,,,0.0,,0.0,0.0,new_v2_rate,0.0,0.0,,,,0.0,1,0.0,0.0
430303,2015,,湖南省,2015.0,2018.0,,,,,,,0,1,2015.0,,,start_year_only,county_year_percent_progress,,2018.0,,,,,0.0,,0.0,0.0,new_v2_rate,1.0,0.0,,,,0.0,1,0.0,0.0
430303,2016,,湖南省,2015.0,2018.0,,,,,,,0,1,,,,,,,2018.0,,,,,0.0,,0.0,0.0,new_v2_rate,1.0,0.0,,,,0.0,1,0.0,0.0
430303,2017,,湖南省,2015.0,2018.0,,,,,,,0,1,,,,,,,2018.0,,,,,0.0,,0.0,0.0,new_v2_rate,1.0,0.0,,,,0.0,1,0.0,0.0
430304,2009,岳塘区,湖南省,2015.0,2018.0,,,,,,,0,1,,,,,,,2018.0,,,,,0.0,,0.0,0.0,new_v2_rate,0.0,0.0,,,,0.0,1,0.0,0.0
430304,2010,岳塘区,湖南省,2015.0,2018.0,,,,,,,0,1,,,,,,,2018.0,,,,,0.0,,0.0,0.0,new_v2_rate,0.0,0.0,,,,0.0,1,0.0,0.0
430304,2011,岳塘区,湖南省,2015.0,2018.0,,,,,,,0,1,,,,,,,2018.0,,,,,0.0,,0.0,0.0,new_v2_rate,0.0,0.0,,,,0.0,1,0.0,0.0
430304,2012,岳塘区,湖南省,2015.0,2018.0,,,,,,,0,1,,,,,,,2018.0,,,,,0.0,,0.0,0.0,new_v2_rate,0.0,0.0,,,,0.0,1,0.0,0.0
430304,2013,岳塘区,湖南省,2015.0,2018.0,,,,,,,0,1,,,,,,,2018.0,,,,,0.0,,0.0,0.0,new_v2_rate,0.0,0.0,,,,0.0,1,0.0,0.0
430304,2014,岳塘区,湖南省,2015.0,2018.0,,,,,,,0,1,,,,,,,2018.0,,,,,0.0,,0.0,0.0,new_v2_rate,0.0,0.0,,,,0.0,1,0.0,0.0
430304,2015,岳塘区,湖南省,2015.0,2018.0,,,,,,,0,1,2015.0,,,start_year_only,county_year_percent_progress,,2018.0,,,,,0.0,,0.0,0.0,new_v2_rate,1.0,0.0,,,,0.0,1,0.0,0.0
430304,2016,岳塘区,湖南省,2015.0,2018.0,,,,,,,0,1,,,,,,,2018.0,,,,,0.0,,0.0,0.0,new_v2_rate,1.0,0.0,,,,0.0,1,0.0,0.0
430304,2017,岳塘区,湖南省,2015.0,2018.0,,,,,,,0,1,,,,,,,2018.0,,,,,0.0,,0.0,0.0,new_v2_rate,1.0,0.0,,,,0.0,1,0.0,0.0
430401,2009,,湖南省,2015.0,2018.0,,,,,,,0,1,,,,,,,2018.0,,,,,0.0,,0.0,0.0,new_v2_rate,0.0,0.0,,,,0.0,1,0.0,0.0
430401,2010,,湖南省,2015.0,2018.0,,,,,,,0,1,,,,,,,2018.0,,,,,0.0,,0.0,0.0,new_v2_rate,0.0,0.0,,,,0.0,1,0.0,0.0
430401,2011,,湖南省,2015.0,2018.0,,,,,,,0,1,,,,,,,2018.0,,,,,0.0,,0.0,0.0,new_v2_rate,0.0,0.0,,,,0.0,1,0.0,0.0
430401,2012,,湖南省,2015.0,2018.0,,,,,,,0,1,,,,,,,2018.0,,,,,0.0,,0.0,0.0,new_v2_rate,0.0,0.0,,,,0.0,1,0.0,0.0
430401,2013,,湖南省,2015.0,2018.0,,,,,,,0,1,,,,,,,2018.0,,,,,0.0,,0.0,0.0,new_v2_rate,0.0,0.0,,,,0.0,1,0.0,0.0
430401,2014,,湖南省,2015.0,2018.0,,,,,,,0,1,,,,,,,2018.0,,,,,0.0,,0.0,0.0,new_v2_rate,0.0,0.0,,,,0.0,1,0.0,0.0
430401,2015,,湖南省,2015.0,2018.0,,,,,,,0,1,2015.0,,,start_year_only,county_year_percent_progress,,2018.0,,,,,0.0,,0.0,0.0,new_v2_rate,1.0,0.0,,,,0.0,1,0.0,0.0
430401,2016,,湖南省,2015.0,2018.0,,,,,,,0,1,,,,,,,2018.0,,,,,0.0,,0.0,0.0,new_v2_rate,1.0,0.0,,,,0.0,1,0.0,0.0
430401,2017,,湖南省,2015.0,2018.0,,,,,,,0,1,,,,,,,2018.0,,,,,0.0,,0.0,0.0,new_v2_rate,1.0,0.0,,,,0.0,1,0.0,0.0
430402,2009,,湖南省,2015.0,2018.0,,,,,,,0,1,,,,,,,2018.0,,,,,0.0,,0.0,0.0,new_v2_rate,0.0,0.0,,,,0.0,1,0.0,0.0
430402,2010,,湖南省,2015.0,2018.0,,,,,,,0,1,,,,,,,2018.0,,,,,0.0,,0.0,0.0,new_v2_rate,0.0,0.0,,,,0.0,1,0.0,0.0
430402,2011,,湖南省,2015.0,2018.0,,,,,,,0,1,,,,,,,2018.0,,,,,0.0,,0.0,0.0,new_v2_rate,0.0,0.0,,,,0.0,1,0.0,0.0
430402,2012,,湖南省,2015.0,2018.0,,,,,,,0,1,,,,,,,2018.0,,,,,0.0,,0.0,0.0,new_v2_rate,0.0,0.0,,,,0.0,1,0.0,0.0
430402,2013,,湖南省,2015.0,2018.0,,,,,,,0,1,,,,,,,2018.0,,,,,0.0,,0.0,0.0,new_v2_rate,0.0,0.0,,,,0.0,1,0.0,0.0
430402,2014,,湖南省,2015.0,2018.0,,,,,,,0,1,,,,,,,2018.0,,,,,0.0,,0.0,0.0,new_v2_rate,0.0,0.0,,,,0.0,1,0.0,0.0
430402,2015,,湖南省,2015.0,2018.0,,,,,,,0,1,2015.0,,,start_year_only,county_year_percent_progress,,2018.0,,,,,0.0,,0.0,0.0,new_v2_rate,1.0,0.0,,,,0.0,1,0.0,0.0
430402,2016,,湖南省,2015.0,2018.0,,,,,,,0,1,,,,,,,2018.0,,,,,0.0,,0.0,0.0,new_v2_rate,1.0,0.0,,,,0.0,1,0.0,0.0
430402,2017,,湖南省,2015.0,2018.0,,,,,,,0,1,,,,,,,2018.0,,,,,0.0,,0.0,0.0,new_v2_rate,1.0,0.0,,,,0.0,1,0.0,0.0
430501,2009,,湖南省,2015.0,2018.0,,,,,,,0,1,,,,,,,2018.0,,,,,0.0,,0.0,0.0,new_v2_rate,0.0,0.0,,,,0.0,1,0.0,0.0
430501,2010,,湖南省,2015.0,2018.0,,,,,,,0,1,,,,,,,2018.0,,,,,0.0,,0.0,0.0,new_v2_rate,0.0,0.0,,,,0.0,1,0.0,0.0
430501,2011,,湖南省,2015.0,2018.0,,,,,,,0,1,,,,,,,2018.0,,,,,0.0,,0.0,0.0,new_v2_rate,0.0,0.0,,,,0.0,1,0.0,0.0
430501,2012,,湖南省,2015.0,2018.0,,,,,,,0,1,,,,,,,2018.0,,,,,0.0,,0.0,0.0,new_v2_rate,0.0,0.0,,,,0.0,1,0.0,0.0
430501,2013,,湖南省,2015.0,2018.0,,,,,,,0,1,,,,,,,2018.0,,,,,0.0,,0.0,0.0,new_v2_rate,0.0,0.0,,,,0.0,1,0.0,0.0
430501,2014,,湖南省,2015.0,2018.0,,,,,,,0,1,,,,,,,2018.0,,,,,0.0,,0.0,0.0,new_v2_rate,0.0,0.0,,,,0.0,1,0.0,0.0
430501,2015,,湖南省,2015.0,2018.0,,,,,,,0,1,2015.0,,,start_year_only,county_year_percent_progress,,2018.0,,,,,0.0,,0.0,0.0,new_v2_rate,1.0,0.0,,,,0.0,1,0.0,0.0
430501,2016,,湖南省,2015.0,2018.0,,,,,,,0,1,,,,,,,2018.0,,,,,0.0,,0.0,0.0,new_v2_rate,1.0,0.0,,,,0.0,1,0.0,0.0
430501,2017,,湖南省,2015.0,2018.0,,,,,,,0,1,,,,,,,2018.0,,,,,0.0,,0.0,0.0,new_v2_rate,1.0,0.0,,,,0.0,1,0.0,0.0
430502,2009,双清区,湖南省,2015.0,2018.0,,,,,,,0,1,,,,,,,2018.0,,,,,0.0,,0.0,0.0,new_v2_rate,0.0,0.0,,,,0.0,1,0.0,0.0
430502,2010,双清区,湖南省,2015.0,2018.0,,,,,,,0,1,,,,,,,2018.0,,,,,0.0,,0.0,0.0,new_v2_rate,0.0,0.0,,,,0.0,1,0.0,0.0
430502,2011,双清区,湖南省,2015.0,2018.0,,,,,,,0,1,,,,,,,2018.0,,,,,0.0,,0.0,0.0,new_v2_rate,0.0,0.0,,,,0.0,1,0.0,0.0
430502,2012,双清区,湖南省,2015.0,2018.0,,,,,,,0,1,,,,,,,2018.0,,,,,0.0,,0.0,0.0,new_v2_rate,0.0,0.0,,,,0.0,1,0.0,0.0
430502,2013,双清区,湖南省,2015.0,2018.0,,,,,,,0,1,,,,,,,2018.0,,,,,0.0,,0.0,0.0,new_v2_rate,0.0,0.0,,,,0.0,1,0.0,0.0
430502,2014,双清区,湖南省,2015.0,2018.0,,,,,,,0,1,,,,,,,2018.0,,,,,0.0,,0.0,0.0,new_v2_rate,0.0,0.0,,,,0.0,1,0.0,0.0
430502,2015,双清区,湖南省,2015.0,2018.0,,,,,,,0,1,2015.0,,,start_year_only,county_year_percent_progress,,2018.0,,,,,0.0,,0.0,0.0,new_v2_rate,1.0,0.0,,,,0.0,1,0.0,0.0
430502,2016,双清区,湖南省,2015.0,2018.0,,,,,,,0,1,,,,,,,2018.0,,,,,0.0,,0.0,0.0,new_v2_rate,1.0,0.0,,,,0.0,1,0.0,0.0
430502,2017,双清区,湖南省,2015.0,2018.0,,,,,,,0,1,,,,,,,2018.0,,,,,0.0,,0.0,0.0,new_v2_rate,1.0,0.0,,,,0.0,1,0.0,0.0
430503,2009,大祥区,湖南省,2015.0,2018.0,,,,,,,0,1,,,,,,,2018.0,,,,,0.0,,0.0,0.0,new_v2_rate,0.0,0.0,,,,0.0,1,0.0,0.0
430503,2010,大祥区,湖南省,2015.0,2018.0,,,,,,,0,1,,,,,,,2018.0,,,,,0.0,,0.0,0.0,new_v2_rate,0.0,0.0,,,,0.0,1,0.0,0.0
430503,2011,大祥区,湖南省,2015.0,2018.0,,,,,,,0,1,,,,,,,2018.0,,,,,0.0,,0.0,0.0,new_v2_rate,0.0,0.0,,,,0.0,1,0.0,0.0
430503,2012,大祥区,湖南省,2015.0,2018.0,,,,,,,0,1,,,,,,,2018.0,,,,,0.0,,0.0,0.0,new_v2_rate,0.0,0.0,,,,0.0,1,0.0,0.0
430503,2013,大祥区,湖南省,2015.0,2018.0,,,,,,,0,1,,,,,,,2018.0,,,,,0.0,,0.0,0.0,new_v2_rate,0.0,0.0,,,,0.0,1,0.0,0.0
430503,2014,大祥区,湖南省,2015.0,2018.0,,,,,,,0,1,,,,,,,2018.0,,,,,0.0,,0.0,0.0,new_v2_rate,0.0,0.0,,,,0.0,1,0.0,0.0
430503,2015,大祥区,湖南省,2015.0,2018.0,,,,,,,0,1,2015.0,,,start_year_only,county_year_percent_progress,,2018.0,,,,,0.0,,0.0,0.0,new_v2_rate,1.0,0.0,,,,0.0,1,0.0,0.0
430503,2016,大祥区,湖南省,2015.0,2018.0,,,,,,,0,1,,,,,,,2018.0,,,,,0.0,,0.0,0.0,new_v2_rate,1.0,0.0,,,,0.0,1,0.0,0.0
430503,2017,大祥区,湖南省,2015.0,2018.0,,,,,,,0,1,,,,,,,2018.0,,,,,0.0,,0.0,0.0,new_v2_rate,1.0,0.0,,,,0.0,1,0.0,0.0
430701,2009,,湖南省,2015.0,2018.0,,,,,,,0,1,,,,,,,2018.0,,,,,0.0,,0.0,0.0,new_v2_rate,0.0,0.0,,,,0.0,1,0.0,0.0
430701,2010,,湖南省,2015.0,2018.0,,,,,,,0,1,,,,,,,2018.0,,,,,0.0,,0.0,0.0,new_v2_rate,0.0,0.0,,,,0.0,1,0.0,0.0
430701,2011,,湖南省,2015.0,2018.0,,,,,,,0,1,,,,,,,2018.0,,,,,0.0,,0.0,0.0,new_v2_rate,0.0,0.0,,,,0.0,1,0.0,0.0
430701,2012,,湖南省,2015.0,2018.0,,,,,,,0,1,,,,,,,2018.0,,,,,0.0,,0.0,0.0,new_v2_rate,0.0,0.0,,,,0.0,1,0.0,0.0
430701,2013,,湖南省,2015.0,2018.0,,,,,,,0,1,,,,,,,2018.0,,,,,0.0,,0.0,0.0,new_v2_rate,0.0,0.0,,,,0.0,1,0.0,0.0
430701,2014,,湖南省,2015.0,2018.0,,,,,,,0,1,,,,,,,2018.0,,,,,0.0,,0.0,0.0,new_v2_rate,0.0,0.0,,,,0.0,1,0.0,0.0
430701,2015,,湖南省,2015.0,2018.0,,,,,,,0,1,2015.0,,,start_year_only,county_year_percent_progress,,2018.0,,,,,0.0,,0.0,0.0,new_v2_rate,1.0,0.0,,,,0.0,1,0.0,0.0
430701,2016,,湖南省,2015.0,2018.0,,,,,,,0,1,,,,,,,2018.0,,,,,0.0,,0.0,0.0,new_v2_rate,1.0,0.0,,,,0.0,1,0.0,0.0
430701,2017,,湖南省,2015.0,2018.0,,,,,,,0,1,,,,,,,2018.0,,,,,0.0,,0.0,0.0,new_v2_rate,1.0,0.0,,,,0.0,1,0.0,0.0
430801,2009,,湖南省,2015.0,2018.0,,,,,,,0,1,,,,,,,2018.0,,,,,0.0,,0.0,0.0,new_v2_rate,0.0,0.0,,,,0.0,1,0.0,0.0
430801,2010,,湖南省,2015.0,2018.0,,,,,,,0,1,,,,,,,2018.0,,,,,0.0,,0.0,0.0,new_v2_rate,0.0,0.0,,,,0.0,1,0.0,0.0
430801,2011,,湖南省,2015.0,2018.0,,,,,,,0,1,,,,,,,2018.0,,,,,0.0,,0.0,0.0,new_v2_rate,0.0,0.0,,,,0.0,1,0.0,0.0
430801,2012,,湖南省,2015.0,2018.0,,,,,,,0,1,,,,,,,2018.0,,,,,0.0,,0.0,0.0,new_v2_rate,0.0,0.0,,,,0.0,1,0.0,0.0
430801,2013,,湖南省,2015.0,2018.0,,,,,,,0,1,,,,,,,2018.0,,,,,0.0,,0.0,0.0,new_v2_rate,0.0,0.0,,,,0.0,1,0.0,0.0
430801,2014,,湖南省,2015.0,2018.0,,,,,,,0,1,,,,,,,2018.0,,,,,0.0,,0.0,0.0,new_v2_rate,0.0,0.0,,,,0.0,1,0.0,0.0
430801,2015,,湖南省,2015.0,2018.0,,,,,,,0,1,2015.0,,,start_year_only,county_year_percent_progress,,2018.0,,,,,0.0,,0.0,0.0,new_v2_rate,1.0,0.0,,,,0.0,1,0.0,0.0
430801,2016,,湖南省,2015.0,2018.0,,,,,,,0,1,,,,,,,2018.0,,,,,0.0,,0.0,0.0,new_v2_rate,1.0,0.0,,,,0.0,1,0.0,0.0
430801,2017,,湖南省,2015.0,2018.0,,,,,,,0,1,,,,,,,2018.0,,,,,0.0,,0.0,0.0,new_v2_rate,1.0,0.0,,,,0.0,1,0.0,0.0
430901,2009,,湖南省,2015.0,2018.0,,,,,,,0,1,,,,,,,2018.0,,,,,0.0,,0.0,0.0,new_v2_rate,0.0,0.0,,,,0.0,1,0.0,0.0
430901,2010,,湖南省,2015.0,2018.0,,,,,,,0,1,,,,,,,2018.0,,,,,0.0,,0.0,0.0,new_v2_rate,0.0,0.0,,,,0.0,1,0.0,0.0
430901,2011,,湖南省,2015.0,2018.0,,,,,,,0,1,,,,,,,2018.0,,,,,0.0,,0.0,0.0,new_v2_rate,0.0,0.0,,,,0.0,1,0.0,0.0
430901,2012,,湖南省,2015.0,2018.0,,,,,,,0,1,,,,,,,2018.0,,,,,0.0,,0.0,0.0,new_v2_rate,0.0,0.0,,,,0.0,1,0.0,0.0
430901,2013,,湖南省,2015.0,2018.0,,,,,,,0,1,,,,,,,2018.0,,,,,0.0,,0.0,0.0,new_v2_rate,0.0,0.0,,,,0.0,1,0.0,0.0
430901,2014,,湖南省,2015.0,2018.0,,,,,,,0,1,,,,,,,2018.0,,,,,0.0,,0.0,0.0,new_v2_rate,0.0,0.0,,,,0.0,1,0.0,0.0
430901,2015,,湖南省,2015.0,2018.0,,,,,,,0,1,2015.0,,,start_year_only,county_year_percent_progress,,2018.0,,,,,0.0,,0.0,0.0,new_v2_rate,1.0,0.0,,,,0.0,1,0.0,0.0
430901,2016,,湖南省,2015.0,2018.0,,,,,,,0,1,,,,,,,2018.0,,,,,0.0,,0.0,0.0,new_v2_rate,1.0,0.0,,,,0.0,1,0.0,0.0
430901,2017,,湖南省,2015.0,2018.0,,,,,,,0,1,,,,,,,2018.0,,,,,0.0,,0.0,0.0,new_v2_rate,1.0,0.0,,,,0.0,1,0.0,0.0
430902,2009,资阳区,湖南省,2015.0,2018.0,,,,,,,0,1,,,,,,,2018.0,,,,,0.0,,0.0,0.0,new_v2_rate,0.0,0.0,,,,0.0,1,0.0,0.0
430902,2010,资阳区,湖南省,2015.0,2018.0,,,,,,,0,1,,,,,,,2018.0,,,,,0.0,,0.0,0.0,new_v2_rate,0.0,0.0,,,,0.0,1,0.0,0.0
430902,2011,资阳区,湖南省,2015.0,2018.0,,,,,,,0,1,,,,,,,2018.0,,,,,0.0,,0.0,0.0,new_v2_rate,0.0,0.0,,,,0.0,1,0.0,0.0
430902,2012,资阳区,湖南省,2015.0,2018.0,,,,,,,0,1,,,,,,,2018.0,,,,,0.0,,0.0,0.0,new_v2_rate,0.0,0.0,,,,0.0,1,0.0,0.0
430902,2013,资阳区,湖南省,2015.0,2018.0,,,,,,,0,1,,,,,,,2018.0,,,,,0.0,,0.0,0.0,new_v2_rate,0.0,0.0,,,,0.0,1,0.0,0.0
430902,2014,资阳区,湖南省,2015.0,2018.0,,,,,,,0,1,,,,,,,2018.0,,,,,0.0,,0.0,0.0,new_v2_rate,0.0,0.0,,,,0.0,1,0.0,0.0
430902,2015,资阳区,湖南省,2015.0,2018.0,,,,,,,0,1,2015.0,,,start_year_only,county_year_percent_progress,,2018.0,,,,,0.0,,0.0,0.0,new_v2_rate,1.0,0.0,,,,0.0,1,0.0,0.0
430902,2016,资阳区,湖南省,2015.0,2018.0,,,,,,,0,1,,,,,,,2018.0,,,,,0.0,,0.0,0.0,new_v2_rate,1.0,0.0,,,,0.0,1,0.0,0.0
430902,2017,资阳区,湖南省,2015.0,2018.0,,,,,,,0,1,,,,,,,2018.0,,,,,0.0,,0.0,0.0,new_v2_rate,1.0,0.0,,,,0.0,1,0.0,0.0
431201,2009,,湖南省,2015.0,2018.0,,,,,,,0,1,,,,,,,2018.0,,,,,0.0,,0.0,0.0,new_v2_rate,0.0,0.0,,,,0.0,1,0.0,0.0
431201,2010,,湖南省,2015.0,2018.0,,,,,,,0,1,,,,,,,2018.0,,,,,0.0,,0.0,0.0,new_v2_rate,0.0,0.0,,,,0.0,1,0.0,0.0
431201,2011,,湖南省,2015.0,2018.0,,,,,,,0,1,,,,,,,2018.0,,,,,0.0,,0.0,0.0,new_v2_rate,0.0,0.0,,,,0.0,1,0.0,0.0
431201,2012,,湖南省,2015.0,2018.0,,,,,,,0,1,,,,,,,2018.0,,,,,0.0,,0.0,0.0,new_v2_rate,0.0,0.0,,,,0.0,1,0.0,0.0
431201,2013,,湖南省,2015.0,2018.0,,,,,,,0,1,,,,,,,2018.0,,,,,0.0,,0.0,0.0,new_v2_rate,0.0,0.0,,,,0.0,1,0.0,0.0
431201,2014,,湖南省,2015.0,2018.0,,,,,,,0,1,,,,,,,2018.0,,,,,0.0,,0.0,0.0,new_v2_rate,0.0,0.0,,,,0.0,1,0.0,0.0
431201,2015,,湖南省,2015.0,2018.0,,,,,,,0,1,2015.0,,,start_year_only,county_year_percent_progress,,2018.0,,,,,0.0,,0.0,0.0,new_v2_rate,1.0,0.0,,,,0.0,1,0.0,0.0
431201,2016,,湖南省,2015.0,2018.0,,,,,,,0,1,,,,,,,2018.0,,,,,0.0,,0.0,0.0,new_v2_rate,1.0,0.0,,,,0.0,1,0.0,0.0
431201,2017,,湖南省,2015.0,2018.0,,,,,,,0,1,,,,,,,2018.0,,,,,0.0,,0.0,0.0,new_v2_rate,1.0,0.0,,,,0.0,1,0.0,0.0
431301,2009,,湖南省,2015.0,2018.0,,,,,,,0,1,,,,,,,2018.0,,,,,0.0,,0.0,0.0,new_v2_rate,0.0,0.0,,,,0.0,1,0.0,0.0
431301,2010,,湖南省,2015.0,2018.0,,,,,,,0,1,,,,,,,2018.0,,,,,0.0,,0.0,0.0,new_v2_rate,0.0,0.0,,,,0.0,1,0.0,0.0
431301,2011,,湖南省,2015.0,2018.0,,,,,,,0,1,,,,,,,2018.0,,,,,0.0,,0.0,0.0,new_v2_rate,0.0,0.0,,,,0.0,1,0.0,0.0
431301,2012,,湖南省,2015.0,2018.0,,,,,,,0,1,,,,,,,2018.0,,,,,0.0,,0.0,0.0,new_v2_rate,0.0,0.0,,,,0.0,1,0.0,0.0
431301,2013,,湖南省,2015.0,2018.0,,,,,,,0,1,,,,,,,2018.0,,,,,0.0,,0.0,0.0,new_v2_rate,0.0,0.0,,,,0.0,1,0.0,0.0
431301,2014,,湖南省,2015.0,2018.0,,,,,,,0,1,,,,,,,2018.0,,,,,0.0,,0.0,0.0,new_v2_rate,0.0,0.0,,,,0.0,1,0.0,0.0
431301,2015,,湖南省,2015.0,2018.0,,,,,,,0,1,2015.0,,,start_year_only,county_year_percent_progress,,2018.0,,,,,0.0,,0.0,0.0,new_v2_rate,1.0,0.0,,,,0.0,1,0.0,0.0
431301,2016,,湖南省,2015.0,2018.0,,,,,,,0,1,,,,,,,2018.0,,,,,0.0,,0.0,0.0,new_v2_rate,1.0,0.0,,,,0.0,1,0.0,0.0
431301,2017,,湖南省,2015.0,2018.0,,,,,,,0,1,,,,,,,2018.0,,,,,0.0,,0.0,0.0,new_v2_rate,1.0,0.0,,,,0.0,1,0.0,0.0
440501,2009,,广东省,2016.0,,,,,,,,0,0,,,,,,,,,,,,,,,,,0.0,,,,,0.0,0,,
440501,2010,,广东省,2016.0,,,,,,,,0,0,,,,,,,,,,,,,,,,,0.0,,,,,0.0,0,,
440501,2011,,广东省,2016.0,,,,,,,,0,0,,,,,,,,,,,,,,,,,0.0,,,,,0.0,0,,
440501,2012,,广东省,2016.0,,,,,,,,0,0,,,,,,,,,,,,,,,,,0.0,,,,,0.0,0,,
440501,2013,,广东省,2016.0,,,,,,,,0,0,,,,,,,,,,,,,,,,,0.0,,,,,0.0,0,,
440501,2014,,广东省,2016.0,,,,,,,,0,0,,,,,,,,,,,,,,,,,0.0,,,,,0.0,0,,
440501,2015,,广东省,2016.0,,,,,,,,0,0,,,,,,,,,,,,,,,,,0.0,,,,,0.0,0,,
440501,2016,,广东省,2016.0,,,,,,,,0,0,2016.0,,0.9151,annual_rate,county_year_percent_progress,,,,,,,,0.9151,,0.9151,old_std_rate,1.0,,,,,0.9151,1,1.0,1.0
440501,2017,,广东省,2016.0,,,,,,,,0,0,2016.0,,0.9395,annual_rate,county_year_percent_progress,,,,,,,,0.9395,,0.9395,old_std_rate,1.0,,,,,0.9395,1,1.0,1.0
440901,2009,,广东省,2016.0,,,,,,,,0,0,,,,,,,,,,,,,,,,,0.0,,,,,0.0,0,,
440901,2010,,广东省,2016.0,,,,,,,,0,0,,,,,,,,,,,,,,,,,0.0,,,,,0.0,0,,
440901,2011,,广东省,2016.0,,,,,,,,0,0,,,,,,,,,,,,,,,,,0.0,,,,,0.0,0,,
440901,2012,,广东省,2016.0,,,,,,,,0,0,,,,,,,,,,,,,,,,,0.0,,,,,0.0,0,,
440901,2013,,广东省,2016.0,,,,,,,,0,0,,,,,,,,,,,,,,,,,0.0,,,,,0.0,0,,
440901,2014,,广东省,2016.0,,,,,,,,0,0,,,,,,,,,,,,,,,,,0.0,,,,,0.0,0,,
440901,2015,,广东省,2016.0,,,,,,,,0,0,,,,,,,,,,,,,,,,,0.0,,,,,0.0,0,,
440901,2016,,广东省,2016.0,,,,,,,,0,0,2016.0,,0.9151,annual_rate,county_year_percent_progress,,,,,,,,0.9151,,0.9151,old_std_rate,1.0,,,,,0.9151,1,1.0,1.0
440901,2017,,广东省,2016.0,,,,,,,,0,0,2016.0,,0.9395,annual_rate,county_year_percent_progress,,,,,,,,0.9395,,0.9395,old_std_rate,1.0,,,,,0.9395,1,1.0,1.0
440905,2009,,广东省,2016.0,,,,,,,,0,0,,,,,,,,,,,,,,,,,0.0,,,,,0.0,0,,
440905,2010,,广东省,2016.0,,,,,,,,0,0,,,,,,,,,,,,,,,,,0.0,,,,,0.0,0,,
440905,2011,,广东省,2016.0,,,,,,,,0,0,,,,,,,,,,,,,,,,,0.0,,,,,0.0,0,,
440905,2012,,广东省,2016.0,,,,,,,,0,0,,,,,,,,,,,,,,,,,0.0,,,,,0.0,0,,
440905,2013,,广东省,2016.0,,,,,,,,0,0,,,,,,,,,,,,,,,,,0.0,,,,,0.0,0,,
440905,2014,,广东省,2016.0,,,,,,,,0,0,,,,,,,,,,,,,,,,,0.0,,,,,0.0,0,,
440905,2015,,广东省,2016.0,,,,,,,,0,0,,,,,,,,,,,,,,,,,0.0,,,,,0.0,0,,
440905,2016,,广东省,2016.0,,,,,,,,0,0,2016.0,,0.9151,annual_rate,county_year_percent_progress,,,,,,,,0.9151,,0.9151,old_std_rate,1.0,,,,,0.9151,1,1.0,1.0
440905,2017,,广东省,2016.0,,,,,,,,0,0,2016.0,,0.9395,annual_rate,county_year_percent_progress,,,,,,,,0.9395,,0.9395,old_std_rate,1.0,,,,,0.9395,1,1.0,1.0
441001,2009,,广东省,2016.0,,,,,,,,0,0,,,,,,,,,,,,,,,,,0.0,,,,,0.0,0,,
441001,2010,,广东省,2016.0,,,,,,,,0,0,,,,,,,,,,,,,,,,,0.0,,,,,0.0,0,,
441001,2011,,广东省,2016.0,,,,,,,,0,0,,,,,,,,,,,,,,,,,0.0,,,,,0.0,0,,
441001,2012,,广东省,2016.0,,,,,,,,0,0,,,,,,,,,,,,,,,,,0.0,,,,,0.0,0,,
441001,2013,,广东省,2016.0,,,,,,,,0,0,,,,,,,,,,,,,,,,,0.0,,,,,0.0,0,,
441001,2014,,广东省,2016.0,,,,,,,,0,0,,,,,,,,,,,,,,,,,0.0,,,,,0.0,0,,
441001,2015,,广东省,2016.0,,,,,,,,0,0,,,,,,,,,,,,,,,,,0.0,,,,,0.0,0,,
441001,2016,,广东省,2016.0,,,,,,,,0,0,2016.0,,0.9151,annual_rate,county_year_percent_progress,,,,,,,,0.9151,,0.9151,old_std_rate,1.0,,,,,0.9151,1,1.0,1.0
441001,2017,,广东省,2016.0,,,,,,,,0,0,2016.0,,0.9395,annual_rate,county_year_percent_progress,,,,,,,,0.9395,,0.9395,old_std_rate,1.0,,,,,0.9395,1,1.0,1.0
441003,2009,,广东省,2016.0,,,,,,,,0,0,,,,,,,,,,,,,,,,,0.0,,,,,0.0,0,,
441003,2010,,广东省,2016.0,,,,,,,,0,0,,,,,,,,,,,,,,,,,0.0,,,,,0.0,0,,
441003,2011,,广东省,2016.0,,,,,,,,0,0,,,,,,,,,,,,,,,,,0.0,,,,,0.0,0,,
441003,2012,,广东省,2016.0,,,,,,,,0,0,,,,,,,,,,,,,,,,,0.0,,,,,0.0,0,,
441003,2013,,广东省,2016.0,,,,,,,,0,0,,,,,,,,,,,,,,,,,0.0,,,,,0.0,0,,
441003,2014,,广东省,2016.0,,,,,,,,0,0,,,,,,,,,,,,,,,,,0.0,,,,,0.0,0,,
441003,2015,,广东省,2016.0,,,,,,,,0,0,,,,,,,,,,,,,,,,,0.0,,,,,0.0,0,,
441003,2016,,广东省,2016.0,,,,,,,,0,0,2016.0,,0.9151,annual_rate,county_year_percent_progress,,,,,,,,0.9151,,0.9151,old_std_rate,1.0,,,,,0.9151,1,1.0,1.0
441003,2017,,广东省,2016.0,,,,,,,,0,0,2016.0,,0.9395,annual_rate,county_year_percent_progress,,,,,,,,0.9395,,0.9395,old_std_rate,1.0,,,,,0.9395,1,1.0,1.0
441004,2009,,广东省,2016.0,,,,,,,,0,0,,,,,,,,,,,,,,,,,0.0,,,,,0.0,0,,
441004,2010,,广东省,2016.0,,,,,,,,0,0,,,,,,,,,,,,,,,,,0.0,,,,,0.0,0,,
441004,2011,,广东省,2016.0,,,,,,,,0,0,,,,,,,,,,,,,,,,,0.0,,,,,0.0,0,,
441004,2012,,广东省,2016.0,,,,,,,,0,0,,,,,,,,,,,,,,,,,0.0,,,,,0.0,0,,
441004,2013,,广东省,2016.0,,,,,,,,0,0,,,,,,,,,,,,,,,,,0.0,,,,,0.0,0,,
441004,2014,,广东省,2016.0,,,,,,,,0,0,,,,,,,,,,,,,,,,,0.0,,,,,0.0,0,,
441004,2015,,广东省,2016.0,,,,,,,,0,0,,,,,,,,,,,,,,,,,0.0,,,,,0.0,0,,
441004,2016,,广东省,2016.0,,,,,,,,0,0,2016.0,,0.9151,annual_rate,county_year_percent_progress,,,,,,,,0.9151,,0.9151,old_std_rate,1.0,,,,,0.9151,1,1.0,1.0
441004,2017,,广东省,2016.0,,,,,,,,0,0,2016.0,,0.9395,annual_rate,county_year_percent_progress,,,,,,,,0.9395,,0.9395,old_std_rate,1.0,,,,,0.9395,1,1.0,1.0
441101,2009,,广东省,2016.0,,,,,,,,0,0,,,,,,,,,,,,,,,,,0.0,,,,,0.0,0,,
441101,2010,,广东省,2016.0,,,,,,,,0,0,,,,,,,,,,,,,,,,,0.0,,,,,0.0,0,,
441101,2011,,广东省,2016.0,,,,,,,,0,0,,,,,,,,,,,,,,,,,0.0,,,,,0.0,0,,
441101,2012,,广东省,2016.0,,,,,,,,0,0,,,,,,,,,,,,,,,,,0.0,,,,,0.0,0,,
441101,2013,,广东省,2016.0,,,,,,,,0,0,,,,,,,,,,,,,,,,,0.0,,,,,0.0,0,,
441101,2014,,广东省,2016.0,,,,,,,,0,0,,,,,,,,,,,,,,,,,0.0,,,,,0.0,0,,
441101,2015,,广东省,2016.0,,,,,,,,0,0,,,,,,,,,,,,,,,,,0.0,,,,,0.0,0,,
441101,2016,,广东省,2016.0,,,,,,,,0,0,2016.0,,0.9151,annual_rate,county_year_percent_progress,,,,,,,,0.9151,,0.9151,old_std_rate,1.0,,,,,0.9151,1,1.0,1.0
441101,2017,,广东省,2016.0,,,,,,,,0,0,2016.0,,0.9395,annual_rate,county_year_percent_progress,,,,,,,,0.9395,,0.9395,old_std_rate,1.0,,,,,0.9395,1,1.0,1.0
441202,2009,,广东省,2016.0,,,,,,,,0,0,,,,,,,,,,,,,,,,,0.0,,,,,0.0,0,,
441202,2010,,广东省,2016.0,,,,,,,,0,0,,,,,,,,,,,,,,,,,0.0,,,,,0.0,0,,
441202,2011,,广东省,2016.0,,,,,,,,0,0,,,,,,,,,,,,,,,,,0.0,,,,,0.0,0,,
441202,2012,,广东省,2016.0,,,,,,,,0,0,,,,,,,,,,,,,,,,,0.0,,,,,0.0,0,,
441202,2013,,广东省,2016.0,,,,,,,,0,0,,,,,,,,,,,,,,,,,0.0,,,,,0.0,0,,
441202,2014,,广东省,2016.0,,,,,,,,0,0,,,,,,,,,,,,,,,,,0.0,,,,,0.0,0,,
441202,2015,,广东省,2016.0,,,,,,,,0,0,,,,,,,,,,,,,,,,,0.0,,,,,0.0,0,,
441202,2016,,广东省,2016.0,,,,,,,,0,0,2016.0,,0.9151,annual_rate,county_year_percent_progress,,,,,,,,0.9151,,0.9151,old_std_rate,1.0,,,,,0.9151,1,1.0,1.0
441202,2017,,广东省,2016.0,,,,,,,,0,0,2016.0,,0.9395,annual_rate,county_year_percent_progress,,,,,,,,0.9395,,0.9395,old_std_rate,1.0,,,,,0.9395,1,1.0,1.0
441301,2009,惠州市市辖区,广东省,2015.0,,,,,,,,0,0,,,,,,,,,,,,,,,,,0.0,,,,,0.0,0,,
441301,2010,惠州市市辖区,广东省,2015.0,,,,,,,,0,0,,,,,,,,,,,,,,,,,0.0,,,,,0.0,0,,
441301,2011,惠州市市辖区,广东省,2015.0,,,,,,,,0,0,,,,,,,,,,,,,,,,,0.0,,,,,0.0,0,,
441301,2012,惠州市市辖区,广东省,2015.0,,,,,,,,0,0,,,,,,,,,,,,,,,,,0.0,,,,,0.0,0,,
441301,2013,惠州市市辖区,广东省,2015.0,,,,,,,,0,0,,,,,,,,,,,,,,,,,0.0,,,,,0.0,0,,
441301,2014,惠州市市辖区,广东省,2015.0,,,,,,,,0,0,,,,,,,,,,,,,,,,,0.0,,,,,0.0,0,,
441301,2015,惠州市市辖区,广东省,2015.0,,,,,,,,0,0,2015.0,,,start_year_only,county_year_percent_progress,,,,,,,,,,,,1.0,,,,,0.0,0,,
441301,2016,惠州市市辖区,广东省,2015.0,,,,,,,,0,0,2016.0,,0.9151,annual_rate,county_year_percent_progress,,,,,,,,0.9151,,0.9151,old_std_rate,1.0,,,,,0.9151,1,1.0,1.0
441301,2017,惠州市市辖区,广东省,2015.0,,,,,,,,0,0,2016.0,,0.9395,annual_rate,county_year_percent_progress,,,,,,,,0.9395,,0.9395,old_std_rate,1.0,,,,,0.9395,1,1.0,1.0
441302,2009,惠城区,广东省,2014.0,2015.0,,,,,,,0,1,,,,,,2015.0,2015.0,,,,,0.0,,0.0,0.0,new_v2_rate,0.0,0.0,,,,0.0,1,0.0,0.0
441302,2010,惠城区,广东省,2014.0,2015.0,,,,,,,0,1,,,,,,2015.0,2015.0,,,,,0.0,,0.0,0.0,new_v2_rate,0.0,0.0,,,,0.0,1,0.0,0.0
441302,2011,惠城区,广东省,2014.0,2015.0,,,,,,,0,1,,,,,,2015.0,2015.0,,,,,0.0,,0.0,0.0,new_v2_rate,0.0,0.0,,,,0.0,1,0.0,0.0
441302,2012,惠城区,广东省,2014.0,2015.0,,,,,,,0,1,,,,,,2015.0,2015.0,,,,,0.0,,0.0,0.0,new_v2_rate,0.0,0.0,,,,0.0,1,0.0,0.0
441302,2013,惠城区,广东省,2014.0,2015.0,,,,,,,0,1,,,,,,2015.0,2015.0,,,,,0.0,,0.0,0.0,new_v2_rate,0.0,0.0,,,,0.0,1,0.0,0.0
441302,2014,惠城区,广东省,2014.0,2015.0,,,,,,,0,1,,,,,,2015.0,2015.0,,,,,0.0,,0.0,0.0,new_v2_rate,1.0,0.0,,,,0.0,1,0.0,0.0
441302,2015,惠城区,广东省,2014.0,2015.0,,,,,,,0,1,2014.0,2015.0,,completed_year_only,county_year_percent_progress,2015.0,2015.0,,,,,1.0,,1.0,1.0,new_v2_rate,1.0,1.0,,,,1.0,1,1.0,1.0
441302,2016,惠城区,广东省,2014.0,2015.0,,,,,,,0,1,2016.0,,0.9151,annual_rate,county_year_percent_progress,2015.0,2015.0,,,,,1.0,0.9151,1.0,0.9151,old_std_rate,1.0,1.0,,,,0.9151,1,1.0,1.0
441302,2017,惠城区,广东省,2014.0,2015.0,,,,,,,0,1,2016.0,,0.9395,annual_rate,county_year_percent_progress,2015.0,2015.0,,,,,1.0,0.9395,1.0,0.9395,old_std_rate,1.0,1.0,,,,0.9395,1,1.0,1.0
441303,2009,惠阳区,广东省,2015.0,,,2018.0,,2014.0,,,0,1,,,,,,2014.0,,,2018.0,,,0.0,,0.0,0.0,new_v2_rate,0.0,,,0.0,,0.0,1,0.0,0.0
441303,2010,惠阳区,广东省,2015.0,,,2018.0,,2014.0,,,0,1,,,,,,2014.0,,,2018.0,,,0.0,,0.0,0.0,new_v2_rate,0.0,,,0.0,,0.0,1,0.0,0.0
441303,2011,惠阳区,广东省,2015.0,,,2018.0,,2014.0,,,0,1,,,,,,2014.0,,,2018.0,,,0.0,,0.0,0.0,new_v2_rate,0.0,,,0.0,,0.0,1,0.0,0.0
441303,2012,惠阳区,广东省,2015.0,,,2018.0,,2014.0,,,0,1,,,,,,2014.0,,,2018.0,,,0.0,,0.0,0.0,new_v2_rate,0.0,,,0.0,,0.0,1,0.0,0.0
441303,2013,惠阳区,广东省,2015.0,,,2018.0,,2014.0,,,0,1,,,,,,2014.0,,,2018.0,,,0.0,,0.0,0.0,new_v2_rate,0.0,,,0.0,,0.0,1,0.0,0.0
441303,2014,惠阳区,广东省,2015.0,,,2018.0,,2014.0,,,0,1,,,,,,2014.0,,,2018.0,,,0.0,,0.0,0.0,new_v2_rate,0.0,,,0.0,,0.0,1,0.0,0.0
441303,2015,惠阳区,广东省,2015.0,,,2018.0,,2014.0,,,0,1,2015.0,,,start_year_only,county_year_percent_progress,2014.0,,,2018.0,,,0.0,,0.0,0.0,new_v2_rate,1.0,,,0.0,,0.0,1,0.0,0.0
441303,2016,惠阳区,广东省,2015.0,,,2018.0,,2014.0,,,0,1,2016.0,,0.9151,annual_rate,county_year_percent_progress,2014.0,,,2018.0,,,0.0,0.9151,0.0,0.9151,old_std_rate,1.0,,,0.0,,0.9151,1,1.0,1.0
441303,2017,惠阳区,广东省,2015.0,,,2018.0,,2014.0,,,0,1,2016.0,,0.9395,annual_rate,county_year_percent_progress,2014.0,,,2018.0,,,0.0,0.9395,0.0,0.9395,old_std_rate,1.0,,,0.0,,0.9395,1,1.0,1.0
441401,2009,梅州市市辖区,广东省,2016.0,,,2017.0,,,,,0,1,,,,,,,,,2017.0,,,,,,,,0.0,,,0.0,,0.0,0,,
441401,2010,梅州市市辖区,广东省,2016.0,,,2017.0,,,,,0,1,,,,,,,,,2017.0,,,,,,,,0.0,,,0.0,,0.0,0,,
441401,2011,梅州市市辖区,广东省,2016.0,,,2017.0,,,,,0,1,,,,,,,,,2017.0,,,,,,,,0.0,,,0.0,,0.0,0,,
441401,2012,梅州市市辖区,广东省,2016.0,,,2017.0,,,,,0,1,,,,,,,,,2017.0,,,,,,,,0.0,,,0.0,,0.0,0,,
441401,2013,梅州市市辖区,广东省,2016.0,,,2017.0,,,,,0,1,,,,,,,,,2017.0,,,,,,,,0.0,,,0.0,,0.0,0,,
441401,2014,梅州市市辖区,广东省,2016.0,,,2017.0,,,,,0,1,,,,,,,,,2017.0,,,,,,,,0.0,,,0.0,,0.0,0,,
441401,2015,梅州市市辖区,广东省,2016.0,,,2017.0,,,,,0,1,,,,,,,,,2017.0,,,,,,,,0.0,,,0.0,,0.0,0,,
441401,2016,梅州市市辖区,广东省,2016.0,,,2017.0,,,,,0,1,2016.0,,0.9151,annual_rate,county_year_percent_progress,,,,2017.0,,,,0.9151,,0.9151,old_std_rate,1.0,,,0.0,,0.9151,1,1.0,1.0
441401,2017,梅州市市辖区,广东省,2016.0,,,2017.0,,,,,0,1,2016.0,,0.9107,annual_rate,county_year_percent_progress,,,,2017.0,,91.07,0.9107,0.9107,0.9107,0.9107,old_std_rate,1.0,,,1.0,,0.9107,1,1.0,1.0
441502,2009,汕尾市城区,广东省,2016.0,,,,,,,,0,1,,,,,,,,,,,,,,,,,0.0,,,,,0.0,0,,
441502,2010,汕尾市城区,广东省,2016.0,,,,,,,,0,1,,,,,,,,,,,,,,,,,0.0,,,,,0.0,0,,
441502,2011,汕尾市城区,广东省,2016.0,,,,,,,,0,1,,,,,,,,,,,,,,,,,0.0,,,,,0.0,0,,
441502,2012,汕尾市城区,广东省,2016.0,,,,,,,,0,1,,,,,,,,,,,,,,,,,0.0,,,,,0.0,0,,
441502,2013,汕尾市城区,广东省,2016.0,,,,,,,,0,1,,,,,,,,,,,,,,,,,0.0,,,,,0.0,0,,
441502,2014,汕尾市城区,广东省,2016.0,,,,,,,,0,1,,,,,,,,,,,,,,,,,0.0,,,,,0.0,0,,
441502,2015,汕尾市城区,广东省,2016.0,,,,,,,,0,1,,,,,,,,,,,,,,,,,0.0,,,,,0.0,0,,
441502,2016,汕尾市城区,广东省,2016.0,,,,,,,,0,1,2016.0,,0.0866,annual_rate,county_year_percent_progress,,,,,,8.66,0.0866,0.0866,0.0866,0.0866,old_std_rate,1.0,,,,,0.0866,1,0.0,0.0
441502,2017,汕尾市城区,广东省,2016.0,,,,,,,,0,1,2016.0,,0.9395,annual_rate,county_year_percent_progress,,,,,,,,0.9395,,0.9395,old_std_rate,1.0,,,,,0.9395,1,1.0,1.0
441601,2009,河源市市辖区,广东省,2016.0,2016.0,,2015.0,,,,,0,1,,,,,,,2015.0,,2015.0,,,0.0,,0.0,0.0,new_v2_rate,0.0,0.0,,0.0,,0.0,1,0.0,0.0
441601,2010,河源市市辖区,广东省,2016.0,2016.0,,2015.0,,,,,0,1,,,,,,,2015.0,,2015.0,,,0.0,,0.0,0.0,new_v2_rate,0.0,0.0,,0.0,,0.0,1,0.0,0.0
441601,2011,河源市市辖区,广东省,2016.0,2016.0,,2015.0,,,,,0,1,,,,,,,2015.0,,2015.0,,,0.0,,0.0,0.0,new_v2_rate,0.0,0.0,,0.0,,0.0,1,0.0,0.0
441601,2012,河源市市辖区,广东省,2016.0,2016.0,,2015.0,,,,,0,1,,,,,,,2015.0,,2015.0,,,0.0,,0.0,0.0,new_v2_rate,0.0,0.0,,0.0,,0.0,1,0.0,0.0
441601,2013,河源市市辖区,广东省,2016.0,2016.0,,2015.0,,,,,0,1,,,,,,,2015.0,,2015.0,,,0.0,,0.0,0.0,new_v2_rate,0.0,0.0,,0.0,,0.0,1,0.0,0.0
441601,2014,河源市市辖区,广东省,2016.0,2016.0,,2015.0,,,,,0,1,,,,,,,2015.0,,2015.0,,,0.0,,0.0,0.0,new_v2_rate,0.0,0.0,,0.0,,0.0,1,0.0,0.0
441601,2015,河源市市辖区,广东省,2016.0,2016.0,,2015.0,,,,,0,1,,,,,,,2015.0,,2015.0,,,1.0,,1.0,1.0,new_v2_rate,0.0,0.0,,1.0,,1.0,1,1.0,1.0
441601,2016,河源市市辖区,广东省,2016.0,2016.0,,2015.0,,,,,0,1,2016.0,2016.0,,completed_year_only,county_year_percent_progress,,2015.0,,2015.0,,,1.0,,1.0,1.0,new_v2_rate,1.0,1.0,,1.0,,1.0,1,1.0,1.0
441601,2017,河源市市辖区,广东省,2016.0,2016.0,,2015.0,,,,,0,1,2016.0,,0.9395,annual_rate,county_year_percent_progress,,2015.0,,2015.0,,,1.0,0.9395,1.0,0.9395,old_std_rate,1.0,1.0,,1.0,,0.9395,1,1.0,1.0
441702,2009,阳江市市辖区,广东省,2016.0,2018.0,2018.0,2017.0,,,,,0,1,,,,,,,2018.0,2018.0,2017.0,,,0.0,,0.0,0.0,new_v2_rate,0.0,0.0,0.0,0.0,,0.0,1,0.0,0.0
441702,2010,阳江市市辖区,广东省,2016.0,2018.0,2018.0,2017.0,,,,,0,1,,,,,,,2018.0,2018.0,2017.0,,,0.0,,0.0,0.0,new_v2_rate,0.0,0.0,0.0,0.0,,0.0,1,0.0,0.0
441702,2011,阳江市市辖区,广东省,2016.0,2018.0,2018.0,2017.0,,,,,0,1,,,,,,,2018.0,2018.0,2017.0,,,0.0,,0.0,0.0,new_v2_rate,0.0,0.0,0.0,0.0,,0.0,1,0.0,0.0
441702,2012,阳江市市辖区,广东省,2016.0,2018.0,2018.0,2017.0,,,,,0,1,,,,,,,2018.0,2018.0,2017.0,,,0.0,,0.0,0.0,new_v2_rate,0.0,0.0,0.0,0.0,,0.0,1,0.0,0.0
441702,2013,阳江市市辖区,广东省,2016.0,2018.0,2018.0,2017.0,,,,,0,1,,,,,,,2018.0,2018.0,2017.0,,,0.0,,0.0,0.0,new_v2_rate,0.0,0.0,0.0,0.0,,0.0,1,0.0,0.0
441702,2014,阳江市市辖区,广东省,2016.0,2018.0,2018.0,2017.0,,,,,0,1,,,,,,,2018.0,2018.0,2017.0,,,0.0,,0.0,0.0,new_v2_rate,0.0,0.0,0.0,0.0,,0.0,1,0.0,0.0
441702,2015,阳江市市辖区,广东省,2016.0,2018.0,2018.0,2017.0,,,,,0,1,,,,,,,2018.0,2018.0,2017.0,,,0.0,,0.0,0.0,new_v2_rate,0.0,0.0,0.0,0.0,,0.0,1,0.0,0.0
441702,2016,阳江市市辖区,广东省,2016.0,2018.0,2018.0,2017.0,,,,,0,1,2016.0,,0.9151,annual_rate,county_year_percent_progress,,2018.0,2018.0,2017.0,,,0.0,0.9151,0.0,0.9151,old_std_rate,1.0,0.0,0.0,0.0,,0.9151,1,1.0,1.0
441702,2017,阳江市市辖区,广东省,2016.0,2018.0,2018.0,2017.0,,,,,0,1,2016.0,,0.9056000000000001,annual_rate,county_year_percent_progress,,2018.0,2018.0,2017.0,,90.56,0.9056000000000001,0.9056000000000001,0.9056000000000001,0.9056000000000001,old_std_rate,1.0,0.0,0.0,1.0,,0.9056000000000001,1,1.0,1.0
441802,2009,,广东省,2016.0,,,,,,,,0,0,,,,,,,,,,,,,,,,,0.0,,,,,0.0,0,,
441802,2010,,广东省,2016.0,,,,,,,,0,0,,,,,,,,,,,,,,,,,0.0,,,,,0.0,0,,
441802,2011,,广东省,2016.0,,,,,,,,0,0,,,,,,,,,,,,,,,,,0.0,,,,,0.0,0,,
441802,2012,,广东省,2016.0,,,,,,,,0,0,,,,,,,,,,,,,,,,,0.0,,,,,0.0,0,,
441802,2013,,广东省,2016.0,,,,,,,,0,0,,,,,,,,,,,,,,,,,0.0,,,,,0.0,0,,
441802,2014,,广东省,2016.0,,,,,,,,0,0,,,,,,,,,,,,,,,,,0.0,,,,,0.0,0,,
441802,2015,,广东省,2016.0,,,,,,,,0,0,,,,,,,,,,,,,,,,,0.0,,,,,0.0,0,,
441802,2016,,广东省,2016.0,,,,,,,,0,0,2016.0,,0.9151,annual_rate,county_year_percent_progress,,,,,,,,0.9151,,0.9151,old_std_rate,1.0,,,,,0.9151,1,1.0,1.0
441802,2017,,广东省,2016.0,,,,,,,,0,0,2016.0,,0.9395,annual_rate,county_year_percent_progress,,,,,,,,0.9395,,0.9395,old_std_rate,1.0,,,,,0.9395,1,1.0,1.0
441901,2009,,广东省,2016.0,,,,,,,,0,0,,,,,,,,,,,,,,,,,0.0,,,,,0.0,0,,
441901,2010,,广东省,2016.0,,,,,,,,0,0,,,,,,,,,,,,,,,,,0.0,,,,,0.0,0,,
441901,2011,,广东省,2016.0,,,,,,,,0,0,,,,,,,,,,,,,,,,,0.0,,,,,0.0,0,,
441901,2012,,广东省,2016.0,,,,,,,,0,0,,,,,,,,,,,,,,,,,0.0,,,,,0.0,0,,
441901,2013,,广东省,2016.0,,,,,,,,0,0,,,,,,,,,,,,,,,,,0.0,,,,,0.0,0,,
441901,2014,,广东省,2016.0,,,,,,,,0,0,,,,,,,,,,,,,,,,,0.0,,,,,0.0,0,,
441901,2015,,广东省,2016.0,,,,,,,,0,0,,,,,,,,,,,,,,,,,0.0,,,,,0.0,0,,
441901,2016,,广东省,2016.0,,,,,,,,0,0,2016.0,,0.9151,annual_rate,county_year_percent_progress,,,,,,,,0.9151,,0.9151,old_std_rate,1.0,,,,,0.9151,1,1.0,1.0
441901,2017,,广东省,2016.0,,,,,,,,0,0,2016.0,,0.9395,annual_rate,county_year_percent_progress,,,,,,,,0.9395,,0.9395,old_std_rate,1.0,,,,,0.9395,1,1.0,1.0
441902,2009,,广东省,2016.0,,,,,,,,0,0,,,,,,,,,,,,,,,,,0.0,,,,,0.0,0,,
441902,2010,,广东省,2016.0,,,,,,,,0,0,,,,,,,,,,,,,,,,,0.0,,,,,0.0,0,,
441902,2011,,广东省,2016.0,,,,,,,,0,0,,,,,,,,,,,,,,,,,0.0,,,,,0.0,0,,
441902,2012,,广东省,2016.0,,,,,,,,0,0,,,,,,,,,,,,,,,,,0.0,,,,,0.0,0,,
441902,2013,,广东省,2016.0,,,,,,,,0,0,,,,,,,,,,,,,,,,,0.0,,,,,0.0,0,,
441902,2014,,广东省,2016.0,,,,,,,,0,0,,,,,,,,,,,,,,,,,0.0,,,,,0.0,0,,
441902,2015,,广东省,2016.0,,,,,,,,0,0,,,,,,,,,,,,,,,,,0.0,,,,,0.0,0,,
441902,2016,,广东省,2016.0,,,,,,,,0,0,2016.0,,0.9151,annual_rate,county_year_percent_progress,,,,,,,,0.9151,,0.9151,old_std_rate,1.0,,,,,0.9151,1,1.0,1.0
441902,2017,,广东省,2016.0,,,,,,,,0,0,2016.0,,0.9395,annual_rate,county_year_percent_progress,,,,,,,,0.9395,,0.9395,old_std_rate,1.0,,,,,0.9395,1,1.0,1.0
442000,2009,,广东省,2016.0,,,,,,,,0,0,,,,,,,,,,,,,,,,,0.0,,,,,0.0,0,,
442000,2010,,广东省,2016.0,,,,,,,,0,0,,,,,,,,,,,,,,,,,0.0,,,,,0.0,0,,
442000,2011,,广东省,2016.0,,,,,,,,0,0,,,,,,,,,,,,,,,,,0.0,,,,,0.0,0,,
442000,2012,,广东省,2016.0,,,,,,,,0,0,,,,,,,,,,,,,,,,,0.0,,,,,0.0,0,,
442000,2013,,广东省,2016.0,,,,,,,,0,0,,,,,,,,,,,,,,,,,0.0,,,,,0.0,0,,
442000,2014,,广东省,2016.0,,,,,,,,0,0,,,,,,,,,,,,,,,,,0.0,,,,,0.0,0,,
442000,2015,,广东省,2016.0,,,,,,,,0,0,,,,,,,,,,,,,,,,,0.0,,,,,0.0,0,,
442000,2016,,广东省,2016.0,,,,,,,,0,0,2016.0,,0.9151,annual_rate,county_year_percent_progress,,,,,,,,0.9151,,0.9151,old_std_rate,1.0,,,,,0.9151,1,1.0,1.0
442000,2017,,广东省,2016.0,,,,,,,,0,0,2016.0,,0.9395,annual_rate,county_year_percent_progress,,,,,,,,0.9395,,0.9395,old_std_rate,1.0,,,,,0.9395,1,1.0,1.0
442002,2009,,广东省,2016.0,,,,,,,,0,0,,,,,,,,,,,,,,,,,0.0,,,,,0.0,0,,
442002,2010,,广东省,2016.0,,,,,,,,0,0,,,,,,,,,,,,,,,,,0.0,,,,,0.0,0,,
442002,2011,,广东省,2016.0,,,,,,,,0,0,,,,,,,,,,,,,,,,,0.0,,,,,0.0,0,,
442002,2012,,广东省,2016.0,,,,,,,,0,0,,,,,,,,,,,,,,,,,0.0,,,,,0.0,0,,
442002,2013,,广东省,2016.0,,,,,,,,0,0,,,,,,,,,,,,,,,,,0.0,,,,,0.0,0,,
442002,2014,,广东省,2016.0,,,,,,,,0,0,,,,,,,,,,,,,,,,,0.0,,,,,0.0,0,,
442002,2015,,广东省,2016.0,,,,,,,,0,0,,,,,,,,,,,,,,,,,0.0,,,,,0.0,0,,
442002,2016,,广东省,2016.0,,,,,,,,0,0,2016.0,,0.9151,annual_rate,county_year_percent_progress,,,,,,,,0.9151,,0.9151,old_std_rate,1.0,,,,,0.9151,1,1.0,1.0
442002,2017,,广东省,2016.0,,,,,,,,0,0,2016.0,,0.9395,annual_rate,county_year_percent_progress,,,,,,,,0.9395,,0.9395,old_std_rate,1.0,,,,,0.9395,1,1.0,1.0
442003,2009,,广东省,2016.0,,,,,,,,0,0,,,,,,,,,,,,,,,,,0.0,,,,,0.0,0,,
442003,2010,,广东省,2016.0,,,,,,,,0,0,,,,,,,,,,,,,,,,,0.0,,,,,0.0,0,,
442003,2011,,广东省,2016.0,,,,,,,,0,0,,,,,,,,,,,,,,,,,0.0,,,,,0.0,0,,
442003,2012,,广东省,2016.0,,,,,,,,0,0,,,,,,,,,,,,,,,,,0.0,,,,,0.0,0,,
442003,2013,,广东省,2016.0,,,,,,,,0,0,,,,,,,,,,,,,,,,,0.0,,,,,0.0,0,,
442003,2014,,广东省,2016.0,,,,,,,,0,0,,,,,,,,,,,,,,,,,0.0,,,,,0.0,0,,
442003,2015,,广东省,2016.0,,,,,,,,0,0,,,,,,,,,,,,,,,,,0.0,,,,,0.0,0,,
442003,2016,,广东省,2016.0,,,,,,,,0,0,2016.0,,0.9151,annual_rate,county_year_percent_progress,,,,,,,,0.9151,,0.9151,old_std_rate,1.0,,,,,0.9151,1,1.0,1.0
442003,2017,,广东省,2016.0,,,,,,,,0,0,2016.0,,0.9395,annual_rate,county_year_percent_progress,,,,,,,,0.9395,,0.9395,old_std_rate,1.0,,,,,0.9395,1,1.0,1.0
442004,2009,,广东省,2016.0,,,,,,,,0,0,,,,,,,,,,,,,,,,,0.0,,,,,0.0,0,,
442004,2010,,广东省,2016.0,,,,,,,,0,0,,,,,,,,,,,,,,,,,0.0,,,,,0.0,0,,
442004,2011,,广东省,2016.0,,,,,,,,0,0,,,,,,,,,,,,,,,,,0.0,,,,,0.0,0,,
442004,2012,,广东省,2016.0,,,,,,,,0,0,,,,,,,,,,,,,,,,,0.0,,,,,0.0,0,,
442004,2013,,广东省,2016.0,,,,,,,,0,0,,,,,,,,,,,,,,,,,0.0,,,,,0.0,0,,
442004,2014,,广东省,2016.0,,,,,,,,0,0,,,,,,,,,,,,,,,,,0.0,,,,,0.0,0,,
442004,2015,,广东省,2016.0,,,,,,,,0,0,,,,,,,,,,,,,,,,,0.0,,,,,0.0,0,,
442004,2016,,广东省,2016.0,,,,,,,,0,0,2016.0,,0.9151,annual_rate,county_year_percent_progress,,,,,,,,0.9151,,0.9151,old_std_rate,1.0,,,,,0.9151,1,1.0,1.0
442004,2017,,广东省,2016.0,,,,,,,,0,0,2016.0,,0.9395,annual_rate,county_year_percent_progress,,,,,,,,0.9395,,0.9395,old_std_rate,1.0,,,,,0.9395,1,1.0,1.0
442101,2009,,广东省,2016.0,,,,,,,,0,0,,,,,,,,,,,,,,,,,0.0,,,,,0.0,0,,
442101,2010,,广东省,2016.0,,,,,,,,0,0,,,,,,,,,,,,,,,,,0.0,,,,,0.0,0,,
442101,2011,,广东省,2016.0,,,,,,,,0,0,,,,,,,,,,,,,,,,,0.0,,,,,0.0,0,,
442101,2012,,广东省,2016.0,,,,,,,,0,0,,,,,,,,,,,,,,,,,0.0,,,,,0.0,0,,
442101,2013,,广东省,2016.0,,,,,,,,0,0,,,,,,,,,,,,,,,,,0.0,,,,,0.0,0,,
442101,2014,,广东省,2016.0,,,,,,,,0,0,,,,,,,,,,,,,,,,,0.0,,,,,0.0,0,,
442101,2015,,广东省,2016.0,,,,,,,,0,0,,,,,,,,,,,,,,,,,0.0,,,,,0.0,0,,
442101,2016,,广东省,2016.0,,,,,,,,0,0,2016.0,,0.9151,annual_rate,county_year_percent_progress,,,,,,,,0.9151,,0.9151,old_std_rate,1.0,,,,,0.9151,1,1.0,1.0
442101,2017,,广东省,2016.0,,,,,,,,0,0,2016.0,,0.9395,annual_rate,county_year_percent_progress,,,,,,,,0.9395,,0.9395,old_std_rate,1.0,,,,,0.9395,1,1.0,1.0
442102,2009,,广东省,2016.0,,,,,,,,0,0,,,,,,,,,,,,,,,,,0.0,,,,,0.0,0,,
442102,2010,,广东省,2016.0,,,,,,,,0,0,,,,,,,,,,,,,,,,,0.0,,,,,0.0,0,,
442102,2011,,广东省,2016.0,,,,,,,,0,0,,,,,,,,,,,,,,,,,0.0,,,,,0.0,0,,
442102,2012,,广东省,2016.0,,,,,,,,0,0,,,,,,,,,,,,,,,,,0.0,,,,,0.0,0,,
442102,2013,,广东省,2016.0,,,,,,,,0,0,,,,,,,,,,,,,,,,,0.0,,,,,0.0,0,,
442102,2014,,广东省,2016.0,,,,,,,,0,0,,,,,,,,,,,,,,,,,0.0,,,,,0.0,0,,
442102,2015,,广东省,2016.0,,,,,,,,0,0,,,,,,,,,,,,,,,,,0.0,,,,,0.0,0,,
442102,2016,,广东省,2016.0,,,,,,,,0,0,2016.0,,0.9151,annual_rate,county_year_percent_progress,,,,,,,,0.9151,,0.9151,old_std_rate,1.0,,,,,0.9151,1,1.0,1.0
442102,2017,,广东省,2016.0,,,,,,,,0,0,2016.0,,0.9395,annual_rate,county_year_percent_progress,,,,,,,,0.9395,,0.9395,old_std_rate,1.0,,,,,0.9395,1,1.0,1.0
442103,2009,,广东省,2016.0,,,,,,,,0,0,,,,,,,,,,,,,,,,,0.0,,,,,0.0,0,,
442103,2010,,广东省,2016.0,,,,,,,,0,0,,,,,,,,,,,,,,,,,0.0,,,,,0.0,0,,
442103,2011,,广东省,2016.0,,,,,,,,0,0,,,,,,,,,,,,,,,,,0.0,,,,,0.0,0,,
442103,2012,,广东省,2016.0,,,,,,,,0,0,,,,,,,,,,,,,,,,,0.0,,,,,0.0,0,,
442103,2013,,广东省,2016.0,,,,,,,,0,0,,,,,,,,,,,,,,,,,0.0,,,,,0.0,0,,
442103,2014,,广东省,2016.0,,,,,,,,0,0,,,,,,,,,,,,,,,,,0.0,,,,,0.0,0,,
442103,2015,,广东省,2016.0,,,,,,,,0,0,,,,,,,,,,,,,,,,,0.0,,,,,0.0,0,,
442103,2016,,广东省,2016.0,,,,,,,,0,0,2016.0,,0.9151,annual_rate,county_year_percent_progress,,,,,,,,0.9151,,0.9151,old_std_rate,1.0,,,,,0.9151,1,1.0,1.0
442103,2017,,广东省,2016.0,,,,,,,,0,0,2016.0,,0.9395,annual_rate,county_year_percent_progress,,,,,,,,0.9395,,0.9395,old_std_rate,1.0,,,,,0.9395,1,1.0,1.0
442104,2009,,广东省,2016.0,,,,,,,,0,0,,,,,,,,,,,,,,,,,0.0,,,,,0.0,0,,
442104,2010,,广东省,2016.0,,,,,,,,0,0,,,,,,,,,,,,,,,,,0.0,,,,,0.0,0,,
442104,2011,,广东省,2016.0,,,,,,,,0,0,,,,,,,,,,,,,,,,,0.0,,,,,0.0,0,,
442104,2012,,广东省,2016.0,,,,,,,,0,0,,,,,,,,,,,,,,,,,0.0,,,,,0.0,0,,
442104,2013,,广东省,2016.0,,,,,,,,0,0,,,,,,,,,,,,,,,,,0.0,,,,,0.0,0,,
442104,2014,,广东省,2016.0,,,,,,,,0,0,,,,,,,,,,,,,,,,,0.0,,,,,0.0,0,,
442104,2015,,广东省,2016.0,,,,,,,,0,0,,,,,,,,,,,,,,,,,0.0,,,,,0.0,0,,
442104,2016,,广东省,2016.0,,,,,,,,0,0,2016.0,,0.9151,annual_rate,county_year_percent_progress,,,,,,,,0.9151,,0.9151,old_std_rate,1.0,,,,,0.9151,1,1.0,1.0
442104,2017,,广东省,2016.0,,,,,,,,0,0,2016.0,,0.9395,annual_rate,county_year_percent_progress,,,,,,,,0.9395,,0.9395,old_std_rate,1.0,,,,,0.9395,1,1.0,1.0
442105,2009,,广东省,2016.0,,,,,,,,0,0,,,,,,,,,,,,,,,,,0.0,,,,,0.0,0,,
442105,2010,,广东省,2016.0,,,,,,,,0,0,,,,,,,,,,,,,,,,,0.0,,,,,0.0,0,,
442105,2011,,广东省,2016.0,,,,,,,,0,0,,,,,,,,,,,,,,,,,0.0,,,,,0.0,0,,
442105,2012,,广东省,2016.0,,,,,,,,0,0,,,,,,,,,,,,,,,,,0.0,,,,,0.0,0,,
442105,2013,,广东省,2016.0,,,,,,,,0,0,,,,,,,,,,,,,,,,,0.0,,,,,0.0,0,,
442105,2014,,广东省,2016.0,,,,,,,,0,0,,,,,,,,,,,,,,,,,0.0,,,,,0.0,0,,
442105,2015,,广东省,2016.0,,,,,,,,0,0,,,,,,,,,,,,,,,,,0.0,,,,,0.0,0,,
442105,2016,,广东省,2016.0,,,,,,,,0,0,2016.0,,0.9151,annual_rate,county_year_percent_progress,,,,,,,,0.9151,,0.9151,old_std_rate,1.0,,,,,0.9151,1,1.0,1.0
442105,2017,,广东省,2016.0,,,,,,,,0,0,2016.0,,0.9395,annual_rate,county_year_percent_progress,,,,,,,,0.9395,,0.9395,old_std_rate,1.0,,,,,0.9395,1,1.0,1.0
442201,2009,,广东省,2016.0,,,,,,,,0,0,,,,,,,,,,,,,,,,,0.0,,,,,0.0,0,,
442201,2010,,广东省,2016.0,,,,,,,,0,0,,,,,,,,,,,,,,,,,0.0,,,,,0.0,0,,
442201,2011,,广东省,2016.0,,,,,,,,0,0,,,,,,,,,,,,,,,,,0.0,,,,,0.0,0,,
442201,2012,,广东省,2016.0,,,,,,,,0,0,,,,,,,,,,,,,,,,,0.0,,,,,0.0,0,,
442201,2013,,广东省,2016.0,,,,,,,,0,0,,,,,,,,,,,,,,,,,0.0,,,,,0.0,0,,
442201,2014,,广东省,2016.0,,,,,,,,0,0,,,,,,,,,,,,,,,,,0.0,,,,,0.0,0,,
442201,2015,,广东省,2016.0,,,,,,,,0,0,,,,,,,,,,,,,,,,,0.0,,,,,0.0,0,,
442201,2016,,广东省,2016.0,,,,,,,,0,0,2016.0,,0.9151,annual_rate,county_year_percent_progress,,,,,,,,0.9151,,0.9151,old_std_rate,1.0,,,,,0.9151,1,1.0,1.0
442201,2017,,广东省,2016.0,,,,,,,,0,0,2016.0,,0.9395,annual_rate,county_year_percent_progress,,,,,,,,0.9395,,0.9395,old_std_rate,1.0,,,,,0.9395,1,1.0,1.0
442601,2009,,广东省,2016.0,,,,,,,,0,0,,,,,,,,,,,,,,,,,0.0,,,,,0.0,0,,
442601,2010,,广东省,2016.0,,,,,,,,0,0,,,,,,,,,,,,,,,,,0.0,,,,,0.0,0,,
442601,2011,,广东省,2016.0,,,,,,,,0,0,,,,,,,,,,,,,,,,,0.0,,,,,0.0,0,,
442601,2012,,广东省,2016.0,,,,,,,,0,0,,,,,,,,,,,,,,,,,0.0,,,,,0.0,0,,
442601,2013,,广东省,2016.0,,,,,,,,0,0,,,,,,,,,,,,,,,,,0.0,,,,,0.0,0,,
442601,2014,,广东省,2016.0,,,,,,,,0,0,,,,,,,,,,,,,,,,,0.0,,,,,0.0,0,,
442601,2015,,广东省,2016.0,,,,,,,,0,0,,,,,,,,,,,,,,,,,0.0,,,,,0.0,0,,
442601,2016,,广东省,2016.0,,,,,,,,0,0,2016.0,,0.9151,annual_rate,county_year_percent_progress,,,,,,,,0.9151,,0.9151,old_std_rate,1.0,,,,,0.9151,1,1.0,1.0
442601,2017,,广东省,2016.0,,,,,,,,0,0,2016.0,,0.9395,annual_rate,county_year_percent_progress,,,,,,,,0.9395,,0.9395,old_std_rate,1.0,,,,,0.9395,1,1.0,1.0
442701,2009,,广东省,2016.0,,,,,,,,0,0,,,,,,,,,,,,,,,,,0.0,,,,,0.0,0,,
442701,2010,,广东省,2016.0,,,,,,,,0,0,,,,,,,,,,,,,,,,,0.0,,,,,0.0,0,,
442701,2011,,广东省,2016.0,,,,,,,,0,0,,,,,,,,,,,,,,,,,0.0,,,,,0.0,0,,
442701,2012,,广东省,2016.0,,,,,,,,0,0,,,,,,,,,,,,,,,,,0.0,,,,,0.0,0,,
442701,2013,,广东省,2016.0,,,,,,,,0,0,,,,,,,,,,,,,,,,,0.0,,,,,0.0,0,,
442701,2014,,广东省,2016.0,,,,,,,,0,0,,,,,,,,,,,,,,,,,0.0,,,,,0.0,0,,
442701,2015,,广东省,2016.0,,,,,,,,0,0,,,,,,,,,,,,,,,,,0.0,,,,,0.0,0,,
442701,2016,,广东省,2016.0,,,,,,,,0,0,2016.0,,0.9151,annual_rate,county_year_percent_progress,,,,,,,,0.9151,,0.9151,old_std_rate,1.0,,,,,0.9151,1,1.0,1.0
442701,2017,,广东省,2016.0,,,,,,,,0,0,2016.0,,0.9395,annual_rate,county_year_percent_progress,,,,,,,,0.9395,,0.9395,old_std_rate,1.0,,,,,0.9395,1,1.0,1.0
442702,2009,,广东省,2016.0,,,,,,,,0,0,,,,,,,,,,,,,,,,,0.0,,,,,0.0,0,,
442702,2010,,广东省,2016.0,,,,,,,,0,0,,,,,,,,,,,,,,,,,0.0,,,,,0.0,0,,
442702,2011,,广东省,2016.0,,,,,,,,0,0,,,,,,,,,,,,,,,,,0.0,,,,,0.0,0,,
442702,2012,,广东省,2016.0,,,,,,,,0,0,,,,,,,,,,,,,,,,,0.0,,,,,0.0,0,,
442702,2013,,广东省,2016.0,,,,,,,,0,0,,,,,,,,,,,,,,,,,0.0,,,,,0.0,0,,
442702,2014,,广东省,2016.0,,,,,,,,0,0,,,,,,,,,,,,,,,,,0.0,,,,,0.0,0,,
442702,2015,,广东省,2016.0,,,,,,,,0,0,,,,,,,,,,,,,,,,,0.0,,,,,0.0,0,,
442702,2016,,广东省,2016.0,,,,,,,,0,0,2016.0,,0.9151,annual_rate,county_year_percent_progress,,,,,,,,0.9151,,0.9151,old_std_rate,1.0,,,,,0.9151,1,1.0,1.0
442702,2017,,广东省,2016.0,,,,,,,,0,0,2016.0,,0.9395,annual_rate,county_year_percent_progress,,,,,,,,0.9395,,0.9395,old_std_rate,1.0,,,,,0.9395,1,1.0,1.0
442802,2009,,广东省,2016.0,,,,,,,,0,0,,,,,,,,,,,,,,,,,0.0,,,,,0.0,0,,
442802,2010,,广东省,2016.0,,,,,,,,0,0,,,,,,,,,,,,,,,,,0.0,,,,,0.0,0,,
442802,2011,,广东省,2016.0,,,,,,,,0,0,,,,,,,,,,,,,,,,,0.0,,,,,0.0,0,,
442802,2012,,广东省,2016.0,,,,,,,,0,0,,,,,,,,,,,,,,,,,0.0,,,,,0.0,0,,
442802,2013,,广东省,2016.0,,,,,,,,0,0,,,,,,,,,,,,,,,,,0.0,,,,,0.0,0,,
442802,2014,,广东省,2016.0,,,,,,,,0,0,,,,,,,,,,,,,,,,,0.0,,,,,0.0,0,,
442802,2015,,广东省,2016.0,,,,,,,,0,0,,,,,,,,,,,,,,,,,0.0,,,,,0.0,0,,
442802,2016,,广东省,2016.0,,,,,,,,0,0,2016.0,,0.9151,annual_rate,county_year_percent_progress,,,,,,,,0.9151,,0.9151,old_std_rate,1.0,,,,,0.9151,1,1.0,1.0
442802,2017,,广东省,2016.0,,,,,,,,0,0,2016.0,,0.9395,annual_rate,county_year_percent_progress,,,,,,,,0.9395,,0.9395,old_std_rate,1.0,,,,,0.9395,1,1.0,1.0
442901,2009,,广东省,2016.0,,,,,,,,0,0,,,,,,,,,,,,,,,,,0.0,,,,,0.0,0,,
442901,2010,,广东省,2016.0,,,,,,,,0,0,,,,,,,,,,,,,,,,,0.0,,,,,0.0,0,,
442901,2011,,广东省,2016.0,,,,,,,,0,0,,,,,,,,,,,,,,,,,0.0,,,,,0.0,0,,
442901,2012,,广东省,2016.0,,,,,,,,0,0,,,,,,,,,,,,,,,,,0.0,,,,,0.0,0,,
442901,2013,,广东省,2016.0,,,,,,,,0,0,,,,,,,,,,,,,,,,,0.0,,,,,0.0,0,,
442901,2014,,广东省,2016.0,,,,,,,,0,0,,,,,,,,,,,,,,,,,0.0,,,,,0.0,0,,
442901,2015,,广东省,2016.0,,,,,,,,0,0,,,,,,,,,,,,,,,,,0.0,,,,,0.0,0,,
442901,2016,,广东省,2016.0,,,,,,,,0,0,2016.0,,0.9151,annual_rate,county_year_percent_progress,,,,,,,,0.9151,,0.9151,old_std_rate,1.0,,,,,0.9151,1,1.0,1.0
442901,2017,,广东省,2016.0,,,,,,,,0,0,2016.0,,0.9395,annual_rate,county_year_percent_progress,,,,,,,,0.9395,,0.9395,old_std_rate,1.0,,,,,0.9395,1,1.0,1.0
442902,2009,,广东省,2016.0,,,,,,,,0,0,,,,,,,,,,,,,,,,,0.0,,,,,0.0,0,,
442902,2010,,广东省,2016.0,,,,,,,,0,0,,,,,,,,,,,,,,,,,0.0,,,,,0.0,0,,
442902,2011,,广东省,2016.0,,,,,,,,0,0,,,,,,,,,,,,,,,,,0.0,,,,,0.0,0,,
442902,2012,,广东省,2016.0,,,,,,,,0,0,,,,,,,,,,,,,,,,,0.0,,,,,0.0,0,,
442902,2013,,广东省,2016.0,,,,,,,,0,0,,,,,,,,,,,,,,,,,0.0,,,,,0.0,0,,
442902,2014,,广东省,2016.0,,,,,,,,0,0,,,,,,,,,,,,,,,,,0.0,,,,,0.0,0,,
442902,2015,,广东省,2016.0,,,,,,,,0,0,,,,,,,,,,,,,,,,,0.0,,,,,0.0,0,,
442902,2016,,广东省,2016.0,,,,,,,,0,0,2016.0,,0.9151,annual_rate,county_year_percent_progress,,,,,,,,0.9151,,0.9151,old_std_rate,1.0,,,,,0.9151,1,1.0,1.0
442902,2017,,广东省,2016.0,,,,,,,,0,0,2016.0,,0.9395,annual_rate,county_year_percent_progress,,,,,,,,0.9395,,0.9395,old_std_rate,1.0,,,,,0.9395,1,1.0,1.0
442903,2009,,广东省,2016.0,,,,,,,,0,0,,,,,,,,,,,,,,,,,0.0,,,,,0.0,0,,
442903,2010,,广东省,2016.0,,,,,,,,0,0,,,,,,,,,,,,,,,,,0.0,,,,,0.0,0,,
442903,2011,,广东省,2016.0,,,,,,,,0,0,,,,,,,,,,,,,,,,,0.0,,,,,0.0,0,,
442903,2012,,广东省,2016.0,,,,,,,,0,0,,,,,,,,,,,,,,,,,0.0,,,,,0.0,0,,
442903,2013,,广东省,2016.0,,,,,,,,0,0,,,,,,,,,,,,,,,,,0.0,,,,,0.0,0,,
442903,2014,,广东省,2016.0,,,,,,,,0,0,,,,,,,,,,,,,,,,,0.0,,,,,0.0,0,,
442903,2015,,广东省,2016.0,,,,,,,,0,0,,,,,,,,,,,,,,,,,0.0,,,,,0.0,0,,
442903,2016,,广东省,2016.0,,,,,,,,0,0,2016.0,,0.9151,annual_rate,county_year_percent_progress,,,,,,,,0.9151,,0.9151,old_std_rate,1.0,,,,,0.9151,1,1.0,1.0
442903,2017,,广东省,2016.0,,,,,,,,0,0,2016.0,,0.9395,annual_rate,county_year_percent_progress,,,,,,,,0.9395,,0.9395,old_std_rate,1.0,,,,,0.9395,1,1.0,1.0
443002,2009,,广东省,2016.0,,,,,,,,0,0,,,,,,,,,,,,,,,,,0.0,,,,,0.0,0,,
443002,2010,,广东省,2016.0,,,,,,,,0,0,,,,,,,,,,,,,,,,,0.0,,,,,0.0,0,,
443002,2011,,广东省,2016.0,,,,,,,,0,0,,,,,,,,,,,,,,,,,0.0,,,,,0.0,0,,
443002,2012,,广东省,2016.0,,,,,,,,0,0,,,,,,,,,,,,,,,,,0.0,,,,,0.0,0,,
443002,2013,,广东省,2016.0,,,,,,,,0,0,,,,,,,,,,,,,,,,,0.0,,,,,0.0,0,,
443002,2014,,广东省,2016.0,,,,,,,,0,0,,,,,,,,,,,,,,,,,0.0,,,,,0.0,0,,
443002,2015,,广东省,2016.0,,,,,,,,0,0,,,,,,,,,,,,,,,,,0.0,,,,,0.0,0,,
443002,2016,,广东省,2016.0,,,,,,,,0,0,2016.0,,0.9151,annual_rate,county_year_percent_progress,,,,,,,,0.9151,,0.9151,old_std_rate,1.0,,,,,0.9151,1,1.0,1.0
443002,2017,,广东省,2016.0,,,,,,,,0,0,2016.0,,0.9395,annual_rate,county_year_percent_progress,,,,,,,,0.9395,,0.9395,old_std_rate,1.0,,,,,0.9395,1,1.0,1.0
443201,2009,,广东省,2016.0,,,,,,,,0,0,,,,,,,,,,,,,,,,,0.0,,,,,0.0,0,,
443201,2010,,广东省,2016.0,,,,,,,,0,0,,,,,,,,,,,,,,,,,0.0,,,,,0.0,0,,
443201,2011,,广东省,2016.0,,,,,,,,0,0,,,,,,,,,,,,,,,,,0.0,,,,,0.0,0,,
443201,2012,,广东省,2016.0,,,,,,,,0,0,,,,,,,,,,,,,,,,,0.0,,,,,0.0,0,,
443201,2013,,广东省,2016.0,,,,,,,,0,0,,,,,,,,,,,,,,,,,0.0,,,,,0.0,0,,
443201,2014,,广东省,2016.0,,,,,,,,0,0,,,,,,,,,,,,,,,,,0.0,,,,,0.0,0,,
443201,2015,,广东省,2016.0,,,,,,,,0,0,,,,,,,,,,,,,,,,,0.0,,,,,0.0,0,,
443201,2016,,广东省,2016.0,,,,,,,,0,0,2016.0,,0.9151,annual_rate,county_year_percent_progress,,,,,,,,0.9151,,0.9151,old_std_rate,1.0,,,,,0.9151,1,1.0,1.0
443201,2017,,广东省,2016.0,,,,,,,,0,0,2016.0,,0.9395,annual_rate,county_year_percent_progress,,,,,,,,0.9395,,0.9395,old_std_rate,1.0,,,,,0.9395,1,1.0,1.0
443202,2009,,广东省,2016.0,,,,,,,,0,0,,,,,,,,,,,,,,,,,0.0,,,,,0.0,0,,
443202,2010,,广东省,2016.0,,,,,,,,0,0,,,,,,,,,,,,,,,,,0.0,,,,,0.0,0,,
443202,2011,,广东省,2016.0,,,,,,,,0,0,,,,,,,,,,,,,,,,,0.0,,,,,0.0,0,,
443202,2012,,广东省,2016.0,,,,,,,,0,0,,,,,,,,,,,,,,,,,0.0,,,,,0.0,0,,
443202,2013,,广东省,2016.0,,,,,,,,0,0,,,,,,,,,,,,,,,,,0.0,,,,,0.0,0,,
443202,2014,,广东省,2016.0,,,,,,,,0,0,,,,,,,,,,,,,,,,,0.0,,,,,0.0,0,,
443202,2015,,广东省,2016.0,,,,,,,,0,0,,,,,,,,,,,,,,,,,0.0,,,,,0.0,0,,
443202,2016,,广东省,2016.0,,,,,,,,0,0,2016.0,,0.9151,annual_rate,county_year_percent_progress,,,,,,,,0.9151,,0.9151,old_std_rate,1.0,,,,,0.9151,1,1.0,1.0
443202,2017,,广东省,2016.0,,,,,,,,0,0,2016.0,,0.9395,annual_rate,county_year_percent_progress,,,,,,,,0.9395,,0.9395,old_std_rate,1.0,,,,,0.9395,1,1.0,1.0
443401,2009,,广东省,2016.0,,,,,,,,0,0,,,,,,,,,,,,,,,,,0.0,,,,,0.0,0,,
443401,2010,,广东省,2016.0,,,,,,,,0,0,,,,,,,,,,,,,,,,,0.0,,,,,0.0,0,,
443401,2011,,广东省,2016.0,,,,,,,,0,0,,,,,,,,,,,,,,,,,0.0,,,,,0.0,0,,
443401,2012,,广东省,2016.0,,,,,,,,0,0,,,,,,,,,,,,,,,,,0.0,,,,,0.0,0,,
443401,2013,,广东省,2016.0,,,,,,,,0,0,,,,,,,,,,,,,,,,,0.0,,,,,0.0,0,,
443401,2014,,广东省,2016.0,,,,,,,,0,0,,,,,,,,,,,,,,,,,0.0,,,,,0.0,0,,
443401,2015,,广东省,2016.0,,,,,,,,0,0,,,,,,,,,,,,,,,,,0.0,,,,,0.0,0,,
443401,2016,,广东省,2016.0,,,,,,,,0,0,2016.0,,0.9151,annual_rate,county_year_percent_progress,,,,,,,,0.9151,,0.9151,old_std_rate,1.0,,,,,0.9151,1,1.0,1.0
443401,2017,,广东省,2016.0,,,,,,,,0,0,2016.0,,0.9395,annual_rate,county_year_percent_progress,,,,,,,,0.9395,,0.9395,old_std_rate,1.0,,,,,0.9395,1,1.0,1.0
443501,2009,,广东省,2016.0,,,,,,,,0,0,,,,,,,,,,,,,,,,,0.0,,,,,0.0,0,,
443501,2010,,广东省,2016.0,,,,,,,,0,0,,,,,,,,,,,,,,,,,0.0,,,,,0.0,0,,
443501,2011,,广东省,2016.0,,,,,,,,0,0,,,,,,,,,,,,,,,,,0.0,,,,,0.0,0,,
443501,2012,,广东省,2016.0,,,,,,,,0,0,,,,,,,,,,,,,,,,,0.0,,,,,0.0,0,,
443501,2013,,广东省,2016.0,,,,,,,,0,0,,,,,,,,,,,,,,,,,0.0,,,,,0.0,0,,
443501,2014,,广东省,2016.0,,,,,,,,0,0,,,,,,,,,,,,,,,,,0.0,,,,,0.0,0,,
443501,2015,,广东省,2016.0,,,,,,,,0,0,,,,,,,,,,,,,,,,,0.0,,,,,0.0,0,,
443501,2016,,广东省,2016.0,,,,,,,,0,0,2016.0,,0.9151,annual_rate,county_year_percent_progress,,,,,,,,0.9151,,0.9151,old_std_rate,1.0,,,,,0.9151,1,1.0,1.0
443501,2017,,广东省,2016.0,,,,,,,,0,0,2016.0,,0.9395,annual_rate,county_year_percent_progress,,,,,,,,0.9395,,0.9395,old_std_rate,1.0,,,,,0.9395,1,1.0,1.0
443601,2009,,广东省,2016.0,,,,,,,,0,0,,,,,,,,,,,,,,,,,0.0,,,,,0.0,0,,
443601,2010,,广东省,2016.0,,,,,,,,0,0,,,,,,,,,,,,,,,,,0.0,,,,,0.0,0,,
443601,2011,,广东省,2016.0,,,,,,,,0,0,,,,,,,,,,,,,,,,,0.0,,,,,0.0,0,,
443601,2012,,广东省,2016.0,,,,,,,,0,0,,,,,,,,,,,,,,,,,0.0,,,,,0.0,0,,
443601,2013,,广东省,2016.0,,,,,,,,0,0,,,,,,,,,,,,,,,,,0.0,,,,,0.0,0,,
443601,2014,,广东省,2016.0,,,,,,,,0,0,,,,,,,,,,,,,,,,,0.0,,,,,0.0,0,,
443601,2015,,广东省,2016.0,,,,,,,,0,0,,,,,,,,,,,,,,,,,0.0,,,,,0.0,0,,
443601,2016,,广东省,2016.0,,,,,,,,0,0,2016.0,,0.9151,annual_rate,county_year_percent_progress,,,,,,,,0.9151,,0.9151,old_std_rate,1.0,,,,,0.9151,1,1.0,1.0
443601,2017,,广东省,2016.0,,,,,,,,0,0,2016.0,,0.9395,annual_rate,county_year_percent_progress,,,,,,,,0.9395,,0.9395,old_std_rate,1.0,,,,,0.9395,1,1.0,1.0
443801,2009,,广东省,2016.0,,,,,,,,0,0,,,,,,,,,,,,,,,,,0.0,,,,,0.0,0,,
443801,2010,,广东省,2016.0,,,,,,,,0,0,,,,,,,,,,,,,,,,,0.0,,,,,0.0,0,,
443801,2011,,广东省,2016.0,,,,,,,,0,0,,,,,,,,,,,,,,,,,0.0,,,,,0.0,0,,
443801,2012,,广东省,2016.0,,,,,,,,0,0,,,,,,,,,,,,,,,,,0.0,,,,,0.0,0,,
443801,2013,,广东省,2016.0,,,,,,,,0,0,,,,,,,,,,,,,,,,,0.0,,,,,0.0,0,,
443801,2014,,广东省,2016.0,,,,,,,,0,0,,,,,,,,,,,,,,,,,0.0,,,,,0.0,0,,
443801,2015,,广东省,2016.0,,,,,,,,0,0,,,,,,,,,,,,,,,,,0.0,,,,,0.0,0,,
443801,2016,,广东省,2016.0,,,,,,,,0,0,2016.0,,0.9151,annual_rate,county_year_percent_progress,,,,,,,,0.9151,,0.9151,old_std_rate,1.0,,,,,0.9151,1,1.0,1.0
443801,2017,,广东省,2016.0,,,,,,,,0,0,2016.0,,0.9395,annual_rate,county_year_percent_progress,,,,,,,,0.9395,,0.9395,old_std_rate,1.0,,,,,0.9395,1,1.0,1.0
443802,2009,,广东省,2016.0,,,,,,,,0,0,,,,,,,,,,,,,,,,,0.0,,,,,0.0,0,,
443802,2010,,广东省,2016.0,,,,,,,,0,0,,,,,,,,,,,,,,,,,0.0,,,,,0.0,0,,
443802,2011,,广东省,2016.0,,,,,,,,0,0,,,,,,,,,,,,,,,,,0.0,,,,,0.0,0,,
443802,2012,,广东省,2016.0,,,,,,,,0,0,,,,,,,,,,,,,,,,,0.0,,,,,0.0,0,,
443802,2013,,广东省,2016.0,,,,,,,,0,0,,,,,,,,,,,,,,,,,0.0,,,,,0.0,0,,
443802,2014,,广东省,2016.0,,,,,,,,0,0,,,,,,,,,,,,,,,,,0.0,,,,,0.0,0,,
443802,2015,,广东省,2016.0,,,,,,,,0,0,,,,,,,,,,,,,,,,,0.0,,,,,0.0,0,,
443802,2016,,广东省,2016.0,,,,,,,,0,0,2016.0,,0.9151,annual_rate,county_year_percent_progress,,,,,,,,0.9151,,0.9151,old_std_rate,1.0,,,,,0.9151,1,1.0,1.0
443802,2017,,广东省,2016.0,,,,,,,,0,0,2016.0,,0.9395,annual_rate,county_year_percent_progress,,,,,,,,0.9395,,0.9395,old_std_rate,1.0,,,,,0.9395,1,1.0,1.0
443901,2009,,广东省,2016.0,,,,,,,,0,0,,,,,,,,,,,,,,,,,0.0,,,,,0.0,0,,
443901,2010,,广东省,2016.0,,,,,,,,0,0,,,,,,,,,,,,,,,,,0.0,,,,,0.0,0,,
443901,2011,,广东省,2016.0,,,,,,,,0,0,,,,,,,,,,,,,,,,,0.0,,,,,0.0,0,,
443901,2012,,广东省,2016.0,,,,,,,,0,0,,,,,,,,,,,,,,,,,0.0,,,,,0.0,0,,
443901,2013,,广东省,2016.0,,,,,,,,0,0,,,,,,,,,,,,,,,,,0.0,,,,,0.0,0,,
443901,2014,,广东省,2016.0,,,,,,,,0,0,,,,,,,,,,,,,,,,,0.0,,,,,0.0,0,,
443901,2015,,广东省,2016.0,,,,,,,,0,0,,,,,,,,,,,,,,,,,0.0,,,,,0.0,0,,
443901,2016,,广东省,2016.0,,,,,,,,0,0,2016.0,,0.9151,annual_rate,county_year_percent_progress,,,,,,,,0.9151,,0.9151,old_std_rate,1.0,,,,,0.9151,1,1.0,1.0
443901,2017,,广东省,2016.0,,,,,,,,0,0,2016.0,,0.9395,annual_rate,county_year_percent_progress,,,,,,,,0.9395,,0.9395,old_std_rate,1.0,,,,,0.9395,1,1.0,1.0
444001,2009,,广东省,2016.0,,,,,,,,0,0,,,,,,,,,,,,,,,,,0.0,,,,,0.0,0,,
444001,2010,,广东省,2016.0,,,,,,,,0,0,,,,,,,,,,,,,,,,,0.0,,,,,0.0,0,,
444001,2011,,广东省,2016.0,,,,,,,,0,0,,,,,,,,,,,,,,,,,0.0,,,,,0.0,0,,
444001,2012,,广东省,2016.0,,,,,,,,0,0,,,,,,,,,,,,,,,,,0.0,,,,,0.0,0,,
444001,2013,,广东省,2016.0,,,,,,,,0,0,,,,,,,,,,,,,,,,,0.0,,,,,0.0,0,,
444001,2014,,广东省,2016.0,,,,,,,,0,0,,,,,,,,,,,,,,,,,0.0,,,,,0.0,0,,
444001,2015,,广东省,2016.0,,,,,,,,0,0,,,,,,,,,,,,,,,,,0.0,,,,,0.0,0,,
444001,2016,,广东省,2016.0,,,,,,,,0,0,2016.0,,0.9151,annual_rate,county_year_percent_progress,,,,,,,,0.9151,,0.9151,old_std_rate,1.0,,,,,0.9151,1,1.0,1.0
444001,2017,,广东省,2016.0,,,,,,,,0,0,2016.0,,0.9395,annual_rate,county_year_percent_progress,,,,,,,,0.9395,,0.9395,old_std_rate,1.0,,,,,0.9395,1,1.0,1.0
444002,2009,,广东省,2016.0,,,,,,,,0,0,,,,,,,,,,,,,,,,,0.0,,,,,0.0,0,,
444002,2010,,广东省,2016.0,,,,,,,,0,0,,,,,,,,,,,,,,,,,0.0,,,,,0.0,0,,
444002,2011,,广东省,2016.0,,,,,,,,0,0,,,,,,,,,,,,,,,,,0.0,,,,,0.0,0,,
444002,2012,,广东省,2016.0,,,,,,,,0,0,,,,,,,,,,,,,,,,,0.0,,,,,0.0,0,,
444002,2013,,广东省,2016.0,,,,,,,,0,0,,,,,,,,,,,,,,,,,0.0,,,,,0.0,0,,
444002,2014,,广东省,2016.0,,,,,,,,0,0,,,,,,,,,,,,,,,,,0.0,,,,,0.0,0,,
444002,2015,,广东省,2016.0,,,,,,,,0,0,,,,,,,,,,,,,,,,,0.0,,,,,0.0,0,,
444002,2016,,广东省,2016.0,,,,,,,,0,0,2016.0,,0.9151,annual_rate,county_year_percent_progress,,,,,,,,0.9151,,0.9151,old_std_rate,1.0,,,,,0.9151,1,1.0,1.0
444002,2017,,广东省,2016.0,,,,,,,,0,0,2016.0,,0.9395,annual_rate,county_year_percent_progress,,,,,,,,0.9395,,0.9395,old_std_rate,1.0,,,,,0.9395,1,1.0,1.0
444101,2009,,广东省,2016.0,,,,,,,,0,0,,,,,,,,,,,,,,,,,0.0,,,,,0.0,0,,
444101,2010,,广东省,2016.0,,,,,,,,0,0,,,,,,,,,,,,,,,,,0.0,,,,,0.0,0,,
444101,2011,,广东省,2016.0,,,,,,,,0,0,,,,,,,,,,,,,,,,,0.0,,,,,0.0,0,,
444101,2012,,广东省,2016.0,,,,,,,,0,0,,,,,,,,,,,,,,,,,0.0,,,,,0.0,0,,
444101,2013,,广东省,2016.0,,,,,,,,0,0,,,,,,,,,,,,,,,,,0.0,,,,,0.0,0,,
444101,2014,,广东省,2016.0,,,,,,,,0,0,,,,,,,,,,,,,,,,,0.0,,,,,0.0,0,,
444101,2015,,广东省,2016.0,,,,,,,,0,0,,,,,,,,,,,,,,,,,0.0,,,,,0.0,0,,
444101,2016,,广东省,2016.0,,,,,,,,0,0,2016.0,,0.9151,annual_rate,county_year_percent_progress,,,,,,,,0.9151,,0.9151,old_std_rate,1.0,,,,,0.9151,1,1.0,1.0
444101,2017,,广东省,2016.0,,,,,,,,0,0,2016.0,,0.9395,annual_rate,county_year_percent_progress,,,,,,,,0.9395,,0.9395,old_std_rate,1.0,,,,,0.9395,1,1.0,1.0
444201,2009,,广东省,2016.0,,,,,,,,0,0,,,,,,,,,,,,,,,,,0.0,,,,,0.0,0,,
444201,2010,,广东省,2016.0,,,,,,,,0,0,,,,,,,,,,,,,,,,,0.0,,,,,0.0,0,,
444201,2011,,广东省,2016.0,,,,,,,,0,0,,,,,,,,,,,,,,,,,0.0,,,,,0.0,0,,
444201,2012,,广东省,2016.0,,,,,,,,0,0,,,,,,,,,,,,,,,,,0.0,,,,,0.0,0,,
444201,2013,,广东省,2016.0,,,,,,,,0,0,,,,,,,,,,,,,,,,,0.0,,,,,0.0,0,,
444201,2014,,广东省,2016.0,,,,,,,,0,0,,,,,,,,,,,,,,,,,0.0,,,,,0.0,0,,
444201,2015,,广东省,2016.0,,,,,,,,0,0,,,,,,,,,,,,,,,,,0.0,,,,,0.0,0,,
444201,2016,,广东省,2016.0,,,,,,,,0,0,2016.0,,0.9151,annual_rate,county_year_percent_progress,,,,,,,,0.9151,,0.9151,old_std_rate,1.0,,,,,0.9151,1,1.0,1.0
444201,2017,,广东省,2016.0,,,,,,,,0,0,2016.0,,0.9395,annual_rate,county_year_percent_progress,,,,,,,,0.9395,,0.9395,old_std_rate,1.0,,,,,0.9395,1,1.0,1.0
450102,2009,,广西壮族自治区,2016.0,,,,,,,,1,0,,,,,,,,,,,,,,,,,0.0,,,,,0.0,0,,
450102,2010,,广西壮族自治区,2016.0,,,,,,,,1,0,,,,,,,,,,,,,,,,,0.0,,,,,0.0,0,,
450102,2011,,广西壮族自治区,2016.0,,,,,,,,1,0,,,,,,,,,,,,,,,,,0.0,,,,,0.0,0,,
450102,2012,,广西壮族自治区,2016.0,,,,,,,,1,0,,,,,,,,,,,,,,,,,0.0,,,,,0.0,0,,
450102,2013,,广西壮族自治区,2016.0,,,,,,,,1,0,,,,,,,,,,,,,,,,,0.0,,,,,0.0,0,,
450102,2014,,广西壮族自治区,2016.0,,,,,,,,1,0,,,,,,,,,,,,,,,,,0.0,,,,,0.0,0,,
450102,2015,,广西壮族自治区,2016.0,,,,,,,,1,0,,,,,,,,,,,,,,,,,0.0,,,,,0.0,0,,
450102,2016,,广西壮族自治区,2016.0,,,,,,,,1,0,2016.0,,0.6,annual_rate,county_year_percent_progress,,,,,,,,0.6,,0.6,old_std_rate,1.0,,,,,0.6,1,1.0,0.0
450102,2017,,广西壮族自治区,2016.0,,,,,,,,1,0,,,,,,,,,,,,,,,,,1.0,,,,,0.0,0,,
450201,2009,,广西壮族自治区,2016.0,,,,,,,,0,0,,,,,,,,,,,,,,,,,0.0,,,,,0.0,0,,
450201,2010,,广西壮族自治区,2016.0,,,,,,,,0,0,,,,,,,,,,,,,,,,,0.0,,,,,0.0,0,,
450201,2011,,广西壮族自治区,2016.0,,,,,,,,0,0,,,,,,,,,,,,,,,,,0.0,,,,,0.0,0,,
450201,2012,,广西壮族自治区,2016.0,,,,,,,,0,0,,,,,,,,,,,,,,,,,0.0,,,,,0.0,0,,
450201,2013,,广西壮族自治区,2016.0,,,,,,,,0,0,,,,,,,,,,,,,,,,,0.0,,,,,0.0,0,,
450201,2014,,广西壮族自治区,2016.0,,,,,,,,0,0,,,,,,,,,,,,,,,,,0.0,,,,,0.0,0,,
450201,2015,,广西壮族自治区,2016.0,,,,,,,,0,0,,,,,,,,,,,,,,,,,0.0,,,,,0.0,0,,
450201,2016,,广西壮族自治区,2016.0,,,,,,,,0,0,2016.0,,0.6,annual_rate,county_year_percent_progress,,,,,,,,0.6,,0.6,old_std_rate,1.0,,,,,0.6,1,1.0,0.0
450201,2017,,广西壮族自治区,2016.0,,,,,,,,0,0,,,,,,,,,,,,,,,,,1.0,,,,,0.0,0,,
450202,2009,城中区,广西壮族自治区,2016.0,,,,,,,,0,0,,,,,,,,,,,,,,,,,0.0,,,,,0.0,0,,
450202,2010,城中区,广西壮族自治区,2016.0,,,,,,,,0,0,,,,,,,,,,,,,,,,,0.0,,,,,0.0,0,,
450202,2011,城中区,广西壮族自治区,2016.0,,,,,,,,0,0,,,,,,,,,,,,,,,,,0.0,,,,,0.0,0,,
450202,2012,城中区,广西壮族自治区,2016.0,,,,,,,,0,0,,,,,,,,,,,,,,,,,0.0,,,,,0.0,0,,
450202,2013,城中区,广西壮族自治区,2016.0,,,,,,,,0,0,,,,,,,,,,,,,,,,,0.0,,,,,0.0,0,,
450202,2014,城中区,广西壮族自治区,2016.0,,,,,,,,0,0,,,,,,,,,,,,,,,,,0.0,,,,,0.0,0,,
450202,2015,城中区,广西壮族自治区,2016.0,,,,,,,,0,0,,,,,,,,,,,,,,,,,0.0,,,,,0.0,0,,
450202,2016,城中区,广西壮族自治区,2016.0,,,,,,,,0,0,2016.0,,0.6,annual_rate,county_year_percent_progress,,,,,,,,0.6,,0.6,old_std_rate,1.0,,,,,0.6,1,1.0,0.0
450202,2017,城中区,广西壮族自治区,2016.0,,,,,,,,0,0,,,,,,,,,,,,,,,,,1.0,,,,,0.0,0,,
450301,2009,,广西壮族自治区,2016.0,,,,,,,,0,0,,,,,,,,,,,,,,,,,0.0,,,,,0.0,0,,
450301,2010,,广西壮族自治区,2016.0,,,,,,,,0,0,,,,,,,,,,,,,,,,,0.0,,,,,0.0,0,,
450301,2011,,广西壮族自治区,2016.0,,,,,,,,0,0,,,,,,,,,,,,,,,,,0.0,,,,,0.0,0,,
450301,2012,,广西壮族自治区,2016.0,,,,,,,,0,0,,,,,,,,,,,,,,,,,0.0,,,,,0.0,0,,
450301,2013,,广西壮族自治区,2016.0,,,,,,,,0,0,,,,,,,,,,,,,,,,,0.0,,,,,0.0,0,,
450301,2014,,广西壮族自治区,2016.0,,,,,,,,0,0,,,,,,,,,,,,,,,,,0.0,,,,,0.0,0,,
450301,2015,,广西壮族自治区,2016.0,,,,,,,,0,0,,,,,,,,,,,,,,,,,0.0,,,,,0.0,0,,
450301,2016,,广西壮族自治区,2016.0,,,,,,,,0,0,2016.0,,0.6,annual_rate,county_year_percent_progress,,,,,,,,0.6,,0.6,old_std_rate,1.0,,,,,0.6,1,1.0,0.0
450301,2017,,广西壮族自治区,2016.0,,,,,,,,0,0,,,,,,,,,,,,,,,,,1.0,,,,,0.0,0,,
450302,2009,,广西壮族自治区,2016.0,,,,,,,,0,0,,,,,,,,,,,,,,,,,0.0,,,,,0.0,0,,
450302,2010,,广西壮族自治区,2016.0,,,,,,,,0,0,,,,,,,,,,,,,,,,,0.0,,,,,0.0,0,,
450302,2011,,广西壮族自治区,2016.0,,,,,,,,0,0,,,,,,,,,,,,,,,,,0.0,,,,,0.0,0,,
450302,2012,,广西壮族自治区,2016.0,,,,,,,,0,0,,,,,,,,,,,,,,,,,0.0,,,,,0.0,0,,
450302,2013,,广西壮族自治区,2016.0,,,,,,,,0,0,,,,,,,,,,,,,,,,,0.0,,,,,0.0,0,,
450302,2014,,广西壮族自治区,2016.0,,,,,,,,0,0,,,,,,,,,,,,,,,,,0.0,,,,,0.0,0,,
450302,2015,,广西壮族自治区,2016.0,,,,,,,,0,0,,,,,,,,,,,,,,,,,0.0,,,,,0.0,0,,
450302,2016,,广西壮族自治区,2016.0,,,,,,,,0,0,2016.0,,0.6,annual_rate,county_year_percent_progress,,,,,,,,0.6,,0.6,old_std_rate,1.0,,,,,0.6,1,1.0,0.0
450302,2017,,广西壮族自治区,2016.0,,,,,,,,0,0,,,,,,,,,,,,,,,,,1.0,,,,,0.0,0,,
450401,2009,,广西壮族自治区,2016.0,,,,,,,,0,0,,,,,,,,,,,,,,,,,0.0,,,,,0.0,0,,
450401,2010,,广西壮族自治区,2016.0,,,,,,,,0,0,,,,,,,,,,,,,,,,,0.0,,,,,0.0,0,,
450401,2011,,广西壮族自治区,2016.0,,,,,,,,0,0,,,,,,,,,,,,,,,,,0.0,,,,,0.0,0,,
450401,2012,,广西壮族自治区,2016.0,,,,,,,,0,0,,,,,,,,,,,,,,,,,0.0,,,,,0.0,0,,
450401,2013,,广西壮族自治区,2016.0,,,,,,,,0,0,,,,,,,,,,,,,,,,,0.0,,,,,0.0,0,,
450401,2014,,广西壮族自治区,2016.0,,,,,,,,0,0,,,,,,,,,,,,,,,,,0.0,,,,,0.0,0,,
450401,2015,,广西壮族自治区,2016.0,,,,,,,,0,0,,,,,,,,,,,,,,,,,0.0,,,,,0.0,0,,
450401,2016,,广西壮族自治区,2016.0,,,,,,,,0,0,2016.0,,0.6,annual_rate,county_year_percent_progress,,,,,,,,0.6,,0.6,old_std_rate,1.0,,,,,0.6,1,1.0,0.0
450401,2017,,广西壮族自治区,2016.0,,,,,,,,0,0,,,,,,,,,,,,,,,,,1.0,,,,,0.0,0,,
450402,2009,,广西壮族自治区,2016.0,,,,,,,,0,0,,,,,,,,,,,,,,,,,0.0,,,,,0.0,0,,
450402,2010,,广西壮族自治区,2016.0,,,,,,,,0,0,,,,,,,,,,,,,,,,,0.0,,,,,0.0,0,,
450402,2011,,广西壮族自治区,2016.0,,,,,,,,0,0,,,,,,,,,,,,,,,,,0.0,,,,,0.0,0,,
450402,2012,,广西壮族自治区,2016.0,,,,,,,,0,0,,,,,,,,,,,,,,,,,0.0,,,,,0.0,0,,
450402,2013,,广西壮族自治区,2016.0,,,,,,,,0,0,,,,,,,,,,,,,,,,,0.0,,,,,0.0,0,,
450402,2014,,广西壮族自治区,2016.0,,,,,,,,0,0,,,,,,,,,,,,,,,,,0.0,,,,,0.0,0,,
450402,2015,,广西壮族自治区,2016.0,,,,,,,,0,0,,,,,,,,,,,,,,,,,0.0,,,,,0.0,0,,
450402,2016,,广西壮族自治区,2016.0,,,,,,,,0,0,2016.0,,0.6,annual_rate,county_year_percent_progress,,,,,,,,0.6,,0.6,old_std_rate,1.0,,,,,0.6,1,1.0,0.0
450402,2017,,广西壮族自治区,2016.0,,,,,,,,0,0,,,,,,,,,,,,,,,,,1.0,,,,,0.0,0,,
450403,2009,万秀区,广西壮族自治区,2016.0,,,,,,,,0,0,,,,,,,,,,,,,,,,,0.0,,,,,0.0,0,,
450403,2010,万秀区,广西壮族自治区,2016.0,,,,,,,,0,0,,,,,,,,,,,,,,,,,0.0,,,,,0.0,0,,
450403,2011,万秀区,广西壮族自治区,2016.0,,,,,,,,0,0,,,,,,,,,,,,,,,,,0.0,,,,,0.0,0,,
450403,2012,万秀区,广西壮族自治区,2016.0,,,,,,,,0,0,,,,,,,,,,,,,,,,,0.0,,,,,0.0,0,,
450403,2013,万秀区,广西壮族自治区,2016.0,,,,,,,,0,0,,,,,,,,,,,,,,,,,0.0,,,,,0.0,0,,
450403,2014,万秀区,广西壮族自治区,2016.0,,,,,,,,0,0,,,,,,,,,,,,,,,,,0.0,,,,,0.0,0,,
450403,2015,万秀区,广西壮族自治区,2016.0,,,,,,,,0,0,,,,,,,,,,,,,,,,,0.0,,,,,0.0,0,,
450403,2016,万秀区,广西壮族自治区,2016.0,,,,,,,,0,0,2016.0,,0.6,annual_rate,county_year_percent_progress,,,,,,,,0.6,,0.6,old_std_rate,1.0,,,,,0.6,1,1.0,0.0
450403,2017,万秀区,广西壮族自治区,2016.0,,,,,,,,0,0,,,,,,,,,,,,,,,,,1.0,,,,,0.0,0,,
450501,2009,,广西壮族自治区,2016.0,,,,,,,,0,0,,,,,,,,,,,,,,,,,0.0,,,,,0.0,0,,
450501,2010,,广西壮族自治区,2016.0,,,,,,,,0,0,,,,,,,,,,,,,,,,,0.0,,,,,0.0,0,,
450501,2011,,广西壮族自治区,2016.0,,,,,,,,0,0,,,,,,,,,,,,,,,,,0.0,,,,,0.0,0,,
450501,2012,,广西壮族自治区,2016.0,,,,,,,,0,0,,,,,,,,,,,,,,,,,0.0,,,,,0.0,0,,
450501,2013,,广西壮族自治区,2016.0,,,,,,,,0,0,,,,,,,,,,,,,,,,,0.0,,,,,0.0,0,,
450501,2014,,广西壮族自治区,2016.0,,,,,,,,0,0,,,,,,,,,,,,,,,,,0.0,,,,,0.0,0,,
450501,2015,,广西壮族自治区,2016.0,,,,,,,,0,0,,,,,,,,,,,,,,,,,0.0,,,,,0.0,0,,
450501,2016,,广西壮族自治区,2016.0,,,,,,,,0,0,2016.0,,0.6,annual_rate,county_year_percent_progress,,,,,,,,0.6,,0.6,old_std_rate,1.0,,,,,0.6,1,1.0,0.0
450501,2017,,广西壮族自治区,2016.0,,,,,,,,0,0,,,,,,,,,,,,,,,,,1.0,,,,,0.0,0,,
450502,2009,海城区,广西壮族自治区,2016.0,,,,,,,,0,0,,,,,,,,,,,,,,,,,0.0,,,,,0.0,0,,
450502,2010,海城区,广西壮族自治区,2016.0,,,,,,,,0,0,,,,,,,,,,,,,,,,,0.0,,,,,0.0,0,,
450502,2011,海城区,广西壮族自治区,2016.0,,,,,,,,0,0,,,,,,,,,,,,,,,,,0.0,,,,,0.0,0,,
450502,2012,海城区,广西壮族自治区,2016.0,,,,,,,,0,0,,,,,,,,,,,,,,,,,0.0,,,,,0.0,0,,
450502,2013,海城区,广西壮族自治区,2016.0,,,,,,,,0,0,,,,,,,,,,,,,,,,,0.0,,,,,0.0,0,,
450502,2014,海城区,广西壮族自治区,2016.0,,,,,,,,0,0,,,,,,,,,,,,,,,,,0.0,,,,,0.0,0,,
450502,2015,海城区,广西壮族自治区,2016.0,,,,,,,,0,0,,,,,,,,,,,,,,,,,0.0,,,,,0.0,0,,
450502,2016,海城区,广西壮族自治区,2016.0,,,,,,,,0,0,2016.0,,0.6,annual_rate,county_year_percent_progress,,,,,,,,0.6,,0.6,old_std_rate,1.0,,,,,0.6,1,1.0,0.0
450502,2017,海城区,广西壮族自治区,2016.0,,,,,,,,0,0,,,,,,,,,,,,,,,,,1.0,,,,,0.0,0,,
450601,2009,,广西壮族自治区,2016.0,,,,,,,,0,0,,,,,,,,,,,,,,,,,0.0,,,,,0.0,0,,
450601,2010,,广西壮族自治区,2016.0,,,,,,,,0,0,,,,,,,,,,,,,,,,,0.0,,,,,0.0,0,,
450601,2011,,广西壮族自治区,2016.0,,,,,,,,0,0,,,,,,,,,,,,,,,,,0.0,,,,,0.0,0,,
450601,2012,,广西壮族自治区,2016.0,,,,,,,,0,0,,,,,,,,,,,,,,,,,0.0,,,,,0.0,0,,
450601,2013,,广西壮族自治区,2016.0,,,,,,,,0,0,,,,,,,,,,,,,,,,,0.0,,,,,0.0,0,,
450601,2014,,广西壮族自治区,2016.0,,,,,,,,0,0,,,,,,,,,,,,,,,,,0.0,,,,,0.0,0,,
450601,2015,,广西壮族自治区,2016.0,,,,,,,,0,0,,,,,,,,,,,,,,,,,0.0,,,,,0.0,0,,
450601,2016,,广西壮族自治区,2016.0,,,,,,,,0,0,2016.0,,0.6,annual_rate,county_year_percent_progress,,,,,,,,0.6,,0.6,old_std_rate,1.0,,,,,0.6,1,1.0,0.0
450601,2017,,广西壮族自治区,2016.0,,,,,,,,0,0,,,,,,,,,,,,,,,,,1.0,,,,,0.0,0,,
450602,2009,港口区,广西壮族自治区,2016.0,,,,,,,,0,0,,,,,,,,,,,,,,,,,0.0,,,,,0.0,0,,
450602,2010,港口区,广西壮族自治区,2016.0,,,,,,,,0,0,,,,,,,,,,,,,,,,,0.0,,,,,0.0,0,,
450602,2011,港口区,广西壮族自治区,2016.0,,,,,,,,0,0,,,,,,,,,,,,,,,,,0.0,,,,,0.0,0,,
450602,2012,港口区,广西壮族自治区,2016.0,,,,,,,,0,0,,,,,,,,,,,,,,,,,0.0,,,,,0.0,0,,
450602,2013,港口区,广西壮族自治区,2016.0,,,,,,,,0,0,,,,,,,,,,,,,,,,,0.0,,,,,0.0,0,,
450602,2014,港口区,广西壮族自治区,2016.0,,,,,,,,0,0,,,,,,,,,,,,,,,,,0.0,,,,,0.0,0,,
450602,2015,港口区,广西壮族自治区,2016.0,,,,,,,,0,0,,,,,,,,,,,,,,,,,0.0,,,,,0.0,0,,
450602,2016,港口区,广西壮族自治区,2016.0,,,,,,,,0,0,2016.0,,0.6,annual_rate,county_year_percent_progress,,,,,,,,0.6,,0.6,old_std_rate,1.0,,,,,0.6,1,1.0,0.0
450602,2017,港口区,广西壮族自治区,2016.0,,,,,,,,0,0,,,,,,,,,,,,,,,,,1.0,,,,,0.0,0,,
450801,2009,,广西壮族自治区,2016.0,,,,,,,,0,0,,,,,,,,,,,,,,,,,0.0,,,,,0.0,0,,
450801,2010,,广西壮族自治区,2016.0,,,,,,,,0,0,,,,,,,,,,,,,,,,,0.0,,,,,0.0,0,,
450801,2011,,广西壮族自治区,2016.0,,,,,,,,0,0,,,,,,,,,,,,,,,,,0.0,,,,,0.0,0,,
450801,2012,,广西壮族自治区,2016.0,,,,,,,,0,0,,,,,,,,,,,,,,,,,0.0,,,,,0.0,0,,
450801,2013,,广西壮族自治区,2016.0,,,,,,,,0,0,,,,,,,,,,,,,,,,,0.0,,,,,0.0,0,,
450801,2014,,广西壮族自治区,2016.0,,,,,,,,0,0,,,,,,,,,,,,,,,,,0.0,,,,,0.0,0,,
450801,2015,,广西壮族自治区,2016.0,,,,,,,,0,0,,,,,,,,,,,,,,,,,0.0,,,,,0.0,0,,
450801,2016,,广西壮族自治区,2016.0,,,,,,,,0,0,2016.0,,0.6,annual_rate,county_year_percent_progress,,,,,,,,0.6,,0.6,old_std_rate,1.0,,,,,0.6,1,1.0,0.0
450801,2017,,广西壮族自治区,2016.0,,,,,,,,0,0,,,,,,,,,,,,,,,,,1.0,,,,,0.0,0,,
450901,2009,,广西壮族自治区,2016.0,,,,,,,,0,0,,,,,,,,,,,,,,,,,0.0,,,,,0.0,0,,
450901,2010,,广西壮族自治区,2016.0,,,,,,,,0,0,,,,,,,,,,,,,,,,,0.0,,,,,0.0,0,,
450901,2011,,广西壮族自治区,2016.0,,,,,,,,0,0,,,,,,,,,,,,,,,,,0.0,,,,,0.0,0,,
450901,2012,,广西壮族自治区,2016.0,,,,,,,,0,0,,,,,,,,,,,,,,,,,0.0,,,,,0.0,0,,
450901,2013,,广西壮族自治区,2016.0,,,,,,,,0,0,,,,,,,,,,,,,,,,,0.0,,,,,0.0,0,,
450901,2014,,广西壮族自治区,2016.0,,,,,,,,0,0,,,,,,,,,,,,,,,,,0.0,,,,,0.0,0,,
450901,2015,,广西壮族自治区,2016.0,,,,,,,,0,0,,,,,,,,,,,,,,,,,0.0,,,,,0.0,0,,
450901,2016,,广西壮族自治区,2016.0,,,,,,,,0,0,2016.0,,0.6,annual_rate,county_year_percent_progress,,,,,,,,0.6,,0.6,old_std_rate,1.0,,,,,0.6,1,1.0,0.0
450901,2017,,广西壮族自治区,2016.0,,,,,,,,0,0,,,,,,,,,,,,,,,,,1.0,,,,,0.0,0,,
451001,2009,,广西壮族自治区,2016.0,,,,,,,,0,0,,,,,,,,,,,,,,,,,0.0,,,,,0.0,0,,
451001,2010,,广西壮族自治区,2016.0,,,,,,,,0,0,,,,,,,,,,,,,,,,,0.0,,,,,0.0,0,,
451001,2011,,广西壮族自治区,2016.0,,,,,,,,0,0,,,,,,,,,,,,,,,,,0.0,,,,,0.0,0,,
451001,2012,,广西壮族自治区,2016.0,,,,,,,,0,0,,,,,,,,,,,,,,,,,0.0,,,,,0.0,0,,
451001,2013,,广西壮族自治区,2016.0,,,,,,,,0,0,,,,,,,,,,,,,,,,,0.0,,,,,0.0,0,,
451001,2014,,广西壮族自治区,2016.0,,,,,,,,0,0,,,,,,,,,,,,,,,,,0.0,,,,,0.0,0,,
451001,2015,,广西壮族自治区,2016.0,,,,,,,,0,0,,,,,,,,,,,,,,,,,0.0,,,,,0.0,0,,
451001,2016,,广西壮族自治区,2016.0,,,,,,,,0,0,2016.0,,0.6,annual_rate,county_year_percent_progress,,,,,,,,0.6,,0.6,old_std_rate,1.0,,,,,0.6,1,1.0,0.0
451001,2017,,广西壮族自治区,2016.0,,,,,,,,0,0,,,,,,,,,,,,,,,,,1.0,,,,,0.0,0,,
451101,2009,,广西壮族自治区,2016.0,,,,,,,,0,0,,,,,,,,,,,,,,,,,0.0,,,,,0.0,0,,
451101,2010,,广西壮族自治区,2016.0,,,,,,,,0,0,,,,,,,,,,,,,,,,,0.0,,,,,0.0,0,,
451101,2011,,广西壮族自治区,2016.0,,,,,,,,0,0,,,,,,,,,,,,,,,,,0.0,,,,,0.0,0,,
451101,2012,,广西壮族自治区,2016.0,,,,,,,,0,0,,,,,,,,,,,,,,,,,0.0,,,,,0.0,0,,
451101,2013,,广西壮族自治区,2016.0,,,,,,,,0,0,,,,,,,,,,,,,,,,,0.0,,,,,0.0,0,,
451101,2014,,广西壮族自治区,2016.0,,,,,,,,0,0,,,,,,,,,,,,,,,,,0.0,,,,,0.0,0,,
451101,2015,,广西壮族自治区,2016.0,,,,,,,,0,0,,,,,,,,,,,,,,,,,0.0,,,,,0.0,0,,
451101,2016,,广西壮族自治区,2016.0,,,,,,,,0,0,2016.0,,0.6,annual_rate,county_year_percent_progress,,,,,,,,0.6,,0.6,old_std_rate,1.0,,,,,0.6,1,1.0,0.0
451101,2017,,广西壮族自治区,2016.0,,,,,,,,0,0,,,,,,,,,,,,,,,,,1.0,,,,,0.0,0,,
500201,2009,,prov_50,2016.0,2018.0,,,,,,,0,1,,,,,,,2018.0,,,,,0.0,,0.0,0.0,new_v2_rate,0.0,0.0,,,,0.0,1,0.0,0.0
500201,2010,,prov_50,2016.0,2018.0,,,,,,,0,1,,,,,,,2018.0,,,,,0.0,,0.0,0.0,new_v2_rate,0.0,0.0,,,,0.0,1,0.0,0.0
500201,2011,,prov_50,2016.0,2018.0,,,,,,,0,1,,,,,,,2018.0,,,,,0.0,,0.0,0.0,new_v2_rate,0.0,0.0,,,,0.0,1,0.0,0.0
500201,2012,,prov_50,2016.0,2018.0,,,,,,,0,1,,,,,,,2018.0,,,,,0.0,,0.0,0.0,new_v2_rate,0.0,0.0,,,,0.0,1,0.0,0.0
500201,2013,,prov_50,2016.0,2018.0,,,,,,,0,1,,,,,,,2018.0,,,,,0.0,,0.0,0.0,new_v2_rate,0.0,0.0,,,,0.0,1,0.0,0.0
500201,2014,,prov_50,2016.0,2018.0,,,,,,,0,1,,,,,,,2018.0,,,,,0.0,,0.0,0.0,new_v2_rate,0.0,0.0,,,,0.0,1,0.0,0.0
500201,2015,,prov_50,2016.0,2018.0,,,,,,,0,1,,,,,,,2018.0,,,,,0.0,,0.0,0.0,new_v2_rate,0.0,0.0,,,,0.0,1,0.0,0.0
500201,2016,,prov_50,2016.0,2018.0,,,,,,,0,1,2016.0,,,start_year_only,county_year_percent_progress,,2018.0,,,,,0.0,,0.0,0.0,new_v2_rate,1.0,0.0,,,,0.0,1,0.0,0.0
500201,2017,,prov_50,2016.0,2018.0,,,,,,,0,1,,,,,,,2018.0,,,,,0.0,,0.0,0.0,new_v2_rate,1.0,0.0,,,,0.0,1,0.0,0.0
500301,2009,,prov_50,2016.0,2018.0,,,,,,,0,1,,,,,,,2018.0,,,,,0.0,,0.0,0.0,new_v2_rate,0.0,0.0,,,,0.0,1,0.0,0.0
500301,2010,,prov_50,2016.0,2018.0,,,,,,,0,1,,,,,,,2018.0,,,,,0.0,,0.0,0.0,new_v2_rate,0.0,0.0,,,,0.0,1,0.0,0.0
500301,2011,,prov_50,2016.0,2018.0,,,,,,,0,1,,,,,,,2018.0,,,,,0.0,,0.0,0.0,new_v2_rate,0.0,0.0,,,,0.0,1,0.0,0.0
500301,2012,,prov_50,2016.0,2018.0,,,,,,,0,1,,,,,,,2018.0,,,,,0.0,,0.0,0.0,new_v2_rate,0.0,0.0,,,,0.0,1,0.0,0.0
500301,2013,,prov_50,2016.0,2018.0,,,,,,,0,1,,,,,,,2018.0,,,,,0.0,,0.0,0.0,new_v2_rate,0.0,0.0,,,,0.0,1,0.0,0.0
500301,2014,,prov_50,2016.0,2018.0,,,,,,,0,1,,,,,,,2018.0,,,,,0.0,,0.0,0.0,new_v2_rate,0.0,0.0,,,,0.0,1,0.0,0.0
500301,2015,,prov_50,2016.0,2018.0,,,,,,,0,1,,,,,,,2018.0,,,,,0.0,,0.0,0.0,new_v2_rate,0.0,0.0,,,,0.0,1,0.0,0.0
500301,2016,,prov_50,2016.0,2018.0,,,,,,,0,1,2016.0,,,start_year_only,county_year_percent_progress,,2018.0,,,,,0.0,,0.0,0.0,new_v2_rate,1.0,0.0,,,,0.0,1,0.0,0.0
500301,2017,,prov_50,2016.0,2018.0,,,,,,,0,1,,,,,,,2018.0,,,,,0.0,,0.0,0.0,new_v2_rate,1.0,0.0,,,,0.0,1,0.0,0.0
500401,2009,,prov_50,2016.0,2018.0,,,,,,,0,1,,,,,,,2018.0,,,,,0.0,,0.0,0.0,new_v2_rate,0.0,0.0,,,,0.0,1,0.0,0.0
500401,2010,,prov_50,2016.0,2018.0,,,,,,,0,1,,,,,,,2018.0,,,,,0.0,,0.0,0.0,new_v2_rate,0.0,0.0,,,,0.0,1,0.0,0.0
500401,2011,,prov_50,2016.0,2018.0,,,,,,,0,1,,,,,,,2018.0,,,,,0.0,,0.0,0.0,new_v2_rate,0.0,0.0,,,,0.0,1,0.0,0.0
500401,2012,,prov_50,2016.0,2018.0,,,,,,,0,1,,,,,,,2018.0,,,,,0.0,,0.0,0.0,new_v2_rate,0.0,0.0,,,,0.0,1,0.0,0.0
500401,2013,,prov_50,2016.0,2018.0,,,,,,,0,1,,,,,,,2018.0,,,,,0.0,,0.0,0.0,new_v2_rate,0.0,0.0,,,,0.0,1,0.0,0.0
500401,2014,,prov_50,2016.0,2018.0,,,,,,,0,1,,,,,,,2018.0,,,,,0.0,,0.0,0.0,new_v2_rate,0.0,0.0,,,,0.0,1,0.0,0.0
500401,2015,,prov_50,2016.0,2018.0,,,,,,,0,1,,,,,,,2018.0,,,,,0.0,,0.0,0.0,new_v2_rate,0.0,0.0,,,,0.0,1,0.0,0.0
500401,2016,,prov_50,2016.0,2018.0,,,,,,,0,1,2016.0,,,start_year_only,county_year_percent_progress,,2018.0,,,,,0.0,,0.0,0.0,new_v2_rate,1.0,0.0,,,,0.0,1,0.0,0.0
500401,2017,,prov_50,2016.0,2018.0,,,,,,,0,1,,,,,,,2018.0,,,,,0.0,,0.0,0.0,new_v2_rate,1.0,0.0,,,,0.0,1,0.0,0.0
500402,2009,,prov_50,2016.0,2018.0,,,,,,,0,1,,,,,,,2018.0,,,,,0.0,,0.0,0.0,new_v2_rate,0.0,0.0,,,,0.0,1,0.0,0.0
500402,2010,,prov_50,2016.0,2018.0,,,,,,,0,1,,,,,,,2018.0,,,,,0.0,,0.0,0.0,new_v2_rate,0.0,0.0,,,,0.0,1,0.0,0.0
500402,2011,,prov_50,2016.0,2018.0,,,,,,,0,1,,,,,,,2018.0,,,,,0.0,,0.0,0.0,new_v2_rate,0.0,0.0,,,,0.0,1,0.0,0.0
500402,2012,,prov_50,2016.0,2018.0,,,,,,,0,1,,,,,,,2018.0,,,,,0.0,,0.0,0.0,new_v2_rate,0.0,0.0,,,,0.0,1,0.0,0.0
500402,2013,,prov_50,2016.0,2018.0,,,,,,,0,1,,,,,,,2018.0,,,,,0.0,,0.0,0.0,new_v2_rate,0.0,0.0,,,,0.0,1,0.0,0.0
500402,2014,,prov_50,2016.0,2018.0,,,,,,,0,1,,,,,,,2018.0,,,,,0.0,,0.0,0.0,new_v2_rate,0.0,0.0,,,,0.0,1,0.0,0.0
500402,2015,,prov_50,2016.0,2018.0,,,,,,,0,1,,,,,,,2018.0,,,,,0.0,,0.0,0.0,new_v2_rate,0.0,0.0,,,,0.0,1,0.0,0.0
500402,2016,,prov_50,2016.0,2018.0,,,,,,,0,1,2016.0,,,start_year_only,county_year_percent_progress,,2018.0,,,,,0.0,,0.0,0.0,new_v2_rate,1.0,0.0,,,,0.0,1,0.0,0.0
500402,2017,,prov_50,2016.0,2018.0,,,,,,,0,1,,,,,,,2018.0,,,,,0.0,,0.0,0.0,new_v2_rate,1.0,0.0,,,,0.0,1,0.0,0.0
500501,2009,,prov_50,2016.0,2018.0,,,,,,,0,1,,,,,,,2018.0,,,,,0.0,,0.0,0.0,new_v2_rate,0.0,0.0,,,,0.0,1,0.0,0.0
500501,2010,,prov_50,2016.0,2018.0,,,,,,,0,1,,,,,,,2018.0,,,,,0.0,,0.0,0.0,new_v2_rate,0.0,0.0,,,,0.0,1,0.0,0.0
500501,2011,,prov_50,2016.0,2018.0,,,,,,,0,1,,,,,,,2018.0,,,,,0.0,,0.0,0.0,new_v2_rate,0.0,0.0,,,,0.0,1,0.0,0.0
500501,2012,,prov_50,2016.0,2018.0,,,,,,,0,1,,,,,,,2018.0,,,,,0.0,,0.0,0.0,new_v2_rate,0.0,0.0,,,,0.0,1,0.0,0.0
500501,2013,,prov_50,2016.0,2018.0,,,,,,,0,1,,,,,,,2018.0,,,,,0.0,,0.0,0.0,new_v2_rate,0.0,0.0,,,,0.0,1,0.0,0.0
500501,2014,,prov_50,2016.0,2018.0,,,,,,,0,1,,,,,,,2018.0,,,,,0.0,,0.0,0.0,new_v2_rate,0.0,0.0,,,,0.0,1,0.0,0.0
500501,2015,,prov_50,2016.0,2018.0,,,,,,,0,1,,,,,,,2018.0,,,,,0.0,,0.0,0.0,new_v2_rate,0.0,0.0,,,,0.0,1,0.0,0.0
500501,2016,,prov_50,2016.0,2018.0,,,,,,,0,1,2016.0,,,start_year_only,county_year_percent_progress,,2018.0,,,,,0.0,,0.0,0.0,new_v2_rate,1.0,0.0,,,,0.0,1,0.0,0.0
500501,2017,,prov_50,2016.0,2018.0,,,,,,,0,1,,,,,,,2018.0,,,,,0.0,,0.0,0.0,new_v2_rate,1.0,0.0,,,,0.0,1,0.0,0.0
500502,2009,,prov_50,2016.0,2018.0,,,,,,,0,1,,,,,,,2018.0,,,,,0.0,,0.0,0.0,new_v2_rate,0.0,0.0,,,,0.0,1,0.0,0.0
500502,2010,,prov_50,2016.0,2018.0,,,,,,,0,1,,,,,,,2018.0,,,,,0.0,,0.0,0.0,new_v2_rate,0.0,0.0,,,,0.0,1,0.0,0.0
500502,2011,,prov_50,2016.0,2018.0,,,,,,,0,1,,,,,,,2018.0,,,,,0.0,,0.0,0.0,new_v2_rate,0.0,0.0,,,,0.0,1,0.0,0.0
500502,2012,,prov_50,2016.0,2018.0,,,,,,,0,1,,,,,,,2018.0,,,,,0.0,,0.0,0.0,new_v2_rate,0.0,0.0,,,,0.0,1,0.0,0.0
500502,2013,,prov_50,2016.0,2018.0,,,,,,,0,1,,,,,,,2018.0,,,,,0.0,,0.0,0.0,new_v2_rate,0.0,0.0,,,,0.0,1,0.0,0.0
500502,2014,,prov_50,2016.0,2018.0,,,,,,,0,1,,,,,,,2018.0,,,,,0.0,,0.0,0.0,new_v2_rate,0.0,0.0,,,,0.0,1,0.0,0.0
500502,2015,,prov_50,2016.0,2018.0,,,,,,,0,1,,,,,,,2018.0,,,,,0.0,,0.0,0.0,new_v2_rate,0.0,0.0,,,,0.0,1,0.0,0.0
500502,2016,,prov_50,2016.0,2018.0,,,,,,,0,1,2016.0,,,start_year_only,county_year_percent_progress,,2018.0,,,,,0.0,,0.0,0.0,new_v2_rate,1.0,0.0,,,,0.0,1,0.0,0.0
500502,2017,,prov_50,2016.0,2018.0,,,,,,,0,1,,,,,,,2018.0,,,,,0.0,,0.0,0.0,new_v2_rate,1.0,0.0,,,,0.0,1,0.0,0.0
510101,2009,,四川省,2015.0,,,,,,,,1,0,,,,,,,,,,,,,,,,,0.0,,,,,0.0,0,,
510101,2010,,四川省,2015.0,,,,,,,,1,0,,,,,,,,,,,,,,,,,0.0,,,,,0.0,0,,
510101,2011,,四川省,2015.0,,,,,,,,1,0,,,,,,,,,,,,,,,,,0.0,,,,,0.0,0,,
510101,2012,,四川省,2015.0,,,,,,,,1,0,,,,,,,,,,,,,,,,,0.0,,,,,0.0,0,,
510101,2013,,四川省,2015.0,,,,,,,,1,0,,,,,,,,,,,,,,,,,0.0,,,,,0.0,0,,
510101,2014,,四川省,2015.0,,,,,,,,1,0,,,,,,,,,,,,,,,,,0.0,,,,,0.0,0,,
510101,2015,,四川省,2015.0,,,,,,,,1,0,2015.0,,,start_year_only,county_year_percent_progress,,,,,,,,,,,,1.0,,,,,0.0,0,,
510101,2016,,四川省,2015.0,,,,,,,,1,0,2015.0,,0.75,annual_rate,county_year_percent_progress,,,,,,,,0.75,,0.75,old_std_rate,1.0,,,,,0.75,1,1.0,0.0
510101,2017,,四川省,2015.0,,,,,,,,1,0,2015.0,,0.912,annual_rate,county_year_percent_progress,,,,,,,,0.912,,0.912,old_std_rate,1.0,,,,,0.912,1,1.0,1.0
510102,2009,,四川省,2015.0,,,,,,,,1,0,,,,,,,,,,,,,,,,,0.0,,,,,0.0,0,,
510102,2010,,四川省,2015.0,,,,,,,,1,0,,,,,,,,,,,,,,,,,0.0,,,,,0.0,0,,
510102,2011,,四川省,2015.0,,,,,,,,1,0,,,,,,,,,,,,,,,,,0.0,,,,,0.0,0,,
510102,2012,,四川省,2015.0,,,,,,,,1,0,,,,,,,,,,,,,,,,,0.0,,,,,0.0,0,,
510102,2013,,四川省,2015.0,,,,,,,,1,0,,,,,,,,,,,,,,,,,0.0,,,,,0.0,0,,
510102,2014,,四川省,2015.0,,,,,,,,1,0,,,,,,,,,,,,,,,,,0.0,,,,,0.0,0,,
510102,2015,,四川省,2015.0,,,,,,,,1,0,2015.0,,,start_year_only,county_year_percent_progress,,,,,,,,,,,,1.0,,,,,0.0,0,,
510102,2016,,四川省,2015.0,,,,,,,,1,0,2015.0,,0.75,annual_rate,county_year_percent_progress,,,,,,,,0.75,,0.75,old_std_rate,1.0,,,,,0.75,1,1.0,0.0
510102,2017,,四川省,2015.0,,,,,,,,1,0,2015.0,,0.912,annual_rate,county_year_percent_progress,,,,,,,,0.912,,0.912,old_std_rate,1.0,,,,,0.912,1,1.0,1.0
510103,2009,,四川省,2015.0,,,,,,,,1,0,,,,,,,,,,,,,,,,,0.0,,,,,0.0,0,,
510103,2010,,四川省,2015.0,,,,,,,,1,0,,,,,,,,,,,,,,,,,0.0,,,,,0.0,0,,
510103,2011,,四川省,2015.0,,,,,,,,1,0,,,,,,,,,,,,,,,,,0.0,,,,,0.0,0,,
510103,2012,,四川省,2015.0,,,,,,,,1,0,,,,,,,,,,,,,,,,,0.0,,,,,0.0,0,,
510103,2013,,四川省,2015.0,,,,,,,,1,0,,,,,,,,,,,,,,,,,0.0,,,,,0.0,0,,
510103,2014,,四川省,2015.0,,,,,,,,1,0,,,,,,,,,,,,,,,,,0.0,,,,,0.0,0,,
510103,2015,,四川省,2015.0,,,,,,,,1,0,2015.0,,,start_year_only,county_year_percent_progress,,,,,,,,,,,,1.0,,,,,0.0,0,,
510103,2016,,四川省,2015.0,,,,,,,,1,0,2015.0,,0.75,annual_rate,county_year_percent_progress,,,,,,,,0.75,,0.75,old_std_rate,1.0,,,,,0.75,1,1.0,0.0
510103,2017,,四川省,2015.0,,,,,,,,1,0,2015.0,,0.912,annual_rate,county_year_percent_progress,,,,,,,,0.912,,0.912,old_std_rate,1.0,,,,,0.912,1,1.0,1.0
510201,2009,,四川省,2015.0,,,,,,,,0,0,,,,,,,,,,,,,,,,,0.0,,,,,0.0,0,,
510201,2010,,四川省,2015.0,,,,,,,,0,0,,,,,,,,,,,,,,,,,0.0,,,,,0.0,0,,
510201,2011,,四川省,2015.0,,,,,,,,0,0,,,,,,,,,,,,,,,,,0.0,,,,,0.0,0,,
510201,2012,,四川省,2015.0,,,,,,,,0,0,,,,,,,,,,,,,,,,,0.0,,,,,0.0,0,,
510201,2013,,四川省,2015.0,,,,,,,,0,0,,,,,,,,,,,,,,,,,0.0,,,,,0.0,0,,
510201,2014,,四川省,2015.0,,,,,,,,0,0,,,,,,,,,,,,,,,,,0.0,,,,,0.0,0,,
510201,2015,,四川省,2015.0,,,,,,,,0,0,2015.0,,,start_year_only,county_year_percent_progress,,,,,,,,,,,,1.0,,,,,0.0,0,,
510201,2016,,四川省,2015.0,,,,,,,,0,0,2015.0,,0.75,annual_rate,county_year_percent_progress,,,,,,,,0.75,,0.75,old_std_rate,1.0,,,,,0.75,1,1.0,0.0
510201,2017,,四川省,2015.0,,,,,,,,0,0,2015.0,,0.912,annual_rate,county_year_percent_progress,,,,,,,,0.912,,0.912,old_std_rate,1.0,,,,,0.912,1,1.0,1.0
510202,2009,,四川省,2015.0,,,,,,,,0,0,,,,,,,,,,,,,,,,,0.0,,,,,0.0,0,,
510202,2010,,四川省,2015.0,,,,,,,,0,0,,,,,,,,,,,,,,,,,0.0,,,,,0.0,0,,
510202,2011,,四川省,2015.0,,,,,,,,0,0,,,,,,,,,,,,,,,,,0.0,,,,,0.0,0,,
510202,2012,,四川省,2015.0,,,,,,,,0,0,,,,,,,,,,,,,,,,,0.0,,,,,0.0,0,,
510202,2013,,四川省,2015.0,,,,,,,,0,0,,,,,,,,,,,,,,,,,0.0,,,,,0.0,0,,
510202,2014,,四川省,2015.0,,,,,,,,0,0,,,,,,,,,,,,,,,,,0.0,,,,,0.0,0,,
510202,2015,,四川省,2015.0,,,,,,,,0,0,2015.0,,,start_year_only,county_year_percent_progress,,,,,,,,,,,,1.0,,,,,0.0,0,,
510202,2016,,四川省,2015.0,,,,,,,,0,0,2015.0,,0.75,annual_rate,county_year_percent_progress,,,,,,,,0.75,,0.75,old_std_rate,1.0,,,,,0.75,1,1.0,0.0
510202,2017,,四川省,2015.0,,,,,,,,0,0,2015.0,,0.912,annual_rate,county_year_percent_progress,,,,,,,,0.912,,0.912,old_std_rate,1.0,,,,,0.912,1,1.0,1.0
510204,2009,,四川省,2015.0,,,,,,,,0,0,,,,,,,,,,,,,,,,,0.0,,,,,0.0,0,,
510204,2010,,四川省,2015.0,,,,,,,,0,0,,,,,,,,,,,,,,,,,0.0,,,,,0.0,0,,
510204,2011,,四川省,2015.0,,,,,,,,0,0,,,,,,,,,,,,,,,,,0.0,,,,,0.0,0,,
510204,2012,,四川省,2015.0,,,,,,,,0,0,,,,,,,,,,,,,,,,,0.0,,,,,0.0,0,,
510204,2013,,四川省,2015.0,,,,,,,,0,0,,,,,,,,,,,,,,,,,0.0,,,,,0.0,0,,
510204,2014,,四川省,2015.0,,,,,,,,0,0,,,,,,,,,,,,,,,,,0.0,,,,,0.0,0,,
510204,2015,,四川省,2015.0,,,,,,,,0,0,2015.0,,,start_year_only,county_year_percent_progress,,,,,,,,,,,,1.0,,,,,0.0,0,,
510204,2016,,四川省,2015.0,,,,,,,,0,0,2015.0,,0.75,annual_rate,county_year_percent_progress,,,,,,,,0.75,,0.75,old_std_rate,1.0,,,,,0.75,1,1.0,0.0
510204,2017,,四川省,2015.0,,,,,,,,0,0,2015.0,,0.912,annual_rate,county_year_percent_progress,,,,,,,,0.912,,0.912,old_std_rate,1.0,,,,,0.912,1,1.0,1.0
510401,2009,,四川省,2015.0,,,,,,,,0,0,,,,,,,,,,,,,,,,,0.0,,,,,0.0,0,,
510401,2010,,四川省,2015.0,,,,,,,,0,0,,,,,,,,,,,,,,,,,0.0,,,,,0.0,0,,
510401,2011,,四川省,2015.0,,,,,,,,0,0,,,,,,,,,,,,,,,,,0.0,,,,,0.0,0,,
510401,2012,,四川省,2015.0,,,,,,,,0,0,,,,,,,,,,,,,,,,,0.0,,,,,0.0,0,,
510401,2013,,四川省,2015.0,,,,,,,,0,0,,,,,,,,,,,,,,,,,0.0,,,,,0.0,0,,
510401,2014,,四川省,2015.0,,,,,,,,0,0,,,,,,,,,,,,,,,,,0.0,,,,,0.0,0,,
510401,2015,,四川省,2015.0,,,,,,,,0,0,2015.0,,,start_year_only,county_year_percent_progress,,,,,,,,,,,,1.0,,,,,0.0,0,,
510401,2016,,四川省,2015.0,,,,,,,,0,0,2015.0,,0.75,annual_rate,county_year_percent_progress,,,,,,,,0.75,,0.75,old_std_rate,1.0,,,,,0.75,1,1.0,0.0
510401,2017,,四川省,2015.0,,,,,,,,0,0,2015.0,,0.912,annual_rate,county_year_percent_progress,,,,,,,,0.912,,0.912,old_std_rate,1.0,,,,,0.912,1,1.0,1.0
510402,2009,东区,四川省,2015.0,,,,,,,,0,0,,,,,,,,,,,,,,,,,0.0,,,,,0.0,0,,
510402,2010,东区,四川省,2015.0,,,,,,,,0,0,,,,,,,,,,,,,,,,,0.0,,,,,0.0,0,,
510402,2011,东区,四川省,2015.0,,,,,,,,0,0,,,,,,,,,,,,,,,,,0.0,,,,,0.0,0,,
510402,2012,东区,四川省,2015.0,,,,,,,,0,0,,,,,,,,,,,,,,,,,0.0,,,,,0.0,0,,
510402,2013,东区,四川省,2015.0,,,,,,,,0,0,,,,,,,,,,,,,,,,,0.0,,,,,0.0,0,,
510402,2014,东区,四川省,2015.0,,,,,,,,0,0,,,,,,,,,,,,,,,,,0.0,,,,,0.0,0,,
510402,2015,东区,四川省,2015.0,,,,,,,,0,0,2015.0,,,start_year_only,county_year_percent_progress,,,,,,,,,,,,1.0,,,,,0.0,0,,
510402,2016,东区,四川省,2015.0,,,,,,,,0,0,2015.0,,0.75,annual_rate,county_year_percent_progress,,,,,,,,0.75,,0.75,old_std_rate,1.0,,,,,0.75,1,1.0,0.0
510402,2017,东区,四川省,2015.0,,,,,,,,0,0,2015.0,,0.912,annual_rate,county_year_percent_progress,,,,,,,,0.912,,0.912,old_std_rate,1.0,,,,,0.912,1,1.0,1.0
510403,2009,西区,四川省,2015.0,,,,,,,,0,0,,,,,,,,,,,,,,,,,0.0,,,,,0.0,0,,
510403,2010,西区,四川省,2015.0,,,,,,,,0,0,,,,,,,,,,,,,,,,,0.0,,,,,0.0,0,,
510403,2011,西区,四川省,2015.0,,,,,,,,0,0,,,,,,,,,,,,,,,,,0.0,,,,,0.0,0,,
510403,2012,西区,四川省,2015.0,,,,,,,,0,0,,,,,,,,,,,,,,,,,0.0,,,,,0.0,0,,
510403,2013,西区,四川省,2015.0,,,,,,,,0,0,,,,,,,,,,,,,,,,,0.0,,,,,0.0,0,,
510403,2014,西区,四川省,2015.0,,,,,,,,0,0,,,,,,,,,,,,,,,,,0.0,,,,,0.0,0,,
510403,2015,西区,四川省,2015.0,,,,,,,,0,0,2015.0,,,start_year_only,county_year_percent_progress,,,,,,,,,,,,1.0,,,,,0.0,0,,
510403,2016,西区,四川省,2015.0,,,,,,,,0,0,2015.0,,0.75,annual_rate,county_year_percent_progress,,,,,,,,0.75,,0.75,old_std_rate,1.0,,,,,0.75,1,1.0,0.0
510403,2017,西区,四川省,2015.0,,,,,,,,0,0,2015.0,,0.912,annual_rate,county_year_percent_progress,,,,,,,,0.912,,0.912,old_std_rate,1.0,,,,,0.912,1,1.0,1.0
510504,2009,龙马潭区,四川省,2015.0,,,,,,,,0,0,,,,,,,,,,,,,,,,,0.0,,,,,0.0,0,,
510504,2010,龙马潭区,四川省,2015.0,,,,,,,,0,0,,,,,,,,,,,,,,,,,0.0,,,,,0.0,0,,
510504,2011,龙马潭区,四川省,2015.0,,,,,,,,0,0,,,,,,,,,,,,,,,,,0.0,,,,,0.0,0,,
510504,2012,龙马潭区,四川省,2015.0,,,,,,,,0,0,,,,,,,,,,,,,,,,,0.0,,,,,0.0,0,,
510504,2013,龙马潭区,四川省,2015.0,,,,,,,,0,0,,,,,,,,,,,,,,,,,0.0,,,,,0.0,0,,
510504,2014,龙马潭区,四川省,2015.0,,,,,,,,0,0,,,,,,,,,,,,,,,,,0.0,,,,,0.0,0,,
510504,2015,龙马潭区,四川省,2015.0,,,,,,,,0,0,2015.0,,,start_year_only,county_year_percent_progress,,,,,,,,,,,,1.0,,,,,0.0,0,,
510504,2016,龙马潭区,四川省,2015.0,,,,,,,,0,0,2015.0,,0.75,annual_rate,county_year_percent_progress,,,,,,,,0.75,,0.75,old_std_rate,1.0,,,,,0.75,1,1.0,0.0
510504,2017,龙马潭区,四川省,2015.0,,,,,,,,0,0,2015.0,,0.912,annual_rate,county_year_percent_progress,,,,,,,,0.912,,0.912,old_std_rate,1.0,,,,,0.912,1,1.0,1.0
510505,2009,,四川省,2015.0,,,,,,,,0,0,,,,,,,,,,,,,,,,,0.0,,,,,0.0,0,,
510505,2010,,四川省,2015.0,,,,,,,,0,0,,,,,,,,,,,,,,,,,0.0,,,,,0.0,0,,
510505,2011,,四川省,2015.0,,,,,,,,0,0,,,,,,,,,,,,,,,,,0.0,,,,,0.0,0,,
510505,2012,,四川省,2015.0,,,,,,,,0,0,,,,,,,,,,,,,,,,,0.0,,,,,0.0,0,,
510505,2013,,四川省,2015.0,,,,,,,,0,0,,,,,,,,,,,,,,,,,0.0,,,,,0.0,0,,
510505,2014,,四川省,2015.0,,,,,,,,0,0,,,,,,,,,,,,,,,,,0.0,,,,,0.0,0,,
510505,2015,,四川省,2015.0,,,,,,,,0,0,2015.0,,,start_year_only,county_year_percent_progress,,,,,,,,,,,,1.0,,,,,0.0,0,,
510505,2016,,四川省,2015.0,,,,,,,,0,0,2015.0,,0.75,annual_rate,county_year_percent_progress,,,,,,,,0.75,,0.75,old_std_rate,1.0,,,,,0.75,1,1.0,0.0
510505,2017,,四川省,2015.0,,,,,,,,0,0,2015.0,,0.912,annual_rate,county_year_percent_progress,,,,,,,,0.912,,0.912,old_std_rate,1.0,,,,,0.912,1,1.0,1.0
510506,2009,,四川省,2015.0,,,,,,,,0,0,,,,,,,,,,,,,,,,,0.0,,,,,0.0,0,,
510506,2010,,四川省,2015.0,,,,,,,,0,0,,,,,,,,,,,,,,,,,0.0,,,,,0.0,0,,
510506,2011,,四川省,2015.0,,,,,,,,0,0,,,,,,,,,,,,,,,,,0.0,,,,,0.0,0,,
510506,2012,,四川省,2015.0,,,,,,,,0,0,,,,,,,,,,,,,,,,,0.0,,,,,0.0,0,,
510506,2013,,四川省,2015.0,,,,,,,,0,0,,,,,,,,,,,,,,,,,0.0,,,,,0.0,0,,
510506,2014,,四川省,2015.0,,,,,,,,0,0,,,,,,,,,,,,,,,,,0.0,,,,,0.0,0,,
510506,2015,,四川省,2015.0,,,,,,,,0,0,2015.0,,,start_year_only,county_year_percent_progress,,,,,,,,,,,,1.0,,,,,0.0,0,,
510506,2016,,四川省,2015.0,,,,,,,,0,0,2015.0,,0.75,annual_rate,county_year_percent_progress,,,,,,,,0.75,,0.75,old_std_rate,1.0,,,,,0.75,1,1.0,0.0
510506,2017,,四川省,2015.0,,,,,,,,0,0,2015.0,,0.912,annual_rate,county_year_percent_progress,,,,,,,,0.912,,0.912,old_std_rate,1.0,,,,,0.912,1,1.0,1.0
510601,2009,,四川省,2015.0,,,,,,,,0,0,,,,,,,,,,,,,,,,,0.0,,,,,0.0,0,,
510601,2010,,四川省,2015.0,,,,,,,,0,0,,,,,,,,,,,,,,,,,0.0,,,,,0.0,0,,
510601,2011,,四川省,2015.0,,,,,,,,0,0,,,,,,,,,,,,,,,,,0.0,,,,,0.0,0,,
510601,2012,,四川省,2015.0,,,,,,,,0,0,,,,,,,,,,,,,,,,,0.0,,,,,0.0,0,,
510601,2013,,四川省,2015.0,,,,,,,,0,0,,,,,,,,,,,,,,,,,0.0,,,,,0.0,0,,
510601,2014,,四川省,2015.0,,,,,,,,0,0,,,,,,,,,,,,,,,,,0.0,,,,,0.0,0,,
510601,2015,,四川省,2015.0,,,,,,,,0,0,2015.0,,,start_year_only,county_year_percent_progress,,,,,,,,,,,,1.0,,,,,0.0,0,,
510601,2016,,四川省,2015.0,,,,,,,,0,0,2015.0,,0.75,annual_rate,county_year_percent_progress,,,,,,,,0.75,,0.75,old_std_rate,1.0,,,,,0.75,1,1.0,0.0
510601,2017,,四川省,2015.0,,,,,,,,0,0,2015.0,,0.912,annual_rate,county_year_percent_progress,,,,,,,,0.912,,0.912,old_std_rate,1.0,,,,,0.912,1,1.0,1.0
510701,2009,,四川省,2015.0,,,,,,,,0,0,,,,,,,,,,,,,,,,,0.0,,,,,0.0,0,,
510701,2010,,四川省,2015.0,,,,,,,,0,0,,,,,,,,,,,,,,,,,0.0,,,,,0.0,0,,
510701,2011,,四川省,2015.0,,,,,,,,0,0,,,,,,,,,,,,,,,,,0.0,,,,,0.0,0,,
510701,2012,,四川省,2015.0,,,,,,,,0,0,,,,,,,,,,,,,,,,,0.0,,,,,0.0,0,,
510701,2013,,四川省,2015.0,,,,,,,,0,0,,,,,,,,,,,,,,,,,0.0,,,,,0.0,0,,
510701,2014,,四川省,2015.0,,,,,,,,0,0,,,,,,,,,,,,,,,,,0.0,,,,,0.0,0,,
510701,2015,,四川省,2015.0,,,,,,,,0,0,2015.0,,,start_year_only,county_year_percent_progress,,,,,,,,,,,,1.0,,,,,0.0,0,,
510701,2016,,四川省,2015.0,,,,,,,,0,0,2015.0,,0.75,annual_rate,county_year_percent_progress,,,,,,,,0.75,,0.75,old_std_rate,1.0,,,,,0.75,1,1.0,0.0
510701,2017,,四川省,2015.0,,,,,,,,0,0,2015.0,,0.912,annual_rate,county_year_percent_progress,,,,,,,,0.912,,0.912,old_std_rate,1.0,,,,,0.912,1,1.0,1.0
510801,2009,,四川省,2015.0,,,,,,,,0,0,,,,,,,,,,,,,,,,,0.0,,,,,0.0,0,,
510801,2010,,四川省,2015.0,,,,,,,,0,0,,,,,,,,,,,,,,,,,0.0,,,,,0.0,0,,
510801,2011,,四川省,2015.0,,,,,,,,0,0,,,,,,,,,,,,,,,,,0.0,,,,,0.0,0,,
510801,2012,,四川省,2015.0,,,,,,,,0,0,,,,,,,,,,,,,,,,,0.0,,,,,0.0,0,,
510801,2013,,四川省,2015.0,,,,,,,,0,0,,,,,,,,,,,,,,,,,0.0,,,,,0.0,0,,
510801,2014,,四川省,2015.0,,,,,,,,0,0,,,,,,,,,,,,,,,,,0.0,,,,,0.0,0,,
510801,2015,,四川省,2015.0,,,,,,,,0,0,2015.0,,,start_year_only,county_year_percent_progress,,,,,,,,,,,,1.0,,,,,0.0,0,,
510801,2016,,四川省,2015.0,,,,,,,,0,0,2015.0,,0.75,annual_rate,county_year_percent_progress,,,,,,,,0.75,,0.75,old_std_rate,1.0,,,,,0.75,1,1.0,0.0
510801,2017,,四川省,2015.0,,,,,,,,0,0,2015.0,,0.912,annual_rate,county_year_percent_progress,,,,,,,,0.912,,0.912,old_std_rate,1.0,,,,,0.912,1,1.0,1.0
510902,2009,,四川省,2015.0,,,,,,,,0,0,,,,,,,,,,,,,,,,,0.0,,,,,0.0,0,,
510902,2010,,四川省,2015.0,,,,,,,,0,0,,,,,,,,,,,,,,,,,0.0,,,,,0.0,0,,
510902,2011,,四川省,2015.0,,,,,,,,0,0,,,,,,,,,,,,,,,,,0.0,,,,,0.0,0,,
510902,2012,,四川省,2015.0,,,,,,,,0,0,,,,,,,,,,,,,,,,,0.0,,,,,0.0,0,,
510902,2013,,四川省,2015.0,,,,,,,,0,0,,,,,,,,,,,,,,,,,0.0,,,,,0.0,0,,
510902,2014,,四川省,2015.0,,,,,,,,0,0,,,,,,,,,,,,,,,,,0.0,,,,,0.0,0,,
510902,2015,,四川省,2015.0,,,,,,,,0,0,2015.0,,,start_year_only,county_year_percent_progress,,,,,,,,,,,,1.0,,,,,0.0,0,,
510902,2016,,四川省,2015.0,,,,,,,,0,0,2015.0,,0.75,annual_rate,county_year_percent_progress,,,,,,,,0.75,,0.75,old_std_rate,1.0,,,,,0.75,1,1.0,0.0
510902,2017,,四川省,2015.0,,,,,,,,0,0,2015.0,,0.912,annual_rate,county_year_percent_progress,,,,,,,,0.912,,0.912,old_std_rate,1.0,,,,,0.912,1,1.0,1.0
511001,2009,,四川省,2015.0,,,,,,,,0,0,,,,,,,,,,,,,,,,,0.0,,,,,0.0,0,,
511001,2010,,四川省,2015.0,,,,,,,,0,0,,,,,,,,,,,,,,,,,0.0,,,,,0.0,0,,
511001,2011,,四川省,2015.0,,,,,,,,0,0,,,,,,,,,,,,,,,,,0.0,,,,,0.0,0,,
511001,2012,,四川省,2015.0,,,,,,,,0,0,,,,,,,,,,,,,,,,,0.0,,,,,0.0,0,,
511001,2013,,四川省,2015.0,,,,,,,,0,0,,,,,,,,,,,,,,,,,0.0,,,,,0.0,0,,
511001,2014,,四川省,2015.0,,,,,,,,0,0,,,,,,,,,,,,,,,,,0.0,,,,,0.0,0,,
511001,2015,,四川省,2015.0,,,,,,,,0,0,2015.0,,,start_year_only,county_year_percent_progress,,,,,,,,,,,,1.0,,,,,0.0,0,,
511001,2016,,四川省,2015.0,,,,,,,,0,0,2015.0,,0.75,annual_rate,county_year_percent_progress,,,,,,,,0.75,,0.75,old_std_rate,1.0,,,,,0.75,1,1.0,0.0
511001,2017,,四川省,2015.0,,,,,,,,0,0,2015.0,,0.912,annual_rate,county_year_percent_progress,,,,,,,,0.912,,0.912,old_std_rate,1.0,,,,,0.912,1,1.0,1.0
520102,2009,南明区,贵州省,2015.0,2020.0,2020.0,2020.0,,,,,1,1,,,,,,,2020.0,2020.0,2020.0,,,0.0,,0.0,0.0,new_v2_rate,0.0,0.0,0.0,0.0,,0.0,1,0.0,0.0
520102,2010,南明区,贵州省,2015.0,2020.0,2020.0,2020.0,,,,,1,1,,,,,,,2020.0,2020.0,2020.0,,,0.0,,0.0,0.0,new_v2_rate,0.0,0.0,0.0,0.0,,0.0,1,0.0,0.0
520102,2011,南明区,贵州省,2015.0,2020.0,2020.0,2020.0,,,,,1,1,,,,,,,2020.0,2020.0,2020.0,,,0.0,,0.0,0.0,new_v2_rate,0.0,0.0,0.0,0.0,,0.0,1,0.0,0.0
520102,2012,南明区,贵州省,2015.0,2020.0,2020.0,2020.0,,,,,1,1,,,,,,,2020.0,2020.0,2020.0,,,0.0,,0.0,0.0,new_v2_rate,0.0,0.0,0.0,0.0,,0.0,1,0.0,0.0
520102,2013,南明区,贵州省,2015.0,2020.0,2020.0,2020.0,,,,,1,1,,,,,,,2020.0,2020.0,2020.0,,,0.0,,0.0,0.0,new_v2_rate,0.0,0.0,0.0,0.0,,0.0,1,0.0,0.0
520102,2014,南明区,贵州省,2015.0,2020.0,2020.0,2020.0,,,,,1,1,,,,,,,2020.0,2020.0,2020.0,,,0.0,,0.0,0.0,new_v2_rate,0.0,0.0,0.0,0.0,,0.0,1,0.0,0.0
520102,2015,南明区,贵州省,2015.0,2020.0,2020.0,2020.0,,,,,1,1,2015.0,,,start_year_only,county_year_percent_progress,,2020.0,2020.0,2020.0,,,0.0,,0.0,0.0,new_v2_rate,1.0,0.0,0.0,0.0,,0.0,1,0.0,0.0
520102,2016,南明区,贵州省,2015.0,2020.0,2020.0,2020.0,,,,,1,1,,,,,,,2020.0,2020.0,2020.0,,,0.0,,0.0,0.0,new_v2_rate,1.0,0.0,0.0,0.0,,0.0,1,0.0,0.0
520102,2017,南明区,贵州省,2015.0,2020.0,2020.0,2020.0,,,,,1,1,,,,,,,2020.0,2020.0,2020.0,,,0.0,,0.0,0.0,new_v2_rate,1.0,0.0,0.0,0.0,,0.0,1,0.0,0.0
520201,2009,钟山区,贵州省,2015.0,2020.0,2020.0,2020.0,,,,,0,1,,,,,,,2020.0,2020.0,2020.0,,,0.0,,0.0,0.0,new_v2_rate,0.0,0.0,0.0,0.0,,0.0,1,0.0,0.0
520201,2010,钟山区,贵州省,2015.0,2020.0,2020.0,2020.0,,,,,0,1,,,,,,,2020.0,2020.0,2020.0,,,0.0,,0.0,0.0,new_v2_rate,0.0,0.0,0.0,0.0,,0.0,1,0.0,0.0
520201,2011,钟山区,贵州省,2015.0,2020.0,2020.0,2020.0,,,,,0,1,,,,,,,2020.0,2020.0,2020.0,,,0.0,,0.0,0.0,new_v2_rate,0.0,0.0,0.0,0.0,,0.0,1,0.0,0.0
520201,2012,钟山区,贵州省,2015.0,2020.0,2020.0,2020.0,,,,,0,1,,,,,,,2020.0,2020.0,2020.0,,,0.0,,0.0,0.0,new_v2_rate,0.0,0.0,0.0,0.0,,0.0,1,0.0,0.0
520201,2013,钟山区,贵州省,2015.0,2020.0,2020.0,2020.0,,,,,0,1,,,,,,,2020.0,2020.0,2020.0,,,0.0,,0.0,0.0,new_v2_rate,0.0,0.0,0.0,0.0,,0.0,1,0.0,0.0
520201,2014,钟山区,贵州省,2015.0,2020.0,2020.0,2020.0,,,,,0,1,,,,,,,2020.0,2020.0,2020.0,,,0.0,,0.0,0.0,new_v2_rate,0.0,0.0,0.0,0.0,,0.0,1,0.0,0.0
520201,2015,钟山区,贵州省,2015.0,2020.0,2020.0,2020.0,,,,,0,1,2015.0,,,start_year_only,county_year_percent_progress,,2020.0,2020.0,2020.0,,,0.0,,0.0,0.0,new_v2_rate,1.0,0.0,0.0,0.0,,0.0,1,0.0,0.0
520201,2016,钟山区,贵州省,2015.0,2020.0,2020.0,2020.0,,,,,0,1,,,,,,,2020.0,2020.0,2020.0,,,0.0,,0.0,0.0,new_v2_rate,1.0,0.0,0.0,0.0,,0.0,1,0.0,0.0
520201,2017,钟山区,贵州省,2015.0,2020.0,2020.0,2020.0,,,,,0,1,,,,,,,2020.0,2020.0,2020.0,,,0.0,,0.0,0.0,new_v2_rate,1.0,0.0,0.0,0.0,,0.0,1,0.0,0.0
520202,2009,,prov_52,2015.0,2020.0,2020.0,2020.0,,,,,0,1,,,,,,,2020.0,2020.0,2020.0,,,0.0,,0.0,0.0,new_v2_rate,0.0,0.0,0.0,0.0,,0.0,1,0.0,0.0
520202,2010,,prov_52,2015.0,2020.0,2020.0,2020.0,,,,,0,1,,,,,,,2020.0,2020.0,2020.0,,,0.0,,0.0,0.0,new_v2_rate,0.0,0.0,0.0,0.0,,0.0,1,0.0,0.0
520202,2011,,prov_52,2015.0,2020.0,2020.0,2020.0,,,,,0,1,,,,,,,2020.0,2020.0,2020.0,,,0.0,,0.0,0.0,new_v2_rate,0.0,0.0,0.0,0.0,,0.0,1,0.0,0.0
520202,2012,,prov_52,2015.0,2020.0,2020.0,2020.0,,,,,0,1,,,,,,,2020.0,2020.0,2020.0,,,0.0,,0.0,0.0,new_v2_rate,0.0,0.0,0.0,0.0,,0.0,1,0.0,0.0
520202,2013,,prov_52,2015.0,2020.0,2020.0,2020.0,,,,,0,1,,,,,,,2020.0,2020.0,2020.0,,,0.0,,0.0,0.0,new_v2_rate,0.0,0.0,0.0,0.0,,0.0,1,0.0,0.0
520202,2014,,prov_52,2015.0,2020.0,2020.0,2020.0,,,,,0,1,,,,,,,2020.0,2020.0,2020.0,,,0.0,,0.0,0.0,new_v2_rate,0.0,0.0,0.0,0.0,,0.0,1,0.0,0.0
520202,2015,,prov_52,2015.0,2020.0,2020.0,2020.0,,,,,0,1,2015.0,,,start_year_only,county_year_percent_progress,,2020.0,2020.0,2020.0,,,0.0,,0.0,0.0,new_v2_rate,1.0,0.0,0.0,0.0,,0.0,1,0.0,0.0
520202,2016,,prov_52,2015.0,2020.0,2020.0,2020.0,,,,,0,1,,,,,,,2020.0,2020.0,2020.0,,,0.0,,0.0,0.0,new_v2_rate,1.0,0.0,0.0,0.0,,0.0,1,0.0,0.0
520202,2017,,prov_52,2015.0,2020.0,2020.0,2020.0,,,,,0,1,,,,,,,2020.0,2020.0,2020.0,,,0.0,,0.0,0.0,new_v2_rate,1.0,0.0,0.0,0.0,,0.0,1,0.0,0.0
520301,2009,,prov_52,2015.0,2020.0,2020.0,2020.0,,,,,0,1,,,,,,,2020.0,2020.0,2020.0,,,0.0,,0.0,0.0,new_v2_rate,0.0,0.0,0.0,0.0,,0.0,1,0.0,0.0
520301,2010,,prov_52,2015.0,2020.0,2020.0,2020.0,,,,,0,1,,,,,,,2020.0,2020.0,2020.0,,,0.0,,0.0,0.0,new_v2_rate,0.0,0.0,0.0,0.0,,0.0,1,0.0,0.0
520301,2011,,prov_52,2015.0,2020.0,2020.0,2020.0,,,,,0,1,,,,,,,2020.0,2020.0,2020.0,,,0.0,,0.0,0.0,new_v2_rate,0.0,0.0,0.0,0.0,,0.0,1,0.0,0.0
520301,2012,,prov_52,2015.0,2020.0,2020.0,2020.0,,,,,0,1,,,,,,,2020.0,2020.0,2020.0,,,0.0,,0.0,0.0,new_v2_rate,0.0,0.0,0.0,0.0,,0.0,1,0.0,0.0
520301,2013,,prov_52,2015.0,2020.0,2020.0,2020.0,,,,,0,1,,,,,,,2020.0,2020.0,2020.0,,,0.0,,0.0,0.0,new_v2_rate,0.0,0.0,0.0,0.0,,0.0,1,0.0,0.0
520301,2014,,prov_52,2015.0,2020.0,2020.0,2020.0,,,,,0,1,,,,,,,2020.0,2020.0,2020.0,,,0.0,,0.0,0.0,new_v2_rate,0.0,0.0,0.0,0.0,,0.0,1,0.0,0.0
520301,2015,,prov_52,2015.0,2020.0,2020.0,2020.0,,,,,0,1,2015.0,,,start_year_only,county_year_percent_progress,,2020.0,2020.0,2020.0,,,0.0,,0.0,0.0,new_v2_rate,1.0,0.0,0.0,0.0,,0.0,1,0.0,0.0
520301,2016,,prov_52,2015.0,2020.0,2020.0,2020.0,,,,,0,1,,,,,,,2020.0,2020.0,2020.0,,,0.0,,0.0,0.0,new_v2_rate,1.0,0.0,0.0,0.0,,0.0,1,0.0,0.0
520301,2017,,prov_52,2015.0,2020.0,2020.0,2020.0,,,,,0,1,,,,,,,2020.0,2020.0,2020.0,,,0.0,,0.0,0.0,new_v2_rate,1.0,0.0,0.0,0.0,,0.0,1,0.0,0.0
520302,2009,红花岗区,贵州省,2015.0,2020.0,2020.0,2020.0,,,,,0,1,,,,,,,2020.0,2020.0,2020.0,,,0.0,,0.0,0.0,new_v2_rate,0.0,0.0,0.0,0.0,,0.0,1,0.0,0.0
520302,2010,红花岗区,贵州省,2015.0,2020.0,2020.0,2020.0,,,,,0,1,,,,,,,2020.0,2020.0,2020.0,,,0.0,,0.0,0.0,new_v2_rate,0.0,0.0,0.0,0.0,,0.0,1,0.0,0.0
520302,2011,红花岗区,贵州省,2015.0,2020.0,2020.0,2020.0,,,,,0,1,,,,,,,2020.0,2020.0,2020.0,,,0.0,,0.0,0.0,new_v2_rate,0.0,0.0,0.0,0.0,,0.0,1,0.0,0.0
520302,2012,红花岗区,贵州省,2015.0,2020.0,2020.0,2020.0,,,,,0,1,,,,,,,2020.0,2020.0,2020.0,,,0.0,,0.0,0.0,new_v2_rate,0.0,0.0,0.0,0.0,,0.0,1,0.0,0.0
520302,2013,红花岗区,贵州省,2015.0,2020.0,2020.0,2020.0,,,,,0,1,,,,,,,2020.0,2020.0,2020.0,,,0.0,,0.0,0.0,new_v2_rate,0.0,0.0,0.0,0.0,,0.0,1,0.0,0.0
520302,2014,红花岗区,贵州省,2015.0,2020.0,2020.0,2020.0,,,,,0,1,,,,,,,2020.0,2020.0,2020.0,,,0.0,,0.0,0.0,new_v2_rate,0.0,0.0,0.0,0.0,,0.0,1,0.0,0.0
520302,2015,红花岗区,贵州省,2015.0,2020.0,2020.0,2020.0,,,,,0,1,2015.0,,,start_year_only,county_year_percent_progress,,2020.0,2020.0,2020.0,,,0.0,,0.0,0.0,new_v2_rate,1.0,0.0,0.0,0.0,,0.0,1,0.0,0.0
520302,2016,红花岗区,贵州省,2015.0,2020.0,2020.0,2020.0,,,,,0,1,,,,,,,2020.0,2020.0,2020.0,,,0.0,,0.0,0.0,new_v2_rate,1.0,0.0,0.0,0.0,,0.0,1,0.0,0.0
520302,2017,红花岗区,贵州省,2015.0,2020.0,2020.0,2020.0,,,,,0,1,,,,,,,2020.0,2020.0,2020.0,,,0.0,,0.0,0.0,new_v2_rate,1.0,0.0,0.0,0.0,,0.0,1,0.0,0.0
520601,2009,,prov_52,2015.0,2020.0,2020.0,2020.0,,,,,0,1,,,,,,,2020.0,2020.0,2020.0,,,0.0,,0.0,0.0,new_v2_rate,0.0,0.0,0.0,0.0,,0.0,1,0.0,0.0
520601,2010,,prov_52,2015.0,2020.0,2020.0,2020.0,,,,,0,1,,,,,,,2020.0,2020.0,2020.0,,,0.0,,0.0,0.0,new_v2_rate,0.0,0.0,0.0,0.0,,0.0,1,0.0,0.0
520601,2011,,prov_52,2015.0,2020.0,2020.0,2020.0,,,,,0,1,,,,,,,2020.0,2020.0,2020.0,,,0.0,,0.0,0.0,new_v2_rate,0.0,0.0,0.0,0.0,,0.0,1,0.0,0.0
520601,2012,,prov_52,2015.0,2020.0,2020.0,2020.0,,,,,0,1,,,,,,,2020.0,2020.0,2020.0,,,0.0,,0.0,0.0,new_v2_rate,0.0,0.0,0.0,0.0,,0.0,1,0.0,0.0
520601,2013,,prov_52,2015.0,2020.0,2020.0,2020.0,,,,,0,1,,,,,,,2020.0,2020.0,2020.0,,,0.0,,0.0,0.0,new_v2_rate,0.0,0.0,0.0,0.0,,0.0,1,0.0,0.0
520601,2014,,prov_52,2015.0,2020.0,2020.0,2020.0,,,,,0,1,,,,,,,2020.0,2020.0,2020.0,,,0.0,,0.0,0.0,new_v2_rate,0.0,0.0,0.0,0.0,,0.0,1,0.0,0.0
520601,2015,,prov_52,2015.0,2020.0,2020.0,2020.0,,,,,0,1,2015.0,,,start_year_only,county_year_percent_progress,,2020.0,2020.0,2020.0,,,0.0,,0.0,0.0,new_v2_rate,1.0,0.0,0.0,0.0,,0.0,1,0.0,0.0
520601,2016,,prov_52,2015.0,2020.0,2020.0,2020.0,,,,,0,1,,,,,,,2020.0,2020.0,2020.0,,,0.0,,0.0,0.0,new_v2_rate,1.0,0.0,0.0,0.0,,0.0,1,0.0,0.0
520601,2017,,prov_52,2015.0,2020.0,2020.0,2020.0,,,,,0,1,,,,,,,2020.0,2020.0,2020.0,,,0.0,,0.0,0.0,new_v2_rate,1.0,0.0,0.0,0.0,,0.0,1,0.0,0.0
520701,2009,,prov_52,2015.0,2020.0,2020.0,2020.0,,,,,0,1,,,,,,,2020.0,2020.0,2020.0,,,0.0,,0.0,0.0,new_v2_rate,0.0,0.0,0.0,0.0,,0.0,1,0.0,0.0
520701,2010,,prov_52,2015.0,2020.0,2020.0,2020.0,,,,,0,1,,,,,,,2020.0,2020.0,2020.0,,,0.0,,0.0,0.0,new_v2_rate,0.0,0.0,0.0,0.0,,0.0,1,0.0,0.0
520701,2011,,prov_52,2015.0,2020.0,2020.0,2020.0,,,,,0,1,,,,,,,2020.0,2020.0,2020.0,,,0.0,,0.0,0.0,new_v2_rate,0.0,0.0,0.0,0.0,,0.0,1,0.0,0.0
520701,2012,,prov_52,2015.0,2020.0,2020.0,2020.0,,,,,0,1,,,,,,,2020.0,2020.0,2020.0,,,0.0,,0.0,0.0,new_v2_rate,0.0,0.0,0.0,0.0,,0.0,1,0.0,0.0
520701,2013,,prov_52,2015.0,2020.0,2020.0,2020.0,,,,,0,1,,,,,,,2020.0,2020.0,2020.0,,,0.0,,0.0,0.0,new_v2_rate,0.0,0.0,0.0,0.0,,0.0,1,0.0,0.0
520701,2014,,prov_52,2015.0,2020.0,2020.0,2020.0,,,,,0,1,,,,,,,2020.0,2020.0,2020.0,,,0.0,,0.0,0.0,new_v2_rate,0.0,0.0,0.0,0.0,,0.0,1,0.0,0.0
520701,2015,,prov_52,2015.0,2020.0,2020.0,2020.0,,,,,0,1,2015.0,,,start_year_only,county_year_percent_progress,,2020.0,2020.0,2020.0,,,0.0,,0.0,0.0,new_v2_rate,1.0,0.0,0.0,0.0,,0.0,1,0.0,0.0
520701,2016,,prov_52,2015.0,2020.0,2020.0,2020.0,,,,,0,1,,,,,,,2020.0,2020.0,2020.0,,,0.0,,0.0,0.0,new_v2_rate,1.0,0.0,0.0,0.0,,0.0,1,0.0,0.0
520701,2017,,prov_52,2015.0,2020.0,2020.0,2020.0,,,,,0,1,,,,,,,2020.0,2020.0,2020.0,,,0.0,,0.0,0.0,new_v2_rate,1.0,0.0,0.0,0.0,,0.0,1,0.0,0.0
520901,2009,,prov_52,2015.0,2020.0,2020.0,2020.0,,,,,0,1,,,,,,,2020.0,2020.0,2020.0,,,0.0,,0.0,0.0,new_v2_rate,0.0,0.0,0.0,0.0,,0.0,1,0.0,0.0
520901,2010,,prov_52,2015.0,2020.0,2020.0,2020.0,,,,,0,1,,,,,,,2020.0,2020.0,2020.0,,,0.0,,0.0,0.0,new_v2_rate,0.0,0.0,0.0,0.0,,0.0,1,0.0,0.0
520901,2011,,prov_52,2015.0,2020.0,2020.0,2020.0,,,,,0,1,,,,,,,2020.0,2020.0,2020.0,,,0.0,,0.0,0.0,new_v2_rate,0.0,0.0,0.0,0.0,,0.0,1,0.0,0.0
520901,2012,,prov_52,2015.0,2020.0,2020.0,2020.0,,,,,0,1,,,,,,,2020.0,2020.0,2020.0,,,0.0,,0.0,0.0,new_v2_rate,0.0,0.0,0.0,0.0,,0.0,1,0.0,0.0
520901,2013,,prov_52,2015.0,2020.0,2020.0,2020.0,,,,,0,1,,,,,,,2020.0,2020.0,2020.0,,,0.0,,0.0,0.0,new_v2_rate,0.0,0.0,0.0,0.0,,0.0,1,0.0,0.0
520901,2014,,prov_52,2015.0,2020.0,2020.0,2020.0,,,,,0,1,,,,,,,2020.0,2020.0,2020.0,,,0.0,,0.0,0.0,new_v2_rate,0.0,0.0,0.0,0.0,,0.0,1,0.0,0.0
520901,2015,,prov_52,2015.0,2020.0,2020.0,2020.0,,,,,0,1,2015.0,,,start_year_only,county_year_percent_progress,,2020.0,2020.0,2020.0,,,0.0,,0.0,0.0,new_v2_rate,1.0,0.0,0.0,0.0,,0.0,1,0.0,0.0
520901,2016,,prov_52,2015.0,2020.0,2020.0,2020.0,,,,,0,1,,,,,,,2020.0,2020.0,2020.0,,,0.0,,0.0,0.0,new_v2_rate,1.0,0.0,0.0,0.0,,0.0,1,0.0,0.0
520901,2017,,prov_52,2015.0,2020.0,2020.0,2020.0,,,,,0,1,,,,,,,2020.0,2020.0,2020.0,,,0.0,,0.0,0.0,new_v2_rate,1.0,0.0,0.0,0.0,,0.0,1,0.0,0.0
530301,2009,,prov_53,2015.0,,,,,,,,0,0,,,,,,,,,,,,,,,,,0.0,,,,,0.0,0,,
530301,2010,,prov_53,2015.0,,,,,,,,0,0,,,,,,,,,,,,,,,,,0.0,,,,,0.0,0,,
530301,2011,,prov_53,2015.0,,,,,,,,0,0,,,,,,,,,,,,,,,,,0.0,,,,,0.0,0,,
530301,2012,,prov_53,2015.0,,,,,,,,0,0,,,,,,,,,,,,,,,,,0.0,,,,,0.0,0,,
530301,2013,,prov_53,2015.0,,,,,,,,0,0,,,,,,,,,,,,,,,,,0.0,,,,,0.0,0,,
530301,2014,,prov_53,2015.0,,,,,,,,0,0,,,,,,,,,,,,,,,,,0.0,,,,,0.0,0,,
530301,2015,,prov_53,2015.0,,,,,,,,0,0,2015.0,,,start_year_only,county_year_percent_progress,,,,,,,,,,,,1.0,,,,,0.0,0,,
530301,2016,,prov_53,2015.0,,,,,,,,0,0,,,,,,,,,,,,,,,,,1.0,,,,,0.0,0,,
530301,2017,,prov_53,2015.0,,,,,,,,0,0,,,,,,,,,,,,,,,,,1.0,,,,,0.0,0,,
530302,2009,麒麟区,云南省,2015.0,,,,,,,,0,0,,,,,,,,,,,,,,,,,0.0,,,,,0.0,0,,
530302,2010,麒麟区,云南省,2015.0,,,,,,,,0,0,,,,,,,,,,,,,,,,,0.0,,,,,0.0,0,,
530302,2011,麒麟区,云南省,2015.0,,,,,,,,0,0,,,,,,,,,,,,,,,,,0.0,,,,,0.0,0,,
530302,2012,麒麟区,云南省,2015.0,,,,,,,,0,0,,,,,,,,,,,,,,,,,0.0,,,,,0.0,0,,
530302,2013,麒麟区,云南省,2015.0,,,,,,,,0,0,,,,,,,,,,,,,,,,,0.0,,,,,0.0,0,,
530302,2014,麒麟区,云南省,2015.0,,,,,,,,0,0,,,,,,,,,,,,,,,,,0.0,,,,,0.0,0,,
530302,2015,麒麟区,云南省,2015.0,,,,,,,,0,0,2015.0,,,start_year_only,county_year_percent_progress,,,,,,,,,,,,1.0,,,,,0.0,0,,
530302,2016,麒麟区,云南省,2015.0,,,,,,,,0,0,,,,,,,,,,,,,,,,,1.0,,,,,0.0,0,,
530302,2017,麒麟区,云南省,2015.0,,,,,,,,0,0,,,,,,,,,,,,,,,,,1.0,,,,,0.0,0,,
530303,2009,沾益区,云南省,2015.0,,,,,,,,0,0,,,,,,,,,,,,,,,,,0.0,,,,,0.0,0,,
530303,2010,沾益区,云南省,2015.0,,,,,,,,0,0,,,,,,,,,,,,,,,,,0.0,,,,,0.0,0,,
530303,2011,沾益区,云南省,2015.0,,,,,,,,0,0,,,,,,,,,,,,,,,,,0.0,,,,,0.0,0,,
530303,2012,沾益区,云南省,2015.0,,,,,,,,0,0,,,,,,,,,,,,,,,,,0.0,,,,,0.0,0,,
530303,2013,沾益区,云南省,2015.0,,,,,,,,0,0,,,,,,,,,,,,,,,,,0.0,,,,,0.0,0,,
530303,2014,沾益区,云南省,2015.0,,,,,,,,0,0,,,,,,,,,,,,,,,,,0.0,,,,,0.0,0,,
530303,2015,沾益区,云南省,2015.0,,,,,,,,0,0,2015.0,,,start_year_only,county_year_percent_progress,,,,,,,,,,,,1.0,,,,,0.0,0,,
530303,2016,沾益区,云南省,2015.0,,,,,,,,0,0,,,,,,,,,,,,,,,,,1.0,,,,,0.0,0,,
530303,2017,沾益区,云南省,2015.0,,,,,,,,0,0,,,,,,,,,,,,,,,,,1.0,,,,,0.0,0,,
530401,2009,,prov_53,2015.0,,,,,,,,0,0,,,,,,,,,,,,,,,,,0.0,,,,,0.0,0,,
530401,2010,,prov_53,2015.0,,,,,,,,0,0,,,,,,,,,,,,,,,,,0.0,,,,,0.0,0,,
530401,2011,,prov_53,2015.0,,,,,,,,0,0,,,,,,,,,,,,,,,,,0.0,,,,,0.0,0,,
530401,2012,,prov_53,2015.0,,,,,,,,0,0,,,,,,,,,,,,,,,,,0.0,,,,,0.0,0,,
530401,2013,,prov_53,2015.0,,,,,,,,0,0,,,,,,,,,,,,,,,,,0.0,,,,,0.0,0,,
530401,2014,,prov_53,2015.0,,,,,,,,0,0,,,,,,,,,,,,,,,,,0.0,,,,,0.0,0,,
530401,2015,,prov_53,2015.0,,,,,,,,0,0,2015.0,,,start_year_only,county_year_percent_progress,,,,,,,,,,,,1.0,,,,,0.0,0,,
530401,2016,,prov_53,2015.0,,,,,,,,0,0,,,,,,,,,,,,,,,,,1.0,,,,,0.0,0,,
530401,2017,,prov_53,2015.0,,,,,,,,0,0,,,,,,,,,,,,,,,,,1.0,,,,,0.0,0,,
530402,2009,红塔区,云南省,2015.0,,,,,,,,0,0,,,,,,,,,,,,,,,,,0.0,,,,,0.0,0,,
530402,2010,红塔区,云南省,2015.0,,,,,,,,0,0,,,,,,,,,,,,,,,,,0.0,,,,,0.0,0,,
530402,2011,红塔区,云南省,2015.0,,,,,,,,0,0,,,,,,,,,,,,,,,,,0.0,,,,,0.0,0,,
530402,2012,红塔区,云南省,2015.0,,,,,,,,0,0,,,,,,,,,,,,,,,,,0.0,,,,,0.0,0,,
530402,2013,红塔区,云南省,2015.0,,,,,,,,0,0,,,,,,,,,,,,,,,,,0.0,,,,,0.0,0,,
530402,2014,红塔区,云南省,2015.0,,,,,,,,0,0,,,,,,,,,,,,,,,,,0.0,,,,,0.0,0,,
530402,2015,红塔区,云南省,2015.0,,,,,,,,0,0,2015.0,,,start_year_only,county_year_percent_progress,,,,,,,,,,,,1.0,,,,,0.0,0,,
530402,2016,红塔区,云南省,2015.0,,,,,,,,0,0,,,,,,,,,,,,,,,,,1.0,,,,,0.0,0,,
530402,2017,红塔区,云南省,2015.0,,,,,,,,0,0,,,,,,,,,,,,,,,,,1.0,,,,,0.0,0,,
530501,2009,,prov_53,2015.0,,,,,,,,0,0,,,,,,,,,,,,,,,,,0.0,,,,,0.0,0,,
530501,2010,,prov_53,2015.0,,,,,,,,0,0,,,,,,,,,,,,,,,,,0.0,,,,,0.0,0,,
530501,2011,,prov_53,2015.0,,,,,,,,0,0,,,,,,,,,,,,,,,,,0.0,,,,,0.0,0,,
530501,2012,,prov_53,2015.0,,,,,,,,0,0,,,,,,,,,,,,,,,,,0.0,,,,,0.0,0,,
530501,2013,,prov_53,2015.0,,,,,,,,0,0,,,,,,,,,,,,,,,,,0.0,,,,,0.0,0,,
530501,2014,,prov_53,2015.0,,,,,,,,0,0,,,,,,,,,,,,,,,,,0.0,,,,,0.0,0,,
530501,2015,,prov_53,2015.0,,,,,,,,0,0,2015.0,,,start_year_only,county_year_percent_progress,,,,,,,,,,,,1.0,,,,,0.0,0,,
530501,2016,,prov_53,2015.0,,,,,,,,0,0,,,,,,,,,,,,,,,,,1.0,,,,,0.0,0,,
530501,2017,,prov_53,2015.0,,,,,,,,0,0,,,,,,,,,,,,,,,,,1.0,,,,,0.0,0,,
530502,2009,隆阳区,云南省,2015.0,,,,,,,,0,0,,,,,,,,,,,,,,,,,0.0,,,,,0.0,0,,
530502,2010,隆阳区,云南省,2015.0,,,,,,,,0,0,,,,,,,,,,,,,,,,,0.0,,,,,0.0,0,,
530502,2011,隆阳区,云南省,2015.0,,,,,,,,0,0,,,,,,,,,,,,,,,,,0.0,,,,,0.0,0,,
530502,2012,隆阳区,云南省,2015.0,,,,,,,,0,0,,,,,,,,,,,,,,,,,0.0,,,,,0.0,0,,
530502,2013,隆阳区,云南省,2015.0,,,,,,,,0,0,,,,,,,,,,,,,,,,,0.0,,,,,0.0,0,,
530502,2014,隆阳区,云南省,2015.0,,,,,,,,0,0,,,,,,,,,,,,,,,,,0.0,,,,,0.0,0,,
530502,2015,隆阳区,云南省,2015.0,,,,,,,,0,0,2015.0,,,start_year_only,county_year_percent_progress,,,,,,,,,,,,1.0,,,,,0.0,0,,
530502,2016,隆阳区,云南省,2015.0,,,,,,,,0,0,,,,,,,,,,,,,,,,,1.0,,,,,0.0,0,,
530502,2017,隆阳区,云南省,2015.0,,,,,,,,0,0,,,,,,,,,,,,,,,,,1.0,,,,,0.0,0,,
530601,2009,,prov_53,2015.0,,,,,,,,0,0,,,,,,,,,,,,,,,,,0.0,,,,,0.0,0,,
530601,2010,,prov_53,2015.0,,,,,,,,0,0,,,,,,,,,,,,,,,,,0.0,,,,,0.0,0,,
530601,2011,,prov_53,2015.0,,,,,,,,0,0,,,,,,,,,,,,,,,,,0.0,,,,,0.0,0,,
530601,2012,,prov_53,2015.0,,,,,,,,0,0,,,,,,,,,,,,,,,,,0.0,,,,,0.0,0,,
530601,2013,,prov_53,2015.0,,,,,,,,0,0,,,,,,,,,,,,,,,,,0.0,,,,,0.0,0,,
530601,2014,,prov_53,2015.0,,,,,,,,0,0,,,,,,,,,,,,,,,,,0.0,,,,,0.0,0,,
530601,2015,,prov_53,2015.0,,,,,,,,0,0,2015.0,,,start_year_only,county_year_percent_progress,,,,,,,,,,,,1.0,,,,,0.0,0,,
530601,2016,,prov_53,2015.0,,,,,,,,0,0,,,,,,,,,,,,,,,,,1.0,,,,,0.0,0,,
530601,2017,,prov_53,2015.0,,,,,,,,0,0,,,,,,,,,,,,,,,,,1.0,,,,,0.0,0,,
530801,2009,,prov_53,2015.0,,,,,,,,0,0,,,,,,,,,,,,,,,,,0.0,,,,,0.0,0,,
530801,2010,,prov_53,2015.0,,,,,,,,0,0,,,,,,,,,,,,,,,,,0.0,,,,,0.0,0,,
530801,2011,,prov_53,2015.0,,,,,,,,0,0,,,,,,,,,,,,,,,,,0.0,,,,,0.0,0,,
530801,2012,,prov_53,2015.0,,,,,,,,0,0,,,,,,,,,,,,,,,,,0.0,,,,,0.0,0,,
530801,2013,,prov_53,2015.0,,,,,,,,0,0,,,,,,,,,,,,,,,,,0.0,,,,,0.0,0,,
530801,2014,,prov_53,2015.0,,,,,,,,0,0,,,,,,,,,,,,,,,,,0.0,,,,,0.0,0,,
530801,2015,,prov_53,2015.0,,,,,,,,0,0,2015.0,,,start_year_only,county_year_percent_progress,,,,,,,,,,,,1.0,,,,,0.0,0,,
530801,2016,,prov_53,2015.0,,,,,,,,0,0,,,,,,,,,,,,,,,,,1.0,,,,,0.0,0,,
530801,2017,,prov_53,2015.0,,,,,,,,0,0,,,,,,,,,,,,,,,,,1.0,,,,,0.0,0,,
530802,2009,思茅区,云南省,2015.0,,,,,,,,0,0,,,,,,,,,,,,,,,,,0.0,,,,,0.0,0,,
530802,2010,思茅区,云南省,2015.0,,,,,,,,0,0,,,,,,,,,,,,,,,,,0.0,,,,,0.0,0,,
530802,2011,思茅区,云南省,2015.0,,,,,,,,0,0,,,,,,,,,,,,,,,,,0.0,,,,,0.0,0,,
530802,2012,思茅区,云南省,2015.0,,,,,,,,0,0,,,,,,,,,,,,,,,,,0.0,,,,,0.0,0,,
530802,2013,思茅区,云南省,2015.0,,,,,,,,0,0,,,,,,,,,,,,,,,,,0.0,,,,,0.0,0,,
530802,2014,思茅区,云南省,2015.0,,,,,,,,0,0,,,,,,,,,,,,,,,,,0.0,,,,,0.0,0,,
530802,2015,思茅区,云南省,2015.0,,,,,,,,0,0,2015.0,,,start_year_only,county_year_percent_progress,,,,,,,,,,,,1.0,,,,,0.0,0,,
530802,2016,思茅区,云南省,2015.0,,,,,,,,0,0,,,,,,,,,,,,,,,,,1.0,,,,,0.0,0,,
530802,2017,思茅区,云南省,2015.0,,,,,,,,0,0,,,,,,,,,,,,,,,,,1.0,,,,,0.0,0,,
530901,2009,,prov_53,2015.0,,,,,,,,0,0,,,,,,,,,,,,,,,,,0.0,,,,,0.0,0,,
530901,2010,,prov_53,2015.0,,,,,,,,0,0,,,,,,,,,,,,,,,,,0.0,,,,,0.0,0,,
530901,2011,,prov_53,2015.0,,,,,,,,0,0,,,,,,,,,,,,,,,,,0.0,,,,,0.0,0,,
530901,2012,,prov_53,2015.0,,,,,,,,0,0,,,,,,,,,,,,,,,,,0.0,,,,,0.0,0,,
530901,2013,,prov_53,2015.0,,,,,,,,0,0,,,,,,,,,,,,,,,,,0.0,,,,,0.0,0,,
530901,2014,,prov_53,2015.0,,,,,,,,0,0,,,,,,,,,,,,,,,,,0.0,,,,,0.0,0,,
530901,2015,,prov_53,2015.0,,,,,,,,0,0,2015.0,,,start_year_only,county_year_percent_progress,,,,,,,,,,,,1.0,,,,,0.0,0,,
530901,2016,,prov_53,2015.0,,,,,,,,0,0,,,,,,,,,,,,,,,,,1.0,,,,,0.0,0,,
530901,2017,,prov_53,2015.0,,,,,,,,0,0,,,,,,,,,,,,,,,,,1.0,,,,,0.0,0,,
531001,2009,,prov_53,2015.0,,,,,,,,0,0,,,,,,,,,,,,,,,,,0.0,,,,,0.0,0,,
531001,2010,,prov_53,2015.0,,,,,,,,0,0,,,,,,,,,,,,,,,,,0.0,,,,,0.0,0,,
531001,2011,,prov_53,2015.0,,,,,,,,0,0,,,,,,,,,,,,,,,,,0.0,,,,,0.0,0,,
531001,2012,,prov_53,2015.0,,,,,,,,0,0,,,,,,,,,,,,,,,,,0.0,,,,,0.0,0,,
531001,2013,,prov_53,2015.0,,,,,,,,0,0,,,,,,,,,,,,,,,,,0.0,,,,,0.0,0,,
531001,2014,,prov_53,2015.0,,,,,,,,0,0,,,,,,,,,,,,,,,,,0.0,,,,,0.0,0,,
531001,2015,,prov_53,2015.0,,,,,,,,0,0,2015.0,,,start_year_only,county_year_percent_progress,,,,,,,,,,,,1.0,,,,,0.0,0,,
531001,2016,,prov_53,2015.0,,,,,,,,0,0,,,,,,,,,,,,,,,,,1.0,,,,,0.0,0,,
531001,2017,,prov_53,2015.0,,,,,,,,0,0,,,,,,,,,,,,,,,,,1.0,,,,,0.0,0,,
531002,2009,,prov_53,2015.0,,,,,,,,0,0,,,,,,,,,,,,,,,,,0.0,,,,,0.0,0,,
531002,2010,,prov_53,2015.0,,,,,,,,0,0,,,,,,,,,,,,,,,,,0.0,,,,,0.0,0,,
531002,2011,,prov_53,2015.0,,,,,,,,0,0,,,,,,,,,,,,,,,,,0.0,,,,,0.0,0,,
531002,2012,,prov_53,2015.0,,,,,,,,0,0,,,,,,,,,,,,,,,,,0.0,,,,,0.0,0,,
531002,2013,,prov_53,2015.0,,,,,,,,0,0,,,,,,,,,,,,,,,,,0.0,,,,,0.0,0,,
531002,2014,,prov_53,2015.0,,,,,,,,0,0,,,,,,,,,,,,,,,,,0.0,,,,,0.0,0,,
531002,2015,,prov_53,2015.0,,,,,,,,0,0,2015.0,,,start_year_only,county_year_percent_progress,,,,,,,,,,,,1.0,,,,,0.0,0,,
531002,2016,,prov_53,2015.0,,,,,,,,0,0,,,,,,,,,,,,,,,,,1.0,,,,,0.0,0,,
531002,2017,,prov_53,2015.0,,,,,,,,0,0,,,,,,,,,,,,,,,,,1.0,,,,,0.0,0,,
531101,2009,,prov_53,2015.0,,,,,,,,0,0,,,,,,,,,,,,,,,,,0.0,,,,,0.0,0,,
531101,2010,,prov_53,2015.0,,,,,,,,0,0,,,,,,,,,,,,,,,,,0.0,,,,,0.0,0,,
531101,2011,,prov_53,2015.0,,,,,,,,0,0,,,,,,,,,,,,,,,,,0.0,,,,,0.0,0,,
531101,2012,,prov_53,2015.0,,,,,,,,0,0,,,,,,,,,,,,,,,,,0.0,,,,,0.0,0,,
531101,2013,,prov_53,2015.0,,,,,,,,0,0,,,,,,,,,,,,,,,,,0.0,,,,,0.0,0,,
531101,2014,,prov_53,2015.0,,,,,,,,0,0,,,,,,,,,,,,,,,,,0.0,,,,,0.0,0,,
531101,2015,,prov_53,2015.0,,,,,,,,0,0,2015.0,,,start_year_only,county_year_percent_progress,,,,,,,,,,,,1.0,,,,,0.0,0,,
531101,2016,,prov_53,2015.0,,,,,,,,0,0,,,,,,,,,,,,,,,,,1.0,,,,,0.0,0,,
531101,2017,,prov_53,2015.0,,,,,,,,0,0,,,,,,,,,,,,,,,,,1.0,,,,,0.0,0,,
610101,2009,,陕西省,2015.0,,,,,,,,1,0,,,,,,,,,,,,,,,,,0.0,,,,,0.0,0,,
610101,2010,,陕西省,2015.0,,,,,,,,1,0,,,,,,,,,,,,,,,,,0.0,,,,,0.0,0,,
610101,2011,,陕西省,2015.0,,,,,,,,1,0,,,,,,,,,,,,,,,,,0.0,,,,,0.0,0,,
610101,2012,,陕西省,2015.0,,,,,,,,1,0,,,,,,,,,,,,,,,,,0.0,,,,,0.0,0,,
610101,2013,,陕西省,2015.0,,,,,,,,1,0,,,,,,,,,,,,,,,,,0.0,,,,,0.0,0,,
610101,2014,,陕西省,2015.0,,,,,,,,1,0,,,,,,,,,,,,,,,,,0.0,,,,,0.0,0,,
610101,2015,,陕西省,2015.0,,,,,,,,1,0,2015.0,,,start_year_only,county_year_percent_progress,,,,,,,,,,,,1.0,,,,,0.0,0,,
610101,2016,,陕西省,2015.0,,,,,,,,1,0,,,,,,,,,,,,,,,,,1.0,,,,,0.0,0,,
610101,2017,,陕西省,2015.0,,,,,,,,1,0,2015.0,,0.904,annual_rate,county_year_percent_progress,,,,,,,,0.904,,0.904,old_std_rate,1.0,,,,,0.904,1,1.0,1.0
610102,2009,新城区,陕西省,2015.0,,,,,,,,1,0,,,,,,,,,,,,,,,,,0.0,,,,,0.0,0,,
610102,2010,新城区,陕西省,2015.0,,,,,,,,1,0,,,,,,,,,,,,,,,,,0.0,,,,,0.0,0,,
610102,2011,新城区,陕西省,2015.0,,,,,,,,1,0,,,,,,,,,,,,,,,,,0.0,,,,,0.0,0,,
610102,2012,新城区,陕西省,2015.0,,,,,,,,1,0,,,,,,,,,,,,,,,,,0.0,,,,,0.0,0,,
610102,2013,新城区,陕西省,2015.0,,,,,,,,1,0,,,,,,,,,,,,,,,,,0.0,,,,,0.0,0,,
610102,2014,新城区,陕西省,2015.0,,,,,,,,1,0,,,,,,,,,,,,,,,,,0.0,,,,,0.0,0,,
610102,2015,新城区,陕西省,2015.0,,,,,,,,1,0,2015.0,,,start_year_only,county_year_percent_progress,,,,,,,,,,,,1.0,,,,,0.0,0,,
610102,2016,新城区,陕西省,2015.0,,,,,,,,1,0,,,,,,,,,,,,,,,,,1.0,,,,,0.0,0,,
610102,2017,新城区,陕西省,2015.0,,,,,,,,1,0,2015.0,,0.904,annual_rate,county_year_percent_progress,,,,,,,,0.904,,0.904,old_std_rate,1.0,,,,,0.904,1,1.0,1.0
610103,2009,碑林区,陕西省,2015.0,,,,,,,,1,0,,,,,,,,,,,,,,,,,0.0,,,,,0.0,0,,
610103,2010,碑林区,陕西省,2015.0,,,,,,,,1,0,,,,,,,,,,,,,,,,,0.0,,,,,0.0,0,,
610103,2011,碑林区,陕西省,2015.0,,,,,,,,1,0,,,,,,,,,,,,,,,,,0.0,,,,,0.0,0,,
610103,2012,碑林区,陕西省,2015.0,,,,,,,,1,0,,,,,,,,,,,,,,,,,0.0,,,,,0.0,0,,
610103,2013,碑林区,陕西省,2015.0,,,,,,,,1,0,,,,,,,,,,,,,,,,,0.0,,,,,0.0,0,,
610103,2014,碑林区,陕西省,2015.0,,,,,,,,1,0,,,,,,,,,,,,,,,,,0.0,,,,,0.0,0,,
610103,2015,碑林区,陕西省,2015.0,,,,,,,,1,0,2015.0,,,start_year_only,county_year_percent_progress,,,,,,,,,,,,1.0,,,,,0.0,0,,
610103,2016,碑林区,陕西省,2015.0,,,,,,,,1,0,,,,,,,,,,,,,,,,,1.0,,,,,0.0,0,,
610103,2017,碑林区,陕西省,2015.0,,,,,,,,1,0,2015.0,,0.904,annual_rate,county_year_percent_progress,,,,,,,,0.904,,0.904,old_std_rate,1.0,,,,,0.904,1,1.0,1.0
610201,2009,,陕西省,2015.0,,,,,,,,0,0,,,,,,,,,,,,,,,,,0.0,,,,,0.0,0,,
610201,2010,,陕西省,2015.0,,,,,,,,0,0,,,,,,,,,,,,,,,,,0.0,,,,,0.0,0,,
610201,2011,,陕西省,2015.0,,,,,,,,0,0,,,,,,,,,,,,,,,,,0.0,,,,,0.0,0,,
610201,2012,,陕西省,2015.0,,,,,,,,0,0,,,,,,,,,,,,,,,,,0.0,,,,,0.0,0,,
610201,2013,,陕西省,2015.0,,,,,,,,0,0,,,,,,,,,,,,,,,,,0.0,,,,,0.0,0,,
610201,2014,,陕西省,2015.0,,,,,,,,0,0,,,,,,,,,,,,,,,,,0.0,,,,,0.0,0,,
610201,2015,,陕西省,2015.0,,,,,,,,0,0,2015.0,,,start_year_only,county_year_percent_progress,,,,,,,,,,,,1.0,,,,,0.0,0,,
610201,2016,,陕西省,2015.0,,,,,,,,0,0,,,,,,,,,,,,,,,,,1.0,,,,,0.0,0,,
610201,2017,,陕西省,2015.0,,,,,,,,0,0,2015.0,,0.904,annual_rate,county_year_percent_progress,,,,,,,,0.904,,0.904,old_std_rate,1.0,,,,,0.904,1,1.0,1.0
610202,2009,王益区,陕西省,2015.0,,,,,,,,0,0,,,,,,,,,,,,,,,,,0.0,,,,,0.0,0,,
610202,2010,王益区,陕西省,2015.0,,,,,,,,0,0,,,,,,,,,,,,,,,,,0.0,,,,,0.0,0,,
610202,2011,王益区,陕西省,2015.0,,,,,,,,0,0,,,,,,,,,,,,,,,,,0.0,,,,,0.0,0,,
610202,2012,王益区,陕西省,2015.0,,,,,,,,0,0,,,,,,,,,,,,,,,,,0.0,,,,,0.0,0,,
610202,2013,王益区,陕西省,2015.0,,,,,,,,0,0,,,,,,,,,,,,,,,,,0.0,,,,,0.0,0,,
610202,2014,王益区,陕西省,2015.0,,,,,,,,0,0,,,,,,,,,,,,,,,,,0.0,,,,,0.0,0,,
610202,2015,王益区,陕西省,2015.0,,,,,,,,0,0,2015.0,,,start_year_only,county_year_percent_progress,,,,,,,,,,,,1.0,,,,,0.0,0,,
610202,2016,王益区,陕西省,2015.0,,,,,,,,0,0,,,,,,,,,,,,,,,,,1.0,,,,,0.0,0,,
610202,2017,王益区,陕西省,2015.0,,,,,,,,0,0,2015.0,,0.904,annual_rate,county_year_percent_progress,,,,,,,,0.904,,0.904,old_std_rate,1.0,,,,,0.904,1,1.0,1.0
610203,2009,印台区,陕西省,2015.0,,,,,,,,0,0,,,,,,,,,,,,,,,,,0.0,,,,,0.0,0,,
610203,2010,印台区,陕西省,2015.0,,,,,,,,0,0,,,,,,,,,,,,,,,,,0.0,,,,,0.0,0,,
610203,2011,印台区,陕西省,2015.0,,,,,,,,0,0,,,,,,,,,,,,,,,,,0.0,,,,,0.0,0,,
610203,2012,印台区,陕西省,2015.0,,,,,,,,0,0,,,,,,,,,,,,,,,,,0.0,,,,,0.0,0,,
610203,2013,印台区,陕西省,2015.0,,,,,,,,0,0,,,,,,,,,,,,,,,,,0.0,,,,,0.0,0,,
610203,2014,印台区,陕西省,2015.0,,,,,,,,0,0,,,,,,,,,,,,,,,,,0.0,,,,,0.0,0,,
610203,2015,印台区,陕西省,2015.0,,,,,,,,0,0,2015.0,,,start_year_only,county_year_percent_progress,,,,,,,,,,,,1.0,,,,,0.0,0,,
610203,2016,印台区,陕西省,2015.0,,,,,,,,0,0,,,,,,,,,,,,,,,,,1.0,,,,,0.0,0,,
610203,2017,印台区,陕西省,2015.0,,,,,,,,0,0,2015.0,,0.904,annual_rate,county_year_percent_progress,,,,,,,,0.904,,0.904,old_std_rate,1.0,,,,,0.904,1,1.0,1.0
610204,2009,耀州区,陕西省,2015.0,,,,,,,,0,0,,,,,,,,,,,,,,,,,0.0,,,,,0.0,0,,
610204,2010,耀州区,陕西省,2015.0,,,,,,,,0,0,,,,,,,,,,,,,,,,,0.0,,,,,0.0,0,,
610204,2011,耀州区,陕西省,2015.0,,,,,,,,0,0,,,,,,,,,,,,,,,,,0.0,,,,,0.0,0,,
610204,2012,耀州区,陕西省,2015.0,,,,,,,,0,0,,,,,,,,,,,,,,,,,0.0,,,,,0.0,0,,
610204,2013,耀州区,陕西省,2015.0,,,,,,,,0,0,,,,,,,,,,,,,,,,,0.0,,,,,0.0,0,,
610204,2014,耀州区,陕西省,2015.0,,,,,,,,0,0,,,,,,,,,,,,,,,,,0.0,,,,,0.0,0,,
610204,2015,耀州区,陕西省,2015.0,,,,,,,,0,0,2015.0,,,start_year_only,county_year_percent_progress,,,,,,,,,,,,1.0,,,,,0.0,0,,
610204,2016,耀州区,陕西省,2015.0,,,,,,,,0,0,,,,,,,,,,,,,,,,,1.0,,,,,0.0,0,,
610204,2017,耀州区,陕西省,2015.0,,,,,,,,0,0,2015.0,,0.904,annual_rate,county_year_percent_progress,,,,,,,,0.904,,0.904,old_std_rate,1.0,,,,,0.904,1,1.0,1.0
610401,2009,,陕西省,2015.0,,,,,,,,0,0,,,,,,,,,,,,,,,,,0.0,,,,,0.0,0,,
610401,2010,,陕西省,2015.0,,,,,,,,0,0,,,,,,,,,,,,,,,,,0.0,,,,,0.0,0,,
610401,2011,,陕西省,2015.0,,,,,,,,0,0,,,,,,,,,,,,,,,,,0.0,,,,,0.0,0,,
610401,2012,,陕西省,2015.0,,,,,,,,0,0,,,,,,,,,,,,,,,,,0.0,,,,,0.0,0,,
610401,2013,,陕西省,2015.0,,,,,,,,0,0,,,,,,,,,,,,,,,,,0.0,,,,,0.0,0,,
610401,2014,,陕西省,2015.0,,,,,,,,0,0,,,,,,,,,,,,,,,,,0.0,,,,,0.0,0,,
610401,2015,,陕西省,2015.0,,,,,,,,0,0,2015.0,,,start_year_only,county_year_percent_progress,,,,,,,,,,,,1.0,,,,,0.0,0,,
610401,2016,,陕西省,2015.0,,,,,,,,0,0,,,,,,,,,,,,,,,,,1.0,,,,,0.0,0,,
610401,2017,,陕西省,2015.0,,,,,,,,0,0,2015.0,,0.904,annual_rate,county_year_percent_progress,,,,,,,,0.904,,0.904,old_std_rate,1.0,,,,,0.904,1,1.0,1.0
610801,2009,,陕西省,2015.0,,,,,,,,0,0,,,,,,,,,,,,,,,,,0.0,,,,,0.0,0,,
610801,2010,,陕西省,2015.0,,,,,,,,0,0,,,,,,,,,,,,,,,,,0.0,,,,,0.0,0,,
610801,2011,,陕西省,2015.0,,,,,,,,0,0,,,,,,,,,,,,,,,,,0.0,,,,,0.0,0,,
610801,2012,,陕西省,2015.0,,,,,,,,0,0,,,,,,,,,,,,,,,,,0.0,,,,,0.0,0,,
610801,2013,,陕西省,2015.0,,,,,,,,0,0,,,,,,,,,,,,,,,,,0.0,,,,,0.0,0,,
610801,2014,,陕西省,2015.0,,,,,,,,0,0,,,,,,,,,,,,,,,,,0.0,,,,,0.0,0,,
610801,2015,,陕西省,2015.0,,,,,,,,0,0,2015.0,,,start_year_only,county_year_percent_progress,,,,,,,,,,,,1.0,,,,,0.0,0,,
610801,2016,,陕西省,2015.0,,,,,,,,0,0,,,,,,,,,,,,,,,,,1.0,,,,,0.0,0,,
610801,2017,,陕西省,2015.0,,,,,,,,0,0,2015.0,,0.904,annual_rate,county_year_percent_progress,,,,,,,,0.904,,0.904,old_std_rate,1.0,,,,,0.904,1,1.0,1.0
610901,2009,,陕西省,2015.0,,,,,,,,0,0,,,,,,,,,,,,,,,,,0.0,,,,,0.0,0,,
610901,2010,,陕西省,2015.0,,,,,,,,0,0,,,,,,,,,,,,,,,,,0.0,,,,,0.0,0,,
610901,2011,,陕西省,2015.0,,,,,,,,0,0,,,,,,,,,,,,,,,,,0.0,,,,,0.0,0,,
610901,2012,,陕西省,2015.0,,,,,,,,0,0,,,,,,,,,,,,,,,,,0.0,,,,,0.0,0,,
610901,2013,,陕西省,2015.0,,,,,,,,0,0,,,,,,,,,,,,,,,,,0.0,,,,,0.0,0,,
610901,2014,,陕西省,2015.0,,,,,,,,0,0,,,,,,,,,,,,,,,,,0.0,,,,,0.0,0,,
610901,2015,,陕西省,2015.0,,,,,,,,0,0,2015.0,,,start_year_only,county_year_percent_progress,,,,,,,,,,,,1.0,,,,,0.0,0,,
610901,2016,,陕西省,2015.0,,,,,,,,0,0,,,,,,,,,,,,,,,,,1.0,,,,,0.0,0,,
610901,2017,,陕西省,2015.0,,,,,,,,0,0,2015.0,,0.904,annual_rate,county_year_percent_progress,,,,,,,,0.904,,0.904,old_std_rate,1.0,,,,,0.904,1,1.0,1.0
611201,2009,,陕西省,2015.0,,,,,,,,0,0,,,,,,,,,,,,,,,,,0.0,,,,,0.0,0,,
611201,2010,,陕西省,2015.0,,,,,,,,0,0,,,,,,,,,,,,,,,,,0.0,,,,,0.0,0,,
611201,2011,,陕西省,2015.0,,,,,,,,0,0,,,,,,,,,,,,,,,,,0.0,,,,,0.0,0,,
611201,2012,,陕西省,2015.0,,,,,,,,0,0,,,,,,,,,,,,,,,,,0.0,,,,,0.0,0,,
611201,2013,,陕西省,2015.0,,,,,,,,0,0,,,,,,,,,,,,,,,,,0.0,,,,,0.0,0,,
611201,2014,,陕西省,2015.0,,,,,,,,0,0,,,,,,,,,,,,,,,,,0.0,,,,,0.0,0,,
611201,2015,,陕西省,2015.0,,,,,,,,0,0,2015.0,,,start_year_only,county_year_percent_progress,,,,,,,,,,,,1.0,,,,,0.0,0,,
611201,2016,,陕西省,2015.0,,,,,,,,0,0,,,,,,,,,,,,,,,,,1.0,,,,,0.0,0,,
611201,2017,,陕西省,2015.0,,,,,,,,0,0,2015.0,,0.904,annual_rate,county_year_percent_progress,,,,,,,,0.904,,0.904,old_std_rate,1.0,,,,,0.904,1,1.0,1.0
611202,2009,,陕西省,2015.0,,,,,,,,0,0,,,,,,,,,,,,,,,,,0.0,,,,,0.0,0,,
611202,2010,,陕西省,2015.0,,,,,,,,0,0,,,,,,,,,,,,,,,,,0.0,,,,,0.0,0,,
611202,2011,,陕西省,2015.0,,,,,,,,0,0,,,,,,,,,,,,,,,,,0.0,,,,,0.0,0,,
611202,2012,,陕西省,2015.0,,,,,,,,0,0,,,,,,,,,,,,,,,,,0.0,,,,,0.0,0,,
611202,2013,,陕西省,2015.0,,,,,,,,0,0,,,,,,,,,,,,,,,,,0.0,,,,,0.0,0,,
611202,2014,,陕西省,2015.0,,,,,,,,0,0,,,,,,,,,,,,,,,,,0.0,,,,,0.0,0,,
611202,2015,,陕西省,2015.0,,,,,,,,0,0,2015.0,,,start_year_only,county_year_percent_progress,,,,,,,,,,,,1.0,,,,,0.0,0,,
611202,2016,,陕西省,2015.0,,,,,,,,0,0,,,,,,,,,,,,,,,,,1.0,,,,,0.0,0,,
611202,2017,,陕西省,2015.0,,,,,,,,0,0,2015.0,,0.904,annual_rate,county_year_percent_progress,,,,,,,,0.904,,0.904,old_std_rate,1.0,,,,,0.904,1,1.0,1.0
611301,2009,,陕西省,2015.0,,,,,,,,0,0,,,,,,,,,,,,,,,,,0.0,,,,,0.0,0,,
611301,2010,,陕西省,2015.0,,,,,,,,0,0,,,,,,,,,,,,,,,,,0.0,,,,,0.0,0,,
611301,2011,,陕西省,2015.0,,,,,,,,0,0,,,,,,,,,,,,,,,,,0.0,,,,,0.0,0,,
611301,2012,,陕西省,2015.0,,,,,,,,0,0,,,,,,,,,,,,,,,,,0.0,,,,,0.0,0,,
611301,2013,,陕西省,2015.0,,,,,,,,0,0,,,,,,,,,,,,,,,,,0.0,,,,,0.0,0,,
611301,2014,,陕西省,2015.0,,,,,,,,0,0,,,,,,,,,,,,,,,,,0.0,,,,,0.0,0,,
611301,2015,,陕西省,2015.0,,,,,,,,0,0,2015.0,,,start_year_only,county_year_percent_progress,,,,,,,,,,,,1.0,,,,,0.0,0,,
611301,2016,,陕西省,2015.0,,,,,,,,0,0,,,,,,,,,,,,,,,,,1.0,,,,,0.0,0,,
611301,2017,,陕西省,2015.0,,,,,,,,0,0,2015.0,,0.904,annual_rate,county_year_percent_progress,,,,,,,,0.904,,0.904,old_std_rate,1.0,,,,,0.904,1,1.0,1.0
611302,2009,,陕西省,2015.0,,,,,,,,0,0,,,,,,,,,,,,,,,,,0.0,,,,,0.0,0,,
611302,2010,,陕西省,2015.0,,,,,,,,0,0,,,,,,,,,,,,,,,,,0.0,,,,,0.0,0,,
611302,2011,,陕西省,2015.0,,,,,,,,0,0,,,,,,,,,,,,,,,,,0.0,,,,,0.0,0,,
611302,2012,,陕西省,2015.0,,,,,,,,0,0,,,,,,,,,,,,,,,,,0.0,,,,,0.0,0,,
611302,2013,,陕西省,2015.0,,,,,,,,0,0,,,,,,,,,,,,,,,,,0.0,,,,,0.0,0,,
611302,2014,,陕西省,2015.0,,,,,,,,0,0,,,,,,,,,,,,,,,,,0.0,,,,,0.0,0,,
611302,2015,,陕西省,2015.0,,,,,,,,0,0,2015.0,,,start_year_only,county_year_percent_progress,,,,,,,,,,,,1.0,,,,,0.0,0,,
611302,2016,,陕西省,2015.0,,,,,,,,0,0,,,,,,,,,,,,,,,,,1.0,,,,,0.0,0,,
611302,2017,,陕西省,2015.0,,,,,,,,0,0,2015.0,,0.904,annual_rate,county_year_percent_progress,,,,,,,,0.904,,0.904,old_std_rate,1.0,,,,,0.904,1,1.0,1.0
620101,2009,,甘肃省,2015.0,,,,,,,,1,0,,,,,,,,,,,,,,,,,0.0,,,,,0.0,0,,
620101,2010,,甘肃省,2015.0,,,,,,,,1,0,,,,,,,,,,,,,,,,,0.0,,,,,0.0,0,,
620101,2011,,甘肃省,2015.0,,,,,,,,1,0,,,,,,,,,,,,,,,,,0.0,,,,,0.0,0,,
620101,2012,,甘肃省,2015.0,,,,,,,,1,0,,,,,,,,,,,,,,,,,0.0,,,,,0.0,0,,
620101,2013,,甘肃省,2015.0,,,,,,,,1,0,,,,,,,,,,,,,,,,,0.0,,,,,0.0,0,,
620101,2014,,甘肃省,2015.0,,,,,,,,1,0,,,,,,,,,,,,,,,,,0.0,,,,,0.0,0,,
620101,2015,,甘肃省,2015.0,,,,,,,,1,0,2015.0,,,start_year_only,county_year_percent_progress,,,,,,,,,,,,1.0,,,,,0.0,0,,
620101,2016,,甘肃省,2015.0,,,,,,,,1,0,,,,,,,,,,,,,,,,,1.0,,,,,0.0,0,,
620101,2017,,甘肃省,2015.0,,,,,,,,1,0,,,,,,,,,,,,,,,,,1.0,,,,,0.0,0,,
620102,2009,城关区,甘肃省,2015.0,,,,,,,,1,0,,,,,,,,,,,,,,,,,0.0,,,,,0.0,0,,
620102,2010,城关区,甘肃省,2015.0,,,,,,,,1,0,,,,,,,,,,,,,,,,,0.0,,,,,0.0,0,,
620102,2011,城关区,甘肃省,2015.0,,,,,,,,1,0,,,,,,,,,,,,,,,,,0.0,,,,,0.0,0,,
620102,2012,城关区,甘肃省,2015.0,,,,,,,,1,0,,,,,,,,,,,,,,,,,0.0,,,,,0.0,0,,
620102,2013,城关区,甘肃省,2015.0,,,,,,,,1,0,,,,,,,,,,,,,,,,,0.0,,,,,0.0,0,,
620102,2014,城关区,甘肃省,2015.0,,,,,,,,1,0,,,,,,,,,,,,,,,,,0.0,,,,,0.0,0,,
620102,2015,城关区,甘肃省,2015.0,,,,,,,,1,0,2015.0,,,start_year_only,county_year_percent_progress,,,,,,,,,,,,1.0,,,,,0.0,0,,
620102,2016,城关区,甘肃省,2015.0,,,,,,,,1,0,,,,,,,,,,,,,,,,,1.0,,,,,0.0,0,,
620102,2017,城关区,甘肃省,2015.0,,,,,,,,1,0,,,,,,,,,,,,,,,,,1.0,,,,,0.0,0,,
620201,2009,,甘肃省,2015.0,,,,,,,,0,0,,,,,,,,,,,,,,,,,0.0,,,,,0.0,0,,
620201,2010,,甘肃省,2015.0,,,,,,,,0,0,,,,,,,,,,,,,,,,,0.0,,,,,0.0,0,,
620201,2011,,甘肃省,2015.0,,,,,,,,0,0,,,,,,,,,,,,,,,,,0.0,,,,,0.0,0,,
620201,2012,,甘肃省,2015.0,,,,,,,,0,0,,,,,,,,,,,,,,,,,0.0,,,,,0.0,0,,
620201,2013,,甘肃省,2015.0,,,,,,,,0,0,,,,,,,,,,,,,,,,,0.0,,,,,0.0,0,,
620201,2014,,甘肃省,2015.0,,,,,,,,0,0,,,,,,,,,,,,,,,,,0.0,,,,,0.0,0,,
620201,2015,,甘肃省,2015.0,,,,,,,,0,0,2015.0,,,start_year_only,county_year_percent_progress,,,,,,,,,,,,1.0,,,,,0.0,0,,
620201,2016,,甘肃省,2015.0,,,,,,,,0,0,,,,,,,,,,,,,,,,,1.0,,,,,0.0,0,,
620201,2017,,甘肃省,2015.0,,,,,,,,0,0,,,,,,,,,,,,,,,,,1.0,,,,,0.0,0,,
620202,2009,,甘肃省,2015.0,,,,,,,,0,0,,,,,,,,,,,,,,,,,0.0,,,,,0.0,0,,
620202,2010,,甘肃省,2015.0,,,,,,,,0,0,,,,,,,,,,,,,,,,,0.0,,,,,0.0,0,,
620202,2011,,甘肃省,2015.0,,,,,,,,0,0,,,,,,,,,,,,,,,,,0.0,,,,,0.0,0,,
620202,2012,,甘肃省,2015.0,,,,,,,,0,0,,,,,,,,,,,,,,,,,0.0,,,,,0.0,0,,
620202,2013,,甘肃省,2015.0,,,,,,,,0,0,,,,,,,,,,,,,,,,,0.0,,,,,0.0,0,,
620202,2014,,甘肃省,2015.0,,,,,,,,0,0,,,,,,,,,,,,,,,,,0.0,,,,,0.0,0,,
620202,2015,,甘肃省,2015.0,,,,,,,,0,0,2015.0,,,start_year_only,county_year_percent_progress,,,,,,,,,,,,1.0,,,,,0.0,0,,
620202,2016,,甘肃省,2015.0,,,,,,,,0,0,,,,,,,,,,,,,,,,,1.0,,,,,0.0,0,,
620202,2017,,甘肃省,2015.0,,,,,,,,0,0,,,,,,,,,,,,,,,,,1.0,,,,,0.0,0,,
620203,2009,,甘肃省,2015.0,,,,,,,,0,0,,,,,,,,,,,,,,,,,0.0,,,,,0.0,0,,
620203,2010,,甘肃省,2015.0,,,,,,,,0,0,,,,,,,,,,,,,,,,,0.0,,,,,0.0,0,,
620203,2011,,甘肃省,2015.0,,,,,,,,0,0,,,,,,,,,,,,,,,,,0.0,,,,,0.0,0,,
620203,2012,,甘肃省,2015.0,,,,,,,,0,0,,,,,,,,,,,,,,,,,0.0,,,,,0.0,0,,
620203,2013,,甘肃省,2015.0,,,,,,,,0,0,,,,,,,,,,,,,,,,,0.0,,,,,0.0,0,,
620203,2014,,甘肃省,2015.0,,,,,,,,0,0,,,,,,,,,,,,,,,,,0.0,,,,,0.0,0,,
620203,2015,,甘肃省,2015.0,,,,,,,,0,0,2015.0,,,start_year_only,county_year_percent_progress,,,,,,,,,,,,1.0,,,,,0.0,0,,
620203,2016,,甘肃省,2015.0,,,,,,,,0,0,,,,,,,,,,,,,,,,,1.0,,,,,0.0,0,,
620203,2017,,甘肃省,2015.0,,,,,,,,0,0,,,,,,,,,,,,,,,,,1.0,,,,,0.0,0,,
620204,2009,,甘肃省,2015.0,,,,,,,,0,0,,,,,,,,,,,,,,,,,0.0,,,,,0.0,0,,
620204,2010,,甘肃省,2015.0,,,,,,,,0,0,,,,,,,,,,,,,,,,,0.0,,,,,0.0,0,,
620204,2011,,甘肃省,2015.0,,,,,,,,0,0,,,,,,,,,,,,,,,,,0.0,,,,,0.0,0,,
620204,2012,,甘肃省,2015.0,,,,,,,,0,0,,,,,,,,,,,,,,,,,0.0,,,,,0.0,0,,
620204,2013,,甘肃省,2015.0,,,,,,,,0,0,,,,,,,,,,,,,,,,,0.0,,,,,0.0,0,,
620204,2014,,甘肃省,2015.0,,,,,,,,0,0,,,,,,,,,,,,,,,,,0.0,,,,,0.0,0,,
620204,2015,,甘肃省,2015.0,,,,,,,,0,0,2015.0,,,start_year_only,county_year_percent_progress,,,,,,,,,,,,1.0,,,,,0.0,0,,
620204,2016,,甘肃省,2015.0,,,,,,,,0,0,,,,,,,,,,,,,,,,,1.0,,,,,0.0,0,,
620204,2017,,甘肃省,2015.0,,,,,,,,0,0,,,,,,,,,,,,,,,,,1.0,,,,,0.0,0,,
620205,2009,,甘肃省,2015.0,,,,,,,,0,0,,,,,,,,,,,,,,,,,0.0,,,,,0.0,0,,
620205,2010,,甘肃省,2015.0,,,,,,,,0,0,,,,,,,,,,,,,,,,,0.0,,,,,0.0,0,,
620205,2011,,甘肃省,2015.0,,,,,,,,0,0,,,,,,,,,,,,,,,,,0.0,,,,,0.0,0,,
620205,2012,,甘肃省,2015.0,,,,,,,,0,0,,,,,,,,,,,,,,,,,0.0,,,,,0.0,0,,
620205,2013,,甘肃省,2015.0,,,,,,,,0,0,,,,,,,,,,,,,,,,,0.0,,,,,0.0,0,,
620205,2014,,甘肃省,2015.0,,,,,,,,0,0,,,,,,,,,,,,,,,,,0.0,,,,,0.0,0,,
620205,2015,,甘肃省,2015.0,,,,,,,,0,0,2015.0,,,start_year_only,county_year_percent_progress,,,,,,,,,,,,1.0,,,,,0.0,0,,
620205,2016,,甘肃省,2015.0,,,,,,,,0,0,,,,,,,,,,,,,,,,,1.0,,,,,0.0,0,,
620205,2017,,甘肃省,2015.0,,,,,,,,0,0,,,,,,,,,,,,,,,,,1.0,,,,,0.0,0,,
620301,2009,,甘肃省,2015.0,,,,,,,,0,0,,,,,,,,,,,,,,,,,0.0,,,,,0.0,0,,
620301,2010,,甘肃省,2015.0,,,,,,,,0,0,,,,,,,,,,,,,,,,,0.0,,,,,0.0,0,,
620301,2011,,甘肃省,2015.0,,,,,,,,0,0,,,,,,,,,,,,,,,,,0.0,,,,,0.0,0,,
620301,2012,,甘肃省,2015.0,,,,,,,,0,0,,,,,,,,,,,,,,,,,0.0,,,,,0.0,0,,
620301,2013,,甘肃省,2015.0,,,,,,,,0,0,,,,,,,,,,,,,,,,,0.0,,,,,0.0,0,,
620301,2014,,甘肃省,2015.0,,,,,,,,0,0,,,,,,,,,,,,,,,,,0.0,,,,,0.0,0,,
620301,2015,,甘肃省,2015.0,,,,,,,,0,0,2015.0,,,start_year_only,county_year_percent_progress,,,,,,,,,,,,1.0,,,,,0.0,0,,
620301,2016,,甘肃省,2015.0,,,,,,,,0,0,,,,,,,,,,,,,,,,,1.0,,,,,0.0,0,,
620301,2017,,甘肃省,2015.0,,,,,,,,0,0,,,,,,,,,,,,,,,,,1.0,,,,,0.0,0,,
620302,2009,金川区,甘肃省,2014.0,2016.0,2016.0,,,2014.0,2.0,2.0,0,1,,,,,,2014.0,2016.0,2016.0,,,,0.0,,0.0,0.0,new_v2_rate,0.0,0.0,0.0,,,0.0,1,0.0,0.0
620302,2010,金川区,甘肃省,2014.0,2016.0,2016.0,,,2014.0,2.0,2.0,0,1,,,,,,2014.0,2016.0,2016.0,,,,0.0,,0.0,0.0,new_v2_rate,0.0,0.0,0.0,,,0.0,1,0.0,0.0
620302,2011,金川区,甘肃省,2014.0,2016.0,2016.0,,,2014.0,2.0,2.0,0,1,,,,,,2014.0,2016.0,2016.0,,,,0.0,,0.0,0.0,new_v2_rate,0.0,0.0,0.0,,,0.0,1,0.0,0.0
620302,2012,金川区,甘肃省,2014.0,2016.0,2016.0,,,2014.0,2.0,2.0,0,1,,,,,,2014.0,2016.0,2016.0,,,,0.0,,0.0,0.0,new_v2_rate,0.0,0.0,0.0,,,0.0,1,0.0,0.0
620302,2013,金川区,甘肃省,2014.0,2016.0,2016.0,,,2014.0,2.0,2.0,0,1,,,,,,2014.0,2016.0,2016.0,,,,0.0,,0.0,0.0,new_v2_rate,0.0,0.0,0.0,,,0.0,1,0.0,0.0
620302,2014,金川区,甘肃省,2014.0,2016.0,2016.0,,,2014.0,2.0,2.0,0,1,,,,,,2014.0,2016.0,2016.0,,,,0.0,,0.0,0.0,new_v2_rate,1.0,0.0,0.0,,,0.0,1,0.0,0.0
620302,2015,金川区,甘肃省,2014.0,2016.0,2016.0,,,2014.0,2.0,2.0,0,1,2015.0,,,start_year_only,county_year_percent_progress,2014.0,2016.0,2016.0,,,,0.0,,0.0,0.0,new_v2_rate,1.0,0.0,0.0,,,0.0,1,0.0,0.0
620302,2016,金川区,甘肃省,2014.0,2016.0,2016.0,,,2014.0,2.0,2.0,0,1,2014.0,2016.0,,completed_year_only,county_year_percent_progress,2014.0,2016.0,2016.0,,,,1.0,,1.0,1.0,new_v2_rate,1.0,1.0,1.0,,,1.0,1,1.0,1.0
620302,2017,金川区,甘肃省,2014.0,2016.0,2016.0,,,2014.0,2.0,2.0,0,1,,,,,,2014.0,2016.0,2016.0,,,,1.0,,1.0,1.0,new_v2_rate,1.0,1.0,1.0,,,1.0,1,1.0,1.0
620401,2009,,甘肃省,2015.0,,,,,,,,0,0,,,,,,,,,,,,,,,,,0.0,,,,,0.0,0,,
620401,2010,,甘肃省,2015.0,,,,,,,,0,0,,,,,,,,,,,,,,,,,0.0,,,,,0.0,0,,
620401,2011,,甘肃省,2015.0,,,,,,,,0,0,,,,,,,,,,,,,,,,,0.0,,,,,0.0,0,,
620401,2012,,甘肃省,2015.0,,,,,,,,0,0,,,,,,,,,,,,,,,,,0.0,,,,,0.0,0,,
620401,2013,,甘肃省,2015.0,,,,,,,,0,0,,,,,,,,,,,,,,,,,0.0,,,,,0.0,0,,
620401,2014,,甘肃省,2015.0,,,,,,,,0,0,,,,,,,,,,,,,,,,,0.0,,,,,0.0,0,,
620401,2015,,甘肃省,2015.0,,,,,,,,0,0,2015.0,,,start_year_only,county_year_percent_progress,,,,,,,,,,,,1.0,,,,,0.0,0,,
620401,2016,,甘肃省,2015.0,,,,,,,,0,0,,,,,,,,,,,,,,,,,1.0,,,,,0.0,0,,
620401,2017,,甘肃省,2015.0,,,,,,,,0,0,,,,,,,,,,,,,,,,,1.0,,,,,0.0,0,,
620402,2009,白银区,甘肃省,2015.0,,,,,,,,0,0,,,,,,,,,,,,,,,,,0.0,,,,,0.0,0,,
620402,2010,白银区,甘肃省,2015.0,,,,,,,,0,0,,,,,,,,,,,,,,,,,0.0,,,,,0.0,0,,
620402,2011,白银区,甘肃省,2015.0,,,,,,,,0,0,,,,,,,,,,,,,,,,,0.0,,,,,0.0,0,,
620402,2012,白银区,甘肃省,2015.0,,,,,,,,0,0,,,,,,,,,,,,,,,,,0.0,,,,,0.0,0,,
620402,2013,白银区,甘肃省,2015.0,,,,,,,,0,0,,,,,,,,,,,,,,,,,0.0,,,,,0.0,0,,
620402,2014,白银区,甘肃省,2015.0,,,,,,,,0,0,,,,,,,,,,,,,,,,,0.0,,,,,0.0,0,,
620402,2015,白银区,甘肃省,2015.0,,,,,,,,0,0,2015.0,,,start_year_only,county_year_percent_progress,,,,,,,,,,,,1.0,,,,,0.0,0,,
620402,2016,白银区,甘肃省,2015.0,,,,,,,,0,0,,,,,,,,,,,,,,,,,1.0,,,,,0.0,0,,
620402,2017,白银区,甘肃省,2015.0,,,,,,,,0,0,,,,,,,,,,,,,,,,,1.0,,,,,0.0,0,,
620501,2009,,甘肃省,2015.0,,,,,,,,0,0,,,,,,,,,,,,,,,,,0.0,,,,,0.0,0,,
620501,2010,,甘肃省,2015.0,,,,,,,,0,0,,,,,,,,,,,,,,,,,0.0,,,,,0.0,0,,
620501,2011,,甘肃省,2015.0,,,,,,,,0,0,,,,,,,,,,,,,,,,,0.0,,,,,0.0,0,,
620501,2012,,甘肃省,2015.0,,,,,,,,0,0,,,,,,,,,,,,,,,,,0.0,,,,,0.0,0,,
620501,2013,,甘肃省,2015.0,,,,,,,,0,0,,,,,,,,,,,,,,,,,0.0,,,,,0.0,0,,
620501,2014,,甘肃省,2015.0,,,,,,,,0,0,,,,,,,,,,,,,,,,,0.0,,,,,0.0,0,,
620501,2015,,甘肃省,2015.0,,,,,,,,0,0,2015.0,,,start_year_only,county_year_percent_progress,,,,,,,,,,,,1.0,,,,,0.0,0,,
620501,2016,,甘肃省,2015.0,,,,,,,,0,0,,,,,,,,,,,,,,,,,1.0,,,,,0.0,0,,
620501,2017,,甘肃省,2015.0,,,,,,,,0,0,,,,,,,,,,,,,,,,,1.0,,,,,0.0,0,,
620502,2009,秦州区,甘肃省,2015.0,,,,,,,,0,0,,,,,,,,,,,,,,,,,0.0,,,,,0.0,0,,
620502,2010,秦州区,甘肃省,2015.0,,,,,,,,0,0,,,,,,,,,,,,,,,,,0.0,,,,,0.0,0,,
620502,2011,秦州区,甘肃省,2015.0,,,,,,,,0,0,,,,,,,,,,,,,,,,,0.0,,,,,0.0,0,,
620502,2012,秦州区,甘肃省,2015.0,,,,,,,,0,0,,,,,,,,,,,,,,,,,0.0,,,,,0.0,0,,
620502,2013,秦州区,甘肃省,2015.0,,,,,,,,0,0,,,,,,,,,,,,,,,,,0.0,,,,,0.0,0,,
620502,2014,秦州区,甘肃省,2015.0,,,,,,,,0,0,,,,,,,,,,,,,,,,,0.0,,,,,0.0,0,,
620502,2015,秦州区,甘肃省,2015.0,,,,,,,,0,0,2015.0,,,start_year_only,county_year_percent_progress,,,,,,,,,,,,1.0,,,,,0.0,0,,
620502,2016,秦州区,甘肃省,2015.0,,,,,,,,0,0,,,,,,,,,,,,,,,,,1.0,,,,,0.0,0,,
620502,2017,秦州区,甘肃省,2015.0,,,,,,,,0,0,,,,,,,,,,,,,,,,,1.0,,,,,0.0,0,,
620601,2009,,甘肃省,2015.0,,,,,,,,0,0,,,,,,,,,,,,,,,,,0.0,,,,,0.0,0,,
620601,2010,,甘肃省,2015.0,,,,,,,,0,0,,,,,,,,,,,,,,,,,0.0,,,,,0.0,0,,
620601,2011,,甘肃省,2015.0,,,,,,,,0,0,,,,,,,,,,,,,,,,,0.0,,,,,0.0,0,,
620601,2012,,甘肃省,2015.0,,,,,,,,0,0,,,,,,,,,,,,,,,,,0.0,,,,,0.0,0,,
620601,2013,,甘肃省,2015.0,,,,,,,,0,0,,,,,,,,,,,,,,,,,0.0,,,,,0.0,0,,
620601,2014,,甘肃省,2015.0,,,,,,,,0,0,,,,,,,,,,,,,,,,,0.0,,,,,0.0,0,,
620601,2015,,甘肃省,2015.0,,,,,,,,0,0,2015.0,,,start_year_only,county_year_percent_progress,,,,,,,,,,,,1.0,,,,,0.0,0,,
620601,2016,,甘肃省,2015.0,,,,,,,,0,0,,,,,,,,,,,,,,,,,1.0,,,,,0.0,0,,
620601,2017,,甘肃省,2015.0,,,,,,,,0,0,,,,,,,,,,,,,,,,,1.0,,,,,0.0,0,,
620604,2009,,甘肃省,2015.0,,,,,,,,0,0,,,,,,,,,,,,,,,,,0.0,,,,,0.0,0,,
620604,2010,,甘肃省,2015.0,,,,,,,,0,0,,,,,,,,,,,,,,,,,0.0,,,,,0.0,0,,
620604,2011,,甘肃省,2015.0,,,,,,,,0,0,,,,,,,,,,,,,,,,,0.0,,,,,0.0,0,,
620604,2012,,甘肃省,2015.0,,,,,,,,0,0,,,,,,,,,,,,,,,,,0.0,,,,,0.0,0,,
620604,2013,,甘肃省,2015.0,,,,,,,,0,0,,,,,,,,,,,,,,,,,0.0,,,,,0.0,0,,
620604,2014,,甘肃省,2015.0,,,,,,,,0,0,,,,,,,,,,,,,,,,,0.0,,,,,0.0,0,,
620604,2015,,甘肃省,2015.0,,,,,,,,0,0,2015.0,,,start_year_only,county_year_percent_progress,,,,,,,,,,,,1.0,,,,,0.0,0,,
620604,2016,,甘肃省,2015.0,,,,,,,,0,0,,,,,,,,,,,,,,,,,1.0,,,,,0.0,0,,
620604,2017,,甘肃省,2015.0,,,,,,,,0,0,,,,,,,,,,,,,,,,,1.0,,,,,0.0,0,,
620605,2009,,甘肃省,2015.0,,,,,,,,0,0,,,,,,,,,,,,,,,,,0.0,,,,,0.0,0,,
620605,2010,,甘肃省,2015.0,,,,,,,,0,0,,,,,,,,,,,,,,,,,0.0,,,,,0.0,0,,
620605,2011,,甘肃省,2015.0,,,,,,,,0,0,,,,,,,,,,,,,,,,,0.0,,,,,0.0,0,,
620605,2012,,甘肃省,2015.0,,,,,,,,0,0,,,,,,,,,,,,,,,,,0.0,,,,,0.0,0,,
620605,2013,,甘肃省,2015.0,,,,,,,,0,0,,,,,,,,,,,,,,,,,0.0,,,,,0.0,0,,
620605,2014,,甘肃省,2015.0,,,,,,,,0,0,,,,,,,,,,,,,,,,,0.0,,,,,0.0,0,,
620605,2015,,甘肃省,2015.0,,,,,,,,0,0,2015.0,,,start_year_only,county_year_percent_progress,,,,,,,,,,,,1.0,,,,,0.0,0,,
620605,2016,,甘肃省,2015.0,,,,,,,,0,0,,,,,,,,,,,,,,,,,1.0,,,,,0.0,0,,
620605,2017,,甘肃省,2015.0,,,,,,,,0,0,,,,,,,,,,,,,,,,,1.0,,,,,0.0,0,,
620606,2009,,甘肃省,2015.0,,,,,,,,0,0,,,,,,,,,,,,,,,,,0.0,,,,,0.0,0,,
620606,2010,,甘肃省,2015.0,,,,,,,,0,0,,,,,,,,,,,,,,,,,0.0,,,,,0.0,0,,
620606,2011,,甘肃省,2015.0,,,,,,,,0,0,,,,,,,,,,,,,,,,,0.0,,,,,0.0,0,,
620606,2012,,甘肃省,2015.0,,,,,,,,0,0,,,,,,,,,,,,,,,,,0.0,,,,,0.0,0,,
620606,2013,,甘肃省,2015.0,,,,,,,,0,0,,,,,,,,,,,,,,,,,0.0,,,,,0.0,0,,
620606,2014,,甘肃省,2015.0,,,,,,,,0,0,,,,,,,,,,,,,,,,,0.0,,,,,0.0,0,,
620606,2015,,甘肃省,2015.0,,,,,,,,0,0,2015.0,,,start_year_only,county_year_percent_progress,,,,,,,,,,,,1.0,,,,,0.0,0,,
620606,2016,,甘肃省,2015.0,,,,,,,,0,0,,,,,,,,,,,,,,,,,1.0,,,,,0.0,0,,
620606,2017,,甘肃省,2015.0,,,,,,,,0,0,,,,,,,,,,,,,,,,,1.0,,,,,0.0,0,,
620701,2009,,甘肃省,2015.0,,,,,,,,0,0,,,,,,,,,,,,,,,,,0.0,,,,,0.0,0,,
620701,2010,,甘肃省,2015.0,,,,,,,,0,0,,,,,,,,,,,,,,,,,0.0,,,,,0.0,0,,
620701,2011,,甘肃省,2015.0,,,,,,,,0,0,,,,,,,,,,,,,,,,,0.0,,,,,0.0,0,,
620701,2012,,甘肃省,2015.0,,,,,,,,0,0,,,,,,,,,,,,,,,,,0.0,,,,,0.0,0,,
620701,2013,,甘肃省,2015.0,,,,,,,,0,0,,,,,,,,,,,,,,,,,0.0,,,,,0.0,0,,
620701,2014,,甘肃省,2015.0,,,,,,,,0,0,,,,,,,,,,,,,,,,,0.0,,,,,0.0,0,,
620701,2015,,甘肃省,2015.0,,,,,,,,0,0,2015.0,,,start_year_only,county_year_percent_progress,,,,,,,,,,,,1.0,,,,,0.0,0,,
620701,2016,,甘肃省,2015.0,,,,,,,,0,0,,,,,,,,,,,,,,,,,1.0,,,,,0.0,0,,
620701,2017,,甘肃省,2015.0,,,,,,,,0,0,,,,,,,,,,,,,,,,,1.0,,,,,0.0,0,,
620702,2009,甘州区,甘肃省,2015.0,,,,,,,,0,0,,,,,,,,,,,,,,,,,0.0,,,,,0.0,0,,
620702,2010,甘州区,甘肃省,2015.0,,,,,,,,0,0,,,,,,,,,,,,,,,,,0.0,,,,,0.0,0,,
620702,2011,甘州区,甘肃省,2015.0,,,,,,,,0,0,,,,,,,,,,,,,,,,,0.0,,,,,0.0,0,,
620702,2012,甘州区,甘肃省,2015.0,,,,,,,,0,0,,,,,,,,,,,,,,,,,0.0,,,,,0.0,0,,
620702,2013,甘州区,甘肃省,2015.0,,,,,,,,0,0,,,,,,,,,,,,,,,,,0.0,,,,,0.0,0,,
620702,2014,甘州区,甘肃省,2015.0,,,,,,,,0,0,,,,,,,,,,,,,,,,,0.0,,,,,0.0,0,,
620702,2015,甘州区,甘肃省,2015.0,,,,,,,,0,0,2015.0,,,start_year_only,county_year_percent_progress,,,,,,,,,,,,1.0,,,,,0.0,0,,
620702,2016,甘州区,甘肃省,2015.0,,,,,,,,0,0,,,,,,,,,,,,,,,,,1.0,,,,,0.0,0,,
620702,2017,甘州区,甘肃省,2015.0,,,,,,,,0,0,,,,,,,,,,,,,,,,,1.0,,,,,0.0,0,,
620801,2009,,甘肃省,2015.0,,,,,,,,0,0,,,,,,,,,,,,,,,,,0.0,,,,,0.0,0,,
620801,2010,,甘肃省,2015.0,,,,,,,,0,0,,,,,,,,,,,,,,,,,0.0,,,,,0.0,0,,
620801,2011,,甘肃省,2015.0,,,,,,,,0,0,,,,,,,,,,,,,,,,,0.0,,,,,0.0,0,,
620801,2012,,甘肃省,2015.0,,,,,,,,0,0,,,,,,,,,,,,,,,,,0.0,,,,,0.0,0,,
620801,2013,,甘肃省,2015.0,,,,,,,,0,0,,,,,,,,,,,,,,,,,0.0,,,,,0.0,0,,
620801,2014,,甘肃省,2015.0,,,,,,,,0,0,,,,,,,,,,,,,,,,,0.0,,,,,0.0,0,,
620801,2015,,甘肃省,2015.0,,,,,,,,0,0,2015.0,,,start_year_only,county_year_percent_progress,,,,,,,,,,,,1.0,,,,,0.0,0,,
620801,2016,,甘肃省,2015.0,,,,,,,,0,0,,,,,,,,,,,,,,,,,1.0,,,,,0.0,0,,
620801,2017,,甘肃省,2015.0,,,,,,,,0,0,,,,,,,,,,,,,,,,,1.0,,,,,0.0,0,,
620802,2009,崆峒区,甘肃省,2015.0,,,,,,,,0,0,,,,,,,,,,,,,,,,,0.0,,,,,0.0,0,,
620802,2010,崆峒区,甘肃省,2015.0,,,,,,,,0,0,,,,,,,,,,,,,,,,,0.0,,,,,0.0,0,,
620802,2011,崆峒区,甘肃省,2015.0,,,,,,,,0,0,,,,,,,,,,,,,,,,,0.0,,,,,0.0,0,,
620802,2012,崆峒区,甘肃省,2015.0,,,,,,,,0,0,,,,,,,,,,,,,,,,,0.0,,,,,0.0,0,,
620802,2013,崆峒区,甘肃省,2015.0,,,,,,,,0,0,,,,,,,,,,,,,,,,,0.0,,,,,0.0,0,,
620802,2014,崆峒区,甘肃省,2015.0,,,,,,,,0,0,,,,,,,,,,,,,,,,,0.0,,,,,0.0,0,,
620802,2015,崆峒区,甘肃省,2015.0,,,,,,,,0,0,2015.0,,,start_year_only,county_year_percent_progress,,,,,,,,,,,,1.0,,,,,0.0,0,,
620802,2016,崆峒区,甘肃省,2015.0,,,,,,,,0,0,,,,,,,,,,,,,,,,,1.0,,,,,0.0,0,,
620802,2017,崆峒区,甘肃省,2015.0,,,,,,,,0,0,,,,,,,,,,,,,,,,,1.0,,,,,0.0,0,,
620921,2009,金塔县,甘肃省,2014.0,2016.0,2016.0,,,2014.0,2.0,2.0,0,1,,,,,,2014.0,2016.0,2016.0,,,,0.0,,0.0,0.0,new_v2_rate,0.0,0.0,0.0,,,0.0,1,0.0,0.0
620921,2010,金塔县,甘肃省,2014.0,2016.0,2016.0,,,2014.0,2.0,2.0,0,1,,,,,,2014.0,2016.0,2016.0,,,,0.0,,0.0,0.0,new_v2_rate,0.0,0.0,0.0,,,0.0,1,0.0,0.0
620921,2011,金塔县,甘肃省,2014.0,2016.0,2016.0,,,2014.0,2.0,2.0,0,1,,,,,,2014.0,2016.0,2016.0,,,,0.0,,0.0,0.0,new_v2_rate,0.0,0.0,0.0,,,0.0,1,0.0,0.0
620921,2012,金塔县,甘肃省,2014.0,2016.0,2016.0,,,2014.0,2.0,2.0,0,1,,,,,,2014.0,2016.0,2016.0,,,,0.0,,0.0,0.0,new_v2_rate,0.0,0.0,0.0,,,0.0,1,0.0,0.0
620921,2013,金塔县,甘肃省,2014.0,2016.0,2016.0,,,2014.0,2.0,2.0,0,1,,,,,,2014.0,2016.0,2016.0,,,,0.0,,0.0,0.0,new_v2_rate,0.0,0.0,0.0,,,0.0,1,0.0,0.0
620921,2014,金塔县,甘肃省,2014.0,2016.0,2016.0,,,2014.0,2.0,2.0,0,1,,,,,,2014.0,2016.0,2016.0,,,,0.0,,0.0,0.0,new_v2_rate,1.0,0.0,0.0,,,0.0,1,0.0,0.0
620921,2015,金塔县,甘肃省,2014.0,2016.0,2016.0,,,2014.0,2.0,2.0,0,1,,,,,,2014.0,2016.0,2016.0,,,,0.0,,0.0,0.0,new_v2_rate,1.0,0.0,0.0,,,0.0,1,0.0,0.0
620921,2016,金塔县,甘肃省,2014.0,2016.0,2016.0,,,2014.0,2.0,2.0,0,1,2014.0,2016.0,,completed_year_only,county_year_percent_progress,2014.0,2016.0,2016.0,,,,1.0,,1.0,1.0,new_v2_rate,1.0,1.0,1.0,,,1.0,1,1.0,1.0
620921,2017,金塔县,甘肃省,2014.0,2016.0,2016.0,,,2014.0,2.0,2.0,0,1,,,,,,2014.0,2016.0,2016.0,,,,1.0,,1.0,1.0,new_v2_rate,1.0,1.0,1.0,,,1.0,1,1.0,1.0
622921,2009,临夏县,甘肃省,2014.0,2016.0,,,,,,,0,0,,,,,,,,,,,,,,,,,0.0,0.0,,,,0.0,0,,
622921,2010,临夏县,甘肃省,2014.0,2016.0,,,,,,,0,0,,,,,,,,,,,,,,,,,0.0,0.0,,,,0.0,0,,
622921,2011,临夏县,甘肃省,2014.0,2016.0,,,,,,,0,0,,,,,,,,,,,,,,,,,0.0,0.0,,,,0.0,0,,
622921,2012,临夏县,甘肃省,2014.0,2016.0,,,,,,,0,0,,,,,,,,,,,,,,,,,0.0,0.0,,,,0.0,0,,
622921,2013,临夏县,甘肃省,2014.0,2016.0,,,,,,,0,0,,,,,,,,,,,,,,,,,0.0,0.0,,,,0.0,0,,
622921,2014,临夏县,甘肃省,2014.0,2016.0,,,,,,,0,0,,,,,,,,,,,,,,,,,1.0,0.0,,,,0.0,0,,
622921,2015,临夏县,甘肃省,2014.0,2016.0,,,,,,,0,0,,,,,,,,,,,,,,,,,1.0,0.0,,,,0.0,0,,
622921,2016,临夏县,甘肃省,2014.0,2016.0,,,,,,,0,0,2014.0,2016.0,,completed_year_only,county_year_percent_progress,,,,,,,,,,,,1.0,1.0,,,,1.0,0,,
622921,2017,临夏县,甘肃省,2014.0,2016.0,,,,,,,0,0,,,,,,,,,,,,,,,,,1.0,1.0,,,,1.0,0,,
640102,2009,,prov_64,2015.0,,,,,,,,1,0,,,,,,,,,,,,,,,,,0.0,,,,,0.0,0,,
640102,2010,,prov_64,2015.0,,,,,,,,1,0,,,,,,,,,,,,,,,,,0.0,,,,,0.0,0,,
640102,2011,,prov_64,2015.0,,,,,,,,1,0,,,,,,,,,,,,,,,,,0.0,,,,,0.0,0,,
640102,2012,,prov_64,2015.0,,,,,,,,1,0,,,,,,,,,,,,,,,,,0.0,,,,,0.0,0,,
640102,2013,,prov_64,2015.0,,,,,,,,1,0,,,,,,,,,,,,,,,,,0.0,,,,,0.0,0,,
640102,2014,,prov_64,2015.0,,,,,,,,1,0,,,,,,,,,,,,,,,,,0.0,,,,,0.0,0,,
640102,2015,,prov_64,2015.0,,,,,,,,1,0,2015.0,,,start_year_only,county_year_percent_progress,,,,,,,,,,,,1.0,,,,,0.0,0,,
640102,2016,,prov_64,2015.0,,,,,,,,1,0,,,,,,,,,,,,,,,,,1.0,,,,,0.0,0,,
640102,2017,,prov_64,2015.0,,,,,,,,1,0,2015.0,,0.9940000000000001,annual_rate,county_year_percent_progress,,,,,,,,0.9940000000000001,,0.9940000000000001,old_std_rate,1.0,,,,,0.9940000000000001,1,1.0,1.0
640104,2009,兴庆区,宁夏回族自治区,2015.0,,,,,,,,1,0,,,,,,,,,,,,,,,,,0.0,,,,,0.0,0,,
640104,2010,兴庆区,宁夏回族自治区,2015.0,,,,,,,,1,0,,,,,,,,,,,,,,,,,0.0,,,,,0.0,0,,
640104,2011,兴庆区,宁夏回族自治区,2015.0,,,,,,,,1,0,,,,,,,,,,,,,,,,,0.0,,,,,0.0,0,,
640104,2012,兴庆区,宁夏回族自治区,2015.0,,,,,,,,1,0,,,,,,,,,,,,,,,,,0.0,,,,,0.0,0,,
640104,2013,兴庆区,宁夏回族自治区,2015.0,,,,,,,,1,0,,,,,,,,,,,,,,,,,0.0,,,,,0.0,0,,
640104,2014,兴庆区,宁夏回族自治区,2015.0,,,,,,,,1,0,,,,,,,,,,,,,,,,,0.0,,,,,0.0,0,,
640104,2015,兴庆区,宁夏回族自治区,2015.0,,,,,,,,1,0,2015.0,,,start_year_only,county_year_percent_progress,,,,,,,,,,,,1.0,,,,,0.0,0,,
640104,2016,兴庆区,宁夏回族自治区,2015.0,,,,,,,,1,0,,,,,,,,,,,,,,,,,1.0,,,,,0.0,0,,
640104,2017,兴庆区,宁夏回族自治区,2015.0,,,,,,,,1,0,2015.0,,0.9940000000000001,annual_rate,county_year_percent_progress,,,,,,,,0.9940000000000001,,0.9940000000000001,old_std_rate,1.0,,,,,0.9940000000000001,1,1.0,1.0
640105,2009,西夏区,宁夏回族自治区,2015.0,,,,,,,,1,0,,,,,,,,,,,,,,,,,0.0,,,,,0.0,0,,
640105,2010,西夏区,宁夏回族自治区,2015.0,,,,,,,,1,0,,,,,,,,,,,,,,,,,0.0,,,,,0.0,0,,
640105,2011,西夏区,宁夏回族自治区,2015.0,,,,,,,,1,0,,,,,,,,,,,,,,,,,0.0,,,,,0.0,0,,
640105,2012,西夏区,宁夏回族自治区,2015.0,,,,,,,,1,0,,,,,,,,,,,,,,,,,0.0,,,,,0.0,0,,
640105,2013,西夏区,宁夏回族自治区,2015.0,,,,,,,,1,0,,,,,,,,,,,,,,,,,0.0,,,,,0.0,0,,
640105,2014,西夏区,宁夏回族自治区,2015.0,,,,,,,,1,0,,,,,,,,,,,,,,,,,0.0,,,,,0.0,0,,
640105,2015,西夏区,宁夏回族自治区,2015.0,,,,,,,,1,0,2015.0,,,start_year_only,county_year_percent_progress,,,,,,,,,,,,1.0,,,,,0.0,0,,
640105,2016,西夏区,宁夏回族自治区,2015.0,,,,,,,,1,0,,,,,,,,,,,,,,,,,1.0,,,,,0.0,0,,
640105,2017,西夏区,宁夏回族自治区,2015.0,,,,,,,,1,0,2015.0,,0.9940000000000001,annual_rate,county_year_percent_progress,,,,,,,,0.9940000000000001,,0.9940000000000001,old_std_rate,1.0,,,,,0.9940000000000001,1,1.0,1.0
640106,2009,金凤区,宁夏回族自治区,2015.0,,,,,,,,1,0,,,,,,,,,,,,,,,,,0.0,,,,,0.0,0,,
640106,2010,金凤区,宁夏回族自治区,2015.0,,,,,,,,1,0,,,,,,,,,,,,,,,,,0.0,,,,,0.0,0,,
640106,2011,金凤区,宁夏回族自治区,2015.0,,,,,,,,1,0,,,,,,,,,,,,,,,,,0.0,,,,,0.0,0,,
640106,2012,金凤区,宁夏回族自治区,2015.0,,,,,,,,1,0,,,,,,,,,,,,,,,,,0.0,,,,,0.0,0,,
640106,2013,金凤区,宁夏回族自治区,2015.0,,,,,,,,1,0,,,,,,,,,,,,,,,,,0.0,,,,,0.0,0,,
640106,2014,金凤区,宁夏回族自治区,2015.0,,,,,,,,1,0,,,,,,,,,,,,,,,,,0.0,,,,,0.0,0,,
640106,2015,金凤区,宁夏回族自治区,2015.0,,,,,,,,1,0,2015.0,,,start_year_only,county_year_percent_progress,,,,,,,,,,,,1.0,,,,,0.0,0,,
640106,2016,金凤区,宁夏回族自治区,2015.0,,,,,,,,1,0,,,,,,,,,,,,,,,,,1.0,,,,,0.0,0,,
640106,2017,金凤区,宁夏回族自治区,2015.0,,,,,,,,1,0,2015.0,,0.9940000000000001,annual_rate,county_year_percent_progress,,,,,,,,0.9940000000000001,,0.9940000000000001,old_std_rate,1.0,,,,,0.9940000000000001,1,1.0,1.0
650301,2009,,prov_65,2014.0,2023.0,,,,,,,0,0,,,,,,,,,,,,,,,,,0.0,0.0,,,,0.0,0,,
650301,2010,,prov_65,2014.0,2023.0,,,,,,,0,0,,,,,,,,,,,,,,,,,0.0,0.0,,,,0.0,0,,
650301,2011,,prov_65,2014.0,2023.0,,,,,,,0,0,,,,,,,,,,,,,,,,,0.0,0.0,,,,0.0,0,,
650301,2012,,prov_65,2014.0,2023.0,,,,,,,0,0,,,,,,,,,,,,,,,,,0.0,0.0,,,,0.0,0,,
650301,2013,,prov_65,2014.0,2023.0,,,,,,,0,0,,,,,,,,,,,,,,,,,0.0,0.0,,,,0.0,0,,
650301,2014,,prov_65,2014.0,2023.0,,,,,,,0,0,2014.0,,,start_year_only,county_year_percent_progress,,,,,,,,,,,,1.0,0.0,,,,0.0,0,,
650301,2015,,prov_65,2014.0,2023.0,,,,,,,0,0,,,,,,,,,,,,,,,,,1.0,0.0,,,,0.0,0,,
650301,2016,,prov_65,2014.0,2023.0,,,,,,,0,0,,,,,,,,,,,,,,,,,1.0,0.0,,,,0.0,0,,
650301,2017,,prov_65,2014.0,2023.0,,,,,,,0,0,,,,,,,,,,,,,,,,,1.0,0.0,,,,0.0,0,,
650304,2009,,prov_65,2014.0,2023.0,,,,,,,0,0,,,,,,,,,,,,,,,,,0.0,0.0,,,,0.0,0,,
650304,2010,,prov_65,2014.0,2023.0,,,,,,,0,0,,,,,,,,,,,,,,,,,0.0,0.0,,,,0.0,0,,
650304,2011,,prov_65,2014.0,2023.0,,,,,,,0,0,,,,,,,,,,,,,,,,,0.0,0.0,,,,0.0,0,,
650304,2012,,prov_65,2014.0,2023.0,,,,,,,0,0,,,,,,,,,,,,,,,,,0.0,0.0,,,,0.0,0,,
650304,2013,,prov_65,2014.0,2023.0,,,,,,,0,0,,,,,,,,,,,,,,,,,0.0,0.0,,,,0.0,0,,
650304,2014,,prov_65,2014.0,2023.0,,,,,,,0,0,2014.0,,,start_year_only,county_year_percent_progress,,,,,,,,,,,,1.0,0.0,,,,0.0,0,,
650304,2015,,prov_65,2014.0,2023.0,,,,,,,0,0,,,,,,,,,,,,,,,,,1.0,0.0,,,,0.0,0,,
650304,2016,,prov_65,2014.0,2023.0,,,,,,,0,0,,,,,,,,,,,,,,,,,1.0,0.0,,,,0.0,0,,
650304,2017,,prov_65,2014.0,2023.0,,,,,,,0,0,,,,,,,,,,,,,,,,,1.0,0.0,,,,0.0,0,,
650502,2009,伊州区,新疆维吾尔自治区,2014.0,2023.0,,,,,,,0,0,,,,,,,,,,,,,,,,,0.0,0.0,,,,0.0,0,,
650502,2010,伊州区,新疆维吾尔自治区,2014.0,2023.0,,,,,,,0,0,,,,,,,,,,,,,,,,,0.0,0.0,,,,0.0,0,,
650502,2011,伊州区,新疆维吾尔自治区,2014.0,2023.0,,,,,,,0,0,,,,,,,,,,,,,,,,,0.0,0.0,,,,0.0,0,,
650502,2012,伊州区,新疆维吾尔自治区,2014.0,2023.0,,,,,,,0,0,,,,,,,,,,,,,,,,,0.0,0.0,,,,0.0,0,,
650502,2013,伊州区,新疆维吾尔自治区,2014.0,2023.0,,,,,,,0,0,,,,,,,,,,,,,,,,,0.0,0.0,,,,0.0,0,,
650502,2014,伊州区,新疆维吾尔自治区,2014.0,2023.0,,,,,,,0,0,2014.0,,,start_year_only,county_year_percent_progress,,,,,,,,,,,,1.0,0.0,,,,0.0,0,,
650502,2015,伊州区,新疆维吾尔自治区,2014.0,2023.0,,,,,,,0,0,,,,,,,,,,,,,,,,,1.0,0.0,,,,0.0,0,,
650502,2016,伊州区,新疆维吾尔自治区,2014.0,2023.0,,,,,,,0,0,,,,,,,,,,,,,,,,,1.0,0.0,,,,0.0,0,,
650502,2017,伊州区,新疆维吾尔自治区,2014.0,2023.0,,,,,,,0,0,,,,,,,,,,,,,,,,,1.0,0.0,,,,0.0,0,,
651001,2009,,prov_65,2014.0,2023.0,,,,,,,0,0,,,,,,,,,,,,,,,,,0.0,0.0,,,,0.0,0,,
651001,2010,,prov_65,2014.0,2023.0,,,,,,,0,0,,,,,,,,,,,,,,,,,0.0,0.0,,,,0.0,0,,
651001,2011,,prov_65,2014.0,2023.0,,,,,,,0,0,,,,,,,,,,,,,,,,,0.0,0.0,,,,0.0,0,,
651001,2012,,prov_65,2014.0,2023.0,,,,,,,0,0,,,,,,,,,,,,,,,,,0.0,0.0,,,,0.0,0,,
651001,2013,,prov_65,2014.0,2023.0,,,,,,,0,0,,,,,,,,,,,,,,,,,0.0,0.0,,,,0.0,0,,
651001,2014,,prov_65,2014.0,2023.0,,,,,,,0,0,2014.0,,,start_year_only,county_year_percent_progress,,,,,,,,,,,,1.0,0.0,,,,0.0,0,,
651001,2015,,prov_65,2014.0,2023.0,,,,,,,0,0,,,,,,,,,,,,,,,,,1.0,0.0,,,,0.0,0,,
651001,2016,,prov_65,2014.0,2023.0,,,,,,,0,0,,,,,,,,,,,,,,,,,1.0,0.0,,,,0.0,0,,
651001,2017,,prov_65,2014.0,2023.0,,,,,,,0,0,,,,,,,,,,,,,,,,,1.0,0.0,,,,0.0,0,,
