subset,k,farm_income_any_rentin_b,farm_income_any_rentin_se,farm_income_any_rentin_p,farm_income_any_rentin_first_stage_f,farm_income_any_rentin_partial_r2,farm_income_any_rentin_overid_p,farm_income_any_rentin_N,farm_income_any_rentin_clusters,farm_income_asinh_rentin_b,farm_income_asinh_rentin_se,farm_income_asinh_rentin_p,farm_income_asinh_rentin_first_stage_f,farm_income_asinh_rentin_partial_r2,farm_income_asinh_rentin_overid_p,farm_income_asinh_rentin_N,farm_income_asinh_rentin_clusters,baseline_bundle_any_rentin_b,baseline_bundle_any_rentin_se,baseline_bundle_any_rentin_p,baseline_bundle_any_rentin_first_stage_f,baseline_bundle_any_rentin_partial_r2,baseline_bundle_any_rentin_overid_p,baseline_bundle_any_rentin_N,baseline_bundle_any_rentin_clusters,baseline_bundle_asinh_rentin_b,baseline_bundle_asinh_rentin_se,baseline_bundle_asinh_rentin_p,baseline_bundle_asinh_rentin_first_stage_f,baseline_bundle_asinh_rentin_partial_r2,baseline_bundle_asinh_rentin_overid_p,baseline_bundle_asinh_rentin_N,baseline_bundle_asinh_rentin_clusters,Fmin,pmax_farm,pmax_base,overid_min,score
geo+rugged+area+workload,4,0.1649021305935845,0.09889280046813892,0.09541826740146964,23.025925162983935,0.45375424904320705,0.23810391711418122,2772,130,0.38286603946749015,0.20218023444979255,0.05826659557785563,23.0247804516754,0.45373322802200844,0.31252017624225237,2766,130,0.15295760232584363,0.10464780122556108,0.14383938889421577,25.864540356468776,0.4423705265655208,0.3166516992922517,2532,128,0.3552787735715362,0.1971524789271826,0.07153742045576372,25.865157432306138,0.442357232083755,0.441829355265949,2526,128,23.0247804516754,0.09541826740146964,0.14383938889421577,0.23810391711418122,8
geo+net+raw+costwork,4,0.18309118203092034,0.10189420490681583,0.07235541552412839,21.516118560312794,0.4485818114027782,0.3071868730025047,2772,130,0.42032389956579397,0.21880565176621009,0.0547327201144443,21.51647415778318,0.4485606869506318,0.09512700570503507,2766,130,0.16942507501128862,0.10749429118147882,0.11499563677982172,23.817777795872626,0.43572133327052387,0.4947613895963112,2532,128,0.38713790249243796,0.21008998032139645,0.06536928079079396,23.81796627461298,0.4357094433946467,0.30240620118326733,2526,128,21.516118560312794,0.07235541552412839,0.11499563677982172,0.09512700570503507,8
geo+net+workload+costwork,4,0.1830911820309025,0.10189420490681282,0.07235541552414793,21.516118559885854,0.448581811402778,0.3071868730025047,2772,130,0.4203238995657729,0.2188056517662019,0.05473272011444741,21.516474164696092,0.44856068695063256,0.09512700570502264,2766,130,0.16942507501130666,0.10749429118148908,0.11499563677981794,23.81777780807488,0.435721333270523,0.4947613895960491,2532,128,0.38713790249250934,0.21008998032142606,0.06536928079078219,23.81796627815993,0.43570944339464657,0.3024062011833688,2526,128,21.516118559885854,0.07235541552414793,0.11499563677981794,0.09512700570502264,8
geo+raw+dist+workload,4,0.18309118203092348,0.10189420490681277,0.07235541552411506,21.51611855640218,0.448581811402776,0.3071868730023889,2772,130,0.4203238995657132,0.21880565176617842,0.054732720114455624,21.516474164733857,0.44856068695062923,0.09512700570499666,2766,130,0.16942507501132548,0.10749429118149334,0.11499563677979197,23.817777801827248,0.43572133327052043,0.4947613895963112,2532,128,0.3871379024924785,0.21008998032141935,0.06536928079079507,23.817966277307317,0.4357094433946419,0.3024062011833688,2526,128,21.51611855640218,0.07235541552411506,0.11499563677979197,0.09512700570499666,8
geo+raw+dist+burden4,4,0.18309118203091979,0.10189420490681214,0.07235541552411906,21.5161185563731,0.44858181140277575,0.30718687300262115,2772,130,0.4203238995657162,0.21880565176618078,0.05473272011445651,21.516474164826327,0.4485606869506288,0.09512700570502264,2766,130,0.16942507501132698,0.107494291181493,0.11499563677978752,23.81777780212683,0.4357213332705203,0.4947613895963112,2532,128,0.3871379024924845,0.21008998032142018,0.06536928079079196,23.817966277603055,0.435709443394642,0.3024062011833001,2526,128,21.5161185563731,0.07235541552411906,0.11499563677978752,0.09512700570502264,8
geo+net+dist+burden4,4,0.18309118203092709,0.10189420490681529,0.0723554155241164,21.516118556365157,0.4485818114027771,0.3071868730025047,2772,130,0.4203238995657815,0.2188056517662005,0.05473272011444075,21.516474164964556,0.448560686950631,0.09512700570503507,2766,130,0.1694250750113131,0.10749429118148798,0.1149956367798004,23.817777802273355,0.4357213332705221,0.4947613895963112,2532,128,0.38713790249247915,0.21008998032141507,0.06536928079078907,23.81796627771738,0.43570944339464424,0.3024062011833688,2526,128,21.516118556365157,0.0723554155241164,0.1149956367798004,0.09512700570503507,8
net+dist+workload+costwork,4,0.18309118203092073,0.10189420490681518,0.07235541552412594,21.516118556361448,0.4485818114027763,0.3071868730025047,2772,130,0.42032389956573446,0.2188056517661842,0.05473272011444985,21.51647416497019,0.44856068695062956,0.09512700570502264,2766,130,0.16942507501131682,0.10749429118148787,0.11499563677979197,23.817777802253318,0.43572133327052154,0.4947613895961541,2532,128,0.38713790249247415,0.21008998032141207,0.06536928079078885,23.81796627759968,0.43570944339464346,0.3024062011834383,2526,128,21.516118556361448,0.07235541552412594,0.11499563677979197,0.09512700570502264,8
net+workload+costwork+burden4,4,0.1830911820309142,0.10189420490681309,0.07235541552413038,21.516118556297727,0.44858181140277653,0.3071868730025047,2772,130,0.42032389956572935,0.21880565176618483,0.054732720114453404,21.5164741649823,0.44856068695063034,0.09512700570503507,2766,130,0.16942507501133358,0.10749429118149587,0.11499563677978308,23.817777802229386,0.4357213332705214,0.4947613895961541,2532,128,0.3871379024924956,0.21008998032142603,0.06536928079079174,23.81796627769296,0.4357094433946431,0.3024062011834716,2526,128,21.516118556297727,0.07235541552413038,0.11499563677978308,0.09512700570503507,8
raw+dist+costwork+burden4,4,0.1830911820309197,0.10189420490681328,0.07235541552412239,21.516118556293065,0.44858181140277653,0.3071868730025047,2772,130,0.42032389956573746,0.21880565176618766,0.05473272011445207,21.51647416498423,0.44856068695063,0.09512700570503507,2766,130,0.1694250750113261,0.10749429118149183,0.11499563677978553,23.81777780228117,0.43572133327052165,0.4947613895961541,2532,128,0.38713790249248675,0.21008998032142184,0.06536928079079263,23.81796627770359,0.43570944339464335,0.3024062011834383,2526,128,21.516118556293065,0.07235541552412239,0.11499563677978553,0.09512700570503507,8
net+dist+workload+burden4,4,0.18309118203092065,0.10189420490681368,0.07235541552412195,21.51611855628903,0.4485818114027764,0.3071868730025047,2772,130,0.42032389956572863,0.2188056517661842,0.05473272011445318,21.516474165045224,0.44856068695063,0.09512700570502264,2766,130,0.16942507501132095,0.10749429118149079,0.11499563677979308,23.817777802304136,0.43572133327052154,0.4947613895961541,2532,128,0.3871379024924848,0.21008998032141935,0.06536928079079063,23.817966277695348,0.4357094433946431,0.3024062011834383,2526,128,21.51611855628903,0.07235541552412195,0.11499563677979308,0.09512700570502264,8
net+dist+costwork+burden4,4,0.18309118203091682,0.10189420490681293,0.07235541552412594,21.516118556286756,0.44858181140277675,0.3071868730025047,2772,130,0.4203238995657293,0.21880565176618444,0.05473272011445318,21.516474165037266,0.44856068695063,0.09512700570502264,2766,130,0.16942507501132284,0.10749429118149159,0.11499563677979174,23.817777802303226,0.4357213332705214,0.4947613895961541,2532,128,0.38713790249248614,0.21008998032142046,0.0653692807907913,23.81796627769245,0.43570944339464335,0.3024062011833688,2526,128,21.516118556286756,0.07235541552412594,0.11499563677979174,0.09512700570502264,8
geo+workload+costwork+burden4,4,0.18309118203092897,0.1018942049068143,0.07235541552411062,21.51611855628215,0.4485818114027763,0.3071868730025047,2772,130,0.42032389956573457,0.21880565176618666,0.054732720114452516,21.516474165022203,0.4485606869506298,0.09512700570499666,2766,130,0.16942507501132484,0.10749429118149294,0.11499563677979197,23.8177778022623,0.4357213332705214,0.4947613895961541,2532,128,0.3871379024924983,0.210089980321426,0.06536928079078996,23.817966277663118,0.4357094433946431,0.3024062011834383,2526,128,21.51611855628215,0.07235541552411062,0.11499563677979197,0.09512700570499666,8
raw+dist+workload+burden4,4,0.18309118203091815,0.10189420490681289,0.07235541552412372,21.51611855627766,0.44858181140277675,0.3071868730025047,2772,130,0.4203238995657371,0.21880565176618702,0.054732720114451405,21.51647416500333,0.4485606869506301,0.09512700570503507,2766,130,0.1694250750113229,0.10749429118149081,0.11499563677978886,23.817777802230808,0.43572133327052176,0.4947613895961541,2532,128,0.3871379024924857,0.21008998032142026,0.0653692807907913,23.817966277695973,0.43570944339464335,0.3024062011833688,2526,128,21.51611855627766,0.07235541552412372,0.11499563677978886,0.09512700570503507,8
net+raw+dist+workload,4,0.18309118203091934,0.10189420490681218,0.07235541552411973,21.516118556275913,0.44858181140277675,0.3071868730025047,2772,130,0.42032389956572125,0.21880565176618302,0.05473272011445607,21.516474165016486,0.44856068695062956,0.09512700570502264,2766,130,0.16942507501131582,0.10749429118148932,0.11499563677979907,23.817777802271923,0.4357213332705212,0.4947613895961541,2532,128,0.38713790249248414,0.21008998032141873,0.06536928079079041,23.81796627772234,0.4357094433946429,0.3024062011833688,2526,128,21.516118556275913,0.07235541552411973,0.11499563677979907,0.09512700570502264,8
geo+dist+workload+burden4,4,0.18309118203092423,0.10189420490681372,0.0723554155241164,21.516118556274762,0.4485818114027761,0.30718687300254377,2772,130,0.4203238995657271,0.2188056517661837,0.054732720114453626,21.516474165034253,0.4485606869506297,0.09512700570499666,2766,130,0.16942507501132426,0.10749429118149173,0.11499563677978908,23.81777780231812,0.4357213332705213,0.4947613895961541,2532,128,0.38713790249248725,0.2100899803214207,0.06536928079079085,23.81796627768739,0.435709443394643,0.3024062011833688,2526,128,21.516118556274762,0.0723554155241164,0.11499563677978908,0.09512700570499666,8
geo+raw+costwork+burden4,4,0.18309118203092353,0.10189420490681404,0.07235541552411862,21.51611855627374,0.44858181140277653,0.3071868730025047,2772,130,0.42032389956572624,0.21880565176618452,0.05473272011445496,21.516474164959163,0.4485606869506298,0.09512700570503507,2766,130,0.1694250750113228,0.10749429118149174,0.11499563677979219,23.817777802320393,0.43572133327052154,0.4947613895961541,2532,128,0.3871379024924869,0.2100899803214216,0.06536928079079218,23.81796627767949,0.43570944339464335,0.3024062011833688,2526,128,21.51611855627374,0.07235541552411862,0.11499563677979219,0.09512700570503507,8
net+raw+workload+burden4,4,0.1830911820309127,0.10189420490681354,0.07235541552413394,21.516118556273113,0.4485818114027763,0.3071868730025047,2772,130,0.4203238995657306,0.21880565176618585,0.05473272011445385,21.516474164952456,0.44856068695063,0.09512700570499666,2766,130,0.16942507501132514,0.10749429118149094,0.11499563677978464,23.817777802241835,0.43572133327052165,0.4947613895961541,2532,128,0.38713790249248486,0.2100899803214206,0.06536928079079218,23.81796627774338,0.43570944339464335,0.3024062011834383,2526,128,21.516118556273113,0.07235541552413394,0.11499563677978464,0.09512700570499666,8
geo+net+dist+costwork,4,0.18309118203092944,0.10189420490681489,0.07235541552411151,21.51611855627075,0.44858181140277675,0.30718687300262115,2772,130,0.42032389956577476,0.21880565176620043,0.05473272011444452,21.5164741653144,0.44856068695063045,0.09512700570502264,2766,130,0.169425075011321,0.10749429118148839,0.11499563677978486,23.817777802468605,0.4357213332705221,0.4947613895961541,2532,128,0.3871379024924536,0.21008998032141138,0.06536928079080218,23.817966277486523,0.43570944339464424,0.3024062011834383,2526,128,21.51611855627075,0.07235541552411151,0.11499563677978486,0.09512700570502264,8
geo+dist+costwork+burden4,4,0.18309118203092456,0.10189420490681421,0.07235541552411728,21.516118556268907,0.4485818114027761,0.3071868730025047,2772,130,0.4203238995657229,0.2188056517661834,0.054732720114455624,21.516474165031184,0.4485606869506298,0.09512700570502264,2766,130,0.1694250750113236,0.10749429118149205,0.11499563677979152,23.817777802301748,0.4357213332705212,0.4947613895961541,2532,128,0.3871379024924906,0.21008998032142231,0.06536928079079041,23.817966277696826,0.4357094433946429,0.3024062011833688,2526,128,21.516118556268907,0.07235541552411728,0.11499563677979152,0.09512700570502264,8
net+raw+dist+burden4,4,0.18309118203093191,0.10189420490681339,0.07235541552410352,21.516118556263642,0.4485818114027763,0.3071868730023889,2772,130,0.4203238995657148,0.21880565176618105,0.05473272011445762,21.51647416501295,0.4485606869506297,0.09512700570503507,2766,130,0.16942507501131437,0.10749429118149048,0.11499563677980595,23.81777780235113,0.4357213332705211,0.4947613895962588,2532,128,0.3871379024924897,0.21008998032141968,0.06536928079078774,23.817966277760682,0.4357094433946431,0.3024062011834383,2526,128,21.516118556263642,0.07235541552410352,0.11499563677980595,0.09512700570503507,8
dist+workload+costwork+burden4,4,0.18309118203091906,0.10189420490681296,0.07235541552412239,21.516118556261347,0.4485818114027763,0.3071868730025047,2772,130,0.4203238995657338,0.21880565176618577,0.05473272011445207,21.51647416499469,0.4485606869506301,0.09512700570502264,2766,130,0.16942507501132725,0.10749429118149581,0.1149956367797964,23.817777802297314,0.4357213332705213,0.4947613895961541,2532,128,0.38713790249249913,0.21008998032142912,0.0653692807907933,23.81796627770268,0.43570944339464335,0.3024062011834383,2526,128,21.516118556261347,0.07235541552412239,0.1149956367797964,0.09512700570502264,8
net+raw+costwork+burden4,4,0.18309118203091457,0.10189420490681322,0.07235541552413016,21.51611855625896,0.44858181140277675,0.3071868730025047,2772,130,0.4203238995657364,0.2188056517661865,0.054732720114451405,21.516474165011175,0.4485606869506302,0.09512700570503507,2766,130,0.16942507501132595,0.10749429118149184,0.11499563677978575,23.817777802307944,0.4357213332705214,0.4947613895961541,2532,128,0.38713790249247826,0.21008998032142076,0.06536928079079707,23.81796627763896,0.43570944339464335,0.3024062011833688,2526,128,21.51611855625896,0.07235541552413016,0.11499563677978575,0.09512700570503507,8
net+raw+dist+costwork,4,0.18309118203092425,0.10189420490681303,0.07235541552411462,21.51611855625176,0.4485818114027761,0.3071868730025047,2772,130,0.4203238995657206,0.2188056517661834,0.054732720114456956,21.51647416498131,0.44856068695062956,0.09512700570499666,2766,130,0.1694250750113184,0.10749429118149126,0.11499563677980018,23.817777802225816,0.4357213332705212,0.4947613895962588,2532,128,0.3871379024924926,0.21008998032141973,0.06536928079078574,23.81796627765881,0.4357094433946431,0.3024062011834383,2526,128,21.51611855625176,0.07235541552411462,0.11499563677980018,0.09512700570499666,8
geo+raw+workload+burden4,4,0.18309118203092406,0.10189420490681414,0.07235541552411795,21.516118556227923,0.4485818114027763,0.3071868730025047,2772,130,0.42032389956573146,0.2188056517661856,0.05473272011445318,21.516474164994577,0.44856068695063,0.09512700570503507,2766,130,0.16942507501131981,0.10749429118149084,0.11499563677979552,23.817777802242972,0.43572133327052154,0.4947613895961541,2532,128,0.3871379024924789,0.21008998032141935,0.06536928079079485,23.81796627769336,0.43570944339464335,0.3024062011833688,2526,128,21.516118556227923,0.07235541552411795,0.11499563677979552,0.09512700570503507,8
geo+net+workload+burden4,4,0.18309118203093067,0.10189420490681282,0.07235541552410396,21.516118556214337,0.4485818114027753,0.3071868730025047,2772,130,0.42032389956567395,0.21880565176616706,0.05473272011446584,21.51647416554522,0.4485606869506288,0.09512700570499666,2766,130,0.16942507501133847,0.10749429118149535,0.11499563677977087,23.817777801825628,0.4357213332705203,0.4947613895962588,2532,128,0.38713790249250674,0.21008998032142814,0.06536928079078663,23.817966278826248,0.43570944339464146,0.3024062011833688,2526,128,21.516118556214337,0.07235541552410396,0.11499563677977087,0.09512700570499666,8
geo+net+costwork+burden4,4,0.18309118203092303,0.10189420490681324,0.07235541552411706,21.51611855619649,0.4485818114027761,0.3071868730025047,2772,130,0.4203238995656812,0.2188056517661701,0.05473272011446495,21.516474164873443,0.44856068695062934,0.09512700570499666,2766,130,0.16942507501132914,0.10749429118149435,0.11499563677978752,23.817777802374053,0.435721333270521,0.4947613895961541,2532,128,0.3871379024925071,0.21008998032142787,0.06536928079078619,23.817966277734286,0.43570944339464224,0.3024062011834383,2526,128,21.51611855619649,0.07235541552411706,0.11499563677978752,0.09512700570499666,8
geo+net+dist+workload,4,0.18309118203092284,0.10189420490681501,0.07235541552412239,21.51611855617724,0.44858181140277675,0.3071868730023889,2772,130,0.42032389956577776,0.21880565176620012,0.054732720114442523,21.516474164992818,0.4485606869506308,0.09512700570503507,2766,130,0.16942507501131515,0.10749429118148843,0.11499563677979752,23.817777802207047,0.4357213332705221,0.4947613895962588,2532,128,0.3871379024924663,0.21008998032141404,0.06536928079079685,23.817966277875037,0.43570944339464435,0.3024062011833688,2526,128,21.51611855617724,0.07235541552412239,0.11499563677979752,0.09512700570503507,8
geo+raw+dist+costwork,4,0.1830911820309209,0.10189420490681156,0.07235541552411573,21.516118556065774,0.4485818114027754,0.30718687300262115,2772,130,0.4203238995657218,0.2188056517661809,0.054732720114453404,21.516474164966876,0.448560686950629,0.09512700570507382,2766,130,0.16942507501133147,0.10749429118149319,0.11499563677977864,23.817777802175158,0.4357213332705203,0.4947613895962588,2532,128,0.38713790249248153,0.21008998032141918,0.06536928079079285,23.817966278057003,0.4357094433946419,0.3024062011834716,2526,128,21.516118556065774,0.07235541552411573,0.11499563677977864,0.09512700570507382,8
geo+dist+workload+costwork,4,0.18309118203092895,0.10189420490681647,0.07235541552411684,21.516118556042557,0.44858181140277575,0.30718687300254377,2772,130,0.42032389956573113,0.21880565176618008,0.054732720114447186,21.51647416464266,0.44856068695062845,0.09512700570499666,2766,130,0.16942507501132803,0.10749429118148847,0.11499563677976998,23.817777802311866,0.435721333270521,0.4947613895961541,2532,128,0.3871379024924753,0.21008998032140933,0.06536928079078441,23.817966278216772,0.4357094433946427,0.3024062011833688,2526,128,21.516118556042557,0.07235541552411684,0.11499563677976998,0.09512700570499666,8
geo+net+raw+burden4,4,0.1830911820309396,0.10189420490681801,0.07235541552410463,21.516118554451555,0.44858181140277864,0.30718687300254377,2772,130,0.4203238995658194,0.21880565176622124,0.05473272011444186,21.51647416387238,0.4485606869506318,0.09512700570502264,2766,130,0.16942507501128512,0.10749429118147771,0.11499563677982572,23.817777797075642,0.43572133327052387,0.4947613895963112,2532,128,0.3871379024924658,0.21008998032140186,0.06536928079078153,23.817966274587366,0.435709443394647,0.3024062011834716,2526,128,21.516118554451555,0.07235541552410463,0.11499563677982572,0.09512700570502264,8
geo+net+raw+workload,4,0.18309118203094552,0.10189420490681965,0.07235541552409996,21.51611855246156,0.4485818114027784,0.30718687300242764,2772,130,0.4203238995657613,0.21880565176620342,0.054732720114455624,21.516474164938092,0.4485606869506319,0.09512700570495836,2766,130,0.16942507501130036,0.10749429118147989,0.1149956367798004,23.81777779779252,0.4357213332705242,0.4947613895962588,2532,128,0.38713790249243113,0.2100899803213953,0.06536928079079729,23.817966273108492,0.4357094433946468,0.30240620118326733,2526,128,21.51611855246156,0.07235541552409996,0.1149956367798004,0.09512700570495836,8
geo+net+raw+area+burden4,5,0.16601909118991762,0.09886705950875735,0.09311006715052716,28.065183531039697,0.4537728899226554,0.16430191265413718,2772,130,0.38557137445492157,0.20268700292087694,0.05713201737855633,28.05798281356977,0.4537518797055219,0.033940325789009074,2766,130,0.15452285433133123,0.10442969778019608,0.13895784958832502,31.528286570810128,0.4425145451376177,0.4153084113139761,2532,128,0.360958835745422,0.19796224674487248,0.06824705437861134,31.520204416947088,0.442501568305521,0.21764867353420625,2526,128,28.05798281356977,0.09311006715052716,0.13895784958832502,0.033940325789009074,6
geo+net+raw+area+workload,5,0.1660190911899138,0.09886705950875697,0.09311006715053338,28.065183529423923,0.4537728899226554,0.16430191265413718,2772,130,0.38557137445497125,0.202687002920886,0.05713201737853546,28.05798281182128,0.4537518797055219,0.03394032578899164,2766,130,0.15452285433133806,0.10442969778019699,0.13895784958831103,31.52828656685237,0.4425145451376181,0.41530841131405327,2532,128,0.3609588357453919,0.19796224674486776,0.06824705437862777,31.520204420048756,0.442501568305521,0.21764867353427408,2526,128,28.05798281182128,0.09311006715053338,0.13895784958831103,0.03394032578899164,6
geo+net+raw+rugged+costwork,5,0.1660190911899217,0.09886705950875688,0.0931100671505174,28.06518353026233,0.45377288992265596,0.1643019126541565,2772,130,0.38557137445490236,0.20268700292087163,0.05713201737856233,28.05798281149726,0.453751879705522,0.03394032578899164,2766,130,0.15452285433133522,0.10442969778019734,0.13895784958831947,31.528286573478212,0.44251454513761757,0.41530841131393714,2532,128,0.3609588357454214,0.1979622467448735,0.06824705437861334,31.520204417918315,0.442501568305521,0.21764867353422868,2526,128,28.05798281149726,0.0931100671505174,0.13895784958831947,0.03394032578899164,6
geo+net+raw+area+costwork,5,0.1660190911899263,0.09886705950875714,0.09311006715050918,28.065183531545404,0.4537728899226555,0.16430191265407923,2772,130,0.38557137445489104,0.20268700292086902,0.057132017378566324,28.05798281098562,0.45375187970552155,0.033940325789017844,2766,130,0.1545228543313289,0.10442969778019683,0.13895784958833368,31.528286569070683,0.4425145451376178,0.41530841131413077,2532,128,0.36095883574539517,0.19796224674486995,0.06824705437862844,31.520204415169204,0.4425015683055208,0.21764867353416084,2526,128,28.05798281098562,0.09311006715050918,0.13895784958833368,0.033940325789017844,6
geo+net+raw+rugged+burden4,5,0.16601909118992422,0.09886705950875757,0.09311006715051473,28.065183530922532,0.4537728899226565,0.16430191265407923,2772,130,0.38557137445494105,0.20268700292087788,0.05713201737854501,28.05798281093926,0.45375187970552144,0.03394032578897854,2766,130,0.15452285433132845,0.10442969778019683,0.1389578495883348,31.528286572875835,0.44251454513761834,0.4153084113139761,2532,128,0.36095883574543725,0.19796224674487642,0.06824705437860512,31.52020442590716,0.44250156830552123,0.21764867353416084,2526,128,28.05798281093926,0.09311006715051473,0.1389578495883348,0.03394032578897854,6
geo+net+area+workload+costwork,5,0.16601909118991143,0.09886705950875757,0.09311006715054004,28.06518353184333,0.45377288992265596,0.16430191265419536,2772,130,0.3855713744548645,0.20268700292086814,0.05713201737858231,28.057982810804333,0.453751879705522,0.033940325789009074,2766,130,0.1545228543313612,0.10442969778020836,0.13895784958829482,31.528286568165413,0.4425145451376171,0.41530841131405327,2532,128,0.360958835745468,0.19796224674489976,0.06824705437861422,31.520204417465493,0.4425015683055201,0.21764867353427408,2526,128,28.057982810804333,0.09311006715054004,0.13895784958829482,0.033940325789009074,6
geo+area+dist+workload+costwork,5,0.16601909118997712,0.09886705950875825,0.09311006715041281,28.065183531092657,0.4537728899226523,0.1643019126541565,2772,130,0.38557137445487544,0.20268700292085862,0.05713201737856366,28.057982810582985,0.4537518797055179,0.033940325789017844,2766,130,0.1545228543313461,0.10442969778020479,0.13895784958831991,31.528286571009403,0.44251454513761523,0.41530841131405327,2532,128,0.3609588357454281,0.19796224674488214,0.06824705437862022,31.52020442119033,0.4425015683055168,0.21764867353427408,2526,128,28.057982810582985,0.09311006715041281,0.13895784958831991,0.033940325789017844,6
geo+net+rugged+workload+burden4,5,0.1660190911899695,0.09886705950875388,0.09311006715041348,28.06518353098943,0.4537728899226515,0.1643019126541565,2772,130,0.38557137445482514,0.20268700292084413,0.057132017378578315,28.05798281040626,0.4537518797055182,0.033940325789017844,2766,130,0.15452285433137986,0.1044296977802129,0.13895784958826418,31.528286571445733,0.44251454513761435,0.41530841131413077,2532,128,0.36095883574546284,0.1979622467448985,0.06824705437861645,31.52020442083517,0.44250156830551557,0.21764867353427408,2526,128,28.05798281040626,0.09311006715041348,0.13895784958826418,0.033940325789017844,6
geo+raw+area+dist+workload,5,0.16601909118996025,0.09886705950875588,0.09311006715043812,28.065183531349344,0.4537728899226525,0.16430191265413718,2772,130,0.38557137445487466,0.2026870029208577,0.057132017378562994,28.057982810288298,0.4537518797055179,0.033940325789017844,2766,130,0.1545228543313772,0.1044296977802113,0.13895784958826507,31.528286571006685,0.44251454513761446,0.4153084113139761,2532,128,0.36095883574547183,0.19796224674489704,0.06824705437860756,31.520204421002322,0.4425015683055157,0.21764867353420625,2526,128,28.057982810288298,0.09311006715043812,0.13895784958826507,0.033940325789017844,6
geo+net+rugged+area+costwork,5,0.16601909118995528,0.09886705950875631,0.09311006715044945,28.06518353118896,0.4537728899226522,0.16430191265419536,2772,130,0.38557137445484935,0.20268700292085545,0.05713201737857654,28.05798281027421,0.4537518797055182,0.033940325789017844,2766,130,0.15452285433136778,0.10442969778021083,0.13895784958828727,31.528286571299546,0.44251454513761457,0.41530841131405327,2532,128,0.36095883574546117,0.19796224674489646,0.06824705437861489,31.52020442088335,0.4425015683055158,0.21764867353427408,2526,128,28.05798281027421,0.09311006715044945,0.13895784958828727,0.033940325789017844,6
geo+raw+area+dist+burden4,5,0.1660190911899702,0.09886705950875735,0.09311006715042347,28.065183531322806,0.4537728899226523,0.16430191265419536,2772,130,0.3855713744548625,0.2026870029208542,0.057132017378566546,28.057982810257805,0.453751879705518,0.03394032578899164,2766,130,0.15452285433137308,0.10442969778021062,0.13895784958827284,31.528286571501106,0.44251454513761423,0.4153084113139761,2532,128,0.3609588357454715,0.19796224674489796,0.06824705437860912,31.520204420906836,0.4425015683055158,0.21764867353422868,2526,128,28.057982810257805,0.09311006715042347,0.13895784958827284,0.03394032578899164,6
geo+net+area+dist+costwork,5,0.16601909118993488,0.09886705950875632,0.09311006715048964,28.065183531163573,0.4537728899226542,0.16430191265413718,2772,130,0.38557137445490364,0.20268700292086853,0.05713201737855744,28.0579828102444,0.45375187970552,0.03394032578899164,2766,130,0.15452285433135837,0.10442969778020621,0.13895784958829394,31.528286571316556,0.4425145451376159,0.4153084113139761,2532,128,0.3609588357454559,0.197962246744891,0.06824705437861134,31.520204420851364,0.44250156830551823,0.21764867353420625,2526,128,28.0579828102444,0.09311006715048964,0.13895784958829394,0.03394032578899164,6
geo+net+rugged+costwork+burden4,5,0.16601909118995956,0.09886705950875417,0.0931100671504339,28.065183531612433,0.4537728899226525,0.1643019126541565,2772,130,0.3855713744548341,0.2026870029208481,0.05713201737857743,28.057982810243914,0.4537518797055182,0.033940325789022174,2766,130,0.15452285433137625,0.1044296977802118,0.1389578495882693,31.528286571316244,0.4425145451376148,0.41530841131405327,2532,128,0.3609588357454562,0.19796224674489715,0.06824705437861978,31.520204420930725,0.44250156830551624,0.21764867353427408,2526,128,28.057982810243914,0.0931100671504339,0.1389578495882693,0.033940325789022174,6
geo+raw+rugged+dist+costwork,5,0.16601909118996003,0.09886705950875617,0.09311006715043968,28.065183531265156,0.4537728899226525,0.1643019126541565,2772,130,0.3855713744548644,0.20268700292085612,0.05713201737856766,28.0579828102308,0.45375187970551845,0.03394032578899164,2766,130,0.15452285433137838,0.1044296977802112,0.13895784958826152,31.528286571078546,0.4425145451376141,0.41530841131413077,2532,128,0.3609588357454525,0.19796224674489388,0.06824705437861778,31.520204421276773,0.4425015683055159,0.21764867353427408,2526,128,28.0579828102308,0.09311006715043968,0.13895784958826152,0.03394032578899164,6
geo+raw+rugged+dist+workload,5,0.16601909118996463,0.09886705950875678,0.09311006715043257,28.065183531248817,0.4537728899226524,0.16430191265419536,2772,130,0.38557137445486517,0.20268700292085692,0.0571320173785681,28.057982810230232,0.45375187970551834,0.03394032578899164,2766,130,0.15452285433137694,0.10442969778021072,0.13895784958826352,31.52828657121918,0.442514545137614,0.41530841131405327,2532,128,0.36095883574544857,0.19796224674489302,0.06824705437861978,31.520204420989867,0.4425015683055157,0.21764867353427408,2526,128,28.057982810230232,0.09311006715043257,0.13895784958826352,0.03394032578899164,6
geo+rugged+area+workload+burden4,5,0.16601909118995628,0.0988670595087559,0.09311006715044612,28.06518353138778,0.4537728899226525,0.16430191265407923,2772,130,0.3855713744548553,0.2026870029208537,0.05713201737857054,28.05798281022929,0.4537518797055181,0.033940325789035275,2766,130,0.15452285433137303,0.10442969778021045,0.1389578495882724,31.528286571199924,0.4425145451376148,0.41530841131416907,2532,128,0.3609588357454657,0.1979622467448946,0.06824705437860867,31.520204420993736,0.442501568305516,0.21764867353427408,2526,128,28.05798281022929,0.09311006715044612,0.1389578495882724,0.033940325789035275,6
geo+net+area+dist+burden4,5,0.1660190911899395,0.09886705950875657,0.09311006715048142,28.065183531236343,0.45377288992265385,0.1643019126541565,2772,130,0.38557137445490924,0.20268700292086983,0.057132017378555666,28.05798281019255,0.4537518797055199,0.033940325789022174,2766,130,0.15452285433135965,0.10442969778020615,0.13895784958829038,31.52828657129702,0.442514545137616,0.41530841131405327,2532,128,0.360958835745445,0.19796224674488866,0.06824705437861622,31.52020442080186,0.44250156830551846,0.21764867353422868,2526,128,28.05798281019255,0.09311006715048142,0.13895784958829038,0.033940325789022174,6
geo+net+rugged+area+workload,5,0.16601909118996122,0.09886705950875677,0.09311006715043924,28.065183531361683,0.4537728899226522,0.16430191265407923,2772,130,0.38557137445485634,0.20268700292085406,0.05713201737857032,28.05798281018713,0.45375187970551834,0.03394032578899164,2766,130,0.15452285433137045,0.10442969778021072,0.13895784958827995,31.528286571288458,0.4425145451376148,0.41530841131416907,2532,128,0.36095883574546084,0.19796224674489582,0.06824705437861422,31.520204420953974,0.442501568305516,0.21764867353427408,2526,128,28.05798281018713,0.09311006715043924,0.13895784958827995,0.03394032578899164,6
geo+rugged+area+dist+workload,5,0.16601909118995253,0.0988670595087552,0.09311006715045123,28.06518353129325,0.4537728899226522,0.16430191265407923,2772,130,0.38557137445486855,0.20268700292085706,0.0571320173785661,28.05798281017965,0.4537518797055181,0.033940325789017844,2766,130,0.15452285433136553,0.10442969778021019,0.1389578495882906,31.528286571234823,0.4425145451376147,0.41530841131405327,2532,128,0.36095883574545096,0.19796224674489263,0.06824705437861733,31.520204420839484,0.442501568305516,0.21764867353427408,2526,128,28.05798281017965,0.09311006715045123,0.1389578495882906,0.033940325789017844,6
geo+rugged+area+workload+costwork,5,0.16601909118995792,0.09886705950875609,0.09311006715044345,28.06518353141293,0.4537728899226521,0.16430191265402116,2772,130,0.3855713744548586,0.20268700292085604,0.05713201737857121,28.057982810177776,0.4537518797055181,0.033940325789004744,2766,130,0.1545228543313657,0.1044296977802099,0.13895784958828905,31.528286571298775,0.4425145451376148,0.4153084113139761,2532,128,0.36095883574546134,0.19796224674489438,0.06824705437861178,31.520204420907632,0.4425015683055158,0.21764867353420625,2526,128,28.057982810177776,0.09311006715044345,0.13895784958828905,0.033940325789004744,6
geo+area+workload+costwork+burden4,5,0.16601909118994504,0.09886705950875495,0.09311006715046499,28.065183531395803,0.4537728899226533,0.16430191265413718,2772,130,0.3855713744548798,0.20268700292085967,0.057132017378562105,28.057982810173883,0.45375187970551933,0.033940325789017844,2766,130,0.15452285433137852,0.10442969778021145,0.13895784958826218,31.528286571278443,0.44251454513761523,0.41530841131405327,2532,128,0.36095883574547366,0.19796224674489932,0.06824705437860934,31.52020442080385,0.442501568305517,0.21764867353427408,2526,128,28.057982810173883,0.09311006715046499,0.13895784958826218,0.033940325789017844,6
geo+raw+rugged+dist+burden4,5,0.16601909118996777,0.09886705950875717,0.09311006715042769,28.065183531451186,0.45377288992265263,0.16430191265419536,2772,130,0.38557137445487827,0.20268700292085984,0.057132017378563216,28.057982810169854,0.4537518797055181,0.033940325789017844,2766,130,0.15452285433137145,0.10442969778021033,0.13895784958827595,31.52828657136022,0.442514545137614,0.41530841131413077,2532,128,0.3609588357454613,0.1979622467448957,0.06824705437861378,31.5202044207254,0.4425015683055158,0.21764867353420625,2526,128,28.057982810169854,0.09311006715042769,0.13895784958827595,0.033940325789017844,6
area+dist+workload+costwork+burden4,5,0.16601909118995445,0.09886705950875521,0.09311006715044745,28.065183531346634,0.4537728899226535,0.1643019126541565,2772,130,0.3855713744548811,0.20268700292085964,0.05713201737856122,28.057982810166664,0.4537518797055191,0.033940325789017844,2766,130,0.15452285433136959,0.10442969778020982,0.13895784958827884,31.528286571299304,0.44251454513761523,0.41530841131413077,2532,128,0.3609588357454722,0.1979622467448997,0.0682470543786109,31.520204420889172,0.44250156830551723,0.21764867353427408,2526,128,28.057982810166664,0.09311006715044745,0.13895784958827884,0.033940325789017844,6
geo+raw+area+costwork+burden4,5,0.16601909118994973,0.09886705950875571,0.09311006715045833,28.0651835313825,0.4537728899226533,0.1643019126541565,2772,130,0.38557137445487416,0.20268700292085984,0.05713201737856588,28.057982810162116,0.4537518797055191,0.033940325789009074,2766,130,0.1545228543313724,0.10442969778020936,0.13895784958826995,31.528286571283843,0.44251454513761534,0.41530841131405327,2532,128,0.36095883574545984,0.19796224674489543,0.06824705437861445,31.520204420817095,0.44250156830551735,0.21764867353427408,2526,128,28.057982810162116,0.09311006715045833,0.13895784958826995,0.033940325789009074,6
rugged+dist+workload+costwork+burden4,5,0.16601909118994748,0.09886705950875457,0.093110067150459,28.065183531361527,0.4537728899226534,0.16430191265419536,2772,130,0.3855713744548764,0.20268700292086028,0.05713201737856499,28.057982810162116,0.4537518797055191,0.033940325789017844,2766,130,0.15452285433137483,0.10442969778021102,0.13895784958826995,31.528286571302033,0.44251454513761523,0.41530841131413077,2532,128,0.3609588357454646,0.19796224674489887,0.06824705437861556,31.520204420856487,0.442501568305517,0.21764867353427408,2526,128,28.057982810162116,0.093110067150459,0.13895784958826995,0.033940325789017844,6
geo+raw+rugged+area+burden4,5,0.16601909118995833,0.09886705950875638,0.09311006715044368,28.06518353135137,0.4537728899226523,0.16430191265413718,2772,130,0.3855713744548661,0.2026870029208577,0.057132017378568545,28.057982810161263,0.45375187970551856,0.033940325789017844,2766,130,0.1545228543313663,0.10442969778021083,0.13895784958829105,31.52828657126824,0.44251454513761435,0.41530841131413077,2532,128,0.36095883574546406,0.19796224674489668,0.06824705437861289,31.52020442085878,0.442501568305516,0.21764867353420625,2526,128,28.057982810161263,0.09311006715044368,0.13895784958829105,0.033940325789017844,6
geo+rugged+area+dist+costwork,5,0.16601909118995187,0.09886705950875531,0.09311006715045278,28.065183531370558,0.4537728899226522,0.16430191265407923,2772,130,0.3855713744548651,0.20268700292085562,0.057132017378566546,28.057982810161043,0.453751879705518,0.03394032578899164,2766,130,0.1545228543313681,0.10442969778021007,0.13895784958828372,31.528286571366746,0.4425145451376147,0.41530841131413077,2532,128,0.36095883574545795,0.19796224674489407,0.068247054378614,31.520204420811716,0.4425015683055158,0.21764867353429673,2526,128,28.057982810161043,0.09311006715045278,0.13895784958828372,0.03394032578899164,6
geo+rugged+dist+workload+costwork,5,0.1660190911899636,0.098867059508757,0.09311006715043524,28.06518353135891,0.4537728899226531,0.16430191265419536,2772,130,0.385571374454881,0.20268700292085443,0.05713201737855478,28.05798281016041,0.453751879705518,0.033940325789009074,2766,130,0.15452285433137278,0.1044296977802049,0.13895784958825197,31.52828657164605,0.44251454513761523,0.41530841131413077,2532,128,0.3609588357454669,0.19796224674488774,0.06824705437859846,31.520204420488426,0.44250156830551657,0.21764867353427408,2526,128,28.05798281016041,0.09311006715043524,0.13895784958825197,0.033940325789009074,6
raw+rugged+area+workload+burden4,5,0.16601909118994734,0.09886705950875407,0.09311006715045766,28.06518353141928,0.4537728899226533,0.16430191265419536,2772,130,0.38557137445487955,0.20268700292085812,0.05713201737856033,28.057982810159785,0.4537518797055191,0.033940325789017844,2766,130,0.15452285433137125,0.10442969778020868,0.13895784958827018,31.52828657130169,0.44251454513761557,0.41530841131405327,2532,128,0.3609588357454442,0.19796224674489182,0.06824705437862133,31.520204420850803,0.44250156830551746,0.21764867353427408,2526,128,28.057982810159785,0.09311006715045766,0.13895784958827018,0.033940325789017844,6
raw+area+dist+workload+burden4,5,0.1660190911899533,0.0988670595087549,0.09311006715044878,28.06518353137716,0.4537728899226533,0.16430191265413718,2772,130,0.38557137445488276,0.20268700292085903,0.05713201737855944,28.05798281015774,0.45375187970551933,0.033940325789017844,2766,130,0.1545228543313703,0.10442969778020861,0.1389578495882724,31.52828657126554,0.4425145451376157,0.41530841131405327,2532,128,0.3609588357454452,0.19796224674489216,0.06824705437862111,31.520204420837388,0.44250156830551746,0.21764867353427408,2526,128,28.05798281015774,0.09311006715044878,0.1389578495882724,0.033940325789017844,6
net+raw+area+costwork+burden4,5,0.16601909118994881,0.09886705950875462,0.09311006715045655,28.06518353138597,0.4537728899226533,0.16430191265413718,2772,130,0.3855713744548708,0.2026870029208576,0.057132017378565436,28.057982810157682,0.45375187970551945,0.033940325789017844,2766,130,0.154522854331373,0.10442969778020976,0.13895784958826995,31.528286571283218,0.44251454513761534,0.41530841131413077,2532,128,0.3609588357454576,0.19796224674489477,0.06824705437861533,31.52020442085461,0.44250156830551723,0.21764867353427408,2526,128,28.057982810157682,0.09311006715045655,0.13895784958826995,0.033940325789017844,6
geo+net+rugged+dist+workload,5,0.16601909118994668,0.09886705950875678,0.09311006715046788,28.065183531438517,0.45377288992265397,0.16430191265413718,2772,130,0.3855713744549072,0.20268700292086958,0.057132017378556554,28.05798281015669,0.4537518797055199,0.033940325789030945,2766,130,0.15452285433135776,0.10442969778020608,0.13895784958829505,31.52828657129616,0.4425145451376158,0.41530841131405327,2532,128,0.3609588357454362,0.19796224674488844,0.06824705437862288,31.520204420822875,0.44250156830551823,0.21764867353427408,2526,128,28.05798281015669,0.09311006715046788,0.13895784958829505,0.033940325789030945,6
rugged+area+workload+costwork+burden4,5,0.16601909118994995,0.09886705950875502,0.09311006715045567,28.065183531377443,0.4537728899226533,0.16430191265419536,2772,130,0.38557137445487416,0.202687002920857,0.05713201737856233,28.05798281015427,0.45375187970551945,0.033940325789017844,2766,130,0.1545228543313718,0.10442969778021066,0.1389578495882764,31.52828657128663,0.44251454513761523,0.41530841131405327,2532,128,0.3609588357454594,0.19796224674489954,0.06824705437862044,31.520204420865014,0.442501568305517,0.21764867353427408,2526,128,28.05798281015427,0.09311006715045567,0.1389578495882764,0.033940325789017844,6
rugged+area+dist+workload+burden4,5,0.1660190911899458,0.09886705950875414,0.093110067150461,28.065183531350044,0.4537728899226533,0.16430191265413718,2772,130,0.3855713744548792,0.20268700292085845,0.057132017378560995,28.057982810150293,0.4537518797055192,0.033940325789017844,2766,130,0.1545228543313713,0.10442969778020973,0.13895784958827417,31.528286571271224,0.44251454513761557,0.41530841131405327,2532,128,0.3609588357454555,0.19796224674489465,0.06824705437861667,31.520204420802713,0.44250156830551746,0.21764867353427408,2526,128,28.057982810150293,0.093110067150461,0.13895784958827417,0.033940325789017844,6
geo+area+dist+costwork+burden4,5,0.1660190911899532,0.09886705950875528,0.09311006715045012,28.06518353134848,0.4537728899226533,0.16430191265413718,2772,130,0.3855713744548762,0.2026870029208587,0.057132017378563216,28.057982810148246,0.4537518797055189,0.033940325789022174,2766,130,0.15452285433137108,0.10442969778020987,0.13895784958827528,31.52828657127236,0.44251454513761523,0.41530841131405327,2532,128,0.36095883574545895,0.19796224674489474,0.06824705437861422,31.520204420829373,0.4425015683055169,0.21764867353427408,2526,128,28.057982810148246,0.09311006715045012,0.13895784958827528,0.033940325789022174,6
geo+raw+rugged+costwork+burden4,5,0.16601909118995306,0.09886705950875498,0.09311006715044945,28.065183531375624,0.4537728899226533,0.16430191265413718,2772,130,0.3855713744548681,0.20268700292085676,0.0571320173785661,28.05798281014779,0.4537518797055191,0.033940325789022174,2766,130,0.15452285433137203,0.1044296977802097,0.13895784958827218,31.52828657126048,0.44251454513761534,0.41530841131413077,2532,128,0.3609588357454614,0.19796224674489568,0.06824705437861356,31.52020442084489,0.44250156830551723,0.21764867353427408,2526,128,28.05798281014779,0.09311006715044945,0.13895784958827218,0.033940325789022174,6
net+raw+area+workload+burden4,5,0.16601909118994942,0.09886705950875471,0.09311006715045567,28.06518353134578,0.4537728899226532,0.1643019126541565,2772,130,0.3855713744548672,0.2026870029208568,0.05713201737856677,28.05798281014671,0.45375187970551945,0.033940325789017844,2766,130,0.15452285433136992,0.10442969778020889,0.1389578495882744,31.52828657126338,0.44251454513761557,0.41530841131413077,2532,128,0.3609588357454574,0.1979622467448936,0.06824705437861378,31.520204420823916,0.44250156830551746,0.21764867353427408,2526,128,28.05798281014671,0.09311006715045567,0.1389578495882744,0.033940325789017844,6
net+rugged+area+dist+costwork,5,0.16601909118995403,0.0988670595087561,0.09311006715045123,28.06518353137684,0.4537728899226532,0.16430191265413718,2772,130,0.3855713744548817,0.2026870029208625,0.057132017378564326,28.057982810143223,0.4537518797055189,0.033940325789017844,2766,130,0.1545228543313665,0.1044296977802073,0.13895784958827706,31.52828657127395,0.44251454513761534,0.41530841131416907,2532,128,0.3609588357454492,0.197962246744891,0.06824705437861645,31.5202044208394,0.442501568305517,0.21764867353427408,2526,128,28.057982810143223,0.09311006715045123,0.13895784958827706,0.033940325789017844,6
net+rugged+area+dist+burden4,5,0.1660190911899527,0.0988670595087566,0.09311006715045544,28.06518353136947,0.4537728899226532,0.16430191265407923,2772,130,0.38557137445488576,0.2026870029208628,0.057132017378562105,28.057982810141958,0.45375187970551933,0.033940325789017844,2766,130,0.15452285433136492,0.10442969778020798,0.13895784958828372,31.528286571284806,0.44251454513761523,0.41530841131413077,2532,128,0.36095883574545357,0.19796224674489127,0.06824705437861334,31.520204420856693,0.442501568305517,0.21764867353427408,2526,128,28.057982810141958,0.09311006715045544,0.13895784958828372,0.033940325789017844,6
raw+rugged+dist+costwork+burden4,5,0.16601909118995103,0.09886705950875452,0.09311006715045189,28.065183531402738,0.4537728899226531,0.16430191265413718,2772,130,0.3855713744548866,0.20268700292085937,0.05713201737855744,28.057982810141652,0.45375187970551933,0.033940325789017844,2766,130,0.15452285433137242,0.10442969778020952,0.1389578495882704,31.528286571289414,0.44251454513761534,0.41530841131413077,2532,128,0.3609588357454441,0.19796224674489293,0.0682470543786231,31.520204420839093,0.44250156830551735,0.21764867353427408,2526,128,28.057982810141652,0.09311006715045189,0.1389578495882704,0.033940325789017844,6
geo+raw+area+workload+burden4,5,0.16601909118994954,0.09886705950875531,0.09311006715045744,28.065183531391824,0.4537728899226533,0.1643019126541565,2772,130,0.3855713744548761,0.20268700292085912,0.05713201737856388,28.057982810139094,0.45375187970551933,0.033940325789017844,2766,130,0.15452285433137197,0.10442969778020886,0.13895784958826907,31.528286571282024,0.44251454513761557,0.41530841131405327,2532,128,0.3609588357454582,0.1979622467448943,0.06824705437861422,31.520204420827042,0.44250156830551735,0.21764867353427408,2526,128,28.057982810139094,0.09311006715045744,0.13895784958826907,0.033940325789017844,6
geo+raw+rugged+workload+burden4,5,0.16601909118995103,0.09886705950875495,0.09311006715045322,28.06518353139046,0.4537728899226533,0.16430191265413718,2772,130,0.3855713744548696,0.20268700292085717,0.05713201737856566,28.05798281013881,0.4537518797055191,0.033940325789017844,2766,130,0.15452285433136861,0.10442969778020894,0.13895784958827795,31.528286571302658,0.44251454513761557,0.41530841131413077,2532,128,0.3609588357454572,0.1979622467448933,0.06824705437861356,31.520204420823063,0.44250156830551746,0.21764867353427408,2526,128,28.05798281013881,0.09311006715045322,0.13895784958827795,0.033940325789017844,6
net+raw+rugged+workload+burden4,5,0.16601909118994734,0.0988670595087541,0.09311006715045766,28.065183531387163,0.45377288992265297,0.1643019126541565,2772,130,0.3855713744548732,0.20268700292085814,0.05713201737856455,28.057982810138242,0.4537518797055191,0.033940325789017844,2766,130,0.15452285433137042,0.1044296977802088,0.13895784958827284,31.528286571304307,0.4425145451376157,0.41530841131413077,2532,128,0.36095883574545673,0.19796224674489377,0.06824705437861445,31.52020442087587,0.44250156830551746,0.21764867353427408,2526,128,28.057982810138242,0.09311006715045766,0.13895784958827284,0.033940325789017844,6
geo+area+dist+workload+burden4,5,0.16601909118995428,0.0988670595087555,0.09311006715044878,28.06518353134919,0.45377288992265297,0.1643019126541565,2772,130,0.3855713744548748,0.2026870029208584,0.05713201737856366,28.057982810136934,0.4537518797055189,0.033940325789022174,2766,130,0.15452285433137175,0.10442969778020952,0.13895784958827218,31.52828657129487,0.44251454513761534,0.41530841131413077,2532,128,0.3609588357454502,0.1979622467448931,0.06824705437861867,31.5202044208462,0.4425015683055169,0.21764867353427408,2526,128,28.057982810136934,0.09311006715044878,0.13895784958827218,0.033940325789022174,6
net+raw+rugged+dist+workload,5,0.1660190911899517,0.09886705950875627,0.09311006715045633,28.06518353136486,0.45377288992265274,0.16430191265421457,2772,130,0.3855713744548771,0.20268700292086017,0.05713201737856455,28.05798281013675,0.4537518797055191,0.033940325789017844,2766,130,0.15452285433137253,0.10442969778020902,0.13895784958826818,31.528286571249104,0.4425145451376151,0.41530841131405327,2532,128,0.36095883574545323,0.19796224674489218,0.06824705437861489,31.520204420814977,0.4425015683055169,0.21764867353427408,2526,128,28.05798281013675,0.09311006715045633,0.13895784958826818,0.033940325789017844,6
geo+net+rugged+dist+costwork,5,0.16601909118995398,0.09886705950875775,0.09311006715045678,28.065183531349124,0.45377288992265385,0.16430191265411798,2772,130,0.3855713744549069,0.20268700292086944,0.057132017378556554,28.057982810136746,0.45375187970552,0.033940325789017844,2766,130,0.15452285433135937,0.10442969778020605,0.1389578495882906,31.52828657120943,0.4425145451376159,0.41530841131405327,2532,128,0.3609588357454377,0.19796224674488822,0.06824705437862133,31.52020442081629,0.4425015683055181,0.21764867353427408,2526,128,28.057982810136746,0.09311006715045678,0.1389578495882906,0.033940325789017844,6
raw+area+dist+costwork+burden4,5,0.16601909118995153,0.09886705950875493,0.09311006715045234,28.065183531370167,0.45377288992265297,0.1643019126541565,2772,130,0.3855713744548885,0.20268700292086067,0.057132017378557665,28.057982810136537,0.45375187970551945,0.033940325789017844,2766,130,0.1545228543313728,0.10442969778020945,0.1389578495882693,31.528286571280546,0.44251454513761534,0.41530841131413077,2532,128,0.3609588357454502,0.19796224674489496,0.06824705437862111,31.52020442082778,0.44250156830551723,0.21764867353427408,2526,128,28.057982810136537,0.09311006715045234,0.1389578495882693,0.033940325789017844,6
net+rugged+area+dist+workload,5,0.16601909118995156,0.0988670595087564,0.09311006715045722,28.065183531367847,0.4537728899226532,0.16430191265413718,2772,130,0.3855713744548827,0.20268700292086222,0.05713201737856344,28.057982810136387,0.4537518797055191,0.03394032578899164,2766,130,0.1545228543313637,0.104429697780208,0.13895784958828705,31.528286571273345,0.44251454513761523,0.41530841131405327,2532,128,0.36095883574544907,0.19796224674489135,0.06824705437861711,31.520204420837768,0.44250156830551723,0.21764867353427408,2526,128,28.057982810136387,0.09311006715045722,0.13895784958828705,0.03394032578899164,6
net+rugged+area+workload+costwork,5,0.16601909118995212,0.09886705950875672,0.093110067150457,28.06518353135661,0.4537728899226534,0.16430191265419536,2772,130,0.38557137445487705,0.20268700292086397,0.05713201737856921,28.057982810135996,0.4537518797055191,0.033940325789009074,2766,130,0.1545228543313703,0.10442969778020914,0.1389578495882744,31.52828657126807,0.442514545137615,0.41530841131413077,2532,128,0.36095883574546017,0.19796224674489427,0.06824705437861267,31.520204420854725,0.4425015683055169,0.21764867353427408,2526,128,28.057982810135996,0.093110067150457,0.1389578495882744,0.033940325789009074,6
net+raw+rugged+area+costwork,5,0.16601909118994923,0.09886705950875603,0.09311006715046055,28.06518353132894,0.4537728899226531,0.16430191265407923,2772,130,0.3855713744548734,0.2026870029208592,0.05713201737856566,28.05798281013529,0.4537518797055191,0.033940325789017844,2766,130,0.1545228543313591,0.10442969778020834,0.13895784958830015,31.52828657124626,0.44251454513761523,0.41530841131413077,2532,128,0.36095883574544363,0.19796224674489196,0.068247054378622,31.520204420816835,0.4425015683055171,0.21764867353427408,2526,128,28.05798281013529,0.09311006715046055,0.13895784958830015,0.033940325789017844,6
raw+rugged+dist+workload+burden4,5,0.16601909118994934,0.09886705950875432,0.09311006715045456,28.065183531392506,0.4537728899226531,0.16430191265413718,2772,130,0.38557137445489076,0.20268700292086073,0.05713201737855633,28.057982810133524,0.4537518797055189,0.033940325789017844,2766,130,0.15452285433137064,0.10442969778020861,0.1389578495882715,31.52828657130874,0.44251454513761557,0.41530841131413077,2532,128,0.3609588357454484,0.1979622467448922,0.06824705437861867,31.520204420814423,0.44250156830551757,0.21764867353427408,2526,128,28.057982810133524,0.09311006715045456,0.1389578495882715,0.033940325789017844,6
net+rugged+dist+workload+costwork,5,0.1660190911899481,0.09886705950875649,0.0931100671504641,28.065183531386424,0.45377288992265297,0.1643019126541565,2772,130,0.3855713744548958,0.2026870029208613,0.05713201737855389,28.057982810132955,0.4537518797055189,0.033940325789017844,2766,130,0.1545228543313598,0.10442969778020572,0.13895784958828838,31.52828657112491,0.44251454513761546,0.41530841131413077,2532,128,0.36095883574547627,0.1979622467448906,0.06824705437859513,31.52020442085353,0.44250156830551735,0.21764867353427408,2526,128,28.057982810132955,0.0931100671504641,0.13895784958828838,0.033940325789017844,6
net+rugged+workload+costwork+burden4,5,0.16601909118994645,0.09886705950875486,0.0931100671504621,28.065183531376363,0.4537728899226533,0.16430191265413718,2772,130,0.3855713744548736,0.20268700292085884,0.05713201737856499,28.057982810131705,0.45375187970551933,0.033940325789009074,2766,130,0.1545228543313764,0.1044296977802107,0.13895784958826463,31.528286571281512,0.44251454513761523,0.41530841131405327,2532,128,0.36095883574547116,0.19796224674489948,0.06824705437861134,31.52020442086001,0.4425015683055171,0.21764867353427408,2526,128,28.057982810131705,0.0931100671504621,0.13895784958826463,0.033940325789009074,6
net+rugged+dist+workload+burden4,5,0.16601909118994987,0.09886705950875559,0.09311006715045766,28.065183531367126,0.4537728899226534,0.1643019126541565,2772,130,0.38557137445487516,0.20268700292085962,0.05713201737856499,28.05798281013142,0.45375187970551933,0.033940325789017844,2766,130,0.15452285433136703,0.10442969778020861,0.13895784958828084,31.52828657127955,0.44251454513761534,0.41530841131413077,2532,128,0.36095883574545623,0.1979622467448929,0.06824705437861356,31.52020442083142,0.44250156830551735,0.21764867353427408,2526,128,28.05798281013142,0.09311006715045766,0.13895784958828084,0.033940325789017844,6
net+rugged+dist+costwork+burden4,5,0.16601909118994773,0.09886705950875521,0.09311006715046077,28.065183531367666,0.4537728899226533,0.1643019126541565,2772,130,0.38557137445487727,0.2026870029208606,0.05713201737856477,28.057982810131392,0.4537518797055192,0.033940325789017844,2766,130,0.15452285433136995,0.10442969778020914,0.13895784958827528,31.52828657127344,0.44251454513761534,0.41530841131405327,2532,128,0.3609588357454543,0.19796224674489332,0.06824705437861578,31.520204420841083,0.44250156830551723,0.21764867353427408,2526,128,28.057982810131392,0.09311006715046077,0.13895784958827528,0.033940325789017844,6
net+raw+rugged+area+burden4,5,0.1660190911899504,0.09886705950875671,0.09311006715046033,28.065183531359693,0.4537728899226531,0.16430191265411798,2772,130,0.3855713744548794,0.2026870029208606,0.05713201737856344,28.05798281013114,0.45375187970551933,0.03394032578899164,2766,130,0.15452285433136131,0.10442969778020851,0.13895784958829505,31.528286571334526,0.44251454513761546,0.41530841131405327,2532,128,0.36095883574544785,0.19796224674489243,0.06824705437861933,31.52020442086514,0.442501568305517,0.21764867353427408,2526,128,28.05798281013114,0.09311006715046033,0.13895784958829505,0.03394032578899164,6
raw+rugged+area+costwork+burden4,5,0.16601909118995137,0.09886705950875445,0.093110067150451,28.06518353138307,0.4537728899226533,0.16430191265419536,2772,130,0.38557137445488576,0.20268700292085948,0.05713201737855789,28.057982810130852,0.45375187970551933,0.033940325789017844,2766,130,0.15452285433137447,0.10442969778020987,0.1389578495882664,31.528286571245644,0.44251454513761546,0.41530841131413077,2532,128,0.36095883574544885,0.1979622467448939,0.06824705437862066,31.52020442083358,0.44250156830551735,0.21764867353427408,2526,128,28.057982810130852,0.093110067150451,0.1389578495882664,0.033940325789017844,6
rugged+area+dist+costwork+burden4,5,0.1660190911899483,0.09886705950875442,0.093110067150457,28.065183531356638,0.4537728899226532,0.1643019126541565,2772,130,0.385571374454888,0.2026870029208595,0.057132017378556554,28.057982810130568,0.4537518797055191,0.033940325789017844,2766,130,0.15452285433137267,0.10442969778020991,0.1389578495882713,31.528286571269007,0.44251454513761546,0.41530841131405327,2532,128,0.36095883574545723,0.19796224674489662,0.068247054378618,31.520204420828122,0.44250156830551723,0.21764867353427408,2526,128,28.057982810130568,0.093110067150457,0.1389578495882713,0.033940325789017844,6
net+area+dist+workload+burden4,5,0.16601909118994632,0.09886705950875534,0.09311006715046388,28.065183531354904,0.4537728899226533,0.16430191265413718,2772,130,0.385571374454877,0.20268700292085975,0.057132017378564104,28.057982810130568,0.453751879705519,0.033940325789017844,2766,130,0.15452285433136978,0.10442969778020887,0.13895784958827484,31.528286571282592,0.44251454513761546,0.41530841131413077,2532,128,0.3609588357454483,0.1979622467448921,0.06824705437861867,31.520204420825877,0.44250156830551723,0.21764867353427408,2526,128,28.057982810130568,0.09311006715046388,0.13895784958827484,0.033940325789017844,6
net+raw+rugged+area+workload,5,0.16601909118994862,0.09886705950875627,0.09311006715046233,28.06518353136222,0.45377288992265297,0.16430191265411798,2772,130,0.38557137445487355,0.20268700292085975,0.0571320173785661,28.05798281012703,0.4537518797055192,0.03394032578896977,2766,130,0.15452285433135943,0.10442969778020847,0.1389578495882997,31.52828657125016,0.44251454513761523,0.41530841131416907,2532,128,0.3609588357454447,0.19796224674489196,0.06824705437862111,31.520204420873547,0.442501568305517,0.21764867353429673,2526,128,28.05798281012703,0.09311006715046233,0.1389578495882997,0.03394032578896977,6
net+area+dist+costwork+burden4,5,0.16601909118994979,0.09886705950875545,0.09311006715045744,28.065183531369854,0.4537728899226532,0.1643019126541565,2772,130,0.38557137445487666,0.2026870029208595,0.05713201737856388,28.057982810126816,0.45375187970551933,0.033940325789017844,2766,130,0.15452285433137075,0.10442969778020939,0.1389578495882744,31.52828657126628,0.44251454513761534,0.41530841131413077,2532,128,0.3609588357454542,0.19796224674489374,0.06824705437861645,31.52020442083949,0.44250156830551746,0.21764867353427408,2526,128,28.057982810126816,0.09311006715045744,0.1389578495882744,0.033940325789017844,6
geo+rugged+dist+workload+burden4,5,0.16601909118995603,0.09886705950875553,0.09311006715044545,28.065183531366017,0.45377288992265297,0.1643019126541565,2772,130,0.3855713744548728,0.20268700292085787,0.057132017378564326,28.057982810125083,0.453751879705519,0.033940325789017844,2766,130,0.15452285433136942,0.10442969778020914,0.13895784958827662,31.52828657127128,0.44251454513761523,0.41530841131413077,2532,128,0.3609588357454508,0.1979622467448927,0.06824705437861756,31.52020442081721,0.442501568305517,0.21764867353427408,2526,128,28.057982810125083,0.09311006715044545,0.13895784958827662,0.033940325789017844,6
geo+net+rugged+dist+burden4,5,0.16601909118994004,0.09886705950875657,0.09311006715048031,28.065183531469938,0.45377288992265397,0.16430191265413718,2772,130,0.3855713744548977,0.20268700292086747,0.05713201737856011,28.05798281012496,0.4537518797055198,0.033940325789004744,2766,130,0.15452285433136204,0.10442969778020696,0.13895784958828727,31.52828657133585,0.442514545137616,0.41530841131405327,2532,128,0.36095883574544324,0.19796224674488905,0.06824705437861822,31.520204420867636,0.44250156830551846,0.21764867353427408,2526,128,28.05798281012496,0.09311006715048031,0.13895784958828727,0.033940325789004744,6
geo+rugged+dist+costwork+burden4,5,0.16601909118995334,0.09886705950875513,0.09311006715044923,28.0651835313746,0.4537728899226531,0.1643019126541565,2772,130,0.385571374454869,0.20268700292085717,0.05713201737856588,28.057982810122553,0.4537518797055191,0.033940325789017844,2766,130,0.1545228543313692,0.10442969778020957,0.13895784958827884,31.52828657126213,0.44251454513761523,0.41530841131413077,2532,128,0.3609588357454576,0.19796224674489507,0.06824705437861556,31.520204420834432,0.4425015683055171,0.21764867353427408,2526,128,28.057982810122553,0.09311006715044923,0.13895784958827884,0.033940325789017844,6
net+raw+rugged+costwork+burden4,5,0.16601909118994856,0.09886705950875443,0.09311006715045655,28.065183531389437,0.45377288992265297,0.1643019126541565,2772,130,0.3855713744548802,0.2026870029208598,0.05713201737856188,28.057982810117608,0.45375187970551933,0.033940325789017844,2766,130,0.15452285433137264,0.10442969778020945,0.1389578495882695,31.52828657127492,0.44251454513761534,0.41530841131413077,2532,128,0.3609588357454596,0.19796224674489513,0.06824705437861422,31.520204420850746,0.44250156830551723,0.21764867353427408,2526,128,28.057982810117608,0.09311006715045655,0.1389578495882695,0.033940325789017844,6
net+raw+area+dist+workload,5,0.16601909118995364,0.09886705950875656,0.09311006715045345,28.0651835313824,0.4537728899226532,0.16430191265407923,2772,130,0.3855713744548759,0.2026870029208593,0.057132017378564104,28.05798281011601,0.453751879705519,0.033940325789017844,2766,130,0.15452285433137247,0.10442969778020889,0.13895784958826773,31.528286571311515,0.4425145451376151,0.41530841131413077,2532,128,0.36095883574544696,0.1979622467448913,0.06824705437861844,31.52020442082476,0.442501568305517,0.21764867353427408,2526,128,28.05798281011601,0.09311006715045345,0.13895784958826773,0.033940325789017844,6
geo+rugged+area+costwork+burden4,5,0.16601909118996205,0.09886705950875622,0.09311006715043568,28.065183531308552,0.4537728899226524,0.16430191265419536,2772,130,0.38557137445486,0.20268700292085504,0.05713201737856921,28.057982810107738,0.45375187970551856,0.03394032578899164,2766,130,0.15452285433136692,0.10442969778021,0.1389578495882864,31.528286571257006,0.44251454513761435,0.41530841131405327,2532,128,0.3609588357454533,0.1979622467448929,0.068247054378616,31.520204420792524,0.442501568305516,0.21764867353416084,2526,128,28.057982810107738,0.09311006715043568,0.1389578495882864,0.03394032578899164,6
net+area+workload+costwork+burden4,5,0.1660190911899422,0.09886705950875382,0.09311006715046699,28.065183531365335,0.45377288992265374,0.1643019126541565,2772,130,0.38557137445486694,0.20268700292085687,0.05713201737856699,28.05798281010391,0.45375187970551945,0.033940325789017844,2766,130,0.1545228543313722,0.10442969778021062,0.13895784958827528,31.528286571268836,0.44251454513761523,0.41530841131405327,2532,128,0.3609588357454878,0.19796224674490115,0.06824705437860112,31.52020442084762,0.44250156830551723,0.21764867353427408,2526,128,28.05798281010391,0.09311006715046699,0.13895784958827528,0.033940325789017844,6
net+raw+rugged+dist+costwork,5,0.16601909118995012,0.09886705950875613,0.093110067150459,28.06518353135885,0.45377288992265297,0.16430191265411798,2772,130,0.3855713744548812,0.20268700292086014,0.05713201737856166,28.0579828101002,0.4537518797055191,0.033940325789022174,2766,130,0.15452285433136803,0.10442969778020869,0.13895784958827861,31.52828657128784,0.44251454513761523,0.41530841131405327,2532,128,0.3609588357454485,0.19796224674489202,0.06824705437861844,31.52020442082456,0.442501568305517,0.21764867353427408,2526,128,28.0579828101002,0.093110067150459,0.13895784958827861,0.033940325789022174,6
net+raw+area+dist+burden4,5,0.16601909118995406,0.09886705950875621,0.09311006715045145,28.06518353138827,0.45377288992265297,0.16430191265407923,2772,130,0.3855713744548846,0.20268700292086125,0.057132017378560995,28.057982810095623,0.45375187970551933,0.033940325789017844,2766,130,0.15452285433136992,0.1044296977802089,0.1389578495882744,31.528286571235174,0.442514545137615,0.41530841131405327,2532,128,0.36095883574545196,0.19796224674489227,0.068247054378616,31.52020442081795,0.4425015683055169,0.21764867353427408,2526,128,28.057982810095623,0.09311006715045145,0.1389578495882744,0.033940325789017844,6
net+raw+area+dist+costwork,5,0.16601909118995553,0.09886705950875656,0.09311006715044967,28.065183531352567,0.45377288992265297,0.16430191265419536,2772,130,0.38557137445487827,0.20268700292085942,0.05713201737856277,28.057982810095417,0.453751879705519,0.03394032578898287,2766,130,0.15452285433137142,0.10442969778020901,0.13895784958827107,31.528286571275352,0.442514545137615,0.41530841131405327,2532,128,0.36095883574545123,0.1979622467448922,0.06824705437861645,31.52020442079707,0.4425015683055169,0.21764867353427408,2526,128,28.057982810095417,0.09311006715044967,0.13895784958827107,0.03394032578898287,6
geo+rugged+workload+costwork+burden4,5,0.16601909118994732,0.09886705950875432,0.09311006715045855,28.065183531368803,0.4537728899226535,0.1643019126541565,2772,130,0.3855713744548662,0.2026870029208566,0.05713201737856699,28.05798281009453,0.4537518797055192,0.033940325789017844,2766,130,0.15452285433136967,0.10442969778021036,0.1389578495882806,31.528286571312606,0.44251454513761523,0.41530841131413077,2532,128,0.36095883574545634,0.19796224674489737,0.06824705437861978,31.520204420823518,0.44250156830551723,0.21764867353427408,2526,128,28.05798281009453,0.09311006715045855,0.1389578495882806,0.033940325789017844,6
geo+net+area+dist+workload,5,0.16601909118993885,0.09886705950875593,0.09311006715048054,28.06518353144976,0.45377288992265374,0.16430191265413718,2772,130,0.3855713744548837,0.20268700292086422,0.057132017378565214,28.057982810092355,0.45375187970551956,0.033940325789017844,2766,130,0.1545228543313605,0.10442969778020625,0.1389578495882886,31.528286571217205,0.4425145451376158,0.41530841131405327,2532,128,0.36095883574543697,0.19796224674488777,0.06824705437862133,31.52020442090117,0.44250156830551846,0.21764867353427408,2526,128,28.057982810092355,0.09311006715048054,0.1389578495882886,0.033940325789017844,6
geo+net+area+costwork+burden4,5,0.16601909118996017,0.09886705950875338,0.09311006715043013,28.065183531333275,0.45377288992265263,0.1643019126541565,2772,130,0.385571374454873,0.20268700292085493,0.05713201737856055,28.05798281008947,0.45375187970551845,0.033940325789022174,2766,130,0.15452285433138396,0.10442969778021248,0.1389578495882522,31.528286571354272,0.4425145451376148,0.41530841131405327,2532,128,0.3609588357454589,0.19796224674489685,0.06824705437861711,31.520204420964262,0.44250156830551624,0.21764867353427408,2526,128,28.05798281008947,0.09311006715043013,0.1389578495882522,0.033940325789022174,6
geo+raw+rugged+area+costwork,5,0.16601909118995908,0.09886705950875613,0.09311006715044146,28.06518353122208,0.4537728899226522,0.16430191265419536,2772,130,0.3855713744548653,0.20268700292085834,0.05713201737856988,28.05798281008497,0.45375187970551834,0.033940325789017844,2766,130,0.15452285433136637,0.1044296977802109,0.13895784958829105,31.528286571181553,0.44251454513761457,0.41530841131416907,2532,128,0.36095883574546084,0.19796224674489515,0.06824705437861334,31.52020442081728,0.4425015683055159,0.21764867353427408,2526,128,28.05798281008497,0.09311006715044146,0.13895784958829105,0.033940325789017844,6
net+raw+rugged+dist+burden4,5,0.16601909118994945,0.09886705950875636,0.09311006715046122,28.065183531367452,0.4537728899226531,0.16430191265413718,2772,130,0.38557137445488965,0.2026870029208627,0.05713201737855944,28.05798281007791,0.4537518797055191,0.033940325789009074,2766,130,0.15452285433137092,0.10442969778020905,0.1389578495882724,31.52828657122121,0.4425145451376151,0.41530841131413077,2532,128,0.3609588357454479,0.19796224674489155,0.06824705437861822,31.520204420792883,0.442501568305517,0.21764867353420625,2526,128,28.05798281007791,0.09311006715046122,0.1389578495882724,0.033940325789009074,6
geo+rugged+area+dist+burden4,5,0.1660190911899625,0.0988670595087564,0.09311006715043546,28.06518353132494,0.4537728899226522,0.16430191265413718,2772,130,0.3855713744548638,0.20268700292085612,0.0571320173785681,28.05798281006806,0.4537518797055181,0.03394032578899164,2766,130,0.1545228543313686,0.10442969778021019,0.13895784958828283,31.528286571352808,0.44251454513761457,0.41530841131413077,2532,128,0.36095883574545046,0.1979622467448929,0.068247054378618,31.52020442098988,0.442501568305516,0.21764867353422868,2526,128,28.05798281006806,0.09311006715043546,0.13895784958828283,0.03394032578899164,6
geo+raw+area+dist+costwork,5,0.1660190911899634,0.09886705950875627,0.09311006715043324,28.06518353118275,0.4537728899226522,0.16430191265419536,2772,130,0.3855713744548798,0.2026870029208593,0.05713201737856166,28.057982810065468,0.45375187970551834,0.033940325789017844,2766,130,0.15452285433138085,0.1044296977802114,0.13895784958825597,31.528286571401992,0.44251454513761435,0.41530841131405327,2532,128,0.3609588357454675,0.1979622467448967,0.06824705437861045,31.520204420852885,0.4425015683055158,0.21764867353422868,2526,128,28.057982810065468,0.09311006715043324,0.13895784958825597,0.033940325789017844,6
geo+net+rugged+area+burden4,5,0.16601909118994973,0.0988670595087561,0.09311006715045966,28.065183531174263,0.4537728899226523,0.1643019126541565,2772,130,0.38557137445485173,0.20268700292085431,0.05713201737857365,28.05798281005241,0.45375187970551867,0.033940325789017844,2766,130,0.1545228543313706,0.10442969778021108,0.13895784958828106,31.52828657113575,0.44251454513761457,0.4153084113139761,2532,128,0.3609588357454547,0.19796224674489496,0.06824705437861778,31.520204420638688,0.4425015683055159,0.21764867353427408,2526,128,28.05798281005241,0.09311006715045966,0.13895784958828106,0.033940325789017844,6
geo+net+area+workload+burden4,5,0.16601909118997274,0.09886705950875427,0.09311006715040815,28.06518353141331,0.45377288992265175,0.16430191265419536,2772,130,0.38557137445483824,0.2026870029208448,0.05713201737857054,28.057982810048486,0.45375187970551756,0.033940325789022174,2766,130,0.15452285433138419,0.10442969778021256,0.13895784958825175,31.528286570662885,0.4425145451376141,0.41530841131413077,2532,128,0.3609588357454529,0.1979622467448956,0.06824705437862,31.52020442092214,0.44250156830551557,0.21764867353427408,2526,128,28.057982810048486,0.09311006715040815,0.13895784958825175,0.033940325789022174,6
geo+raw+rugged+area+workload,5,0.16601909118995797,0.09886705950875635,0.09311006715044434,28.0651835311711,0.4537728899226522,0.16430191265407923,2772,130,0.3855713744548614,0.2026870029208565,0.0571320173785701,28.057982810030687,0.4537518797055181,0.033940325789017844,2766,130,0.1545228543313678,0.1044296977802106,0.1389578495882864,31.528286571290778,0.44251454513761457,0.41530841131413077,2532,128,0.36095883574545606,0.19796224674489496,0.06824705437861667,31.52020442100244,0.4425015683055158,0.21764867353420625,2526,128,28.057982810030687,0.09311006715044434,0.1389578495882864,0.033940325789017844,6
net+area+dist+workload+costwork,5,0.1660190911899466,0.0988670595087561,0.09311006715046588,28.065183531463504,0.45377288992265297,0.16430191265413718,2772,130,0.38557137445488093,0.20268700292085892,0.05713201737856033,28.057982810014323,0.4537518797055188,0.033940325789017844,2766,130,0.15452285433136276,0.10442969778020618,0.1389578495882826,31.52828657136638,0.44251454513761557,0.41530841131405327,2532,128,0.36095883574540333,0.1979622467448801,0.06824705437863621,31.5202044207947,0.44250156830551723,0.21764867353427408,2526,128,28.057982810014323,0.09311006715046588,0.1389578495882826,0.033940325789017844,6
geo+net+raw+rugged+workload,5,0.1660190911899161,0.09886705950875667,0.09311006715052783,28.065183530523655,0.45377288992265596,0.16430191265411798,2772,130,0.38557137445497447,0.2026870029208836,0.05713201737853035,28.05798280982373,0.45375187970552167,0.033940325789004744,2766,130,0.15452285433133756,0.10442969778019752,0.13895784958831414,31.528286572431437,0.44251454513761757,0.41530841131405327,2532,128,0.36095883574540544,0.19796224674487203,0.06824705437862333,31.520204423846813,0.442501568305521,0.21764867353427408,2526,128,28.05798280982373,0.09311006715052783,0.13895784958831414,0.033940325789004744,6
geo+net+rugged+workload+costwork,5,0.16601909118989275,0.09886705950875259,0.09311006715056047,28.065183532805577,0.45377288992265596,0.16430191265419536,2772,130,0.38557137445489603,0.2026870029208721,0.05713201737856677,28.05798280913791,0.453751879705521,0.033940325789009074,2766,130,0.15452285433136687,0.10442969778020518,0.13895784958826818,31.5282865733584,0.4425145451376169,0.41530841131413077,2532,128,0.3609588357455137,0.19796224674490695,0.06824705437858936,31.520204424678923,0.44250156830552034,0.21764867353427408,2526,128,28.05798280913791,0.09311006715056047,0.13895784958826818,0.033940325789009074,6
net+rugged+area+workload+burden4,5,0.16601909118996186,0.09886705950876251,0.093110067150457,28.065183531620733,0.45377288992265274,0.1643019126541565,2772,130,0.38557137445488926,0.20268700292087669,0.05713201737857698,28.057982808979318,0.4537518797055191,0.033940325789009074,2766,130,0.15452285433136284,0.10442969778020957,0.13895784958829505,31.52828657095904,0.4425145451376148,0.41530841131405327,2532,128,0.36095883574544096,0.19796224674488405,0.06824705437861311,31.52020442072319,0.44250156830551646,0.21764867353434214,2526,128,28.057982808979318,0.093110067150457,0.13895784958829505,0.033940325789009074,6
net+rugged+area+costwork+burden4,5,0.1660190911894926,0.09886705950859338,0.09311006715082204,28.06517418313888,0.45377288992265763,0.16430191265438865,2772,130,0.38557137445474293,0.20268700292054556,0.05713201737826523,28.05797632998656,0.4537518797055299,0.03394032578912709,2766,130,0.1545228543316829,0.10442969778030621,0.13895784958784252,31.52828790860076,0.44251454513762667,0.41530841131432406,2532,128,0.36095883574647086,0.19796224674522325,0.06824705437829848,31.520204612563248,0.4425015683055419,0.21764867353434214,2526,128,28.05797632998656,0.09311006715082204,0.13895784958784252,0.03394032578912709,6
geo+net+raw+area,4,0.16118477263262687,0.09658684162890596,0.0951556858804854,26.793284992211483,0.4496040659742333,0.09017324737824439,2772,130,0.3909141098795392,0.2047982325838631,0.05629089416867239,26.785943125307167,0.4495831590617805,0.015398645289349533,2766,130,0.15323947479310585,0.10305991066300585,0.13704200953687917,30.006310379203907,0.4401065379422847,0.2699529850440687,2532,128,0.3668619986245143,0.1994959202536568,0.0659232955963629,29.99660367630169,0.4400938810342474,0.12509202472538794,2526,128,26.785943125307167,0.0951556858804854,0.13704200953687917,0.015398645289349533,6
geo+net+raw+rugged,4,0.1611847726326117,0.09658684162890448,0.09515568588051138,26.793284998076178,0.44960406597423364,0.09017324737824439,2772,130,0.3909141098795271,0.2047982325838611,0.05629089416867772,26.785943124704506,0.4495831590617805,0.015398645289351642,2766,130,0.15323947479311237,0.10305991066300588,0.13704200953686252,30.00631037496159,0.4401065379422846,0.2699529850440687,2532,128,0.3668619986245287,0.19949592025365817,0.06592329559635424,29.99660368252879,0.4400938810342476,0.12509202472543346,2526,128,26.785943124704506,0.09515568588051138,0.13704200953686252,0.015398645289351642,6
geo+rugged+area+dist,4,0.16118477263260453,0.09658684162890004,0.09515568588051093,26.793284993413717,0.44960406597422964,0.09017324737828103,2772,130,0.3909141098794182,0.20479823258382956,0.05629089416870836,26.785943124028133,0.4495831590617759,0.015398645289349533,2766,130,0.15323947479313524,0.10305991066301794,0.13704200953684986,30.006310378090905,0.4401065379422805,0.26995298504397613,2532,128,0.36686199862456503,0.19949592025367863,0.06592329559635512,29.99660368210329,0.4400938810342421,0.12509202472541836,2526,128,26.785943124028133,0.09515568588051093,0.13704200953684986,0.015398645289349533,6
geo+raw+area+dist,4,0.16118477263261183,0.0965868416289006,0.09515568588049783,26.79328499319604,0.449604065974229,0.09017324737825672,2772,130,0.3909141098794085,0.20479823258382895,0.05629089416871369,26.785943124011396,0.4495831590617759,0.015398645289358193,2766,130,0.1532394747931458,0.10305991066301899,0.13704200953682677,30.006310378019407,0.44010653794228016,0.26995298504400744,2532,128,0.36686199862456315,0.1994959202536799,0.06592329559635823,29.996603682351065,0.44009388103424163,0.12509202472538794,2526,128,26.785943124011396,0.09515568588049783,0.13704200953682677,0.015398645289358193,6
geo+net+area+dist,4,0.16118477263259562,0.09658684162890174,0.09515568588053513,26.793284993345992,0.44960406597423086,0.09017324737821997,2772,130,0.3909141098794826,0.20479823258384736,0.05629089416868904,26.785943124005996,0.4495831590617779,0.015398645289358193,2766,130,0.15323947479313194,0.10305991066301436,0.13704200953684476,30.006310378075455,0.4401065379422825,0.26995298504397613,2532,128,0.36686199862453606,0.19949592025367197,0.06592329559636756,29.996603682288026,0.4400938810342444,0.12509202472538794,2526,128,26.785943124005996,0.09515568588053513,0.13704200953684476,0.015398645289358193,6
geo+raw+rugged+area,4,0.1611847726325955,0.09658684162889991,0.09515568588052914,26.793284993545626,0.4496040659742292,0.09017324737824439,2772,130,0.39091410987942227,0.20479823258382995,0.05629089416870614,26.78594312395944,0.4495831590617759,0.015398645289355972,2766,130,0.1532394747931407,0.10305991066301866,0.13704200953683854,30.00631037793704,0.4401065379422806,0.26995298504400744,2532,128,0.36686199862455915,0.19949592025368024,0.06592329559636156,29.996603681972886,0.44009388103424196,0.12509202472538794,2526,128,26.78594312395944,0.09515568588052914,0.13704200953683854,0.015398645289355972,6
geo+net+rugged+area,4,0.16118477263259318,0.09658684162889941,0.09515568588053203,26.793284993449106,0.44960406597422964,0.09017324737824439,2772,130,0.39091410987940706,0.20479823258382576,0.0562908941687108,26.785943123907145,0.44958315906177615,0.015398645289358193,2766,130,0.15323947479313796,0.10305991066301834,0.13704200953684453,30.006310377990644,0.4401065379422805,0.26995298504397613,2532,128,0.36686199862456703,0.1994959202536814,0.06592329559635735,29.996603682192642,0.44009388103424196,0.12509202472538794,2526,128,26.785943123907145,0.09515568588053203,0.13704200953684453,0.015398645289358193,6
net+raw+rugged+area,4,0.16118477263260278,0.09658684162890213,0.09515568588052181,26.79328499340636,0.4496040659742302,0.09017324737824439,2772,130,0.3909141098794412,0.20479823258383453,0.0562908941686997,26.785943123897766,0.44958315906177737,0.015398645289358193,2766,130,0.1532394747931336,0.10305991066301647,0.13704200953684853,30.00631037807267,0.4401065379422817,0.26995298504397613,2532,128,0.36686199862455476,0.1994959202536773,0.0659232955963609,29.996603682133923,0.4400938810342432,0.12509202472538794,2526,128,26.785943123897766,0.09515568588052181,0.13704200953684853,0.015398645289358193,6
net+raw+area+dist,4,0.1611847726326042,0.09658684162890045,0.09515568588051315,26.793284993421764,0.4496040659742302,0.09017324737821997,2772,130,0.3909141098794295,0.20479823258383326,0.056290894168705696,26.785943123887876,0.4495831590617769,0.015398645289355972,2766,130,0.15323947479313527,0.10305991066301667,0.13704200953684498,30.00631037802583,0.4401065379422813,0.26995298504397613,2532,128,0.36686199862455604,0.19949592025367718,0.06592329559635979,29.99660368218241,0.4400938810342432,0.12509202472538794,2526,128,26.785943123887876,0.09515568588051315,0.13704200953684498,0.015398645289355972,6
geo+net+rugged+dist,4,0.16118477263260564,0.09658684162890208,0.0951556858805156,26.79328499350396,0.4496040659742311,0.09017324737824439,2772,130,0.3909141098794794,0.20479823258384738,0.05629089416869126,26.785943123881168,0.4495831590617778,0.015398645289358193,2766,130,0.15323947479312588,0.10305991066301401,0.13704200953685897,30.006310377999114,0.4401065379422824,0.26995298504397613,2532,128,0.3668619986245455,0.19949592025367402,0.06592329559636334,29.996603682004945,0.4400938810342444,0.12509202472538794,2526,128,26.785943123881168,0.0951556858805156,0.13704200953685897,0.015398645289358193,6
net+rugged+area+dist,4,0.1611847726326057,0.0965868416289015,0.0951556858805136,26.793284993406672,0.4496040659742302,0.09017324737824439,2772,130,0.3909141098794425,0.20479823258383795,0.05629089416870303,26.785943123875995,0.4495831590617769,0.015398645289355972,2766,130,0.15323947479313582,0.10305991066301605,0.1370420095368412,30.00631037802131,0.4401065379422816,0.26995298504397613,2532,128,0.36686199862455604,0.19949592025367646,0.06592329559635868,29.99660368212014,0.4400938810342432,0.12509202472538794,2526,128,26.785943123875995,0.0951556858805136,0.1370420095368412,0.015398645289355972,6
net+raw+rugged+dist,4,0.16118477263260053,0.09658684162890013,0.09515568588051959,26.793284993414545,0.4496040659742304,0.09017324737821997,2772,130,0.3909141098794323,0.204798232583834,0.05629089416870481,26.785943123830975,0.4495831590617769,0.015398645289355972,2766,130,0.15323947479313393,0.10305991066301648,0.13704200953684764,30.00631037799127,0.4401065379422815,0.26995298504397613,2532,128,0.3668619986245545,0.19949592025367668,0.06592329559636023,29.996603682084867,0.4400938810342432,0.12509202472538794,2526,128,26.785943123830975,0.09515568588051959,0.13704200953684764,0.015398645289355972,6
geo+raw+rugged+dist,4,0.16118477263260256,0.09658684162889968,0.09515568588051382,26.79328499310077,0.44960406597422886,0.09017324737825672,2772,130,0.39091410987942876,0.20479823258383253,0.05629089416870525,26.78594312364737,0.44958315906177615,0.015398645289358193,2766,130,0.15323947479314692,0.10305991066301884,0.13704200953682344,30.00631037845085,0.4401065379422804,0.26995298504400744,2532,128,0.36686199862456514,0.19949592025368026,0.06592329559635712,29.996603682046384,0.44009388103424174,0.12509202472538794,2526,128,26.78594312364737,0.09515568588051382,0.13704200953682344,0.015398645289358193,6
raw+workload+burden4,3,0.14915842001995674,0.10720464409241358,0.16412147175994773,24.39720755342512,0.4246844421846686,0.3966599440889913,2772,130,0.3365080783267249,0.21386739333812713,0.11561635769452172,24.39802788727991,0.42466502421203256,0.4957499828276717,2766,130,0.14566646007103246,0.11328879350386718,0.19851370411429725,26.756762551930706,0.409242933138681,0.41988874068346005,2532,128,0.308736289703476,0.20784667730657613,0.13743683181141608,26.75726791670263,0.40922938176992085,0.7932485135651578,2526,128,24.39720755342512,0.16412147175994773,0.19851370411429725,0.3966599440889913,6
workload+costwork+burden4,3,0.14915842001995305,0.10720464409241322,0.16412147175995706,24.39720755341625,0.4246844421846684,0.3966599440889913,2772,130,0.3365080783267358,0.21386739333812602,0.11561635769450818,24.398027887200556,0.4246650242120321,0.4957499828276717,2766,130,0.14566646007102885,0.11328879350386593,0.19851370411430347,26.756762552077248,0.4092429331386809,0.41988874068346005,2532,128,0.3087362897034833,0.20784667730657438,0.13743683181140343,26.757267916674664,0.40922938176992063,0.7932485135651578,2526,128,24.39720755341625,0.16412147175995706,0.19851370411430347,0.3966599440889913,6
raw+costwork+burden4,3,0.14915842001995677,0.10720464409241358,0.16412147175994773,24.397207553359863,0.4246844421846684,0.3966599440889913,2772,130,0.33650807832674207,0.2138673933381295,0.11561635769450729,24.39802788720783,0.4246650242120328,0.4957499828276717,2766,130,0.1456664600710303,0.1132887935038666,0.1985137041143017,26.75676255198482,0.409242933138681,0.41988874068340076,2532,128,0.30873628970347533,0.2078466773065757,0.13743683181141608,26.757267916682054,0.40922938176992085,0.7932485135651578,2526,128,24.397207553359863,0.16412147175994773,0.1985137041143017,0.3966599440889913,6
geo+rugged+area+burden4,4,0.1428646212376224,0.09742181055221587,0.14252459546130924,23.77926391983516,0.4497762701596508,0.741889532784996,2772,130,0.3445661065343261,0.19627156337796853,0.07916391486655372,23.776366808946356,0.4497552916230879,0.39785608970644315,2766,130,0.14458034038464065,0.1040716271338911,0.16476015273922995,27.17472095338669,0.439199307311378,0.386971358136303,2532,128,0.3360291415996033,0.19508699896621795,0.0849866037837268,27.17420898478969,0.4391851627121133,0.362336758664064,2526,128,23.776366808946356,0.14252459546130924,0.16476015273922995,0.362336758664064,6
geo+rugged+area+costwork,4,0.1584442471701233,0.09877621710991205,0.10869799766050114,23.22350083394507,0.45319391417544974,0.3816811917777113,2772,130,0.3691023846371354,0.1997572558145825,0.06463785402803479,23.222427051852435,0.45317288728980243,0.48813912809015136,2766,130,0.15017309306688303,0.10475218157357237,0.15168544706674103,26.216777283875043,0.4417266974112838,0.344380519164065,2532,128,0.34696758979557607,0.19608201086360383,0.07681006978647797,26.217781739495333,0.441712987660694,0.4771631624808832,2526,128,23.222427051852435,0.10869799766050114,0.15168544706674103,0.344380519164065,6
raw+area+workload+burden4,4,0.13628070265423245,0.10011814039449839,0.17345084146424838,22.612296201333947,0.4443965202989617,0.4788988245617828,2772,130,0.3174253148638872,0.19092753851435604,0.09640387333391942,22.61331410388283,0.4443757411811087,0.6731718150359123,2766,130,0.1328586789280095,0.10561633914521873,0.20841461616846635,25.615447867975604,0.4323672414470684,0.5385536135007065,2532,128,0.3042185854959835,0.18986273816129692,0.10908751605179345,25.616581424252672,0.43235235931193594,0.9215581484006028,2526,128,22.612296201333947,0.17345084146424838,0.20841461616846635,0.4788988245617828,6
area+workload+costwork+burden4,4,0.1362807026542304,0.10011814039449875,0.17345084146425682,22.61229620132292,0.4443965202989618,0.4788988245617267,2772,130,0.3174253148639206,0.19092753851435548,0.09640387333388323,22.613314103806772,0.444375741181109,0.6731718150359123,2766,130,0.1328586789280089,0.1056163391452204,0.20841461616847567,25.615447868007436,0.43236724144706784,0.5385536135007065,2532,128,0.30421858549598313,0.1898627381613016,0.10908751605180256,25.61658142434578,0.4323523593119357,0.9215581484006028,2526,128,22.61229620132292,0.17345084146425682,0.20841461616847567,0.4788988245617267,6
raw+area+costwork+burden4,4,0.13628070265423503,0.1001181403944987,0.17345084146424194,22.612296201316497,0.4443965202989616,0.4788988245617267,2772,130,0.3174253148638818,0.19092753851435457,0.09640387333392253,22.613314103807625,0.44437574118110856,0.6731718150359123,2766,130,0.13285867892800987,0.10561633914521952,0.2084146161684688,25.615447867887042,0.43236724144706806,0.5385536135008182,2532,128,0.30421858549599023,0.18986273816129873,0.10908751605178901,25.616581424308947,0.43235235931193594,0.9215581484006028,2526,128,22.612296201316497,0.17345084146424194,0.2084146161684688,0.4788988245617267,6
geo+net+dist,3,0.17932790615309446,0.09965621133918924,0.07194508926120435,21.317474343403262,0.44355113210787467,0.16526886337142654,2772,130,0.4296311662899526,0.22275666326568327,0.05376789886027078,21.317433496369347,0.44353015443158317,0.04212220883154083,2766,130,0.16907757739224671,0.10611111102028936,0.11107020452737415,23.593448624149687,0.43237861191549065,0.30425410070757,2532,128,0.3963621733653625,0.21289604721702973,0.06263637825446122,23.59349022269788,0.432367237153519,0.17723219089104547,2526,128,21.317433496369347,0.07194508926120435,0.11107020452737415,0.04212220883154083,6
net+raw+dist,3,0.17932790615310673,0.09965621133918795,0.07194508926118104,21.31747434313911,0.44355113210787345,0.16526886337142654,2772,130,0.4296311662898808,0.22275666326566437,0.05376789886029054,21.317433496193587,0.4435301544315823,0.04212220883154083,2766,130,0.16907757739224985,0.10611111102029125,0.11107020452737393,23.593448624142866,0.43237861191548943,0.3042541007074844,2532,128,0.3963621733653676,0.21289604721703223,0.062636378254461,23.59349022274,0.43236723715351755,0.17723219089111997,2526,128,21.317433496193587,0.07194508926118104,0.11107020452737393,0.04212220883154083,6
geo+raw+dist,3,0.17932790615311148,0.09965621133918658,0.07194508926116971,21.317474342963237,0.44355113210787267,0.16526886337140123,2772,130,0.4296311662899029,0.22275666326566584,0.053767898860279884,21.317433495976957,0.4435301544315816,0.04212220883154727,2766,130,0.16907757739226106,0.10611111102029401,0.1110702045273595,23.59344862425644,0.43237861191548843,0.30425410070757,2532,128,0.3963621733653543,0.21289604721703212,0.06263637825446966,23.593490222383252,0.4323672371535161,0.17723219089111997,2526,128,21.317433495976957,0.07194508926116971,0.1110702045273595,0.04212220883154727,6
geo+net+raw,3,0.17932790615307181,0.09965621133919084,0.07194508926124477,21.317474348300948,0.4435511321078759,0.16526886337140123,2772,130,0.4296311662899931,0.22275666326570487,0.053767898860271446,21.317433493599538,0.44353015443158517,0.04212220883154727,2766,130,0.1690775773922265,0.10611111102028112,0.11107020452738903,23.5934486267206,0.43237861191549287,0.3042541007074844,2532,128,0.39636217336531704,0.21289604721700894,0.06263637825446589,23.593490221241836,0.4323672371535213,0.17723219089104547,2526,128,21.317433493599538,0.07194508926124477,0.11107020452738903,0.04212220883154727,6
geo+rugged+area,3,0.1441514772062953,0.09609280916066337,0.1335813473584413,21.072724083159926,0.44739133426657784,0.538438880956212,2772,130,0.3578515325433838,0.19933980867731146,0.07262447076594825,21.071619738386403,0.44737018976217946,0.34191927207765405,2766,130,0.14537876510197786,0.1031726512865623,0.1588108100990735,24.003566958119677,0.43804125020840945,0.22011654012960546,2532,128,0.34466080039481095,0.19668172517408938,0.07970876872818367,24.004001750072177,0.43802744368166524,0.28801902298952,2526,128,21.071619738386403,0.1335813473584413,0.1588108100990735,0.22011654012960546,6
geo+rugged+workload,3,0.2302366007833171,0.12533450993386233,0.0662133041245676,14.168794410927207,0.23018487902359797,0.14013799739925104,2772,130,0.4492713866310425,0.19873906584666062,0.023783459447384914,14.172930762681261,0.23020562707678582,0.19839942888705608,2766,130,0.29374300479715837,0.1647580648314545,0.07460668318222297,15.869672747957841,0.2264235782797146,0.4402442140748718,2532,128,0.5245450869829844,0.24569927370840536,0.032768611544039095,15.87521546769815,0.22643736056858976,0.59137565514489,2526,128,14.168794410927207,0.0662133041245676,0.07460668318222297,0.14013799739925104,6
geo+rugged+costwork,3,0.20405943924749825,0.12009051025846691,0.0892789275812691,13.873766512901351,0.2244555335088363,0.23198933509270891,2772,130,0.40937702678667703,0.19054566651925484,0.03167836193984752,13.877405201511749,0.22447470050312224,0.34606914950768575,2766,130,0.2858287999349652,0.16306483010826678,0.07962711312076354,15.488389610073645,0.22266245293109022,0.45448954493166993,2532,128,0.5088392772238337,0.24234238008302703,0.03575778881061442,15.493553883547856,0.22267351998699014,0.6755443067357503,2526,128,13.873766512901351,0.0892789275812691,0.07962711312076354,0.23198933509270891,6
geo+area+workload,3,0.2442316407244814,0.12739609371867575,0.05522464094168722,13.093598617840446,0.23046609824265596,0.16236533748452797,2772,130,0.4770001576362698,0.21010770583015045,0.023191513082959192,13.098235265161245,0.23048403322814903,0.22359832312608052,2766,130,0.30571340714698897,0.16703526168296248,0.0672151418305591,14.459057437541231,0.22509774969904928,0.5658915437004102,2532,128,0.5419424851008264,0.25420818699303455,0.03301634550130972,14.464408067797157,0.22511043055446356,0.6847520652091242,2526,128,13.093598617840446,0.05522464094168722,0.0672151418305591,0.16236533748452797,6
geo+area+costwork,3,0.21678926740845003,0.12183439576356105,0.07517804756791557,12.961200302680586,0.22363027111056977,0.25622727931586486,2772,130,0.4346263876714198,0.1998581895889559,0.029654562446870925,12.965508650638895,0.2236466626231728,0.3837168191068715,2766,130,0.2981170595169551,0.16567271238175918,0.07195010496692156,14.236170650105048,0.2203606142833474,0.5754497185356231,2532,128,0.5252251886713387,0.25058534644909397,0.0360827918678821,14.241278344732207,0.2203704483898392,0.7709086856251641,2526,128,12.961200302680586,0.07517804756791557,0.07195010496692156,0.25622727931586486,6
rugged+area+costwork,3,0.22002981248625722,0.1259612719808798,0.08067112382934183,12.872618699264304,0.21142171967040546,0.2513866022203053,2772,130,0.4315755241173981,0.19992212522188318,0.03087203833116403,12.876635813223809,0.21144085383047184,0.37171441215932344,2766,130,0.303671587974561,0.17121616429553096,0.07612682511237079,14.09926539448513,0.20847563759752608,0.5393137193679884,2532,128,0.5295963793810351,0.25388000627854707,0.0369776646216633,14.104254518006934,0.2084877249973306,0.7364499644969564,2526,128,12.872618699264304,0.08067112382934183,0.07612682511237079,0.2513866022203053,6
rugged+area+workload,3,0.24492284127130426,0.1305697546941781,0.06068264762061659,12.828758268871702,0.21656712638613906,0.15377912438351737,2772,130,0.472957918063616,0.2089680375233996,0.023617037586907585,12.833144276784374,0.21658833441469405,0.21388649697583384,2766,130,0.3107516555274012,0.1721365614934619,0.07103363644940863,14.146802042422587,0.21207904848988013,0.515013238543957,2532,128,0.5469568577199604,0.25729837217823825,0.03352251319390942,14.151970669382639,0.2120938995915257,0.6488901580974374,2526,128,12.828758268871702,0.06068264762061659,0.07103363644940863,0.15377912438351737,6
geo+area,2,0.1952680733516791,0.11635784004288958,0.09331419003780406,12.0954558382685,0.22025986498945171,0.3292204862609025,2772,130,0.41789821121270604,0.19692745209987686,0.033829995795567,12.099633314202894,0.22027719168526316,0.2146171943968872,2766,130,0.2926856036436934,0.1630470600598222,0.07263793865324009,13.673290674649278,0.21905490713222597,0.39018741444585203,2532,128,0.5228165593004183,0.24910291714752372,0.035834762562505285,13.67792851880486,0.2190639302967411,0.4856037437307462,2526,128,12.0954558382685,0.09331419003780406,0.07263793865324009,0.2146171943968872,6
geo+rugged+costwork+burden4,4,0.2943735037694698,0.12347050557427036,0.017118134147080966,11.651711645037174,0.28884627040476396,0.22022429574665092,2772,130,0.6306462881816053,0.24953585006043322,0.011495070255091333,11.65430004714705,0.28887520339511363,0.09455246282115803,2766,130,0.283415946718666,0.13755210170433463,0.03935781954989359,12.95951683755705,0.2822745443229939,0.661873397068445,2532,128,0.611876138185141,0.2520562837240425,0.015201705664351417,12.962657877917707,0.28230166425120684,0.6581343686283647,2526,128,11.651711645037174,0.017118134147080966,0.03935781954989359,0.09455246282115803,6
geo+area+costwork+burden4,4,0.30166160043463913,0.1254488809542465,0.01618762629110493,11.499383932335505,0.29098572548531054,0.27439182599822476,2772,130,0.64602941722444,0.26044153242306084,0.013119233479935044,11.501732591962714,0.2910118376497143,0.11924072803280827,2766,130,0.2891714748564706,0.13874583697995296,0.03714368170765825,12.6198017054855,0.28303803842649533,0.7631719768362755,2532,128,0.6214052871704872,0.2584259596832295,0.01619116600455084,12.622775902187751,0.2830640981456085,0.7395608633440987,2526,128,11.499383932335505,0.01618762629110493,0.03714368170765825,0.11924072803280827,6
geo+rugged+workload+burden4,4,0.28996166797774275,0.12300124584453775,0.01840400323778102,11.400794452040902,0.2765291314500876,0.1898874925423637,2772,130,0.6248005121971301,0.24605309807800937,0.011107726773845972,11.40351154734809,0.27656098056958955,0.07003763328997081,2766,130,0.2879588402991052,0.1406652752910975,0.04064620466484592,12.71545930919543,0.2712400246729699,0.6405216137071457,2532,128,0.6159796242610317,0.25370093659345344,0.015183374547440343,12.71857651232566,0.2712675985507811,0.5798620377637882,2526,128,11.400794452040902,0.01840400323778102,0.04064620466484592,0.07003763328997081,6
geo+area+workload+burden4,4,0.298898145080273,0.12523121845069965,0.016997110245417613,11.222800789358482,0.2785748786295008,0.23636440124195524,2772,130,0.6434102654822387,0.2581730355723856,0.01269663994089365,11.225310845689169,0.27860391320990063,0.08883921132202932,2766,130,0.2948366926353692,0.14201695053199137,0.03788776243390646,12.341507105238167,0.27178731873066,0.7451363738461947,2532,128,0.6276204870471813,0.2607378236177463,0.016080024281262872,12.34450799559104,0.27181396834716776,0.660811848731458,2526,128,11.222800789358482,0.016997110245417613,0.03788776243390646,0.08883921132202932,6
net+area+workload,3,0.2933678174826823,0.12698262114209993,0.020871608510218076,11.041397611891894,0.2608440185916199,0.11483753885588377,2772,130,0.6160627193207655,0.2477987872993487,0.012913679721012095,11.044919767804144,0.260872920357353,0.08825655817278621,2766,130,0.30856531220774275,0.15168291943322423,0.04192351675277184,12.248644184215802,0.2545067220187137,0.619277333482527,2532,128,0.6212954363367779,0.2628606535806689,0.018098714014535222,12.252414421552535,0.2545313327930173,0.5064576352532641,2526,128,11.041397611891894,0.020871608510218076,0.04192351675277184,0.08825655817278621,6
net+raw+area+burden4,4,0.2823247767337376,0.12200142420815738,0.02066166162209626,11.02491388666915,0.2643267405674177,0.18030128216206065,2772,130,0.6206832678854413,0.2503416465815501,0.013162398589945168,11.027654186388213,0.26435719120397383,0.05211976718984124,2766,130,0.2963508731212563,0.1450316545234321,0.04101750191986442,12.19327117293443,0.25972284417937797,0.6949603758972398,2532,128,0.6229063413431084,0.2610549599141717,0.017027570002251968,12.196255528433088,0.259747189552623,0.5076403492233286,2526,128,11.02491388666915,0.02066166162209626,0.04101750191986442,0.05211976718984124,6
geo+rugged+burden4,3,0.1852830939999405,0.11116120721531066,0.09555490708179493,11.016414810392128,0.23550075280983818,0.5786495725125139,2772,130,0.4464955053882232,0.2061866570847428,0.030350046325346547,11.019301163235461,0.23552443943409596,0.3531301336207049,2766,130,0.26587649965857196,0.1466830608926481,0.06989481790603991,12.528334304368787,0.2376248854048938,0.4827265504236127,2532,128,0.5374182996892936,0.2430820791141428,0.02704614483721679,12.531647422369133,0.2376372381980344,0.6656734377936451,2526,128,11.016414810392128,0.09555490708179493,0.06989481790603991,0.3531301336207049,6
net+area+costwork,3,0.2906719607064841,0.12610940820493732,0.02117111488543988,11.014454648270528,0.26077617393146335,0.16167960667735715,2772,130,0.6130271799014592,0.24690400609767663,0.013033363381875551,11.017527315209422,0.2608049127380506,0.14171291011153575,2766,130,0.3078550551299091,0.15098650569524824,0.041454278016584745,12.112004363960947,0.25465905767125674,0.5904723475097661,2532,128,0.6237588878666241,0.2630532459665261,0.017729151668007814,12.115553488158923,0.25468413412810453,0.5585038270279596,2526,128,11.014454648270528,0.02117111488543988,0.041454278016584745,0.14171291011153575,6
net+raw+area+costwork,4,0.2961381282435073,0.1273010659708839,0.020003532621325038,10.984440290127166,0.26098833627704865,0.20162683981031293,2772,130,0.6241713254813249,0.25012814161297475,0.012581299960656045,10.987395312164832,0.26101836479817986,0.05697558603280373,2766,130,0.30801271071397435,0.15064522501116523,0.040892027857725166,12.131309865058329,0.25473189066825075,0.7811429163008559,2532,128,0.6273336929388513,0.2635397263573273,0.017293190191715713,12.13455280173255,0.25475790011095956,0.5322971431274122,2526,128,10.984440290127166,0.020003532621325038,0.040892027857725166,0.05697558603280373,6
net+raw+area+workload,4,0.2961381282435068,0.12730106597088373,0.020003532621325038,10.984440290127134,0.26098833627704865,0.2016268398102079,2772,130,0.6241713254813266,0.25012814161297503,0.012581299960655823,10.987395312164848,0.2610183647981801,0.05697558603280373,2766,130,0.3080127107139745,0.15064522501116534,0.040892027857725166,12.131309865058322,0.25473189066825075,0.7811429163008559,2532,128,0.6273336929388512,0.26353972635732753,0.017293190191715713,12.134552801732495,0.25475790011095956,0.5322971431273569,2526,128,10.984440290127134,0.020003532621325038,0.040892027857725166,0.05697558603280373,6
net+area+workload+costwork,4,0.2961381282435062,0.12730106597088373,0.02000353262132526,10.984440290127123,0.26098833627704865,0.20162683981015617,2772,130,0.6241713254813284,0.2501281416129758,0.012581299960655823,10.987395312164802,0.26101836479817986,0.056975586032835035,2766,130,0.3080127107139746,0.15064522501116528,0.040892027857724944,12.131309865058356,0.25473189066825075,0.7811429163008559,2532,128,0.6273336929388519,0.2635397263573272,0.01729319019171549,12.13455280173254,0.25475790011095956,0.5322971431274122,2526,128,10.984440290127123,0.02000353262132526,0.040892027857724944,0.056975586032835035,6
net+rugged+workload+burden4,4,0.2985717687593542,0.12672255863764553,0.01846765174141929,10.95848990346625,0.26250958703494276,0.19681753504884525,2772,130,0.6373069811607367,0.2510522822481734,0.011131516399029318,10.961233422528496,0.262543528425209,0.06770790433946217,2766,130,0.300401456684364,0.14637592889012088,0.04014440590496937,12.145080756476064,0.2571059562614251,0.6847637467025915,2532,128,0.6321614180314074,0.26066345808116786,0.015299890691150564,12.148204754717023,0.25713516490906185,0.5755083198505893,2526,128,10.95848990346625,0.01846765174141929,0.04014440590496937,0.06770790433946217,6
geo+net+area+burden4,4,0.2900881509399772,0.12403986254253674,0.019352583400890966,10.946125118574873,0.26349930545980615,0.1921852093065498,2772,130,0.6308005690292517,0.2527044296082257,0.012553212146018122,10.948854213530126,0.2635308314745599,0.05914045346022556,2766,130,0.2995731585246776,0.14591188858085627,0.040061909690429554,12.088007774401767,0.2584020140594908,0.7097731779351342,2532,128,0.6293227861657819,0.2623408958874454,0.016445567068184008,12.09104029873722,0.2584281097019757,0.5440732796756627,2526,128,10.946125118574873,0.019352583400890966,0.040061909690429554,0.05914045346022556,6
geo+net+area+costwork,4,0.30026023681191827,0.12818843535471547,0.019163514145416283,10.928647459438404,0.261483255419409,0.2099961035633121,2772,130,0.6326209318812793,0.25262300117853054,0.012272532399951519,10.931512669007285,0.26151417916789954,0.06340661879446585,2766,130,0.30788619157785324,0.15003928692992613,0.040166051603214736,12.056521681880948,0.25507801602760627,0.7750489856393633,2532,128,0.6316858204051541,0.2640438905676308,0.016740797159288112,12.05972184899077,0.25510523044369005,0.5622981390947186,2526,128,10.928647459438404,0.019163514145416283,0.040166051603214736,0.06340661879446585,6
geo+net+area+workload,4,0.29897753383705383,0.12756658610597027,0.01909363226137306,10.917208394271508,0.26153481930396827,0.2074219359162336,2772,130,0.6329215108875926,0.2526992091468017,0.01225747625996565,10.920060021911018,0.2615659859341871,0.062842085600612,2766,130,0.3069204445020849,0.1494793954591086,0.04004712100187535,12.046279091673906,0.2553500847659196,0.766016432546222,2532,128,0.6319341437421011,0.26390363436759656,0.01664013888284477,12.04946350546457,0.2553772335826918,0.5605911626779385,2526,128,10.917208394271508,0.01909363226137306,0.04004712100187535,0.062842085600612,6
geo+area+workload+costwork,4,0.29638211070796616,0.12847981178217904,0.021063853535991717,10.870371806427986,0.2531380805922495,0.1901915612368148,2772,130,0.6208588555496533,0.24796375064052076,0.012285736068140762,10.873381601173772,0.25316937191003774,0.05141045103433661,2766,130,0.3121310257786898,0.15354783767904123,0.04207340367331902,12.01230175276273,0.24726765937593642,0.768264265676297,2532,128,0.6295834082944727,0.2647763083377554,0.017416572191294,12.01555930120107,0.24729423828552732,0.5015851751459048,2526,128,10.870371806427986,0.021063853535991717,0.04207340367331902,0.05141045103433661,6
geo+raw+area+workload,4,0.29638211070796733,0.1284798117821792,0.021063853535991495,10.870371806427906,0.2531380805922495,0.19019156123683945,2772,130,0.6208588555496543,0.24796375064052115,0.012285736068140762,10.873381601173486,0.2531693719100374,0.05141045103433661,2766,130,0.3121310257786891,0.15354783767904154,0.04207340367331969,12.012301752762625,0.2472676593759363,0.768264265676297,2532,128,0.6295834082944687,0.26477630833775484,0.017416572191294444,12.015559301200863,0.24729423828552732,0.5015851751459048,2526,128,10.870371806427906,0.021063853535991495,0.04207340367331969,0.05141045103433661,6
geo+raw+area+costwork,4,0.2963821107079687,0.12847981178217938,0.02106385353599105,10.870371806427832,0.2531380805922494,0.19019156123683945,2772,130,0.6208588555496553,0.24796375064052123,0.01228573606814054,10.87338160117334,0.2531693719100375,0.05141045103432962,2766,130,0.3121310257786888,0.15354783767904123,0.042073403673319465,12.01230175276266,0.2472676593759363,0.7682642656764325,2532,128,0.6295834082944691,0.26477630833775484,0.017416572191294222,12.015559301200962,0.24729423828552743,0.5015851751459048,2526,128,10.870371806427832,0.02106385353599105,0.042073403673319465,0.05141045103432962,6
net+area+workload+burden4,4,0.3027875914060565,0.12771757109611068,0.01775159786376479,10.845209072618333,0.26354060225601894,0.21652456379766583,2772,130,0.6461580051978534,0.2567310401865187,0.011840335536654978,10.847870981574955,0.26357324108553193,0.07500416593710235,2766,130,0.30358841094487005,0.14693730423254014,0.03881823730260092,11.949066435329126,0.2574549488917067,0.7318802814228418,2532,128,0.6376099547102029,0.263896649668362,0.015686240536966434,11.952137951055365,0.25748371274352067,0.6093759333715947,2526,128,10.845209072618333,0.01775159786376479,0.03881823730260092,0.07500416593710235,6
net+rugged+area+workload,4,0.3044395779821537,0.1275607391105019,0.01700385149920791,10.82539376102389,0.2657479814907573,0.22169286792071208,2772,130,0.6534365562219948,0.25905795919381697,0.011657146428020626,10.82792445530709,0.2657811906341492,0.08487209865536416,2766,130,0.30021822828086187,0.14482737850138483,0.038178016589910824,11.916677062455584,0.2597121976694873,0.7031674023014057,2532,128,0.639552434561956,0.2633812155526224,0.015172357890118393,11.919666757523569,0.25974174453650456,0.6406763051281599,2526,128,10.82539376102389,0.01700385149920791,0.038178016589910824,0.08487209865536416,6
rugged+area+costwork+burden4,4,0.31057997058951936,0.13022659001116998,0.017082845905035393,10.82493690580927,0.26551810960625744,0.23779960383102794,2772,130,0.6545020713992927,0.2594081298118237,0.011633881009363245,10.827513207555722,0.26555066709813524,0.09039889542934287,2766,130,0.30450031837150693,0.14697021683537637,0.03827938473384185,11.911394371382816,0.25860232924087145,0.7436669823879947,2532,128,0.6402021132613519,0.2641651839416831,0.015372107328063711,11.914459793158517,0.2586324848551045,0.6557716611646482,2526,128,10.82493690580927,0.017082845905035393,0.03827938473384185,0.09039889542934287,6
net+rugged+area+costwork,4,0.3105698345489182,0.13030087898059764,0.01714971065724269,10.814617367464253,0.2648625674009867,0.23644414548522963,2772,130,0.6542191666247309,0.2592345219228849,0.011614099462438743,10.817203260823561,0.2648952333236093,0.08918242935914167,2766,130,0.30492899653315053,0.14723475658163243,0.03835510494604755,11.90105528199758,0.2579809865731604,0.7439188684504741,2532,128,0.6404521697519698,0.26429908162971955,0.015384031977405899,11.904124244293882,0.258011170492794,0.6520699854700533,2526,128,10.814617367464253,0.01714971065724269,0.03835510494604755,0.08918242935914167,6
net+rugged+area+burden4,4,0.31040018258947794,0.1302143659175526,0.017136636397212524,10.813686715987203,0.26486673801619287,0.23598200265833813,2772,130,0.6542541184336541,0.2592371223734314,0.011610482385457699,10.816271330048368,0.26489943655839054,0.08905880725270532,2766,130,0.3048057561549833,0.14716329949796067,0.0383393921923989,11.900167486024074,0.258014375358394,0.7426790983765502,2532,128,0.6404838523742917,0.26428143990424224,0.01537210832729241,11.903234707705563,0.25804454957359857,0.6518399904887817,2526,128,10.813686715987203,0.017136636397212524,0.0383393921923989,0.08905880725270532,6
net+area+costwork+burden4,4,0.3107406476728767,0.13033335183985,0.01711634361680603,10.81317278447275,0.2649617463821804,0.23698791997975033,2772,130,0.6545862004364756,0.2593505390040337,0.011604645934868207,10.815753088831082,0.2649944309941453,0.08981698456268339,2766,130,0.3048276364472072,0.14716283199342747,0.03832489141447426,11.899030760537066,0.2580702770067306,0.7430862411362726,2532,128,0.6405550350729592,0.26428311578968255,0.015361362909040333,11.902097211649853,0.25810050897563586,0.6537902941680926,2526,128,10.81317278447275,0.01711634361680603,0.03832489141447426,0.08981698456268339,6
net+rugged+costwork+burden4,4,0.31092530379465033,0.13037926573066896,0.01708953772724464,10.806527894717306,0.26502362906581467,0.23816122918851024,2772,130,0.654983810729648,0.25962847553182006,0.011643340357934129,10.809103475569444,0.2650562425966029,0.09027708154632474,2766,130,0.30496855879639945,0.14718656358148444,0.038266709022310774,11.888449705869931,0.2580987929773957,0.7454749267734202,2532,128,0.6407931493435263,0.2644396954804253,0.015383993107145333,11.891512163422497,0.2581289965142338,0.6555153915312486,2526,128,10.806527894717306,0.01708953772724464,0.038266709022310774,0.09027708154632474,6
geo+area+burden4,3,0.19392994932739518,0.11285960780004879,0.08573660274874162,10.662649288954565,0.2335112338058234,0.6157659428213684,2772,130,0.46663130087580756,0.21527594930204508,0.030189433318102754,10.665671992895156,0.23353267048206416,0.39980265701567796,2766,130,0.27596602819873545,0.14912204538069043,0.06422637534990283,11.965805219061153,0.23445904321771793,0.578712418992837,2532,128,0.551969586593645,0.25050243997817967,0.02756305154678862,11.969058773330632,0.234470353961312,0.7540208460406588,2526,128,10.662649288954565,0.08573660274874162,0.06422637534990283,0.39980265701567796,6
rugged+area+workload+burden4,4,0.3048212563845268,0.1295997584773092,0.01867175839503954,10.621407434275197,0.2523171082721183,0.20164421552819645,2772,130,0.645792045954262,0.2548447573145845,0.011274924734822056,10.624162635249725,0.25235212290822173,0.06558018601681281,2766,130,0.30991107942591734,0.1508812873506945,0.039975104632336,11.71719144895214,0.24679113602451075,0.7187267072185493,2532,128,0.6436930350684605,0.26607831101668633,0.015555266318632022,11.720296552499912,0.24682118842527478,0.5686312213146674,2526,128,10.621407434275197,0.01867175839503954,0.039975104632336,0.06558018601681281,6
net+rugged+workload,3,0.27213487578183093,0.12289115499048074,0.02679864522541875,10.577905224639204,0.2580718193798086,0.3497614656821937,2772,130,0.5707049535674568,0.22393835005792126,0.010818996223091348,10.579926391774002,0.2581045735362658,0.6986653413129764,2766,130,0.29547086080501245,0.14895611288857674,0.04729931428947265,11.701245169216296,0.25426941567570094,0.520947975845013,2532,128,0.60238713877601,0.2515867014981069,0.0166497583536529,11.704041010152869,0.2542959607188525,0.9168820957080298,2526,128,10.577905224639204,0.02679864522541875,0.04729931428947265,0.3497614656821937,6
rugged+area+burden4,3,0.19472948697749734,0.11613558475156678,0.09359281861128799,10.543116698404756,0.2148483200817698,0.6014537736950774,2772,130,0.45544763777987757,0.21000128177351765,0.030099007713791037,10.546244524922368,0.21487322708338497,0.3667319852347193,2766,130,0.28675242143275775,0.15700567886105748,0.06779266874010625,11.788054164786391,0.21633872661667997,0.5688918275864958,2532,128,0.5581202584286495,0.25392057336405555,0.027948309424450812,11.791470839316645,0.21635259097588322,0.6954837470648743,2526,128,10.543116698404756,0.09359281861128799,0.06779266874010625,0.3667319852347193,6
net+area,2,0.2903773425769577,0.12597594969665488,0.021165338186849292,10.516784352225562,0.26077400708957665,0.08403020194901911,2772,130,0.6130448956726783,0.24690862119453238,0.013032436240375311,10.519732189227073,0.2608027946726217,0.050151192673245415,2766,130,0.309591720224375,0.15211895694463154,0.041831269423900475,11.778592331802901,0.2544131116258178,0.3589990098183863,2532,128,0.6225896450949446,0.2632253922194532,0.018018682430558597,11.781873009724613,0.25443826646437084,0.2807673109148392,2526,128,10.516784352225562,0.021165338186849292,0.041831269423900475,0.050151192673245415,6
net+area+burden4,3,0.29648549007972663,0.1258310600490776,0.01846204730885459,10.28155218181018,0.26326287028285134,0.2163085786015666,2772,130,0.6387490506990315,0.2547053436965256,0.012148677060022761,10.283552737118644,0.26329507652113315,0.10668155185369421,2766,130,0.30353360788942113,0.14692466223055559,0.03883667060355167,11.389958671804266,0.25745454164780923,0.5440007211726701,2532,128,0.6374843730227489,0.26387547311451787,0.015698394406270744,11.392491273547897,0.25748325829379337,0.5208684448119429,2526,128,10.28155218181018,0.01846204730885459,0.03883667060355167,0.10668155185369421,6
geo+costwork+burden4,3,0.28884985339655184,0.12208435273595465,0.01798213075568844,10.013468407414292,0.2885016683536872,0.3663085644580115,2772,130,0.6192344889126007,0.24274610009440462,0.01074280544724715,10.014918184245532,0.28853172767705804,0.11310664465283149,2766,130,0.2841411035918063,0.13771012863073082,0.0390815173726895,10.983224164576775,0.28226380014544394,0.9114690643582564,2532,128,0.6131142655192618,0.2527756226281708,0.01528615066868877,10.984704715267949,0.28229085316077274,0.681366085431635,2526,128,10.013468407414292,0.01798213075568844,0.0390815173726895,0.11310664465283149,6
area+dist+costwork,3,0.18759934371846468,0.16247962699417606,0.2482533428256768,16.186899157913427,0.15448717619252528,0.19436364032386355,2772,130,0.2756900480135208,0.2366693185651925,0.24406980729502337,16.18849539965001,0.15450580544863746,0.08406239550133798,2766,130,0.25870615879100883,0.1956703375894842,0.18611714867435514,18.416119680724197,0.15245730614499098,0.7122783783370739,2532,128,0.41332822951925,0.25647023002695746,0.10704832570845113,18.417855963617434,0.15247032990846554,0.4866960287562916,2526,128,16.186899157913427,0.2482533428256768,0.18611714867435514,0.08406239550133798,5
area+dist+workload,3,0.11285238118580639,0.1503321754008131,0.45284116292988186,16.119914238206924,0.13326874633598917,0.3153020044122239,2772,130,0.15382094555109652,0.25329290726201753,0.5436618897688561,16.126063702002977,0.1332887382713559,0.1494037275136122,2766,130,0.22234333442352971,0.18859878261929294,0.23842906671099295,18.483843765287954,0.1361686941821847,0.8773830564379179,2532,128,0.36358007989500485,0.2483685427038325,0.143228568029101,18.490071803526668,0.1361798655225951,0.5508521098937567,2526,128,16.119914238206924,0.5436618897688561,0.23842906671099295,0.1494037275136122,5
net+rugged+costwork,3,0.2706061425055546,0.12217199539266456,0.026762776695458346,9.78811305371943,0.258114055425693,0.8216248792897015,2772,130,0.5709242092153898,0.22401566508709517,0.010815920120119893,9.789327438362278,0.2581470818790549,0.9726228606375774,2766,130,0.2971193328871394,0.1487533758070577,0.04578222939344401,10.845028339350462,0.2543118631223493,0.661253109248168,2532,128,0.6088711661300428,0.253470380635104,0.016299499641102777,10.846957413451163,0.2543390989071568,0.9452485209893929,2526,128,9.78811305371943,0.026762776695458346,0.04578222939344401,0.661253109248168,5
geo+workload+burden4,3,0.28544025495600917,0.12193991831965591,0.019241079819421802,9.743146941780829,0.27633607875934385,0.32582042736491323,2772,130,0.6155182582926059,0.24086137473199803,0.010603913684141819,9.744761804793203,0.27636871145256325,0.08986751326787912,2766,130,0.28994601408163867,0.14107903427820898,0.03985942914843332,10.703778464893329,0.2711717715072737,0.9065834786750371,2532,128,0.6194037843998641,0.2555585986509107,0.015362230300853152,10.705345750644538,0.27119921136284064,0.5979310392528935,2526,128,9.743146941780829,0.019241079819421802,0.03985942914843332,0.08986751326787912,5
net+dist+burden4,3,0.25187250121147453,0.1152616969542095,0.028872506272335174,9.65568085801675,0.2664860929724453,0.23482398087382617,2772,130,0.5705043678661472,0.23186573503798702,0.013874569514637836,9.657481335734078,0.266515714347362,0.05292030944723658,2766,130,0.284213057780276,0.14195247936935113,0.04526640394566894,10.69586496305771,0.2640079562412937,0.7972468318007049,2532,128,0.5999693979412499,0.25445134705524186,0.018378921959543604,10.697404400888987,0.26402838978114795,0.3843995819697825,2526,128,9.65568085801675,0.028872506272335174,0.04526640394566894,0.05292030944723658,5
net+rugged,2,0.2716434086031306,0.12273086178533602,0.026875177671178863,9.571889783236353,0.2580701245999866,0.9575003369558487,2772,130,0.5702091502653671,0.2237552980700154,0.010823058139769248,9.572812903079411,0.2581029046243317,0.922055226111909,2766,130,0.29947027775925156,0.15055546799737315,0.04668987581579742,10.636403526497288,0.25378913602820496,0.46497032997486254,2532,128,0.6059181879950357,0.25337731427751004,0.01678575719034936,10.637951129399395,0.25381633265300163,0.815560941706336,2526,128,9.571889783236353,0.026875177671178863,0.04668987581579742,0.46497032997486254,5
net+raw+burden4,3,0.26894672991586255,0.11916483067067075,0.024012423616017742,9.484761861796752,0.262677875128953,0.26291634103236683,2772,130,0.5934271681295189,0.23537875289953777,0.011696911676098765,9.486615139941273,0.26271107061594356,0.061936583548155344,2766,130,0.2924156876068045,0.14434101132362714,0.042778418578136135,10.471025542722597,0.2594117082376137,0.8570718555866388,2532,128,0.6161400440686777,0.25730714839820723,0.01663985527778311,10.47269135465168,0.25943647194196373,0.45199965984336454,2526,128,9.484761861796752,0.024012423616017742,0.042778418578136135,0.061936583548155344,5
geo+net+burden4,3,0.2766676378769706,0.12111197615142857,0.02234830528831977,9.415732197629659,0.26178813414334867,0.27882102410355025,2772,130,0.6032758684933068,0.23720951846130736,0.01098362118193541,9.417561092556708,0.2618225261943141,0.067672316379214,2766,130,0.2954694495731658,0.1451888125117156,0.0418437934269027,10.37513470444017,0.25806081807870296,0.8835629036228041,2532,128,0.6222773521005038,0.2583679923265912,0.016018558753418066,10.376819072067242,0.2580873830816669,0.48794010177771696,2526,128,9.415732197629659,0.02234830528831977,0.0418437934269027,0.067672316379214,5
net+rugged+burden4,3,0.2844031599502666,0.1229604372842426,0.020724576002655315,9.370010536460567,0.2617047634102523,0.6539843812882038,2772,130,0.6161069401860237,0.2424518988157001,0.011048811865711494,9.371002583024158,0.26173902175352504,0.29490029793578143,2766,130,0.29983481630906395,0.14626170316619244,0.04036554848542773,10.322255521176778,0.2570981153527344,0.7654887039886789,2532,128,0.6310844537425916,0.26024787394794374,0.015311083211987153,10.323716047357173,0.2571271854307019,0.6853335320784447,2526,128,9.370010536460567,0.020724576002655315,0.04036554848542773,0.29490029793578143,5
net+workload+burden4,3,0.2896543593835503,0.12471724413242904,0.020206649464707294,9.304115381798836,0.26179290818158607,0.31276976243709065,2772,130,0.6188743383704979,0.24072397965129252,0.01014381900932726,9.30582342054689,0.2618285267241871,0.08127318374124426,2766,130,0.29936557326309143,0.14618054457678847,0.04056816570362831,10.215457806516557,0.25708745067491423,0.9259402136988628,2532,128,0.6303778857887667,0.2596904166657675,0.015206611998910269,10.21710947784252,0.25711674999744816,0.557770348131541,2526,128,9.304115381798836,0.020206649464707294,0.04056816570362831,0.08127318374124426,5
geo+raw+burden4,3,0.2696371695625547,0.12036051208874235,0.025074949382517753,9.24738352431465,0.2548210419521968,0.25656268421147854,2772,130,0.5926705144655048,0.2347174980120663,0.011568590181810778,9.249299556805703,0.25485549504452487,0.05902424190680888,2766,130,0.29713545945152153,0.147121458486376,0.04341857191274667,10.209602802881053,0.2518577917539312,0.8630641772680011,2532,128,0.620695925431448,0.2593535225602715,0.01670018995077993,10.211333833824392,0.2518831863372796,0.4324197116087034,2526,128,9.24738352431465,0.025074949382517753,0.04341857191274667,0.05902424190680888,5
net+costwork+burden4,3,0.2981172094281726,0.1273645878936381,0.01924968300070784,9.230730140837736,0.2632576525027055,0.3428598156430349,2772,130,0.6280998914328759,0.24339689813114523,0.009864069253246788,9.232295416474189,0.2632932988805534,0.0947454052863147,2766,130,0.300681981450655,0.14640424375531097,0.0399970730438608,10.10945921841124,0.2577112112858836,0.9502074765447023,2532,128,0.6334658707007483,0.2600727469400993,0.014861950170344862,10.111037011903125,0.25774199742466997,0.6107587934270489,2526,128,9.230730140837736,0.01924968300070784,0.0399970730438608,0.0947454052863147,5
geo+net+workload,3,0.2839229830423451,0.1243541759342366,0.022419760306390257,9.14683718515146,0.2592618325168913,0.2876238248971392,2772,130,0.6013876663936838,0.2346335215500482,0.0103744090126614,9.148654271350578,0.25929645166662796,0.06837775442988359,2766,130,0.3015092741876371,0.14862384416232086,0.042491543000417575,10.057257218114863,0.2547106835797822,0.9428584503841143,2532,128,0.6224910075307182,0.2584897562812936,0.01603207952827268,10.0589778474012,0.2547385777134783,0.48820284004245074,2526,128,9.14683718515146,0.022419760306390257,0.042491543000417575,0.06837775442988359,5
geo+net+costwork,3,0.28498719318461496,0.12494973414150694,0.022559412827396486,9.10743116255308,0.2591167654093096,0.2888979201609696,2772,130,0.6004949224962324,0.2341813531124774,0.010340490600032837,9.109234976061355,0.25915122812885505,0.06844735462818918,2766,130,0.3022821086592594,0.14917253267706815,0.04272457394427809,10.009685098728434,0.2543820100244576,0.95169192050823,2532,128,0.6218712815621579,0.258404965015349,0.016102837004579484,10.011399828164379,0.25441001830091625,0.4872095918152385,2526,128,9.10743116255308,0.022559412827396486,0.04272457394427809,0.06844735462818918,5
geo+dist+burden4,3,0.26030452814065935,0.1193473157660791,0.02917843881004023,9.07715598973911,0.2482829536037443,0.23547936192617447,2772,130,0.5780979081669488,0.2317475266372175,0.012612904762913324,9.079120924089064,0.24831672417060457,0.05201140550342209,2766,130,0.297652261618593,0.14883734594874443,0.04551653958240154,10.043247153085478,0.24609924225475333,0.8353756540382936,2532,128,0.6162241859009518,0.2598978055851809,0.017738832777274505,10.044997427402617,0.2461228519010783,0.3787102219878625,2526,128,9.07715598973911,0.02917843881004023,0.04551653958240154,0.05201140550342209,5
net+raw+costwork,3,0.28011083285986715,0.12401421818158874,0.02390209350882233,9.070376568034007,0.2584277988337754,0.27433309892795865,2772,130,0.5904416395912473,0.23109808075992927,0.010620622346243724,9.072236290100577,0.25846149817069786,0.06270522390973321,2766,130,0.30203924461695375,0.1497722759499238,0.043731364892626745,9.982163659842195,0.2539260948809574,0.94631848516133,2532,128,0.6167794042100809,0.257549690297915,0.01662953790065247,9.983908695167816,0.2539529556257788,0.4526888657472755,2526,128,9.070376568034007,0.02390209350882233,0.043731364892626745,0.06270522390973321,5
net+raw+workload,3,0.28011083285986693,0.12401421818158863,0.02390209350882233,9.07037656803398,0.2584277988337752,0.27433309892791646,2772,130,0.590441639591246,0.23109808075992885,0.010620622346243724,9.07223629010052,0.25846149817069775,0.06270522390973321,2766,130,0.30203924461695386,0.14977227594992382,0.043731364892626745,9.982163659842191,0.2539260948809574,0.94631848516133,2532,128,0.6167794042100809,0.2575496902979148,0.01662953790065247,9.983908695167841,0.2539529556257789,0.4526888657472755,2526,128,9.07037656803398,0.02390209350882233,0.043731364892626745,0.06270522390973321,5
net+workload+costwork,3,0.2801108328598658,0.12401421818158861,0.023902093508822997,9.070376568033954,0.2584277988337752,0.27433309892791646,2772,130,0.590441639591243,0.2310980807599282,0.010620622346243724,9.072236290100529,0.25846149817069797,0.06270522390976208,2766,130,0.30203924461695386,0.14977227594992373,0.04373136489262652,9.982163659842145,0.2539260948809574,0.94631848516133,2532,128,0.6167794042100814,0.25754969029791497,0.016629537900652247,9.983908695167768,0.2539529556257788,0.4526888657472755,2526,128,9.070376568033954,0.023902093508822997,0.04373136489262652,0.06270522390976208,5
net+dist+costwork,3,0.26867896103101674,0.12177941253309447,0.027364700360373195,8.999822501464676,0.2579676347136508,0.24693022633416706,2772,130,0.5671523847671192,0.22437577085157645,0.011481569115262324,9.00175485305243,0.2579991074143696,0.053418697093594925,2766,130,0.3003095594072233,0.15057567265736366,0.04610731580967187,9.93384158435464,0.2539153740867992,0.9262416381261146,2532,128,0.6037630166204732,0.2552168544052633,0.017996686052944577,9.935615788631777,0.25393939075243377,0.3872659456319556,2526,128,8.999822501464676,0.027364700360373195,0.04610731580967187,0.053418697093594925,5
net+workload,2,0.27368722085609504,0.12333591682266967,0.026484065139907198,8.948703171758577,0.25796111433950086,0.22397136941990559,2772,130,0.5727306247662578,0.22572870245009327,0.011172646493767813,8.950319221575056,0.2579929835673367,0.4457660776394968,2766,130,0.30191494221250414,0.15118425563728535,0.04582519469997015,9.839835464554328,0.2534798712231179,0.7401855870262948,2532,128,0.6064439318324788,0.25576687601547937,0.017736152749602274,9.841367841139544,0.25350484983246935,0.8056169517737536,2526,128,8.948703171758577,0.026484065139907198,0.04582519469997015,0.22397136941990559,5
net+dist+workload,3,0.2705330798307226,0.12296798620404657,0.02780486981108865,8.939779395412048,0.2580558977101348,0.24793074250722247,2772,130,0.564364813782153,0.2233242890296336,0.011500581331966409,8.941675374280127,0.2580867774204302,0.05339426461497365,2766,130,0.3015190969763548,0.15166324699938608,0.046802530224167915,9.858332799705758,0.25356212838950587,0.9389215572790889,2532,128,0.6014661489487199,0.254881350725703,0.01828534341524901,9.860085327520487,0.2535861925948265,0.3847844503104608,2526,128,8.939779395412048,0.02780486981108865,0.046802530224167915,0.05339426461497365,5
geo+workload+costwork,3,0.28078636910866933,0.12543666926343858,0.02519034475611237,8.851434884649397,0.25097284896182737,0.26627165852616386,2772,130,0.5880302296585542,0.2301666744611864,0.010624828391719632,8.853328660749801,0.25100734631487676,0.05952977215966426,2766,130,0.30664612260303936,0.15277941007167678,0.0447372264354311,9.73971709392267,0.24667336672641538,0.9478921153376775,2532,128,0.6198212027882704,0.25950886179732074,0.016920096277542207,9.741491394012476,0.24670061085422657,0.4308929627449294,2526,128,8.851434884649397,0.02519034475611237,0.0447372264354311,0.05952977215966426,5
geo+raw+workload,3,0.2807863691086687,0.1254366692634385,0.025190344756112815,8.851434884649363,0.2509728489618269,0.2662716585261229,2772,130,0.5880302296585597,0.23016667446118735,0.010624828391719188,8.853328660749753,0.25100734631487676,0.059529772159691685,2766,130,0.306646122603039,0.15277941007167686,0.04473722643543132,9.739717093922666,0.2466733667264156,0.9478921153376775,2532,128,0.6198212027882681,0.25950886179732047,0.01692009627754243,9.741491394012538,0.24670061085422657,0.4308929627449294,2526,128,8.851434884649363,0.025190344756112815,0.04473722643543132,0.059529772159691685,5
geo+raw+costwork,3,0.2807863691086691,0.12543666926343858,0.025190344756112593,8.851434884649338,0.2509728489618269,0.2662716585261229,2772,130,0.5880302296585627,0.23016667446118813,0.010624828391718966,8.853328660749755,0.25100734631487676,0.05952977215970989,2766,130,0.3066461226030398,0.152779410071677,0.0447372264354311,9.739717093922785,0.2466733667264156,0.9478921153376775,2532,128,0.6198212027882689,0.25950886179732086,0.01692009627754243,9.741491394012574,0.24670061085422657,0.4308929627448689,2526,128,8.851434884649338,0.025190344756112593,0.0447372264354311,0.05952977215970989,5
net+costwork,2,0.2706957599711102,0.12217674080547819,0.02671836294782448,8.751360001305429,0.2579477336808561,0.5414484268330251,2772,130,0.5711936339429416,0.2255037738842808,0.011310157674671473,8.752700328132892,0.2579796349233602,0.8228078227288991,2766,130,0.3013650453404644,0.15026381714810114,0.044901831529585046,9.61923508250223,0.2537561288312302,0.7604338979542662,2532,128,0.6104836849103799,0.25644235575252944,0.0172850154884443,9.620631610561452,0.2537816041854899,0.7876657398596587,2526,128,8.751360001305429,0.02671836294782448,0.044901831529585046,0.5414484268330251,5
geo+dist+costwork,3,0.2743381841484529,0.12565357946046737,0.029014471843826772,8.594952378183926,0.2430871946908797,0.243700051323525,2772,130,0.5705458422668019,0.22517605594256368,0.011284061533025858,8.596905748264453,0.24312088505404295,0.05218072510001148,2766,130,0.31017060372780936,0.15646065034873524,0.04743233784857459,9.471589440152748,0.23920801755567922,0.9328433234116048,2532,128,0.6143099497100051,0.2601646111076046,0.018214153415111234,9.473399279373169,0.2392338093539148,0.3756981711959442,2526,128,8.594952378183926,0.029014471843826772,0.04743233784857459,0.05218072510001148,5
geo+burden4,2,0.1955829657841172,0.11314023770377739,0.08386685811974526,8.592957167190256,0.23345088744408982,0.9945616923937087,2772,130,0.47049108399592665,0.21722188257837413,0.030315237513940385,8.59454935274277,0.23347170439226228,0.4232064532851608,2766,130,0.28125106622427,0.15008047697446275,0.060930193339539196,9.580778282189486,0.23381682484666166,0.6667434957555658,2532,128,0.5592165543222269,0.25503039058947613,0.028325773411463917,9.582213387587016,0.2338269402847465,0.6602858104770655,2526,128,8.592957167190256,0.08386685811974526,0.060930193339539196,0.4232064532851608,5
geo+dist+workload,3,0.2752606123757108,0.12631945734439956,0.029325485086280523,8.569856064468388,0.24326105834869582,0.2440448715484016,2772,130,0.5687561241385723,0.22464370104347667,0.011347408481122256,8.571782978409122,0.24329433766210418,0.052153780964220964,2766,130,0.3106823744464024,0.15703218969479862,0.047876500575037007,9.439027176649654,0.2391328183499386,0.937991150556328,2532,128,0.6127158753103825,0.2599587790087926,0.018424576495994494,9.440817277553672,0.23915857553180198,0.37413158422159176,2526,128,8.569856064468388,0.029325485086280523,0.047876500575037007,0.052153780964220964,5
raw+dist+burden4,3,0.26961431249014,0.12443808521655338,0.03026122363056105,8.527529975604217,0.2297145099585608,0.23522383594216223,2772,130,0.5838143147960132,0.2314780054371107,0.011665132882202611,8.52959928916961,0.22975161953790868,0.0509349811717813,2766,130,0.31245784468288706,0.15700326096930795,0.04657595402461823,9.414091691924083,0.22765126719559103,0.8730727709958848,2532,128,0.6319322341104534,0.2661228022021499,0.017568508217806977,9.415984249891043,0.2276776765541053,0.3700077122094336,2526,128,8.527529975604217,0.03026122363056105,0.04657595402461823,0.0509349811717813,5
net+burden4,2,0.28338026792478305,0.1229173442384409,0.021141167015492845,8.437908357799868,0.261520675118153,0.39096899542726493,2772,130,0.6115041798933118,0.2389481004101569,0.010492826758306428,8.438750990702674,0.26155584313072733,0.13329904273270798,2766,130,0.2993192108314219,0.14617015517361684,0.040584987725895694,9.239302828564785,0.2570871528065245,0.8040351885125009,2532,128,0.6302703506309959,0.25967436220327006,0.01521768424165959,9.240285042171994,0.25711641123044016,0.4365412139473339,2526,128,8.437908357799868,0.021141167015492845,0.040584987725895694,0.13329904273270798,5
net,1,0.27149871982233076,0.12260459091415245,0.026799529479543116,8.297852593765946,0.25792153924855743,,2772,130,0.5706243624188159,0.22522366278773367,0.01129008257454589,8.298751484954032,0.2579533035864069,,2766,130,0.30299726793590837,0.15169123097514675,0.045775162774895684,9.112809149665242,0.2533535516972617,,2532,128,0.6076967016926259,0.25604545141919566,0.017625458099437274,9.11379719811837,0.2533791749710891,,2526,128,8.297852593765946,0.026799529479543116,0.045775162774895684,,5
raw+dist+costwork,3,0.2801967697949506,0.1302080022091257,0.031403918506784034,8.223676033146536,0.22783156036532337,0.23973378960434488,2772,130,0.5725933260885876,0.22627956388957424,0.011391028761941868,8.22562131513089,0.2278669208013403,0.05086269644969732,2766,130,0.32070436720551343,0.1631689536887347,0.04935937999076234,9.042776214065508,0.22405130161303466,0.9355000625094472,2532,128,0.6243990035931253,0.2657788817165401,0.018807856682323987,9.044589308766325,0.22407852062405587,0.3625844325515777,2526,128,8.223676033146536,0.031403918506784034,0.04935937999076234,0.05086269644969732,5
raw+dist+workload,3,0.28019676979494873,0.13020800220912526,0.0314039185067847,8.223676033146498,0.22783156036532348,0.2397337896044186,2772,130,0.5725933260885924,0.22627956388957546,0.011391028761941646,8.225621315130887,0.2278669208013403,0.050862696449712974,2766,130,0.320704367205513,0.16316895368873466,0.049359379990762564,9.042776214065496,0.22405130161303466,0.9355000625094472,2532,128,0.6243990035931248,0.2657788817165402,0.018807856682323987,9.044589308766326,0.22407852062405598,0.3625844325517811,2526,128,8.223676033146498,0.0314039185067847,0.049359379990762564,0.050862696449712974,5
dist+workload+costwork,3,0.28019676979494873,0.1302080022091253,0.0314039185067847,8.223676033146404,0.2278315603653236,0.23973378960434488,2772,130,0.5725933260885927,0.2262795638895751,0.011391028761941424,8.225621315130635,0.22786692080134052,0.05086269644969732,2766,130,0.3207043672055131,0.1631689536887354,0.04935937999076345,9.04277621406543,0.22405130161303466,0.9355000625094472,2532,128,0.6243990035931243,0.265778881716541,0.01880785668232443,9.044589308766316,0.22407852062405598,0.3625844325515777,2526,128,8.223676033146404,0.0314039185067847,0.04935937999076345,0.05086269644969732,5
geo+workload,2,0.23638546984246614,0.12630085541747724,0.061261098688078386,8.058180508149606,0.22987627495928864,0.20614512664277262,2772,130,0.46123816702594644,0.20334191496928253,0.02331161648532265,8.059681731792134,0.2298959974167677,0.3741926347299587,2766,130,0.3046370092131319,0.1668893730804,0.06794326668154804,8.90126946074603,0.2250781473398238,0.7437541098681281,2532,128,0.5403326180456126,0.253367107111603,0.03295692940863071,8.902673130416776,0.22509099255651666,0.7564891981945179,2526,128,8.058180508149606,0.061261098688078386,0.06794326668154804,0.20614512664277262,5
geo+costwork,2,0.21357185350296956,0.12144766391060442,0.07865388214541169,7.849181154193983,0.22350737366083062,0.3191624707626337,2772,130,0.42811475110891895,0.19724390060292413,0.029970191467177276,7.850660523476498,0.22352461851024497,0.7488988039436452,2766,130,0.29995073645090486,0.16593346911911894,0.07065995773942513,8.715644939565621,0.22030194763967148,0.7530982738815252,2532,128,0.5277420244025263,0.251971920467773,0.036220112043352515,8.716996024666463,0.22031145223519155,0.9964113801759548,2526,128,7.849181154193983,0.07865388214541169,0.07065995773942513,0.3191624707626337,5
geo,1,0.19537305792653875,0.11636677476851946,0.0931633608132103,7.662235952051252,0.22025964776488416,,2772,130,0.41817614780139134,0.19704076293799175,0.03381402860969884,7.66366435260519,0.22027693798230874,,2766,130,0.296009032752248,0.16334988869196718,0.0699681934393852,8.584647842811899,0.21881370822899704,,2532,128,0.5278394567159304,0.2518124982357797,0.03606793994816582,8.585920432364002,0.21882199242149525,,2526,128,7.662235952051252,0.0931633608132103,0.0699681934393852,,5
rugged+dist+costwork+burden4,4,0.34873272055849025,0.15782800795386903,0.027134716011954607,6.989870835680229,0.19182725964580383,0.24221237225930803,2772,130,0.6750580797837403,0.29550034591456925,0.022344638063852784,6.99198733363528,0.191849879677232,0.050690352889133594,2766,130,0.37973267638582486,0.19011015391917363,0.04577794827992898,7.513147688786303,0.18204239532064692,0.9309211585249823,2532,128,0.6891736691570584,0.3145587421773517,0.02845743726267913,7.514944710512192,0.18206474745841228,0.44665058295171656,2526,128,6.989870835680229,0.027134716011954607,0.04577794827992898,0.050690352889133594,5
rugged+burden4,2,0.23030695503479406,0.13841294503535984,0.09613002403789772,5.962312116471697,0.16514435801216198,0.46947524571610055,2772,130,0.4448490478125876,0.2375559402439075,0.06112259766850059,5.963354481124109,0.1651499172525418,0.1709016727565088,2766,130,0.35057493941062623,0.19642730027179636,0.07430079022269531,6.351420317101779,0.1585410625233925,0.6536106003096467,2532,128,0.549749212072496,0.2996645613960546,0.06657259531664028,6.352351137998512,0.15854250518940027,0.4076855157241409,2526,128,5.962312116471697,0.09613002403789772,0.07430079022269531,0.1709016727565088,5
rugged+costwork,2,0.30245079330006874,0.1564160106648589,0.05315855529383029,5.358701251853105,0.17988181748621979,0.6348106503568474,2772,130,0.5554859270368194,0.27754776943101545,0.04534859408442493,5.359143304582764,0.17988728699729484,0.8157329046664943,2766,130,0.36708961198563156,0.1993502405209628,0.0655584974536092,5.676558330342825,0.16849284809032583,0.9007612316273437,2532,128,0.6012039737651258,0.3169418401350061,0.05784238813556786,5.67710220666727,0.16849851172297048,0.7414187105793484,2526,128,5.358701251853105,0.05315855529383029,0.0655584974536092,0.6348106503568474,5
rugged+workload,2,0.34522947482770006,0.16819685545437774,0.04011796147952462,4.977166812974607,0.16932258904578623,0.26029721256280103,2772,130,0.6591328266505557,0.3321875698995005,0.04723145183967148,4.977671556665252,0.16932740980834138,0.47788047581665316,2766,130,0.39096543792710714,0.20553305871006375,0.057144724399786906,5.23243915180818,0.156943187912163,0.830918153390982,2532,128,0.6653947405653984,0.3491240581958884,0.05666347914432657,5.232860099661988,0.15694950890241943,0.8393386613663087,2526,128,4.977166812974607,0.04723145183967148,0.057144724399786906,0.26029721256280103,5
rugged,1,0.2663965457984575,0.1480281553931683,0.07191840139352879,4.694457434189317,0.14683416521653014,,2772,130,0.5852177377274228,0.3180660271070416,0.06577920164165918,4.69504058504605,0.14683606150260797,,2766,130,0.3767471843778497,0.20097780260346265,0.06085174947272032,5.0242284094930145,0.13903615756209942,,2532,128,0.644822218195311,0.35031034344487794,0.06566303561383124,5.024668432139203,0.1390357479263421,,2526,128,4.694457434189317,0.07191840139352879,0.06566303561383124,,5
rugged+workload+costwork+burden4,4,0.14319445910657932,0.106913079272902,0.18045546083817765,49.13907569181555,0.4250597464631718,0.09336967472680302,2772,130,0.3237926716367986,0.21012326429901076,0.12332521686318332,49.121860397550904,0.4250405338302923,0.029194471943522537,2766,130,0.14045999627118821,0.11289750205621805,0.21344902572778568,57.976020848148096,0.4097474151039363,0.26952965638853144,2532,128,0.29792521136024597,0.20499203453740497,0.14612655000153052,57.958904748308214,0.40973370053603686,0.1849218089125393,2526,128,49.121860397550904,0.18045546083817765,0.21344902572778568,0.029194471943522537,4
raw+rugged+costwork+burden4,4,0.14319445910658626,0.1069130792729024,0.1804554608381581,49.13907569168845,0.425059746463172,0.09336967472680302,2772,130,0.3237926716368064,0.21012326429901357,0.12332521686317932,49.12186039747229,0.4250405338302926,0.029194471943522537,2766,130,0.1404599962711845,0.11289750205621583,0.21344902572778857,57.97602084815776,0.40974741510393653,0.26952965638853144,2532,128,0.2979252113602373,0.20499203453740136,0.14612655000153518,57.958904748250916,0.40973370053603697,0.1849218089125393,2526,128,49.12186039747229,0.1804554608381581,0.21344902572778857,0.029194471943522537,4
raw+rugged+workload+burden4,4,0.14319445910658377,0.10691307927290246,0.1804554608381661,49.13907569158698,0.42505974646317224,0.09336967472680302,2772,130,0.3237926716367963,0.21012326429901254,0.12332521686318909,49.12186039744802,0.4250405338302927,0.029194471943522537,2766,130,0.14045999627118663,0.11289750205621525,0.21344902572777946,57.9760208481307,0.40974741510393664,0.26952965638853144,2532,128,0.29792521136023625,0.20499203453739873,0.14612655000153119,57.958904748237615,0.4097337005360371,0.1849218089125393,2526,128,49.12186039744802,0.1804554608381661,0.21344902572777946,0.029194471943522537,4
geo+rugged,2,0.1854073630104641,0.11521707833642174,0.10757253948978218,12.992140658844818,0.22196609758839714,0.29687525159812966,2772,130,0.3947220379182914,0.18852347117692603,0.03628177404070421,12.995765838285394,0.22198589799797175,0.18602617972298685,2766,130,0.28137305701799187,0.16090913142472493,0.08035228556587404,14.949402793719543,0.22188422415194808,0.28545375752875746,2532,128,0.5066268904304999,0.24119946391957214,0.03568946535467021,14.954057011904881,0.22189457068270968,0.3900249431764691,2526,128,12.992140658844818,0.10757253948978218,0.08035228556587404,0.18602617972298685,4
net+rugged+dist+workload,4,0.2629150823410593,0.12155063276275507,0.030540506562995562,12.91868737868882,0.2584266728908027,0.1260445657932776,2772,130,0.5487167901716934,0.21638544628755488,0.01121810531788503,12.92115859597218,0.25845816228747587,0.029922983351027166,2766,130,0.2895649670627073,0.14935083950360617,0.052522793059648354,14.640292711724987,0.2551292680277668,0.5756783470776401,2532,128,0.5804137305246144,0.24555323925702283,0.01809354926908635,14.643304389451583,0.2551533235580108,0.35092219082272114,2526,128,12.91868737868882,0.030540506562995562,0.052522793059648354,0.029922983351027166,4
net+rugged+dist,3,0.26157845708435734,0.12082453653526247,0.03039190963664229,12.727653719397045,0.2583534512262592,0.060224810971257425,2772,130,0.5495982925401693,0.21663486261331508,0.011181337307174744,12.730628153963421,0.25838531967271294,0.011869988861603953,2766,130,0.2904365470227092,0.1500493317049452,0.05291584403445149,14.879028295612777,0.2550413823202452,0.4022752693459114,2532,128,0.5791721483884517,0.24553246459755113,0.018332087550240628,14.882179789598926,0.25506539526347416,0.19542242056181158,2526,128,12.727653719397045,0.03039190963664229,0.05291584403445149,0.011869988861603953,4
net+rugged+dist+costwork,4,0.2603895935901848,0.1202256787089626,0.030323409428445913,12.584214918996043,0.2584025913357737,0.12441886289369786,2772,130,0.5501630287825362,0.21685746530379546,0.011181337647325984,12.58683210659871,0.2584347100849277,0.029591243820825675,2766,130,0.28773692211403096,0.14810566101291486,0.05204257726170414,14.298479153015405,0.2556292396695834,0.5640762438932019,2532,128,0.5816448013676123,0.24545179128752737,0.017802976544039284,14.301495782491669,0.2556532089818284,0.34878490649545457,2526,128,12.584214918996043,0.030323409428445913,0.05204257726170414,0.029591243820825675,4
area+dist+costwork+burden4,4,0.2715222085805008,0.15068157681512923,0.07155166314766848,12.308647173530128,0.1747683491141161,0.10416681076129453,2772,130,0.4991512338979691,0.22087646775575712,0.023829564658394364,12.309861314581555,0.17480318413092155,0.020048466148432698,2766,130,0.3281591461771168,0.19043027645958088,0.08484316185168028,13.445813785436181,0.17249667783327693,0.47810108311304134,2532,128,0.5879646166479426,0.2736927981401515,0.03169272192816308,13.447808637312074,0.17252337999070289,0.23859425861311556,2526,128,12.308647173530128,0.07155166314766848,0.08484316185168028,0.020048466148432698,4
geo+rugged+dist+workload,4,0.27692761345945827,0.12661276240550462,0.02872782343253988,11.899690850950147,0.2432783829430718,0.13868053465137575,2772,130,0.5721934289474592,0.2262014813948553,0.011420102758102901,11.902524715130214,0.2433114822305803,0.03286985931523023,2766,130,0.30571943276573343,0.15621414540655604,0.050341184112679294,13.308353286562902,0.23941748120806294,0.6393230130323668,2532,128,0.603897393644836,0.25599397155424136,0.018322787002852392,13.311572935361172,0.2394433820944767,0.37624387694542416,2526,128,11.899690850950147,0.02872782343253988,0.050341184112679294,0.03286985931523023,4
rugged+area,2,0.19427126914668724,0.11918844599310767,0.10311195565309283,11.879610803114815,0.20702353904136395,0.31446703518292174,2772,130,0.41156351293465765,0.196055605771083,0.03579766267535356,11.883568115100923,0.20704398899081777,0.20194157985534067,2766,130,0.29725461392692365,0.1680488412469901,0.07691749853966101,13.413592887450681,0.2065474567523523,0.3423549717769009,2532,128,0.5271767178880794,0.2520814779026484,0.036501633602385564,13.418091588044216,0.2065586161792844,0.44324885049874796,2526,128,11.879610803114815,0.10311195565309283,0.07691749853966101,0.20194157985534067,4
geo+rugged+dist+costwork,4,0.27567154270809435,0.12588957514528318,0.028539579844897744,11.759762747701052,0.24309819445485303,0.13766516965077258,2772,130,0.5732858780184233,0.22641703683254483,0.01134169330107726,11.762649285301384,0.24313174224323053,0.03268975040625888,2766,130,0.304894427917911,0.1555791917972107,0.05002644095078601,13.169865567812604,0.23952685027735943,0.6328845989950589,2532,128,0.6049502958118957,0.25596248475115246,0.018106478844009954,13.173088350808591,0.2395527857547951,0.3754867746244489,2526,128,11.759762747701052,0.028539579844897744,0.05002644095078601,0.03268975040625888,4
net+raw+rugged,3,0.2817812269104579,0.1246727882566742,0.023810935354837692,11.750222013078576,0.2583945628390848,0.07773194647798354,2772,130,0.5912925289742396,0.2315801307797681,0.010670889034838371,11.753304560751904,0.2584279714283947,0.017587510485120084,2766,130,0.29917286547406674,0.1505592441283175,0.046913824613980415,13.53331101625213,0.25379112283851724,0.4767524772496078,2532,128,0.6049758206034298,0.25309095814395244,0.01683235074761913,13.536619554194434,0.25381821316635655,0.2621398474296912,2526,128,11.750222013078576,0.023810935354837692,0.046913824613980415,0.017587510485120084,4
net+raw+rugged+costwork,4,0.2807228301801256,0.12413636067268653,0.02373406809063483,11.74878814157222,0.25843049758767844,0.1515456702906376,2772,130,0.5916872136692888,0.23170952657621235,0.010662389515307069,11.751703033786018,0.25846412273907815,0.041824816627788586,2766,130,0.2965583359338287,0.14874768484503553,0.04618479303795309,13.201881645757688,0.2543185995824283,0.628840455601545,2532,128,0.6071321780606657,0.25293739043486896,0.016380479258468306,13.205142843535937,0.2543456382248471,0.4397558631951336,2526,128,11.74878814157222,0.02373406809063483,0.04618479303795309,0.041824816627788586,4
net+raw+rugged+workload,4,0.28072283018012667,0.12413636067268678,0.023734068090634608,11.748788141572206,0.25843049758767855,0.15154567029061794,2772,130,0.5916872136692894,0.2317095265762127,0.010662389515307069,11.751703033786045,0.25846412273907826,0.041824816627788586,2766,130,0.29655833593382863,0.14874768484503556,0.04618479303795309,13.201881645757659,0.2543185995824283,0.628840455601545,2532,128,0.607132178060664,0.25293739043486896,0.016380479258468528,13.205142843535892,0.2543456382248471,0.4397558631950863,2526,128,11.748788141572206,0.023734068090634608,0.04618479303795309,0.041824816627788586,4
net+rugged+workload+costwork,4,0.280722830180125,0.1241363606726865,0.023734068090635052,11.748788141572183,0.25843049758767855,0.15154567029061794,2772,130,0.5916872136692913,0.23170952657621338,0.010662389515307069,11.751703033786047,0.25846412273907826,0.041824816627771266,2766,130,0.296558335933828,0.14874768484503553,0.04618479303795353,13.201881645757677,0.2543185995824283,0.6288404556016689,2532,128,0.6071321780606658,0.2529373904348691,0.016380479258468306,13.205142843536096,0.25434563822484724,0.4397558631950863,2526,128,11.748788141572183,0.023734068090635052,0.04618479303795353,0.041824816627771266,4
net+rugged+dist+burden4,4,0.23920127762066837,0.11281324397501533,0.033978246296873404,11.621240824475745,0.2675225682166106,0.11374466531346283,2772,130,0.5447364095571486,0.22066471382540925,0.013563674039902995,11.624069079803956,0.2675529697417197,0.026953733801317936,2766,130,0.2680803222930954,0.13847230061841106,0.05286951568693654,13.317884243996662,0.266845309802636,0.4828150954930571,2532,128,0.5716122604882894,0.24210395239582042,0.018224750389083333,13.320543942218139,0.2668653518011279,0.3201701229821249,2526,128,11.621240824475745,0.033978246296873404,0.05286951568693654,0.026953733801317936,4
geo+rugged+dist,3,0.27453976006712427,0.12528934546584122,0.028434005275527197,11.576311906248483,0.24305221468007743,0.06697719774511346,2772,130,0.5740123158025632,0.22660394981029974,0.011305605999061275,11.579387840028733,0.24308607608966426,0.013097609997923532,2766,130,0.3059815216587136,0.15643593073718884,0.050470545181804605,13.321048359398894,0.23940885221340513,0.4606105239357794,2532,128,0.6034354866640596,0.2559913800926203,0.01841088501736099,13.324250455620918,0.23943472706248814,0.21264700956442828,2526,128,11.576311906248483,0.028434005275527197,0.050470545181804605,0.013097609997923532,4
geo+raw+rugged+costwork,4,0.2838701587065242,0.12602919948101696,0.024296008916825373,11.539229592025846,0.25103896427045236,0.15274143185200884,2772,130,0.5943971618057786,0.23326326590809368,0.010828608574585896,11.542172630973992,0.25107307101053633,0.040598315931605344,2766,130,0.3029134422561812,0.15212643699328507,0.04645942333881803,12.91362726013139,0.24685329997216066,0.6490091387764594,2532,128,0.6132273176951927,0.25637838688477943,0.016762147000745742,12.91689851323575,0.24688069427735815,0.4326097587714365,2526,128,11.539229592025846,0.024296008916825373,0.04645942333881803,0.040598315931605344,4
geo+rugged+workload+costwork,4,0.28387015870652316,0.12602919948101682,0.024296008916825595,11.539229592025846,0.25103896427045236,0.15274143185174616,2772,130,0.5943971618057812,0.2332632659080943,0.010828608574585896,11.542172630973814,0.25107307101053666,0.04059831593181329,2766,130,0.3029134422561808,0.15212643699328474,0.04645942333881781,12.913627260131594,0.24685329997216043,0.6490091387764594,2532,128,0.6132273176951902,0.2563783868847788,0.016762147000745964,12.916898513235855,0.24688069427735804,0.4326097587714365,2526,128,11.539229592025846,0.024296008916825595,0.04645942333881781,0.04059831593181329,4
geo+raw+rugged+workload,4,0.28387015870652366,0.12602919948101696,0.024296008916825595,11.539229592025842,0.25103896427045247,0.15274143185208922,2772,130,0.5943971618057796,0.233263265908094,0.010828608574585896,11.542172630973912,0.2510730710105361,0.0405983159317177,2766,130,0.30291344225618144,0.15212643699328515,0.04645942333881803,12.913627260131392,0.24685329997216066,0.6490091387765857,2532,128,0.6132273176951908,0.25637838688477954,0.016762147000746186,12.91689851323585,0.24688069427735815,0.4326097587714365,2526,128,11.539229592025842,0.024296008916825595,0.04645942333881803,0.0405983159317177,4
geo+net+rugged+costwork,4,0.28921722602519406,0.1258241248510319,0.02152861550337848,11.441775785372206,0.2592562284202822,0.16793474516654816,2772,130,0.6092396151832017,0.23869007156391356,0.01069745113300935,11.444693748576237,0.2592900755774519,0.04990945633496302,2766,130,0.2996620405879684,0.14869041168087782,0.043868820783516504,12.790204801262696,0.2544812910523676,0.6588590746840892,2532,128,0.6172703581420164,0.256104108982862,0.01594237250596886,12.793477195638634,0.25450943787171343,0.48814067871754896,2526,128,11.441775785372206,0.02152861550337848,0.043868820783516504,0.04990945633496302,4
geo+raw+rugged,3,0.2838451943078272,0.12601622344611074,0.024293873191655546,11.416815127198388,0.2510389435101743,0.07740611677566167,2772,130,0.5944073792217754,0.23326602017110773,0.010828182862816504,11.419882729898218,0.2510730557574372,0.01685431168798268,2766,130,0.3047574267914643,0.15346874240690725,0.04705611618481331,13.095022145398564,0.24656236331436976,0.4900532891095045,2532,128,0.6112896356464653,0.2564738295048368,0.017151743513801998,13.09826707735348,0.24658973251155014,0.2555395333865458,2526,128,11.416815127198388,0.024293873191655546,0.04705611618481331,0.01685431168798268,4
geo+net+rugged+workload,4,0.2878498645955034,0.12516961063085594,0.02146644007936227,11.378267630654268,0.2593811994692916,0.16615205721576753,2772,130,0.6094858120373928,0.23880153588471742,0.01070237820844877,11.3811911330424,0.25941525338372706,0.049474155324238045,2766,130,0.29861790777835096,0.1480855757751982,0.043745359191013744,12.726492493373007,0.254830608852034,0.6509583922238857,2532,128,0.6174214634688618,0.25595937238879835,0.015857215353599186,12.729744040823956,0.25485864911911604,0.4862086462863727,2526,128,11.378267630654268,0.02146644007936227,0.043745359191013744,0.049474155324238045,4
geo+net+rugged,3,0.2901519917124828,0.12629981697344786,0.021600117215082815,11.333771895882876,0.25922887544118356,0.08884990386662894,2772,130,0.6089271363184636,0.23860191124228547,0.010708711854487074,11.336804360997586,0.25926253242949227,0.021480236330654323,2766,130,0.30218038927899343,0.15040845199831973,0.04453021781908251,12.965389038194544,0.253994024687932,0.5136616600323755,2532,128,0.6152638735270652,0.25627587746350095,0.0163598424370337,12.968652778355446,0.25402222177511036,0.30014342830646057,2526,128,11.333771895882876,0.021600117215082815,0.04453021781908251,0.021480236330654323,4
net+raw+rugged+burden4,4,0.2664538796351108,0.11865428307149152,0.024727575728710427,11.298875449295394,0.26272160733741745,0.13898812561626772,2772,130,0.5883343122231275,0.2329251443879087,0.011541827526113435,11.301782312701405,0.2627550731746521,0.03854406061393234,2766,130,0.28435728119115944,0.1427016189155353,0.04629755900995569,12.754120394282534,0.2602308505616787,0.5616900168539647,2532,128,0.6020540218514296,0.250672715423918,0.01631670815460251,12.757109758484614,0.26025572756176407,0.41611704819089457,2526,128,11.298875449295394,0.024727575728710427,0.04629755900995569,0.03854406061393234,4
net+area+dist+burden4,4,0.26468441717223823,0.11780376161676773,0.0246512239711858,11.23997409242737,0.2679212025805441,0.15848439620248012,2772,130,0.5962787382042901,0.2452313712421536,0.015036675292525503,11.242668577811944,0.2679484429053475,0.040504894365243516,2766,130,0.2875659279675228,0.14254250370935626,0.04365328912524724,12.474010936408604,0.26423064442269095,0.6593999930156478,2532,128,0.6057537935096406,0.2575338971702909,0.018666135382617854,12.476823847390662,0.2642507855540962,0.4340035357760704,2526,128,11.23997409242737,0.0246512239711858,0.04365328912524724,0.040504894365243516,4
net+area+dist+workload,4,0.28840011124911724,0.12632540045223234,0.022430731131100057,11.216623323812772,0.2611940473684484,0.1879463889008779,2772,130,0.6023473750625358,0.24396191892639674,0.01354828420884191,11.219780088126578,0.26122091747798604,0.046346133636116504,2766,130,0.3084724656426889,0.15250355323709155,0.04310170006531089,12.410813712223296,0.25473679189127585,0.8033560193423518,2532,128,0.6141347394309018,0.261884830643678,0.0190241935484301,12.414163846186824,0.2547598194064643,0.471384047379073,2526,128,11.216623323812772,0.022430731131100057,0.04310170006531089,0.046346133636116504,4
geo+net+rugged+burden4,4,0.2786367597622321,0.1215283163365728,0.021861116422878357,11.170597738589958,0.26181738989533143,0.15579677118706814,2772,130,0.6072829184732308,0.23924388450925319,0.011137892520569848,11.173478347516127,0.2618515188528361,0.04667429513058974,2766,130,0.2909392390317479,0.14429232865038324,0.04376671974707236,12.522930814268332,0.2583454706693401,0.6036988527326768,2532,128,0.614386098934105,0.2544744417578004,0.015764038007900716,12.526007903168015,0.25837220202321876,0.46962343705416243,2526,128,11.170597738589958,0.021861116422878357,0.04376671974707236,0.04667429513058974,4
net+area+dist+costwork,4,0.28616341032781173,0.1251200496098731,0.022189359663749464,11.139289630304258,0.26090048242000174,0.18437747975963892,2772,130,0.6039713839460886,0.24433672591334216,0.013440413439317567,11.142427770935642,0.2609280953566375,0.04573596944771641,2766,130,0.3069325992289267,0.15143248732533998,0.04267663230702423,12.336231383278294,0.2549454623092895,0.7877529354119602,2532,128,0.6157071115920545,0.26180630493055407,0.018684535472106578,12.33955779828128,0.2549685419472658,0.4696800410383367,2526,128,11.139289630304258,0.022189359663749464,0.04267663230702423,0.04573596944771641,4
geo+raw+rugged+burden4,4,0.26952272679280465,0.12033780228480209,0.02510924437739992,11.09168981121862,0.2548211303463679,0.14021271034568294,2772,130,0.5924200154978361,0.2345977805158894,0.011561324624075331,11.094643890928173,0.2548555969211429,0.0376069649772538,2766,130,0.290740259923767,0.1458810751017827,0.04626198960090777,12.477369172730857,0.2523634766634446,0.5800084260718334,2532,128,0.6095084817980948,0.25411233941116973,0.016458832658991396,12.480415313792893,0.2523890098981205,0.41139623348595533,2526,128,11.09168981121862,0.02510924437739992,0.04626198960090777,0.0376069649772538,4
geo+rugged+dist+burden4,4,0.25738404888769895,0.11880749031698695,0.03028095408389042,11.044278814008262,0.24833468899191768,0.12591045177666005,2772,130,0.5721395802912065,0.22909408620598665,0.012510773134228437,11.04728421217677,0.24836873267079906,0.030218806729909065,2766,130,0.288869530393017,0.14715665894201388,0.04964537741234065,12.474058169061514,0.2469491495992111,0.552456002838112,2532,128,0.6008133500975578,0.2530550052673566,0.017585109634039142,12.477053747741204,0.2469728230431566,0.353794738435117,2526,128,11.044278814008262,0.03028095408389042,0.04964537741234065,0.030218806729909065,4
geo+area+dist+workload,4,0.2910204453501308,0.12908772837172017,0.024168546553964942,10.962515862936236,0.24520851099899432,0.17143542667587508,2772,130,0.6020703876332684,0.24149762509234432,0.012664401880811749,10.965629929899642,0.24523896770289333,0.041303128601693384,2766,130,0.316011759346377,0.15768716966629204,0.0450655286166286,12.1221666847814,0.2396338859736633,0.7613043050992255,2532,128,0.6223827683864269,0.2648255157459396,0.018765260074226298,12.12546128344185,0.2396590996524336,0.4382745192297016,2526,128,10.962515862936236,0.024168546553964942,0.0450655286166286,0.041303128601693384,4
area+dist+workload+burden4,4,0.2824976416651144,0.14155269699286,0.04596587593723167,10.946600088069445,0.18744541413971005,0.11668064235737674,2772,130,0.5556241997899044,0.2251426348563448,0.013591723380104836,10.948963141356952,0.18748438078706564,0.02445667156225817,2766,130,0.33279819862276994,0.18035509102821567,0.06500281924611251,12.058083793067999,0.18561063157942392,0.5530404319120041,2532,128,0.6241467289997367,0.2736580971449043,0.022563023079541722,12.060800717617791,0.1856398272689994,0.29435040487498576,2526,128,10.946600088069445,0.04596587593723167,0.06500281924611251,0.02445667156225817,4
geo+area+dist+costwork,4,0.2898692549299839,0.12840676478773258,0.023981232569594946,10.897861788896018,0.24495698073572658,0.16994234213225345,2772,130,0.603241173009069,0.2417096940146126,0.012569964677014767,10.900987034748024,0.24498790964082873,0.04105906708459672,2766,130,0.3152860482870955,0.1571088111532674,0.044770904526739486,12.060735678161015,0.23966293331161392,0.754018309079471,2532,128,0.6235498508159736,0.26481374476759967,0.01853899751738375,12.064030957394204,0.2396882174454814,0.43771919387219105,2526,128,10.897861788896018,0.023981232569594946,0.044770904526739486,0.04105906708459672,4
geo+raw+area+burden4,4,0.28243477091901836,0.12295973379204615,0.021620503821886627,10.835819137450537,0.25617880048075714,0.17133458750082942,2772,130,0.6187920730894793,0.2485503881878619,0.012788544988413086,10.838660762577742,0.25621087811841925,0.04734725650324456,2766,130,0.3004296823636574,0.1476808592711714,0.04191964439737461,12.00195496388393,0.25205069732100194,0.6851154429325372,2532,128,0.626405758852024,0.26237797066923874,0.016967210453743276,12.004998409875173,0.25207579464775764,0.4798051072512751,2526,128,10.835819137450537,0.021620503821886627,0.04191964439737461,0.04734725650324456,4
rugged+dist+workload+costwork,4,0.292151957402754,0.1321630213373004,0.027067543878444678,10.806344288588514,0.2287121148223924,0.15487793362083235,2772,130,0.5976847713898926,0.23794085775911009,0.012008149396236734,10.809344904384595,0.22874584569850276,0.03626203711241782,2766,130,0.3229673356874909,0.16345465188226607,0.048167983056395025,11.936828926417252,0.2241160120846789,0.7111019061386888,2532,128,0.6284742289273029,0.2676434297314758,0.018865538165796725,11.940023572522765,0.224143091582779,0.40131749544732265,2526,128,10.806344288588514,0.027067543878444678,0.048167983056395025,0.03626203711241782,4
raw+rugged+dist+workload,4,0.29215195740275374,0.13216302133730026,0.027067543878444678,10.80634428858848,0.2287121148223924,0.15487793362083235,2772,130,0.5976847713898938,0.23794085775911025,0.012008149396236512,10.809344904384751,0.22874584569850265,0.03626203711241782,2766,130,0.3229673356874904,0.16345465188226516,0.048167983056393915,11.936828926417146,0.2241160120846789,0.7111019061386888,2532,128,0.6284742289272973,0.2676434297314738,0.018865538165796725,11.940023572522584,0.224143091582779,0.4013174954474109,2526,128,10.80634428858848,0.027067543878444678,0.048167983056393915,0.03626203711241782,4
raw+rugged+dist+costwork,4,0.2921519574027522,0.1321630213373002,0.027067543878445344,10.806344288588475,0.2287121148223924,0.15487793362087277,2772,130,0.5976847713898948,0.2379408577591107,0.012008149396236512,10.809344904384774,0.22874584569850276,0.03626203711242293,2766,130,0.32296733568749014,0.16345465188226507,0.04816798305639414,11.936828926417151,0.2241160120846789,0.7111019061386888,2532,128,0.6284742289272995,0.2676434297314748,0.018865538165796947,11.94002357252255,0.2241430915827789,0.4013174954474109,2526,128,10.806344288588475,0.027067543878445344,0.04816798305639414,0.03626203711242293,4
raw+area+dist+costwork,4,0.2921519574027527,0.13216302133730007,0.02706754387844512,10.806344288588393,0.22871211482239218,0.15487793362081237,2772,130,0.5976847713898934,0.23794085775911034,0.012008149396236512,10.809344904384744,0.22874584569850265,0.03626203711242293,2766,130,0.3229673356874902,0.16345465188226507,0.04816798305639414,11.936828926417236,0.2241160120846789,0.7111019061385566,2532,128,0.6284742289272971,0.2676434297314737,0.018865538165796725,11.940023572522616,0.22414309158277912,0.401317495447455,2526,128,10.806344288588393,0.02706754387844512,0.04816798305639414,0.03626203711242293,4
raw+rugged+area+workload,4,0.2921519574027521,0.13216302133730015,0.027067543878445344,10.806344288588377,0.2287121148223924,0.15487793362087277,2772,130,0.5976847713898894,0.2379408577591089,0.012008149396236734,10.809344904384668,0.2287458456985031,0.03626203711241782,2766,130,0.3229673356874909,0.16345465188226563,0.04816798305639436,11.936828926417297,0.22411601208467902,0.7111019061385566,2532,128,0.6284742289272949,0.2676434297314737,0.01886553816579717,11.940023572522737,0.2241430915827789,0.40131749544732265,2526,128,10.806344288588377,0.027067543878445344,0.04816798305639436,0.03626203711241782,4
raw+area+dist+workload,4,0.29215195740275324,0.13216302133730026,0.0270675438784449,10.806344288588368,0.2287121148223923,0.15487793362081237,2772,130,0.5976847713898918,0.23794085775911006,0.012008149396236734,10.809344904384746,0.22874584569850243,0.03626203711241782,2766,130,0.3229673356874908,0.16345465188226518,0.04816798305639369,11.936828926417268,0.2241160120846788,0.7111019061386888,2532,128,0.6284742289272977,0.2676434297314741,0.018865538165796947,11.94002357252254,0.2241430915827789,0.40131749544732265,2526,128,10.806344288588368,0.0270675438784449,0.04816798305639369,0.03626203711241782,4
raw+rugged+area+costwork,4,0.29215195740275207,0.13216302133730015,0.027067543878445344,10.80634428858833,0.2287121148223923,0.15487793362081237,2772,130,0.5976847713898917,0.23794085775910978,0.012008149396236734,10.809344904384679,0.22874584569850254,0.03626203711241782,2766,130,0.3229673356874905,0.1634546518822654,0.04816798305639436,11.936828926417343,0.2241160120846789,0.7111019061386888,2532,128,0.6284742289272967,0.2676434297314739,0.018865538165796947,11.940023572522662,0.2241430915827789,0.4013174954474109,2526,128,10.80634428858833,0.027067543878445344,0.04816798305639436,0.03626203711241782,4
rugged+area+workload+costwork,4,0.29215195740275296,0.13216302133729996,0.027067543878444678,10.806344288588303,0.2287121148223923,0.15487793362081237,2772,130,0.5976847713898918,0.2379408577591097,0.012008149396236512,10.80934490438459,0.22874584569850254,0.03626203711241782,2766,130,0.3229673356874917,0.1634546518822654,0.04816798305639347,11.936828926417338,0.2241160120846789,0.7111019061386888,2532,128,0.6284742289272955,0.26764342973147326,0.018865538165796947,11.940023572522634,0.2241430915827789,0.40131749544732265,2526,128,10.806344288588303,0.027067543878444678,0.04816798305639347,0.03626203711241782,4
rugged+area+dist+costwork,4,0.2921519574027524,0.13216302133730012,0.027067543878445344,10.806344288588296,0.22871211482239218,0.15487793362081237,2772,130,0.5976847713898927,0.23794085775911028,0.012008149396236734,10.809344904384647,0.22874584569850254,0.03626203711241782,2766,130,0.3229673356874906,0.1634546518822653,0.04816798305639414,11.93682892641725,0.2241160120846789,0.7111019061386888,2532,128,0.6284742289272989,0.2676434297314745,0.018865538165796725,11.940023572522584,0.224143091582779,0.4013174954474109,2526,128,10.806344288588296,0.027067543878445344,0.04816798305639414,0.03626203711241782,4
rugged+area+dist+workload,4,0.29215195740275285,0.13216302133730018,0.02706754387844512,10.806344288588294,0.2287121148223924,0.15487793362081237,2772,130,0.5976847713898933,0.23794085775910984,0.012008149396236512,10.809344904384643,0.22874584569850254,0.03626203711242293,2766,130,0.3229673356874907,0.1634546518822654,0.04816798305639414,11.93682892641724,0.2241160120846789,0.7111019061386888,2532,128,0.628474228927298,0.26764342973147426,0.018865538165796947,11.940023572522595,0.2241430915827789,0.40131749544732265,2526,128,10.806344288588294,0.02706754387844512,0.04816798305639414,0.03626203711242293,4
area+dist+workload+costwork,4,0.29215195740275435,0.13216302133730043,0.027067543878444456,10.806344288588278,0.2287121148223924,0.15487793362081237,2772,130,0.5976847713898913,0.23794085775911,0.012008149396236734,10.809344904384645,0.22874584569850254,0.03626203711241782,2766,130,0.3229673356874909,0.16345465188226574,0.04816798305639458,11.936828926417304,0.22411601208467868,0.7111019061386888,2532,128,0.6284742289272893,0.26764342973147337,0.018865538165798057,11.940023572522572,0.2241430915827789,0.40131749544732265,2526,128,10.806344288588278,0.027067543878444456,0.04816798305639458,0.03626203711241782,4
geo+area+dist+burden4,4,0.2718403020763602,0.12150433812823683,0.025267466866245814,10.749578643337077,0.2492459729377967,0.15168898198363912,2772,130,0.6015426684418715,0.24330398208070705,0.01342124915034848,10.752524241754418,0.24927792584677755,0.03757255581334251,2766,130,0.2997179267168697,0.14917816208847404,0.044523628940677185,11.949625997125974,0.24616543108154454,0.654976016186956,2532,128,0.6198334901961011,0.261686733337211,0.017855129635175215,11.952668206967815,0.24618890345726063,0.41442357911791594,2526,128,10.749578643337077,0.025267466866245814,0.044523628940677185,0.03757255581334251,4
net+area+dist,3,0.28577198689207606,0.12492938444708265,0.02216851290186761,10.68016373545271,0.2608950836542159,0.09661531714839688,2772,130,0.6041434197570457,0.24438904107258144,0.013433843330036943,10.683183914050261,0.26092279077750735,0.019222132200878983,2766,130,0.3084696860987143,0.1525013454502133,0.04310055946929259,12.065137491949287,0.25473679084478384,0.6532179750676337,2532,128,0.6141386749799973,0.26188488582890446,0.019023451980581862,12.068195886546235,0.25475981864517383,0.2837609258828222,2526,128,10.68016373545271,0.02216851290186761,0.04310055946929259,0.019222132200878983,4
net+raw+area,3,0.2960557369091102,0.12725997090862112,0.019998000386439063,10.488890932687259,0.26098811174250913,0.10969321810385246,2772,130,0.6242005003084561,0.2501353524475259,0.012579714961761468,10.491773687973899,0.26101815862724576,0.02472500559347246,2766,130,0.30978239572732247,0.15184980518588573,0.041344558537597775,11.81148777760706,0.2544700429238048,0.6562242367528098,2532,128,0.6257151861115631,0.26366092557221815,0.017635603620852036,11.814473724604353,0.2544960251445614,0.3353104442966567,2526,128,10.488890932687259,0.019998000386439063,0.041344558537597775,0.02472500559347246,4
geo+area+dist,3,0.28797465952272855,0.12741494556843416,0.02381302857808021,10.462327008501447,0.24482407903426495,0.08590650913500908,2772,130,0.604476551012011,0.2419981829414896,0.012494702803404811,10.465319087184213,0.24485556610599357,0.016835980156300945,2766,130,0.31583930781464586,0.15754105414138778,0.044983752017047074,11.826843006846639,0.23962972837657626,0.5940362651812316,2532,128,0.6227149956211407,0.26482854715591475,0.018703457139692237,11.829851870496888,0.23965496519090002,0.25798341714141815,2526,128,10.462327008501447,0.02381302857808021,0.044983752017047074,0.016835980156300945,4
geo+net+area,3,0.30030235247288006,0.12820965275265117,0.019166551402566956,10.419210030900581,0.2614831981807949,0.11640083697638204,2772,130,0.6326055713596539,0.25261970163746805,0.012273507088929492,10.422026829628841,0.2615141122177288,0.0279530001993461,2766,130,0.3097436525189806,0.15129211402836912,0.04062649279394215,11.718624927756805,0.2547944336824045,0.6534262905140942,2532,128,0.6300663644828732,0.2641817733737767,0.017080380527834782,11.721575628284768,0.2548216342598776,0.3612956864680328,2526,128,10.419210030900581,0.019166551402566956,0.04062649279394215,0.0279530001993461,4
raw+area+dist+burden4,4,0.2783685998901169,0.12595493110578473,0.02710064318911254,10.412228045563864,0.23016185271282374,0.14337778558252778,2772,130,0.6017455309879275,0.2397290121981356,0.012069449928214793,10.415311727053968,0.23019786110377827,0.034231940417358664,2766,130,0.3120297746920148,0.15693721030344807,0.046784493978527575,11.581752722174816,0.22765341355127433,0.6426117740468522,2532,128,0.6311734235531015,0.2657774063453106,0.017557523610866044,11.584915077423089,0.22767984163534893,0.38902105015524757,2526,128,10.412228045563864,0.02710064318911254,0.046784493978527575,0.034231940417358664,4
raw+rugged+dist+burden4,4,0.2783685998901176,0.12595493110578493,0.027100643189112317,10.412228045563795,0.23016185271282386,0.14337778558254666,2772,130,0.6017455309879326,0.23972901219813667,0.01206944992821457,10.415311727053975,0.23019786110377827,0.034231940417358664,2766,130,0.31202977469201504,0.15693721030344818,0.046784493978527575,11.58175272217487,0.22765341355127422,0.6426117740468522,2532,128,0.6311734235531008,0.26577740634531044,0.017557523610866266,11.584915077423037,0.22767984163534893,0.38902105015516053,2526,128,10.412228045563795,0.027100643189112317,0.046784493978527575,0.034231940417358664,4
raw+rugged+area+burden4,4,0.2783685998901166,0.12595493110578487,0.02710064318911276,10.412228045563687,0.23016185271282386,0.14337778558248981,2772,130,0.601745530987939,0.23972901219813766,0.012069449928213904,10.415311727053778,0.23019786110377816,0.034231940417358664,2766,130,0.31202977469201415,0.1569372103034483,0.04678449397852824,11.58175272217468,0.22765341355127422,0.6426117740468522,2532,128,0.6311734235531008,0.2657774063453106,0.017557523610866266,11.584915077423144,0.22767984163534893,0.38902105015511923,2526,128,10.412228045563687,0.02710064318911276,0.04678449397852824,0.034231940417358664,4
rugged+area+dist+burden4,4,0.2783685998901152,0.12595493110578457,0.027100643189113205,10.412228045563616,0.23016185271282386,0.14337778558248981,2772,130,0.6017455309879373,0.23972901219813728,0.012069449928214127,10.415311727053766,0.23019786110377816,0.03423194041736333,2766,130,0.3120297746920147,0.1569372103034482,0.0467844939785278,11.581752722174768,0.2276534135512741,0.6426117740468522,2532,128,0.6311734235531016,0.26577740634531116,0.017557523610866266,11.584915077423076,0.22767984163534893,0.38902105015524757,2526,128,10.412228045563616,0.027100643189113205,0.0467844939785278,0.03423194041736333,4
geo+raw+area,3,0.29552265604767375,0.12803836354775455,0.020994743849904518,10.408601042547984,0.2531127175144352,0.10060990436551398,2772,130,0.6212720383942774,0.24805809705774667,0.012260988521864302,10.411507762248469,0.25314422791784763,0.021857695072239003,2766,130,0.31336784771627313,0.15443818353806646,0.042449866825375215,11.733256476762168,0.2471267609796982,0.6280204783789396,2532,128,0.628172745540526,0.26484455316656547,0.017699058916508026,11.736238228717754,0.24715328821121363,0.30901279827537653,2526,128,10.408601042547984,0.020994743849904518,0.042449866825375215,0.021857695072239003,4
raw+rugged+dist,3,0.2885376208788714,0.13010501061492954,0.02657333362473291,10.317125072292779,0.22819674720029504,0.0755714002745359,2772,130,0.6009700308338961,0.23851881121596605,0.011749101309257881,10.320057364222412,0.228231771051977,0.01450705569307742,2766,130,0.322574488851898,0.16309459016364244,0.04794711600565282,11.672558192248315,0.2240932568499201,0.5300004020258327,2532,128,0.6293718476885968,0.2676482289878899,0.01869844597957715,11.675497354554572,0.2241204006725146,0.23032843909556167,2526,128,10.317125072292779,0.02657333362473291,0.04794711600565282,0.01450705569307742,4
raw+rugged+area,3,0.28853762087887136,0.1301050106149293,0.026573333624732687,10.317125072292718,0.22819674720029504,0.0755714002745359,2772,130,0.6009700308338948,0.23851881121596508,0.011749101309257659,10.320057364222315,0.228231771051977,0.0145070556930752,2766,130,0.322574488851897,0.1630945901636423,0.04794711600565327,11.67255819224837,0.2240932568499201,0.5300004020258327,2532,128,0.6293718476885966,0.2676482289878899,0.01869844597957715,11.67549735455478,0.2241204006725146,0.23032843909556167,2526,128,10.317125072292718,0.026573333624732687,0.04794711600565327,0.0145070556930752,4
raw+area+dist,3,0.288537620878871,0.13010501061492954,0.02657333362473313,10.31712507229271,0.22819674720029526,0.07557140027454756,2772,130,0.6009700308338954,0.23851881121596566,0.011749101309257659,10.320057364222338,0.22823177105197734,0.01450705569307742,2766,130,0.3225744888518978,0.16309459016364208,0.04794711600565238,11.672558192248284,0.2240932568499202,0.5300004020258327,2532,128,0.6293718476885977,0.2676482289878899,0.018698445979576928,11.675497354554693,0.22412040067251449,0.23032843909556167,2526,128,10.31712507229271,0.02657333362473313,0.04794711600565238,0.01450705569307742,4
rugged+area+dist,3,0.2885376208788689,0.13010501061492905,0.026573333624733575,10.317125072292672,0.22819674720029526,0.07557140027454756,2772,130,0.6009700308338933,0.2385188112159649,0.011749101309257659,10.32005736422223,0.22823177105197667,0.0145070556930752,2766,130,0.32257448885189755,0.16309459016364244,0.047947116005653045,11.672558192248324,0.2240932568499201,0.5300004020256837,2532,128,0.6293718476885972,0.2676482289878901,0.01869844597957715,11.675497354554667,0.2241204006725146,0.23032843909556167,2526,128,10.317125072292672,0.026573333624733575,0.047947116005653045,0.0145070556930752,4
net+rugged+area,3,0.3108971430188201,0.13047028970441416,0.017177042136992116,10.277433477352698,0.2648592962313018,0.13938039845293426,2772,130,0.654137448978532,0.2592276214075915,0.011622296350630279,10.280038887730587,0.26489189472109453,0.04137695823820575,2766,130,0.30695755985929846,0.1485695126676494,0.03882025208059514,11.527459371726437,0.2576487394856114,0.6270296124683654,2532,128,0.6388983513806936,0.264465945386562,0.01570043478424088,11.530299786179281,0.2576789532776709,0.44463427095912744,2526,128,10.277433477352698,0.017177042136992116,0.03882025208059514,0.04137695823820575,4
area+workload+costwork,3,0.16944023146520398,0.13871609540877067,0.22190080029684855,14.467535612910218,0.1777401112742032,0.2919132628729886,2772,130,0.2819574408669589,0.2053402439241492,0.1697140679148943,14.470718834926013,0.17775353949538952,0.5227135004407759,2766,130,0.2745629746176129,0.1857787711977803,0.13943378455346989,16.157209809850833,0.17532850831813096,0.6350969156672142,2532,128,0.4271420592420527,0.24919041858919883,0.08650685227883881,16.16199060516426,0.17533504542059386,0.9076957421716869,2526,128,14.467535612910218,0.22190080029684855,0.13943378455346989,0.2919132628729886,3
raw+area+workload,3,0.16944023146520357,0.13871609540877064,0.22190080029684944,14.467535612910128,0.1777401112742032,0.2919132628729886,2772,130,0.28195744086695723,0.20534024392414932,0.16971406791489718,14.47071883492602,0.17775353949538975,0.5227135004407759,2766,130,0.27456297461761325,0.18577877119777983,0.13943378455346855,16.157209809850887,0.17532850831813085,0.6350969156672142,2532,128,0.4271420592420529,0.24919041858919813,0.0865068522788377,16.161990605164302,0.17533504542059375,0.9076957421716869,2526,128,14.467535612910128,0.22190080029684944,0.13943378455346855,0.2919132628729886,3
raw+area+costwork,3,0.1694402314652025,0.13871609540877056,0.2219008002968521,14.467535612910108,0.1777401112742032,0.2919132628729886,2772,130,0.2819574408669559,0.20534024392414882,0.16971406791489807,14.470718834925982,0.17775353949538952,0.5227135004407759,2766,130,0.2745629746176132,0.1857787711977803,0.13943378455346944,16.157209809850812,0.17532850831813085,0.6350969156672142,2532,128,0.4271420592420528,0.24919041858919821,0.08650685227883792,16.16199060516428,0.17533504542059375,0.9076957421716869,2526,128,14.467535612910108,0.2219008002968521,0.13943378455346944,0.2919132628729886,3
area+costwork+burden4,3,0.18788641668169476,0.15169781014495395,0.2155095224818151,13.99593715744351,0.1627399221839113,0.29307534934824453,2772,130,0.2972364101148361,0.22008708910890726,0.17684284251187687,13.99892881748254,0.1627588265594213,0.5026165727567011,2766,130,0.2786009804350741,0.19495243335548654,0.15298366323618828,15.60850297614915,0.16067371019448706,0.5709504578351137,2532,128,0.44057849178722874,0.2577853857971462,0.08743423166769371,15.613094768269367,0.16068575110711902,0.9170771619596824,2526,128,13.99593715744351,0.2155095224818151,0.15298366323618828,0.29307534934824453,3
area+workload+burden4,3,0.16798998652400537,0.14475378555335727,0.2458362468878592,13.681059606682044,0.16096607922621042,0.2893614567845124,2772,130,0.2727576824017381,0.21457898702606876,0.20368257892283603,13.684142133996607,0.16098475089589281,0.5273172132011579,2766,130,0.27537008383092665,0.1927172979136432,0.15303844156651336,15.30693565569986,0.16018170854701375,0.5592195070023283,2532,128,0.43288406519425515,0.2550735783244968,0.08967872301791413,15.311482525744953,0.16019201611313116,0.9010269353690257,2526,128,13.681059606682044,0.2458362468878592,0.15303844156651336,0.2893614567845124,3
area+burden4,2,0.16185881881963848,0.14259652988539367,0.25634077318931703,13.525491902673565,0.16086778813619518,0.389699656682551,2772,130,0.26555604640640457,0.21287481200943018,0.21222331202730071,13.528146479820837,0.16088623883557318,0.5706857515459229,2766,130,0.276520380051822,0.1935137799221276,0.15302029197958222,15.297809948849498,0.16010797485924022,0.2971746999793585,2532,128,0.4351886618005646,0.2559532818938867,0.08908090344822184,15.302025625833977,0.1601187923762275,0.7591135024085979,2526,128,13.525491902673565,0.25634077318931703,0.15302029197958222,0.2971746999793585,3
area+costwork,2,0.2185321493395277,0.17063629103630132,0.20030266056349477,13.278318226514283,0.15208143923744732,0.1192099617910285,2772,130,0.33371142871575,0.23972250413742072,0.16390003669145248,13.280341594417372,0.15210483122921326,0.2896003074581244,2766,130,0.2616746200510216,0.19474171431717563,0.1790451207822379,14.849859088810955,0.1502813912246317,0.413862257114076,2532,128,0.4454930271000952,0.25902653150036753,0.08545532634180741,14.853992631174648,0.15029958286646805,0.6791958146864547,2526,128,13.278318226514283,0.20030266056349477,0.1790451207822379,0.1192099617910285,3
raw+area+burden4,3,0.12670010007489857,0.13051151603405936,0.33164971324443826,13.263945679762035,0.16408789137278312,0.29276661717502894,2772,130,0.22727509241694283,0.2034816411337767,0.2640235355385929,13.267187835403513,0.1641037998359166,0.5855336177325567,2766,130,0.2606830284224873,0.18269481431804677,0.1536153517036074,14.95787559772914,0.16542142527288184,0.5267523097216407,2532,128,0.4104735186327112,0.24559014384561972,0.09464739608029338,14.962320766778069,0.16542689021913592,0.8694987376956758,2526,128,13.263945679762035,0.33164971324443826,0.1536153517036074,0.29276661717502894,3
area+dist,2,0.0693119559183133,0.13391156416155287,0.6047408717561673,13.128316615308023,0.12645183473057953,0.17538141182918154,2772,130,0.1278409064990642,0.2514905221050066,0.6112199008720831,13.132512168340906,0.1264755749924089,0.05919151650620591,2766,130,0.20767907142064385,0.17991477595694366,0.24836934784745868,15.830100453291935,0.13270889307647993,0.8951982261464949,2532,128,0.3658890266136926,0.24536458165106767,0.13590753627266627,15.834604949695205,0.13272024660528725,0.2758241657072781,2526,128,13.128316615308023,0.6112199008720831,0.24836934784745868,0.05919151650620591,3
raw+area,2,0.08507298743516702,0.12323843800434846,0.48999792751087234,12.404866457020043,0.1602586127613047,0.8205920060864762,2772,130,0.1804686810504836,0.20558357498686086,0.3800326775264744,12.40783227412333,0.1602739397885966,0.9332433739021938,2766,130,0.24624989113862306,0.1772391360761513,0.16472172097251225,14.40292376969741,0.16382969889140042,0.6277589211161589,2532,128,0.395167359067432,0.24137120685288863,0.10159351666683514,14.406875786298736,0.16383352506428694,0.9744147072963956,2526,128,12.404866457020043,0.48999792751087234,0.16472172097251225,0.6277589211161589,3
area+workload,2,0.14158569636346766,0.15196755473202597,0.3515000035538387,10.988301713738588,0.12658487670852492,0.15007336539331517,2772,130,0.23690415002455065,0.24657353647667435,0.3366602928330895,10.99041124120589,0.12661377080809477,0.26096160854129624,2766,130,0.21766838694104784,0.181782273457045,0.23114577012388482,12.574629061306414,0.13172712682737175,0.6504128059231552,2532,128,0.4093066760682369,0.25029424362579095,0.10198575546409039,12.57826176949721,0.1317446072101447,0.6653102697066733,2526,128,10.988301713738588,0.3515000035538387,0.23114577012388482,0.15007336539331517,3
area,1,0.10253890302660658,0.13992009819387982,0.4636566393933501,10.58004821852634,0.12448235322518253,,2772,130,0.1907697849341549,0.2483015452083386,0.44230967376074126,10.582130352570942,0.12451055934213318,,2766,130,0.2105794439548101,0.17879054546355008,0.23887648357553948,12.293357836623528,0.1309518375501596,,2532,128,0.39892426974931305,0.2487289519195336,0.10874681870707281,12.296635568380854,0.130967735099211,,2526,128,10.58004821852634,0.4636566393933501,0.23887648357553948,,3
geo+net,2,0.2859035968936351,0.1255057722194329,0.022725890318275876,8.638564130612817,0.2590722176794511,0.11773270756646614,2772,130,0.5995002790577147,0.23376401786108766,0.01033087164835278,8.640000791443926,0.25910647706808354,0.020593628665657948,2766,130,0.30395444398613364,0.1506745867359673,0.04366518457955415,9.509857879802338,0.2539438662099869,0.8862777654898893,2532,128,0.6186568119499997,0.2579203901714722,0.016456320148424908,9.51122349654978,0.25397195971852704,0.2318009689445727,2526,128,8.638564130612817,0.022725890318275876,0.04366518457955415,0.020593628665657948,3
net+raw,2,0.28094985886538254,0.12452208973447572,0.024056540144998584,8.621575522455705,0.25838906965017927,0.10967739307570423,2772,130,0.5894768910477521,0.2306920559371247,0.010611021366392137,8.623044314209277,0.25842257526964374,0.01861275772791482,2766,130,0.30366869632009796,0.15125843753396284,0.04468422760695612,9.506073447993844,0.2535027703695837,0.8428902491446879,2532,128,0.6135352200276681,0.2570672385000661,0.01700164516473368,9.50745711423118,0.25352969738419096,0.20932865661508915,2526,128,8.621575522455705,0.024056540144998584,0.04468422760695612,0.01861275772791482,3
net+dist,2,0.26930138713853213,0.12215347833458183,0.02748112429053906,8.59911959197179,0.2579442650055439,0.09527999397193287,2772,130,0.5663419240682808,0.22403285315944613,0.011473350077915168,8.600616771356274,0.25797558021041445,0.015497463505291686,2766,130,0.3017982683903814,0.15198288782999497,0.04706237012245462,9.512899462820785,0.2535394926289257,0.7540591198223319,2532,128,0.6005301539967653,0.25473966267292214,0.018402073976973687,9.514290304208721,0.2535635330037215,0.16971476613081238,2526,128,8.59911959197179,0.02748112429053906,0.04706237012245462,0.015497463505291686,3
geo+raw,2,0.2808888383129355,0.1255012437270434,0.025212194575694458,8.442399921581792,0.25097223931344015,0.10497159488452079,2772,130,0.5878922504798738,0.23011420505594893,0.010625349710621457,8.443888896901683,0.25100670821911963,0.017530180526280303,2766,130,0.3077769249600196,0.15390193404343208,0.04551917126302363,9.311559219920255,0.24643439366432707,0.815693444048305,2532,128,0.6170689653642412,0.2591287568503711,0.017250633492559952,9.312957713847673,0.24646163517667852,0.1963303321764055,2526,128,8.442399921581792,0.025212194575694458,0.04551917126302363,0.017530180526280303,3
geo+dist,2,0.2735347106281104,0.12512737804023816,0.0288119440376291,8.251407272559993,0.243045448298566,0.09324064962731105,2772,130,0.5718221960348163,0.22561712142429544,0.011261419274622098,8.252923893576767,0.2430794092738674,0.015100873913166057,2766,130,0.3107308565752329,0.1570945645176115,0.047930280817022775,9.120876671630054,0.2391320137938311,0.740265000842872,2532,128,0.6125156760924942,0.2599320439604279,0.01845077855089161,9.122291763310047,0.23915776374189768,0.16426652785605933,2526,128,8.251407272559993,0.0288119440376291,0.047930280817022775,0.015100873913166057,3
rugged+dist+workload+burden4,4,0.3325896598465162,0.1477693256158154,0.02440229795442872,8.077856310997303,0.19732829006506625,0.2115419627238877,2772,130,0.6653054847683586,0.2766648319307939,0.016184216080491032,8.080542389434184,0.19735864776989565,0.04618217299691019,2766,130,0.36712172656640774,0.18186343241703,0.043521832366896884,8.743466331765916,0.19023485978687527,0.8871333637789783,2532,128,0.6883476366198658,0.3012401351370848,0.02231011686204587,8.745926892285901,0.19026124416156587,0.450522236447953,2526,128,8.077856310997303,0.02440229795442872,0.043521832366896884,0.04618217299691019,3
raw+dist,2,0.2778679236124368,0.12852214656068212,0.030616351381670848,7.925888369989965,0.22744523462531507,0.09107277430056648,2772,130,0.5772020762687354,0.22755540636418722,0.011195579882202766,7.927417009463496,0.2274816147251183,0.014693916612318891,2766,130,0.320521713851235,0.16289494497004905,0.0491072796748282,8.751058502148474,0.22403682343760634,0.7251598995963786,2532,128,0.6253604256521246,0.2658919485125574,0.018676067307515254,8.752490517771086,0.22406408569280667,0.15850160550903292,2526,128,7.925888369989965,0.030616351381670848,0.0491072796748282,0.014693916612318891,3
raw+rugged+workload,3,0.263167249933041,0.14687430383561403,0.07316733020436939,7.4953854737092644,0.18218204075985,0.07074471725107812,2772,130,0.47914288431102803,0.24668518462456684,0.052097727633127144,7.496673117573439,0.18218728329904932,0.019994356337780128,2766,130,0.3409071750352416,0.19377380472815406,0.07852576029011571,7.995048702618807,0.17303385290148665,0.569982892882422,2532,128,0.5361211209718233,0.2919296490789751,0.06628762923126352,7.995945842690415,0.17303635621816726,0.2708748142066437,2526,128,7.4953854737092644,0.07316733020436939,0.07852576029011571,0.019994356337780128,3
raw+rugged+costwork,3,0.2631672499330387,0.14687430383561367,0.07316733020437116,7.495385473709231,0.1821820407598499,0.07074471725111087,2772,130,0.47914288431102936,0.24668518462456734,0.05209772763312692,7.496673117573445,0.1821872832990492,0.019994356337780128,2766,130,0.3409071750352418,0.1937738047281543,0.07852576029011593,7.9950487026188,0.17303385290148665,0.569982892882422,2532,128,0.5361211209718226,0.2919296490789747,0.06628762923126352,7.9959458426904275,0.17303635621816726,0.2708748142066437,2526,128,7.495385473709231,0.07316733020437116,0.07852576029011593,0.019994356337780128,3
rugged+workload+costwork,3,0.2631672499330372,0.1468743038356133,0.07316733020437227,7.495385473709081,0.18218204075985034,0.07074471725113263,2772,130,0.4791428843110231,0.2466851846245659,0.0520977276331287,7.496673117573232,0.18218728329904943,0.019994356337780128,2766,130,0.34090717503524276,0.19377380472815472,0.07852576029011571,7.995048702618731,0.17303385290148676,0.569982892882422,2532,128,0.5361211209718246,0.29192964907897584,0.06628762923126352,7.995945842690338,0.1730363562181675,0.2708748142066437,2526,128,7.495385473709081,0.07316733020437227,0.07852576029011571,0.019994356337780128,3
dist+workload+burden4,3,0.2930906309638554,0.14302966239284456,0.04044649389739208,7.492151856608713,0.1870869935261288,0.2266964374597008,2772,130,0.577324435149713,0.232565674134867,0.013049532750147641,7.494097830733798,0.187125451112504,0.0474449992064776,2766,130,0.3501502158413704,0.18288036515391834,0.05553832311160045,8.184304717902547,0.18404004190467704,0.9184676997683022,2532,128,0.6545328522732592,0.2846317686351732,0.021472159787993217,8.186119152152756,0.18406937329853745,0.32911439074990934,2526,128,7.492151856608713,0.04044649389739208,0.05553832311160045,0.0474449992064776,3
dist+costwork+burden4,3,0.29980796513072744,0.1546135654960219,0.05249168222320755,7.311604189374659,0.1727705889180069,0.21697740619287986,2772,130,0.5560047353555501,0.2366608188661601,0.018805015903403666,7.313281369999899,0.1728048326267605,0.04554233882226599,2766,130,0.361515754311361,0.1959724944879152,0.06507725935568298,7.934952137829331,0.16840994655051056,0.8769775115047157,2532,128,0.6450075811429115,0.29311360178597495,0.027768756111365756,7.936524561825525,0.16843743590570737,0.29897991674134516,2526,128,7.311604189374659,0.05249168222320755,0.06507725935568298,0.04554233882226599,3
raw+rugged+burden4,3,0.24759244433273,0.14194119728387364,0.08110137221388314,6.282469146196645,0.16550041855450326,0.06505705510635673,2772,130,0.47267670769541276,0.24593244650512683,0.0546085485428176,6.283910111974549,0.16550654252804797,0.017806403819163097,2766,130,0.3490522585987525,0.19600507706589013,0.07493977901470728,6.798805957788366,0.1585540650270021,0.5568009391311666,2532,128,0.5466019855324347,0.2986574843923433,0.06722050947965297,6.799783377308285,0.15855526446104062,0.2471215130318798,2526,128,6.282469146196645,0.08110137221388314,0.07493977901470728,0.017806403819163097,3
rugged+costwork+burden4,3,0.3211237477966921,0.16158362220354283,0.04688325692429074,6.119555791944474,0.18056253077141127,0.13335047021139235,2772,130,0.5932090404677729,0.2956699472155774,0.04482193289767644,6.120702767471612,0.18056746641922639,0.04175328314001592,2766,130,0.3684537146864828,0.19954043981488034,0.06481797270688028,6.4876965707387715,0.16852682263353058,0.8110806550229648,2532,128,0.6057362140623503,0.3188917620585967,0.057498226177684186,6.488605145915284,0.1685326539766343,0.4481982170310631,2526,128,6.119555791944474,0.04688325692429074,0.06481797270688028,0.04175328314001592,3
rugged+workload+burden4,3,0.30278807319434453,0.15588865732242269,0.052096498048535,6.097751916162617,0.17329938119581945,0.10439687891817517,2772,130,0.5626139299069502,0.28066716328779107,0.04501019758950964,6.099028647849609,0.17330551232249358,0.030811510757763227,2766,130,0.367846166937648,0.2004178899365754,0.06644705560661035,6.508319313093286,0.1629508364362151,0.7368735469184586,2532,128,0.5944821796244084,0.31474295849236394,0.05892047282089252,6.509288936361738,0.16295575502850712,0.3738125187571928,2526,128,6.097751916162617,0.052096498048535,0.06644705560661035,0.030811510757763227,3
rugged+dist+burden4,3,0.35107422254040155,0.16006518074680923,0.028284304536092097,5.852116354730121,0.1915887307723464,0.13308038359683694,2772,130,0.6745528833737032,0.29982628856432075,0.024460860456226863,5.852864074390804,0.19160900819522197,0.021588252017512355,2766,130,0.3801954096104175,0.19301919035654808,0.04886948930443413,6.225806608329093,0.1805921543829866,0.8020444514416062,2532,128,0.6779803702919565,0.31981570571457274,0.03401367347775963,6.226452554789141,0.18061090262458346,0.26795188785553936,2526,128,5.852116354730121,0.028284304536092097,0.04886948930443413,0.021588252017512355,3
rugged+dist+costwork,3,0.3617493150322359,0.1690894254801639,0.032403574965283344,5.3813342303367016,0.18649218651501975,0.14384831467748704,2772,130,0.6869101459999433,0.3264645782292328,0.03537078624253054,5.3818056076915735,0.18650339779271896,0.022783974338257407,2766,130,0.38426393738208164,0.1982812700372041,0.05262640000314178,5.673388677980583,0.1733623758642222,0.8114827285127868,2532,128,0.6743766669456127,0.3360528078920439,0.044775434951103366,5.673777818732557,0.17337501121982457,0.26465767333708135,2526,128,5.3813342303367016,0.03537078624253054,0.05262640000314178,0.022783974338257407,3
rugged+dist,2,0.37083599150363605,0.1744888162000437,0.03356402067973807,5.141546865957381,0.16051731075654518,0.057124301978000336,2772,130,0.7940306153862933,0.404227464380413,0.049493417345227275,5.142297243106464,0.16052741703467666,0.006578016514300233,2766,130,0.4035411580119553,0.20567955217976222,0.049763686190658296,5.417856645672719,0.14937333324611124,0.5990887209276247,2532,128,0.7585155655997062,0.38739567750912957,0.05023157897999919,5.4184821054273735,0.1493830156235778,0.11209737754271443,2526,128,5.141546865957381,0.049493417345227275,0.05023157897999919,0.006578016514300233,3
rugged+dist+workload,3,0.37656173331725107,0.17606801833718255,0.032457642544531984,5.136820430450038,0.171701290880642,0.1588023476774505,2772,130,0.738384475168136,0.36696493490998366,0.044205281374037675,5.137470774379923,0.1717095486738086,0.02435123166215103,2766,130,0.40027837158860574,0.2053693667152295,0.051287589027795066,5.396497194883463,0.15870953027084278,0.8601044671441991,2532,128,0.712230582433016,0.36415162131476364,0.0504813273760516,5.396990426770173,0.1587196119922607,0.2747375866471593,2526,128,5.136820430450038,0.044205281374037675,0.051287589027795066,0.02435123166215103,3
costwork+burden4,2,0.22232411224906826,0.1653865785471238,0.17886129562640507,7.373017397475215,0.1492531143556508,0.19610035952141835,2772,130,0.34060641904220257,0.24435775134151896,0.16335256350130134,7.374681174904927,0.14926178498246934,0.2596216449017196,2766,130,0.3287383454483761,0.21669189524810933,0.1292471802828139,8.050521161380917,0.14236648275703967,0.8543664260640498,2532,128,0.4683944344281,0.29620103840084927,0.11380040754504184,8.052110108362688,0.14237084060307315,0.732394961435779,2526,128,7.373017397475215,0.17886129562640507,0.1292471802828139,0.19610035952141835,2
raw+workload,2,0.19095421167762097,0.14631118417251715,0.1918506887637792,7.325092166892075,0.1697866882503588,0.18350206327237273,2772,130,0.31142494111660857,0.22081737099641052,0.1584428278255321,7.326426310644256,0.16979192896159934,0.28326069762671446,2766,130,0.3048684409449155,0.19737305806037705,0.12243566981901788,8.075632699478184,0.16356340527536728,0.7436611602848502,2532,128,0.441628728750315,0.2736309109944717,0.1065365914408114,8.076890295949495,0.16356349648963264,0.680349192371273,2526,128,7.325092166892075,0.1918506887637792,0.12243566981901788,0.18350206327237273,2
workload+costwork,2,0.19095421167762083,0.14631118417251718,0.19185068876377942,7.325092166892057,0.1697866882503588,0.18350206327237273,2772,130,0.31142494111660723,0.22081737099641063,0.15844282782553432,7.326426310644223,0.16979192896159945,0.2832606976266503,2766,130,0.30486844094491466,0.197373058060377,0.12243566981901877,8.075632699478218,0.1635634052753674,0.7436611602848502,2532,128,0.44162872875031534,0.2736309109944714,0.10653659144081074,8.076890295949557,0.16356349648963264,0.6803491923707741,2526,128,7.325092166892057,0.19185068876377942,0.12243566981901877,0.18350206327237273,2
raw+costwork,2,0.19095421167762122,0.14631118417251723,0.19185068876377898,7.3250921668920554,0.1697866882503587,0.18350206327237273,2772,130,0.31142494111661023,0.22081737099641055,0.1584428278255301,7.3264263106442185,0.16979192896159934,0.2832606976266503,2766,130,0.30486844094491505,0.1973730580603772,0.12243566981901877,8.075632699478192,0.1635634052753674,0.7436611602848502,2532,128,0.4416287287503156,0.2736309109944715,0.10653659144081074,8.076890295949495,0.16356349648963264,0.680349192371273,2526,128,7.3250921668920554,0.19185068876377898,0.12243566981901877,0.18350206327237273,2
dist+burden4,2,0.29515316068380015,0.17346532166061845,0.0888470656413598,7.107213303359265,0.16273278972417426,0.08887151166544838,2772,130,0.48948620479729,0.2515660474441844,0.05168402829316876,7.108183338988393,0.1627532691693091,0.017099912568240283,2766,130,0.34933426956402114,0.21248766760524967,0.10017178517331438,7.804535361956849,0.15452372420477556,0.6845027422503346,2532,128,0.562979969794926,0.30030780352692593,0.06083724736265084,7.8054110190120385,0.1545406037284487,0.17019169963623948,2526,128,7.107213303359265,0.0888470656413598,0.10017178517331438,0.017099912568240283,2
workload+burden4,2,0.20112480724492537,0.15758277076440372,0.20184519174846227,7.075077185946843,0.14755622315696781,0.18539592273076744,2772,130,0.31455003623435657,0.23536101697831888,0.18139972758803502,7.076671246739096,0.1475647496341722,0.27829491923896654,2766,130,0.32506386407529464,0.2133892472132488,0.1276742643635167,7.758517494131952,0.14196930856686485,0.7628942619930101,2532,128,0.4597260247583802,0.29168012279952205,0.11499566261455274,7.76001260082129,0.14197211871827553,0.6889002156033932,2526,128,7.075077185946843,0.20184519174846227,0.1276742643635167,0.18539592273076744,2
burden4,1,0.19492803504948705,0.15531871023154847,0.20947162279276466,6.772687579044119,0.14747177852018634,,2772,130,0.3072721567390459,0.23281862346265736,0.18690447326992743,6.773726524056504,0.14748013936336757,,2766,130,0.3266230823033618,0.21465946268880376,0.1281125566970045,7.535384145997013,0.14187206772694672,,2532,128,0.46275217899649845,0.2932802342534178,0.11460010423503042,7.5364393478347065,0.14187540150110445,,2526,128,6.772687579044119,0.20947162279276466,0.1281125566970045,,2
raw+burden4,2,0.1559000584050899,0.1416459301380883,0.27105680626808026,6.663212571039642,0.15069710145902893,0.1747076619981166,2772,130,0.26465041605142564,0.2182307288082649,0.2252410150268771,6.66461301177659,0.1507032835275064,0.3279298546745749,2766,130,0.30667955965907717,0.20059100949329853,0.12629422353362552,7.366565626084743,0.14729022159282879,0.6024091290626568,2532,128,0.43362987081155235,0.2779222502026623,0.11869938619468212,7.36783170954687,0.1472887479069449,0.6215239315534158,2526,128,6.663212571039642,0.27105680626808026,0.12629422353362552,0.1747076619981166,2
raw,1,0.07155851313294881,0.13663591798433308,0.6004755930661791,5.776145491662347,0.13673137582350114,,2772,130,0.17249340832110072,0.22387292998002647,0.4410051673140012,5.777427415471549,0.13673274668851965,,2766,130,0.27806549407243164,0.19019428988526554,0.1437391318810537,6.433968723846588,0.13655485277764023,,2532,128,0.3918148543207203,0.2748646137058459,0.15401760956290667,6.4348252773326635,0.13654748426393803,,2526,128,5.776145491662347,0.6004755930661791,0.15401760956290667,,2
dist+workload,2,0.12496775824427273,0.2902600869032762,0.6668049295925738,5.808640903220973,0.05680432398119151,0.12855502050408996,2772,130,-0.057023000593160095,0.5689373744367853,0.9201639514524214,5.809463327860557,0.056796530108062626,0.09014979336853868,2766,130,0.29998782025786885,0.34317277709077904,0.38203127610018983,5.653843077414248,0.050802826211550745,0.7226494921543019,2532,128,0.1374995579094771,0.5318749351404386,0.7960067042239074,5.653549096128414,0.050794886849522713,0.41744908982342477,2526,128,5.653549096128414,0.9201639514524214,0.7960067042239074,0.09014979336853868,2
costwork,1,0.3599615274068187,0.2473801878625536,0.1456431277503607,4.872161122518565,0.11438046162353743,,2772,130,0.5080647519723117,0.3537846517443195,0.15097821985975313,4.872426983965485,0.11438793870841624,,2766,130,0.3505442515618633,0.2585087139092123,0.17509124735306614,5.121371572702286,0.10389047725350009,,2532,128,0.5264920002245084,0.3662465773618888,0.15056624711564237,5.121995866560628,0.10390145877107804,,2526,128,4.872161122518565,0.15097821985975313,0.17509124735306614,,2
dist,1,-0.5496623468679144,0.5171588271321859,0.2878499039858913,2.988541753033357,0.019482732790434665,,2772,130,-1.0462827293986607,0.9893820390969028,0.2902782803719779,2.9888112683887234,0.019475801907330448,,2766,130,0.1465171195248498,0.39916261958093746,0.7135733506241699,2.9553384545017023,0.01904922787532204,,2532,128,-0.3319472386854678,0.7474549372940587,0.6569678674142283,2.9549459968824148,0.019038852697290665,,2526,128,2.9549459968824148,0.2902782803719779,0.7135733506241699,,2
workload,1,1.0896111686408223,1.0376772693120055,0.2936959438935052,1.175920238803188,0.011553510107626397,,2772,130,1.356974523538141,1.348623984295542,0.31432326981151526,1.1758502796598433,0.011555761632928263,,2766,130,0.5460940995289629,0.7309338455799248,0.4549921155574532,1.066990809490033,0.00960978819481273,,2532,128,0.8897496516137107,1.110167632654809,0.42286815433659375,1.067305125338165,0.009614975456106456,,2526,128,1.066990809490033,0.31432326981151526,0.4549921155574532,,2
area+dist+burden4,3,0.24779204663406712,0.15905476058088142,0.11925600850206242,14.369858266533262,0.16976083240603246,0.09131075381296139,2772,130,0.4165691139770929,0.2230971133888564,0.06187229716172693,14.372817049307407,0.1697870962995267,0.027698760438813252,2766,130,0.3016690024131296,0.1956946207633891,0.1231880043151301,16.240889101956274,0.16616114361803735,0.4510892371683055,2532,128,0.5078224886139371,0.26631449492082404,0.056539676926940396,16.244175725285363,0.16618089024344185,0.2994537358777156,2526,128,14.369858266533262,0.11925600850206242,0.1231880043151301,0.027698760438813252,1
raw+rugged,2,0.19235243241172562,0.13391127197572503,0.1508837083050223,5.366047711948088,0.15366832288339205,0.0217402788890646,2772,130,0.42837246404485085,0.25011564011935233,0.08676818139353037,5.36716912134526,0.15367014508877908,0.007072743893181466,2766,130,0.3302885257756245,0.18788177958730612,0.0787544310156707,5.899984647222735,0.14933221995626067,0.28760623830590526,2532,128,0.5257290932855223,0.29881950406813207,0.07851751152428244,5.9006035524210425,0.14932807379675306,0.1147037432689425,2526,128,5.366047711948088,0.1508837083050223,0.0787544310156707,0.007072743893181466,1
dist+costwork,2,0.2615534116809222,0.21125475480847283,0.21568091480757579,6.487441888942133,0.12335451456867474,0.0999632069621259,2772,130,0.33999259657732844,0.31469084290484334,0.2799632331756401,6.487153375242815,0.12335626306019998,0.026906891446593084,2766,130,0.3261845445018956,0.24818598774895442,0.18875380532927366,6.803587403994351,0.11334394536845627,0.7149720567111529,2532,128,0.4240773946657439,0.34234517579865154,0.21544100857349635,6.802897904850035,0.11334591574173414,0.23011265992792518,2526,128,6.487153375242815,0.2799632331756401,0.21544100857349635,0.026906891446593084,0
