bundle,bundle_label,outcome,anchor,controls,stress,blocks,N,clusters,n_exog,n_instruments,dropped_exog,dropped_instr,ols_b,ols_se,ols_p,iv_b,iv_se,iv_p,first_stage_f,first_stage_p,partial_r2,ar_zero_stat,ar_zero_p,sargan_p,basmann_p,wooldridge_overid_p,status
geo_area_rugged,official schedule x terrain-area survey difficulty,any_rentin,completed_t,farm_income,baseline,none,2772.0,130.0,4.0,1.0,,,0.11752845247599548,0.060613244013228484,0.052502599092824065,0.19537305792653875,0.11636677476851946,0.0931633608132103,7.662235952051252,0.005638857921982043,0.22025964776488416,3.1654218861780907,0.07521300075590572,,,,ok
geo_area_rugged,official schedule x terrain-area survey difficulty,any_rentin,completed_t,farm_income,lower_order_Z,lower_order_z,2772.0,130.0,5.0,1.0,,,0.1082934977654632,0.06238756327140453,0.08259589997625061,0.08733777428971845,0.126172536861582,0.4888060441617532,7.453006233452728,0.006333058772217792,0.24954270707602177,0.4232187358588428,0.5153353116183608,,,,ok
geo_area_rugged,official schedule x terrain-area survey difficulty,any_rentin,completed_t,farm_income,direct_geo_main_trends,geo_main,2772.0,130.0,7.0,1.0,,,0.11489498382976063,0.0621953700900331,0.06470023393888713,0.199001648537104,0.12184115314709541,0.10240851670517626,8.564328771231116,0.003428133414022372,0.2519544023123804,2.6857961799626087,0.1012466094390842,,,,ok
geo_area_rugged,official schedule x terrain-area survey difficulty,any_rentin,completed_t,farm_income,direct_geo_dev_main_trends,geo_dev_main,2772.0,130.0,8.0,1.0,,,0.11616280831694988,0.0635041485858505,0.0673672478412839,0.20703719477340918,0.12645138442814863,0.10157053754303313,8.578425303330546,0.0034016942742098877,0.2516947212251801,2.7567125380243946,0.09684706473120692,,,,ok
geo_area_rugged,official schedule x terrain-area survey difficulty,any_rentin,completed_t,farm_income,channel_rent_main,channel_rent_imp_main,2772.0,130.0,7.0,1.0,"BMrent_b14_asinh_rentin_miss,BIrent_b14_any_rentout_imp,BMrent_b14_any_rentout_miss,BIrent_b14_asinh_rentout_imp,BMrent_b14_asinh_rentout_miss",,0.080709944304386,0.06090118924521194,0.18508474458582436,0.0005263124222130156,0.1379180469297447,0.9969551806601766,7.731690540865143,0.005425992279617153,0.219804651677729,1.4404925353168605e-05,0.9969717304832316,,,,ok
geo_area_rugged,official schedule x terrain-area survey difficulty,any_rentin,completed_t,farm_income,channel_land_main,channel_land_imp_main,2772.0,130.0,6.0,1.0,"BIland_b14_contract_land_mu_imp,BMland_b14_contract_land_mu_miss",,0.11914501191483234,0.06202516658825192,0.05474254830956915,0.19538320028193507,0.11593208406573009,0.09192595027431882,7.738860842759074,0.005404488433745969,0.22001251910279307,3.1488686049871175,0.07597962737654394,,,,ok
geo_area_rugged,official schedule x terrain-area survey difficulty,any_rentin,completed_t,farm_income,channel_labor_cost_main,channel_labor_cost_imp_main,2772.0,130.0,8.0,1.0,"BMlabor_cost_b14_nonfarm_n_miss,BMlabor_cost_b14_nonfarm_any_miss",,0.11227791691885715,0.06065014867711211,0.06413518608105218,0.1918143071400972,0.11532920201830663,0.09627452735007158,7.755571018762839,0.005354710903184623,0.2209933871756592,3.1176055542450594,0.0774505153621706,,,,ok
geo_area_rugged,official schedule x terrain-area survey difficulty,any_rentin,completed_t,farm_income,channel_gov_mobility_main,channel_gov_mobility_imp_main,2772.0,130.0,7.0,1.0,BMgov_mobility_b14_mobility_ease_miss,,0.12089782685932905,0.06061073283194108,0.04607993428620416,0.19480653381731688,0.11741626871561757,0.09709358013407066,7.658289966550636,0.005651204279182975,0.22201510027333293,3.0554165024967386,0.08046836135620908,,,,ok
geo_area_rugged,official schedule x terrain-area survey difficulty,any_rentin,completed_t,farm_income,geo_dev_main_plus_rent,"geo_dev_main,channel_rent_imp_main",2772.0,130.0,11.0,1.0,"BMrent_b14_asinh_rentin_miss,BIrent_b14_any_rentout_imp,BMrent_b14_any_rentout_miss,BIrent_b14_asinh_rentout_imp,BMrent_b14_asinh_rentout_miss",,0.0821975217121255,0.06846750377451419,0.22993226823624524,0.04879209595233913,0.1364119380232955,0.7205812988085183,8.645642816569717,0.00327844447627601,0.25120570640483997,0.12289517941387788,0.7259154027128916,,,,ok
geo_area_rugged,official schedule x terrain-area survey difficulty,any_rentin,completed_t,farm_income,geo_dev_main_plus_land,"geo_dev_main,channel_land_imp_main",2772.0,130.0,10.0,1.0,"BIland_b14_contract_land_mu_imp,BMland_b14_contract_land_mu_miss",,0.11811052742813481,0.0649812498896094,0.06912386141877547,0.20875099871486594,0.12489384776285087,0.0946372884353952,8.644224822993891,0.003280997059890156,0.25148484818405525,2.8774698675312225,0.08982706206221279,,,,ok
geo_area_rugged,official schedule x terrain-area survey difficulty,any_rentin,completed_t,farm_income,geo_dev_main_plus_labor_cost,"geo_dev_main,channel_labor_cost_imp_main",2772.0,130.0,12.0,1.0,"BMlabor_cost_b14_nonfarm_n_miss,BMlabor_cost_b14_nonfarm_any_miss",,0.1114123301039338,0.06366302507381234,0.0801127948225484,0.20623467880539503,0.12750453017552046,0.10577699086860393,8.65657999739946,0.003258823743598871,0.2478150757154498,2.6840012092621692,0.1013607618703213,,,,ok
geo_area_rugged,official schedule x terrain-area survey difficulty,any_rentin,completed_t,farm_income,geo_dev_main_plus_gov_mobility,"geo_dev_main,channel_gov_mobility_imp_main",2772.0,130.0,11.0,1.0,BMgov_mobility_b14_mobility_ease_miss,,0.11937521638313721,0.06332208851530201,0.059401956102150155,0.19100645025968999,0.12598375828457495,0.12948910297390692,8.746431665859722,0.0031020846307396877,0.26003558218093226,2.2468477974130883,0.13388688976896407,,,,ok
geo_area_rugged,official schedule x terrain-area survey difficulty,any_rentin,completed_t,farm_income,baseline_channels_imputed_main,baseline_channels_imp_main,2772.0,130.0,16.0,1.0,"BM_b14_asinh_rentin_miss,BI_b14_any_rentout_imp,BM_b14_any_rentout_miss,BI_b14_asinh_rentout_imp,BM_b14_asinh_rentout_miss,BI_b14_contract_land_mu_imp,BM_b14_contract_land_mu_miss,BM_b14_nonfarm_n_miss,BM_b14_nonfarm_any_miss,BM_b14_mobility_ease_miss",,0.08213395788806281,0.05960120603476509,0.1681851789951172,0.013547933228582535,0.13077624311718927,0.9174897342707498,7.881733345393754,0.004993659517998128,0.22195955122816302,0.010403723865686667,0.9187577495045981,,,,ok
geo_area_rugged,official schedule x terrain-area survey difficulty,any_rentin,completed_t,farm_income,geo_dev_main_plus_channels_main,"geo_dev_main,baseline_channels_imp_main",2772.0,130.0,20.0,1.0,"BM_b14_asinh_rentin_miss,BI_b14_any_rentout_imp,BM_b14_any_rentout_miss,BI_b14_asinh_rentout_imp,BM_b14_asinh_rentout_miss,BI_b14_contract_land_mu_imp,BM_b14_contract_land_mu_miss,BM_b14_nonfarm_n_miss,BM_b14_nonfarm_any_miss,BM_b14_mobility_ease_miss",,0.08381105657808038,0.0668162102206485,0.20971403855589532,0.03737084986698172,0.13292927776375368,0.7786081417056521,8.958451261754263,0.0027618892903027437,0.255467104800598,0.07539183149391662,0.7836422145643254,,,,ok
geo_area_rugged,official schedule x terrain-area survey difficulty,any_rentin,completed_t,farm_income,geo_dev_main_channels_main_plus_Z,"lower_order_z,geo_dev_main,baseline_channels_imp_main",2772.0,130.0,21.0,1.0,"BM_b14_asinh_rentin_miss,BI_b14_any_rentout_imp,BM_b14_any_rentout_miss,BI_b14_asinh_rentout_imp,BM_b14_asinh_rentout_miss,BI_b14_contract_land_mu_imp,BM_b14_contract_land_mu_miss,BM_b14_nonfarm_n_miss,BM_b14_nonfarm_any_miss,BM_b14_mobility_ease_miss",,0.08552015626839679,0.06708768194705701,0.20239703757305083,0.05269861320755076,0.12709012029535002,0.6783941370449058,7.4968034028284976,0.006180860478732009,0.2722742396163925,0.15811215712056328,0.6909005884134638,,,,ok
geo_area_rugged,official schedule x terrain-area survey difficulty,any_rentin,completed_t,farm_income,direct_geo_trends,geo_direct,2772.0,130.0,10.0,1.0,,,0.1073995880714461,0.05691528191008162,0.05915925960316448,0.07631856858732072,0.11338406205903337,0.5008850405731242,16.781856366778005,4.193232310734096e-05,0.3450659593342633,0.4079765111341726,0.5229983391857749,,,,ok
geo_area_rugged,official schedule x terrain-area survey difficulty,any_rentin,completed_t,farm_income,direct_geo_trends_plus_Z,"lower_order_z,geo_direct",2772.0,130.0,11.0,1.0,,,0.10429925254673279,0.057978182872378756,0.07202822619669669,0.0384845082040568,0.11795086744132459,0.744215730899531,16.854825887793808,4.035059869722524e-05,0.36286488554887575,0.09904682913293325,0.7529764884549782,,,,ok
geo_area_rugged,official schedule x terrain-area survey difficulty,any_rentin,completed_t,farm_income,direct_geo_dev_trends_plus_Z,"lower_order_z,geo_dev_direct",2772.0,130.0,13.0,1.0,,,0.09896241357140775,0.05945084369949855,0.09599077488024377,0.025020223093938837,0.11986378854392743,0.8346521511405656,17.241359391198046,3.291912484915116e-05,0.3586503711015929,0.041414383646514064,0.8387401486451314,,,,ok
geo_area_rugged,official schedule x terrain-area survey difficulty,any_rentin,completed_t,farm_income,baseline_channels_plus_Z,"lower_order_z,baseline_channels",,,,,,,,,,,,,,,,,,,,,error: too few observations
geo_area_rugged,official schedule x terrain-area survey difficulty,any_rentin,completed_t,farm_income,full_exclusion_controls,"lower_order_z,geo_dev_direct,baseline_channels",,,,,,,,,,,,,,,,,,,,,error: too few observations
geo_area_rugged,official schedule x terrain-area survey difficulty,any_rentin,completed_t,baseline_bundle,baseline,none,2532.0,128.0,10.0,1.0,,,0.10788312833093061,0.06418620543788198,0.0928049344380304,0.296009032752248,0.16334988869196718,0.0699681934393852,8.584647842811899,0.0033900894536121884,0.21881370822899704,5.555898358689758,0.018418518225848866,,,,ok
geo_area_rugged,official schedule x terrain-area survey difficulty,any_rentin,completed_t,baseline_bundle,lower_order_Z,lower_order_z,2532.0,128.0,11.0,1.0,,,0.09411361729947162,0.06689154086323967,0.15943971583830607,0.1442354844554341,0.14096099537024093,0.3061992285009283,7.962537037068698,0.004775542902202723,0.24619951746472402,1.0483271559196785,0.30589267265256936,,,,ok
geo_area_rugged,official schedule x terrain-area survey difficulty,any_rentin,completed_t,baseline_bundle,direct_geo_main_trends,geo_main,2532.0,128.0,13.0,1.0,,,0.10165399504803461,0.06540533567288324,0.12013299024627377,0.2449673012980892,0.14234132553768028,0.08525352651161078,9.133428058837353,0.0025098100720546412,0.24356162535400439,3.762575371836963,0.05241179395028836,,,,ok
geo_area_rugged,official schedule x terrain-area survey difficulty,any_rentin,completed_t,baseline_bundle,direct_geo_dev_main_trends,geo_dev_main,2532.0,128.0,14.0,1.0,,,0.10178344195261788,0.0653235045381747,0.11919906088139665,0.24626804336546487,0.14474507943290468,0.08886950212017708,9.140513530153495,0.002500109217840274,0.2432831390756135,3.6880268616179905,0.05480441301132902,,,,ok
geo_area_rugged,official schedule x terrain-area survey difficulty,any_rentin,completed_t,baseline_bundle,channel_rent_main,channel_rent_imp_main,2532.0,128.0,13.0,1.0,"BMrent_b14_asinh_rentin_miss,BIrent_b14_any_rentout_imp,BMrent_b14_any_rentout_miss,BIrent_b14_asinh_rentout_imp,BMrent_b14_asinh_rentout_miss",,0.06987629661026074,0.06204233429579423,0.260052092523553,0.1090378634849124,0.11766928182578953,0.35410994752492897,8.661894358124565,0.0032493331805523162,0.2183658033077711,0.8748407678927019,0.34961865615325916,,,,ok
geo_area_rugged,official schedule x terrain-area survey difficulty,any_rentin,completed_t,baseline_bundle,channel_land_main,channel_land_imp_main,2532.0,128.0,10.0,1.0,"BIland_b14_land_total_mu_imp,BMland_b14_land_total_mu_miss,BIland_b14_contract_land_mu_imp,BMland_b14_contract_land_mu_miss",,0.10788312833093061,0.06418620543788198,0.0928049344380304,0.296009032752248,0.16334988869196718,0.0699681934393852,8.584647842811899,0.0033900894536121884,0.21881370822899704,5.555898358689758,0.018418518225848866,,,,ok
geo_area_rugged,official schedule x terrain-area survey difficulty,any_rentin,completed_t,baseline_bundle,channel_labor_cost_main,channel_labor_cost_imp_main,2532.0,128.0,14.0,1.0,"BMlabor_cost_b14_nonfarm_n_miss,BMlabor_cost_b14_nonfarm_any_miss",,0.11005283126371838,0.06104152145159366,0.07140116187992884,0.2892464281085604,0.1585332639916155,0.06807414597113048,8.619299270446763,0.0033261977840346457,0.2189642967630222,5.341871914154003,0.02081910555327255,,,,ok
geo_area_rugged,official schedule x terrain-area survey difficulty,any_rentin,completed_t,baseline_bundle,channel_gov_mobility_main,channel_gov_mobility_imp_main,2532.0,128.0,13.0,1.0,BMgov_mobility_b14_mobility_ease_miss,,0.11052564877706189,0.06440127726281225,0.08612494110557134,0.29731856369491994,0.16547532533911227,0.07237457548758774,8.61261380309811,0.003338428704873664,0.22191846087033407,5.3516404494539485,0.020702783620020242,,,,ok
geo_area_rugged,official schedule x terrain-area survey difficulty,any_rentin,completed_t,baseline_bundle,geo_dev_main_plus_rent,"geo_dev_main,channel_rent_imp_main",2532.0,128.0,17.0,1.0,"BMrent_b14_asinh_rentin_miss,BIrent_b14_any_rentout_imp,BMrent_b14_any_rentout_miss,BIrent_b14_asinh_rentout_imp,BMrent_b14_asinh_rentout_miss",,0.06632324449046575,0.06563739685813906,0.31228020389372046,0.07946937399057608,0.1229429955155469,0.5180254924958636,9.275428871066312,0.0023224830184115364,0.24337232051114754,0.415334189347664,0.5192744228024335,,,,ok
geo_area_rugged,official schedule x terrain-area survey difficulty,any_rentin,completed_t,baseline_bundle,geo_dev_main_plus_land,"geo_dev_main,channel_land_imp_main",2532.0,128.0,14.0,1.0,"BIland_b14_land_total_mu_imp,BMland_b14_land_total_mu_miss,BIland_b14_contract_land_mu_imp,BMland_b14_contract_land_mu_miss",,0.10178344195261788,0.0653235045381747,0.11919906088139665,0.24626804336546487,0.14474507943290468,0.08886950212017708,9.140513530153495,0.002500109217840274,0.2432831390756135,3.6880268616179905,0.05480441301132902,,,,ok
geo_area_rugged,official schedule x terrain-area survey difficulty,any_rentin,completed_t,baseline_bundle,geo_dev_main_plus_labor_cost,"geo_dev_main,channel_labor_cost_imp_main",2532.0,128.0,18.0,1.0,"BMlabor_cost_b14_nonfarm_n_miss,BMlabor_cost_b14_nonfarm_any_miss",,0.1043720132503249,0.06634118388048459,0.11565834017742072,0.2505851404552158,0.14124815285870485,0.07605036641434992,9.217989367706412,0.002396485868900844,0.2431157150178186,3.777359364268951,0.05195058607817588,,,,ok
geo_area_rugged,official schedule x terrain-area survey difficulty,any_rentin,completed_t,baseline_bundle,geo_dev_main_plus_gov_mobility,"geo_dev_main,channel_gov_mobility_imp_main",2532.0,128.0,17.0,1.0,BMgov_mobility_b14_mobility_ease_miss,,0.1044926123774228,0.0655719595508975,0.1110354381980263,0.2337607427564032,0.14361591087143352,0.10359276054890687,9.361924739546529,0.0022153938304352305,0.2533774411577886,3.1705482777392833,0.07497727269342457,,,,ok
geo_area_rugged,official schedule x terrain-area survey difficulty,any_rentin,completed_t,baseline_bundle,baseline_channels_imputed_main,baseline_channels_imp_main,2532.0,128.0,20.0,1.0,"BM_b14_asinh_rentin_miss,BI_b14_any_rentout_imp,BM_b14_any_rentout_miss,BI_b14_asinh_rentout_imp,BM_b14_asinh_rentout_miss,BI_b14_land_total_mu_imp,BM_b14_land_total_mu_miss,BI_b14_contract_land_mu_imp,BM_b14_contract_land_mu_miss,BM_b14_nonfarm_n_miss,BM_b14_nonfarm_any_miss,BM_b14_mobility_ease_miss",,0.07382175798606969,0.06202618985733892,0.23397928024695958,0.33681214705306983,31542818.338864837,0.9999999914802409,8.781299106000443,0.0030433438030138538,0.2215447718072776,0.806173399268918,0.36925401028415883,,,,ok
geo_area_rugged,official schedule x terrain-area survey difficulty,any_rentin,completed_t,baseline_bundle,geo_dev_main_plus_channels_main,"geo_dev_main,baseline_channels_imp_main",2532.0,128.0,24.0,1.0,"BM_b14_asinh_rentin_miss,BI_b14_any_rentout_imp,BM_b14_any_rentout_miss,BI_b14_asinh_rentout_imp,BM_b14_asinh_rentout_miss,BI_b14_land_total_mu_imp,BM_b14_land_total_mu_miss,BI_b14_contract_land_mu_imp,BM_b14_contract_land_mu_miss,BM_b14_nonfarm_n_miss,BM_b14_nonfarm_any_miss,BM_b14_mobility_ease_miss",,0.06971656842639395,0.06476739836564753,0.28174190864059456,0.056982290703418,0.11912847553595823,0.6324179337938494,9.508847259257047,0.002044835789435817,0.2532546571479932,0.22131774254839862,0.6380376938217717,,,,ok
geo_area_rugged,official schedule x terrain-area survey difficulty,any_rentin,completed_t,baseline_bundle,geo_dev_main_channels_main_plus_Z,"lower_order_z,geo_dev_main,baseline_channels_imp_main",2532.0,128.0,25.0,1.0,"BM_b14_asinh_rentin_miss,BI_b14_any_rentout_imp,BM_b14_any_rentout_miss,BI_b14_asinh_rentout_imp,BM_b14_asinh_rentout_miss,BI_b14_land_total_mu_imp,BM_b14_land_total_mu_miss,BI_b14_contract_land_mu_imp,BM_b14_contract_land_mu_miss,BM_b14_nonfarm_n_miss,BM_b14_nonfarm_any_miss,BM_b14_mobility_ease_miss",,0.07027458280190464,0.06514933304949988,0.28073519433986016,0.06197377794204595,0.11504699763225378,0.5901061090132282,7.913729877594003,0.004906101244384842,0.2668863250276645,0.2751566770735501,0.5998934185332099,,,,ok
geo_area_rugged,official schedule x terrain-area survey difficulty,any_rentin,completed_t,baseline_bundle,direct_geo_trends,geo_direct,2532.0,128.0,16.0,1.0,,,0.08963673292099947,0.060680956516535454,0.13962722750344536,0.04279360865081469,0.11423013589544405,0.7079384399752608,18.39033167928544,1.7996883862392288e-05,0.3354728204698024,0.13161651635455046,0.7167618322925087,,,,ok
geo_area_rugged,official schedule x terrain-area survey difficulty,any_rentin,completed_t,baseline_bundle,direct_geo_trends_plus_Z,"lower_order_z,geo_direct",2532.0,128.0,17.0,1.0,,,0.08667659150305451,0.06207749580316817,0.16263491871310443,0.001850197140242843,0.12172601124439823,0.9878728722263714,18.395344632863942,1.7949598639321884e-05,0.35428518672428655,0.00022707064478041846,0.9879772415323834,,,,ok
geo_area_rugged,official schedule x terrain-area survey difficulty,any_rentin,completed_t,baseline_bundle,direct_geo_dev_trends_plus_Z,"lower_order_z,geo_dev_direct",2532.0,128.0,19.0,1.0,,,0.0848405488317752,0.06290585341955961,0.17743628616552165,-0.004302495368314174,0.12360996374555769,0.9722336171458845,18.802255254327694,1.4499557106084637e-05,0.3506671575298018,0.0012003503391363986,0.9723619629977615,,,,ok
geo_area_rugged,official schedule x terrain-area survey difficulty,any_rentin,completed_t,baseline_bundle,baseline_channels_plus_Z,"lower_order_z,baseline_channels",,,,,,,,,,,,,,,,,,,,,error: too few observations
geo_area_rugged,official schedule x terrain-area survey difficulty,any_rentin,completed_t,baseline_bundle,full_exclusion_controls,"lower_order_z,geo_dev_direct,baseline_channels",,,,,,,,,,,,,,,,,,,,,error: too few observations
geo_area_rugged,official schedule x terrain-area survey difficulty,asinh_rentin,completed_t,farm_income,baseline,none,2766.0,130.0,4.0,1.0,,,0.23581902796749163,0.1236509800336107,0.056503195745820634,0.41817614780139134,0.19704076293799175,0.03381402860969884,7.66366435260519,0.005634395469500952,0.22027693798230874,6.004410563501617,0.014270160484947458,,,,ok
geo_area_rugged,official schedule x terrain-area survey difficulty,asinh_rentin,completed_t,farm_income,lower_order_Z,lower_order_z,2766.0,130.0,5.0,1.0,,,0.21960157284217385,0.12263080951683525,0.07333283210112262,0.23546129356589102,0.20486416050501063,0.25041033908481003,7.450256495155297,0.006342740984518258,0.24948812392541153,1.2473824657863428,0.2640530016047611,,,,ok
geo_area_rugged,official schedule x terrain-area survey difficulty,asinh_rentin,completed_t,farm_income,direct_geo_main_trends,geo_main,2766.0,130.0,7.0,1.0,,,0.23623911012674953,0.12110089376872231,0.05108527729089962,0.4562907135300176,0.25340371162659026,0.07175848615291258,8.566079389884218,0.003424838664958796,0.2520380289299442,3.9428671949027225,0.04707048613602179,,,,ok
geo_area_rugged,official schedule x terrain-area survey difficulty,asinh_rentin,completed_t,farm_income,direct_geo_dev_main_trends,geo_dev_main,2766.0,130.0,8.0,1.0,,,0.24003588916459861,0.12454084184230003,0.0539339287323759,0.4801355001986282,0.2683506646969199,0.07358111732863737,8.579990920772714,0.003398770655325567,0.25176962151167803,3.925885612972327,0.04754814022161789,,,,ok
geo_area_rugged,official schedule x terrain-area survey difficulty,asinh_rentin,completed_t,farm_income,channel_rent_main,channel_rent_imp_main,2766.0,130.0,7.0,1.0,"BMrent_b14_asinh_rentin_miss,BIrent_b14_any_rentout_imp,BMrent_b14_any_rentout_miss,BIrent_b14_asinh_rentout_imp,BMrent_b14_asinh_rentout_miss",,0.21253025336092002,0.1585774747921849,0.18017065425284717,0.13107516637067118,0.25125135528287307,0.6018866129003466,7.733312079826556,0.005421121638359949,0.21982561156333225,0.25991120061164097,0.6101811677177155,,,,ok
geo_area_rugged,official schedule x terrain-area survey difficulty,asinh_rentin,completed_t,farm_income,channel_land_main,channel_land_imp_main,2766.0,130.0,6.0,1.0,"BIland_b14_contract_land_mu_imp,BMland_b14_contract_land_mu_miss",,0.23640011293495217,0.12532728889798023,0.05925964620686819,0.4128329548603437,0.1947573633690496,0.03402885226949337,7.740223592174639,0.005400411363391755,0.22002630979942706,5.899366894878175,0.01514632819970205,,,,ok
geo_area_rugged,official schedule x terrain-area survey difficulty,asinh_rentin,completed_t,farm_income,channel_labor_cost_main,channel_labor_cost_imp_main,2766.0,130.0,8.0,1.0,"BMlabor_cost_b14_nonfarm_n_miss,BMlabor_cost_b14_nonfarm_any_miss",,0.22131358885949814,0.1230552270100516,0.07209940012317073,0.40142107843847974,0.19204290762279352,0.03659376297780881,7.757493794881851,0.005349013258136526,0.22100129927473666,5.7070613786713755,0.016896801202058703,,,,ok
geo_area_rugged,official schedule x terrain-area survey difficulty,asinh_rentin,completed_t,farm_income,channel_gov_mobility_main,channel_gov_mobility_imp_main,2766.0,130.0,7.0,1.0,BMgov_mobility_b14_mobility_ease_miss,,0.2498653014099065,0.12120908778346885,0.03926105101663224,0.4202742233531761,0.208795947082606,0.044130764154452384,7.6598547120708655,0.005646305145561525,0.2220366997478458,5.307884491780705,0.021229119459288664,,,,ok
geo_area_rugged,official schedule x terrain-area survey difficulty,asinh_rentin,completed_t,farm_income,geo_dev_main_plus_rent,"geo_dev_main,channel_rent_imp_main",2766.0,130.0,11.0,1.0,"BMrent_b14_asinh_rentin_miss,BIrent_b14_any_rentout_imp,BMrent_b14_any_rentout_miss,BIrent_b14_asinh_rentout_imp,BMrent_b14_asinh_rentout_miss",,0.2215474254074513,0.16877448100819745,0.18928972172723557,0.31194361597436926,0.2976764427982329,0.2946715692057247,8.647028130341626,0.0032759526698858954,0.25128346778587884,1.179595144959998,0.2774384313980491,,,,ok
geo_area_rugged,official schedule x terrain-area survey difficulty,asinh_rentin,completed_t,farm_income,geo_dev_main_plus_land,"geo_dev_main,channel_land_imp_main",2766.0,130.0,10.0,1.0,"BIland_b14_contract_land_mu_imp,BMland_b14_contract_land_mu_miss",,0.24110232149765642,0.12628637182735236,0.056239992409830464,0.47737117179101446,0.2662310279060806,0.07296155016884276,8.646141324309632,0.0032775475733117787,0.25155664465678784,3.9555335267003016,0.04671750653103589,,,,ok
geo_area_rugged,official schedule x terrain-area survey difficulty,asinh_rentin,completed_t,farm_income,geo_dev_main_plus_labor_cost,"geo_dev_main,channel_labor_cost_imp_main",2766.0,130.0,12.0,1.0,"BMlabor_cost_b14_nonfarm_n_miss,BMlabor_cost_b14_nonfarm_any_miss",,0.22736497191773225,0.12382796292802897,0.06633755546900932,0.4618487399865288,0.26454353714518697,0.08084003868448586,8.65764379387872,0.0032569217277004237,0.24784117478136736,3.6423252327186004,0.05632821373022964,,,,ok
geo_area_rugged,official schedule x terrain-area survey difficulty,asinh_rentin,completed_t,farm_income,geo_dev_main_plus_gov_mobility,"geo_dev_main,channel_gov_mobility_imp_main",2766.0,130.0,11.0,1.0,BMgov_mobility_b14_mobility_ease_miss,,0.25411022932035543,0.12343711832613544,0.039530570805669685,0.4660986414721525,0.2622103489510573,0.07547363236749516,8.74810149623272,0.003099245395000949,0.26011940140027956,3.8058894999278716,0.05107264199782194,,,,ok
geo_area_rugged,official schedule x terrain-area survey difficulty,asinh_rentin,completed_t,farm_income,baseline_channels_imputed_main,baseline_channels_imp_main,2766.0,130.0,16.0,1.0,"BM_b14_asinh_rentin_miss,BI_b14_any_rentout_imp,BM_b14_any_rentout_miss,BI_b14_asinh_rentout_imp,BM_b14_asinh_rentout_miss,BI_b14_contract_land_mu_imp,BM_b14_contract_land_mu_miss,BM_b14_nonfarm_n_miss,BM_b14_nonfarm_any_miss,BM_b14_mobility_ease_miss",,0.23238496566779993,0.15043990469049293,0.12241812924573203,0.19803990019418327,0.2466056264286322,0.4219382141613557,7.884294284477596,0.004986593275970175,0.2219867269265644,0.6176698148414319,0.4319145175711756,,,,ok
geo_area_rugged,official schedule x terrain-area survey difficulty,asinh_rentin,completed_t,farm_income,geo_dev_main_plus_channels_main,"geo_dev_main,baseline_channels_imp_main",2766.0,130.0,20.0,1.0,"BM_b14_asinh_rentin_miss,BI_b14_any_rentout_imp,BM_b14_any_rentout_miss,BI_b14_asinh_rentout_imp,BM_b14_asinh_rentout_miss,BI_b14_contract_land_mu_imp,BM_b14_contract_land_mu_miss,BM_b14_nonfarm_n_miss,BM_b14_nonfarm_any_miss,BM_b14_mobility_ease_miss",,0.2449630325349309,0.16342449698782985,0.13388996495826744,0.35476602471890806,0.28917655206285664,0.219892270810627,8.960304071600579,0.002759089678134319,0.25552431409613696,1.6363933449813302,0.20082103465119955,,,,ok
geo_area_rugged,official schedule x terrain-area survey difficulty,asinh_rentin,completed_t,farm_income,geo_dev_main_channels_main_plus_Z,"lower_order_z,geo_dev_main,baseline_channels_imp_main",2766.0,130.0,21.0,1.0,"BM_b14_asinh_rentin_miss,BI_b14_any_rentout_imp,BM_b14_any_rentout_miss,BI_b14_asinh_rentout_imp,BM_b14_asinh_rentout_miss,BI_b14_contract_land_mu_imp,BM_b14_contract_land_mu_miss,BM_b14_nonfarm_n_miss,BM_b14_nonfarm_any_miss,BM_b14_mobility_ease_miss",,0.24619016413430744,0.1640807083948592,0.13350534597508568,0.3763438218796534,0.28122754482280926,0.1808253143748959,7.496339144712951,0.00618245407559237,0.2722533634708504,1.8095774426937872,0.17855892791696776,,,,ok
geo_area_rugged,official schedule x terrain-area survey difficulty,asinh_rentin,completed_t,farm_income,direct_geo_trends,geo_direct,2766.0,130.0,10.0,1.0,,,0.24560767853472723,0.11594879217935446,0.03415452158706023,0.23908613983034954,0.21002027474413773,0.2549553640063422,16.81257248525184,4.125904604290742e-05,0.34536781869904765,1.2017346850260073,0.272975246123497,,,,ok
geo_area_rugged,official schedule x terrain-area survey difficulty,asinh_rentin,completed_t,farm_income,direct_geo_trends_plus_Z,"lower_order_z,geo_direct",2766.0,130.0,11.0,1.0,,,0.239965789371047,0.11481798207436754,0.03662076744396736,0.17187086245293826,0.2060653730581532,0.4042472358635314,16.883617016590556,3.974313465304746e-05,0.36310645562409805,0.630353530085507,0.4272256664082549,,,,ok
geo_area_rugged,official schedule x terrain-area survey difficulty,asinh_rentin,completed_t,farm_income,direct_geo_dev_trends_plus_Z,"lower_order_z,geo_dev_direct",2766.0,130.0,13.0,1.0,,,0.23538835672335057,0.12047297338932667,0.05071676193770336,0.1613370072123681,0.21117548496548752,0.444870243182643,17.273528115551873,3.236646915871777e-05,0.3589027942646845,0.5319378740815763,0.46579327457377717,,,,ok
geo_area_rugged,official schedule x terrain-area survey difficulty,asinh_rentin,completed_t,farm_income,baseline_channels_plus_Z,"lower_order_z,baseline_channels",,,,,,,,,,,,,,,,,,,,,error: too few observations
geo_area_rugged,official schedule x terrain-area survey difficulty,asinh_rentin,completed_t,farm_income,full_exclusion_controls,"lower_order_z,geo_dev_direct,baseline_channels",,,,,,,,,,,,,,,,,,,,,error: too few observations
geo_area_rugged,official schedule x terrain-area survey difficulty,asinh_rentin,completed_t,baseline_bundle,baseline,none,2526.0,128.0,10.0,1.0,,,0.23418469579980117,0.13140598153756533,0.07472536227484072,0.5278394567159304,0.2518124982357797,0.03606793994816582,8.585920432364002,0.0033877210793723522,0.21882199242149525,7.409588205922481,0.006487717145652788,,,,ok
geo_area_rugged,official schedule x terrain-area survey difficulty,asinh_rentin,completed_t,baseline_bundle,lower_order_Z,lower_order_z,2526.0,128.0,11.0,1.0,,,0.21183143489908224,0.1296772975599997,0.10235809663626227,0.28019068409972103,0.22009076236099903,0.20299362693439127,7.959474519757968,0.004783630029207564,0.24614942333177092,1.7039136558808579,0.19177695060691777,,,,ok
geo_area_rugged,official schedule x terrain-area survey difficulty,asinh_rentin,completed_t,baseline_bundle,direct_geo_main_trends,geo_main,2526.0,128.0,13.0,1.0,,,0.22903539052646332,0.12583964962759864,0.06875025804025592,0.4434461629654023,0.25103947144075256,0.07732205998329222,9.134462330888582,0.002508391652655928,0.2436431511018301,3.8381417517229153,0.05009901666557231,,,,ok
geo_area_rugged,official schedule x terrain-area survey difficulty,asinh_rentin,completed_t,baseline_bundle,direct_geo_dev_main_trends,geo_dev_main,2526.0,128.0,14.0,1.0,,,0.23152284898916153,0.12794042228377472,0.07035558284307908,0.4595360147605977,0.26031158657151504,0.07750821608074188,9.141282485678309,0.002499058717791325,0.2433533292314508,3.8544098898309693,0.049615377365138935,,,,ok
geo_area_rugged,official schedule x terrain-area survey difficulty,asinh_rentin,completed_t,baseline_bundle,channel_rent_main,channel_rent_imp_main,2526.0,128.0,13.0,1.0,"BMrent_b14_asinh_rentin_miss,BIrent_b14_any_rentout_imp,BMrent_b14_any_rentout_miss,BIrent_b14_asinh_rentout_imp,BMrent_b14_asinh_rentout_miss",,0.2085750619593542,0.1514580746703505,0.16847695000048346,0.2803619230346208,0.23311187937651773,0.2290953139669405,8.663382503349728,0.003246680638576138,0.21837841266428304,1.494535327775368,0.22151410930765203,,,,ok
geo_area_rugged,official schedule x terrain-area survey difficulty,asinh_rentin,completed_t,baseline_bundle,channel_land_main,channel_land_imp_main,2526.0,128.0,10.0,1.0,"BIland_b14_land_total_mu_imp,BMland_b14_land_total_mu_miss,BIland_b14_contract_land_mu_imp,BMland_b14_contract_land_mu_miss",,0.23418469579980117,0.13140598153756533,0.07472536227484072,0.5278394567159304,0.2518124982357797,0.03606793994816582,8.585920432364002,0.0033877210793723522,0.21882199242149525,7.409588205922481,0.006487717145652788,,,,ok
geo_area_rugged,official schedule x terrain-area survey difficulty,asinh_rentin,completed_t,baseline_bundle,channel_labor_cost_main,channel_labor_cost_imp_main,2526.0,128.0,14.0,1.0,"BMlabor_cost_b14_nonfarm_n_miss,BMlabor_cost_b14_nonfarm_any_miss",,0.23572032295311382,,,0.502921887476136,0.23563207986883283,0.03281394758303491,8.615214820457597,0.0033336647750509263,0.21895660984985643,6.921233759006467,0.008517818987696636,,,,ok
geo_area_rugged,official schedule x terrain-area survey difficulty,asinh_rentin,completed_t,baseline_bundle,channel_gov_mobility_main,channel_gov_mobility_imp_main,2526.0,128.0,13.0,1.0,BMgov_mobility_b14_mobility_ease_miss,,0.24601256442197156,0.12920525543416797,0.05690438037325696,0.5308147198594142,0.2656591707903132,0.04570535841271561,8.614066914426562,0.00333576638601929,0.22193428788687486,6.463486550468263,0.011011338210673252,,,,ok
geo_area_rugged,official schedule x terrain-area survey difficulty,asinh_rentin,completed_t,baseline_bundle,geo_dev_main_plus_rent,"geo_dev_main,channel_rent_imp_main",2526.0,128.0,17.0,1.0,"BMrent_b14_asinh_rentin_miss,BIrent_b14_any_rentout_imp,BMrent_b14_any_rentout_miss,BIrent_b14_asinh_rentout_imp,BMrent_b14_asinh_rentout_miss",,0.21021422606864548,0.15473198792378426,0.17428290901762056,0.29373000809792127,0.24633282766270492,0.23310007396577315,9.276078322548253,0.002321659680947663,0.24344781664356108,1.5138258248691585,0.2185562263256865,,,,ok
geo_area_rugged,official schedule x terrain-area survey difficulty,asinh_rentin,completed_t,baseline_bundle,geo_dev_main_plus_land,"geo_dev_main,channel_land_imp_main",2526.0,128.0,14.0,1.0,"BIland_b14_land_total_mu_imp,BMland_b14_land_total_mu_miss,BIland_b14_contract_land_mu_imp,BMland_b14_contract_land_mu_miss",,0.23152284898916153,0.12794042228377472,0.07035558284307908,0.4595360147605977,0.26031158657151504,0.07750821608074188,9.141282485678309,0.002499058717791325,0.2433533292314508,3.8544098898309693,0.049615377365138935,,,,ok
geo_area_rugged,official schedule x terrain-area survey difficulty,asinh_rentin,completed_t,baseline_bundle,geo_dev_main_plus_labor_cost,"geo_dev_main,channel_labor_cost_imp_main",2526.0,128.0,18.0,1.0,"BMlabor_cost_b14_nonfarm_n_miss,BMlabor_cost_b14_nonfarm_any_miss",,0.2334008651004868,0.1268937401216511,0.0658650389302049,0.4509698501112798,0.2558762261850951,0.07799277243951908,9.137272267874947,0.0025045421606475493,0.24315206102372877,3.70335775688954,0.05430308477796434,,,,ok
geo_area_rugged,official schedule x terrain-area survey difficulty,asinh_rentin,completed_t,baseline_bundle,geo_dev_main_plus_gov_mobility,"geo_dev_main,channel_gov_mobility_imp_main",2526.0,128.0,17.0,1.0,BMgov_mobility_b14_mobility_ease_miss,,0.24371960109499352,0.1273891829175215,0.05572384351778581,0.44539120778167957,0.25734806743626826,0.0835060428407095,9.362553549772604,0.002214633932263954,0.25345888620358104,3.6104818736164184,0.05741648086024681,,,,ok
geo_area_rugged,official schedule x terrain-area survey difficulty,asinh_rentin,completed_t,baseline_bundle,baseline_channels_imputed_main,baseline_channels_imp_main,2526.0,128.0,20.0,1.0,"BM_b14_asinh_rentin_miss,BI_b14_any_rentout_imp,BM_b14_any_rentout_miss,BI_b14_asinh_rentout_imp,BM_b14_asinh_rentout_miss,BI_b14_land_total_mu_imp,BM_b14_land_total_mu_miss,BI_b14_contract_land_mu_imp,BM_b14_contract_land_mu_miss,BM_b14_nonfarm_n_miss,BM_b14_nonfarm_any_miss,BM_b14_mobility_ease_miss",,0.2202453924264742,,,0.2693652497844543,0.6380847526692314,0.6729180834423458,8.724609679463777,0.0031394327269118616,0.22155317251257756,1.299686823462803,0.25427043681941675,,,,ok
geo_area_rugged,official schedule x terrain-area survey difficulty,asinh_rentin,completed_t,baseline_bundle,geo_dev_main_plus_channels_main,"geo_dev_main,baseline_channels_imp_main",2526.0,128.0,24.0,1.0,"BM_b14_asinh_rentin_miss,BI_b14_any_rentout_imp,BM_b14_any_rentout_miss,BI_b14_asinh_rentout_imp,BM_b14_asinh_rentout_miss,BI_b14_land_total_mu_imp,BM_b14_land_total_mu_miss,BI_b14_contract_land_mu_imp,BM_b14_contract_land_mu_miss,BM_b14_nonfarm_n_miss,BM_b14_nonfarm_any_miss,BM_b14_mobility_ease_miss",,0.2214754344206598,0.17646105773948267,0.20944418657319952,0.2619789643518082,0.23952466375160877,0.27406672040435076,9.54884520473902,0.002000752507717918,0.2533156458317489,1.2075563312668567,0.2718166247896942,,,,ok
geo_area_rugged,official schedule x terrain-area survey difficulty,asinh_rentin,completed_t,baseline_bundle,geo_dev_main_channels_main_plus_Z,"lower_order_z,geo_dev_main,baseline_channels_imp_main",2526.0,128.0,25.0,1.0,"BM_b14_asinh_rentin_miss,BI_b14_any_rentout_imp,BM_b14_any_rentout_miss,BI_b14_asinh_rentout_imp,BM_b14_asinh_rentout_miss,BI_b14_land_total_mu_imp,BM_b14_land_total_mu_miss,BI_b14_contract_land_mu_imp,BM_b14_contract_land_mu_miss,BM_b14_nonfarm_n_miss,BM_b14_nonfarm_any_miss,BM_b14_mobility_ease_miss",,0.2233755450785947,0.16448333315694832,0.17444983596591523,6.230069183322169,1142659280.0739205,0.9999999956497303,7.914697761952192,0.0049034771469441685,0.26687536605565654,1.3623161442596678,0.24313647660671373,,,,ok
geo_area_rugged,official schedule x terrain-area survey difficulty,asinh_rentin,completed_t,baseline_bundle,direct_geo_trends,geo_direct,2526.0,128.0,16.0,1.0,,,0.24039076952682684,0.12008686998818623,0.04530546362590249,0.16707166838265855,0.19074997341835584,0.38110216623886917,18.426085695166478,1.766234708788783e-05,0.3358018374332141,0.6920702635648864,0.4054610987714484,,,,ok
geo_area_rugged,official schedule x terrain-area survey difficulty,asinh_rentin,completed_t,baseline_bundle,direct_geo_trends_plus_Z,"lower_order_z,geo_direct",2526.0,128.0,17.0,1.0,,,0.23542276799737938,0.1197079151289846,0.0492243490654658,0.09916035899352305,0.1966511970262187,0.6140893068795248,18.425890331228615,1.7664157955121773e-05,0.3545041026939386,0.23272595320518505,0.629509900644702,,,,ok
geo_area_rugged,official schedule x terrain-area survey difficulty,asinh_rentin,completed_t,baseline_bundle,direct_geo_dev_trends_plus_Z,"lower_order_z,geo_dev_direct",2526.0,128.0,19.0,1.0,,,0.23562058320724624,0.12441632992948233,0.058250561027913594,0.09870718052220895,0.20440669622015706,0.6291695663109664,18.83749183719416,1.4234146577751794e-05,0.35090001210727695,0.21414915007143845,0.6435345990370149,,,,ok
geo_area_rugged,official schedule x terrain-area survey difficulty,asinh_rentin,completed_t,baseline_bundle,baseline_channels_plus_Z,"lower_order_z,baseline_channels",,,,,,,,,,,,,,,,,,,,,error: too few observations
geo_area_rugged,official schedule x terrain-area survey difficulty,asinh_rentin,completed_t,baseline_bundle,full_exclusion_controls,"lower_order_z,geo_dev_direct,baseline_channels",,,,,,,,,,,,,,,,,,,,,error: too few observations
survey_net_distance,official schedule x survey difficulty net of simple distance,any_rentin,completed_t,farm_income,baseline,none,2772.0,130.0,4.0,1.0,,,0.11752845247599548,0.060613244013228484,0.052502599092824065,0.27149871982233076,0.12260459091415245,0.026799529479543116,8.297852593765946,0.003969198405102126,0.25792153924855743,7.2903228522315295,0.006932701638201315,,,,ok
survey_net_distance,official schedule x survey difficulty net of simple distance,any_rentin,completed_t,farm_income,lower_order_Z,lower_order_z,2772.0,130.0,5.0,1.0,,,0.10567114451311037,0.0606352877021865,0.08138018472311526,0.17476833273299391,0.10284422592114983,0.08925326161982583,9.127194897520145,0.002518375595533584,0.28034776046377796,2.5889620343167548,0.10761083554618767,,,,ok
survey_net_distance,official schedule x survey difficulty net of simple distance,any_rentin,completed_t,farm_income,direct_geo_main_trends,geo_main,2772.0,130.0,7.0,1.0,,,0.11489498382976063,0.0621953700900331,0.06470023393888713,0.2746512582121637,0.12576584376766323,0.028974721444944285,8.994616966922509,0.0027077602284729663,0.2940019259317501,6.198128323480163,0.012788547904047761,,,,ok
survey_net_distance,official schedule x survey difficulty net of simple distance,any_rentin,completed_t,farm_income,direct_geo_dev_main_trends,geo_dev_main,2772.0,130.0,8.0,1.0,,,0.11616280831694988,0.0635041485858505,0.0673672478412839,0.27595644575173717,0.12745003561938115,0.030371394190014334,9.015646495516581,0.002676781928751648,0.29389406527680084,5.957020144371869,0.014658796120804679,,,,ok
survey_net_distance,official schedule x survey difficulty net of simple distance,any_rentin,completed_t,farm_income,channel_rent_main,channel_rent_imp_main,2772.0,130.0,7.0,1.0,"BMrent_b14_asinh_rentin_miss,BIrent_b14_any_rentout_imp,BMrent_b14_any_rentout_miss,BIrent_b14_asinh_rentout_imp,BMrent_b14_asinh_rentout_miss",,0.080709944304386,0.06090118924521194,0.18508474458582436,0.10404909087553693,0.11511089010820759,0.36604678310865446,8.35828997524872,0.0038393169952928297,0.25759902564006487,0.8134299447342278,0.3671081256525427,,,,ok
survey_net_distance,official schedule x survey difficulty net of simple distance,any_rentin,completed_t,farm_income,channel_land_main,channel_land_imp_main,2772.0,130.0,6.0,1.0,"BIland_b14_contract_land_mu_imp,BMland_b14_contract_land_mu_miss",,0.11914501191483234,0.06202516658825192,0.05474254830956915,0.27080659430745635,0.12246951907878699,0.027020863592050803,8.375354809036898,0.0038034329708210857,0.2577460855673065,7.075291879270376,0.00781540896788237,,,,ok
survey_net_distance,official schedule x survey difficulty net of simple distance,any_rentin,completed_t,farm_income,channel_labor_cost_main,channel_labor_cost_imp_main,2772.0,130.0,8.0,1.0,"BMlabor_cost_b14_nonfarm_n_miss,BMlabor_cost_b14_nonfarm_any_miss",,0.11227791691885715,0.06065014867711211,0.06413518608105218,0.2693676646456809,0.12156706323704326,0.02670555984436196,8.433716546580422,0.0036832675774620682,0.25882098416505783,7.365754366474064,0.0066477705378478295,,,,ok
survey_net_distance,official schedule x survey difficulty net of simple distance,any_rentin,completed_t,farm_income,channel_gov_mobility_main,channel_gov_mobility_imp_main,2772.0,130.0,7.0,1.0,BMgov_mobility_b14_mobility_ease_miss,,0.12089782685932905,0.06061073283194108,0.04607993428620416,0.2690654077591485,0.12268603458675034,0.028298610186598294,8.434969013880906,0.0036807315346346625,0.2617129825838428,6.703260616742995,0.009623676271526497,,,,ok
survey_net_distance,official schedule x survey difficulty net of simple distance,any_rentin,completed_t,farm_income,geo_dev_main_plus_rent,"geo_dev_main,channel_rent_imp_main",2772.0,130.0,11.0,1.0,"BMrent_b14_asinh_rentin_miss,BIrent_b14_any_rentout_imp,BMrent_b14_any_rentout_miss,BIrent_b14_asinh_rentout_imp,BMrent_b14_asinh_rentout_miss",,0.0821975217121255,0.06846750377451419,0.22993226823624524,0.14353736241812465,0.13050178844523064,0.2713808859589131,9.045170403746994,0.002633896782281764,0.29327190298150674,1.3095632739037333,0.2524737422129912,,,,ok
survey_net_distance,official schedule x survey difficulty net of simple distance,any_rentin,completed_t,farm_income,geo_dev_main_plus_land,"geo_dev_main,channel_land_imp_main",2772.0,130.0,10.0,1.0,"BIland_b14_contract_land_mu_imp,BMland_b14_contract_land_mu_miss",,0.11811052742813481,0.0649812498896094,0.06912386141877547,0.275997901951893,0.1258353902151206,0.02828397470131372,9.073787903552327,0.0025929939016366976,0.2937886893064231,6.047601309382604,0.013925201575313503,,,,ok
survey_net_distance,official schedule x survey difficulty net of simple distance,any_rentin,completed_t,farm_income,geo_dev_main_plus_labor_cost,"geo_dev_main,channel_labor_cost_imp_main",2772.0,130.0,12.0,1.0,"BMlabor_cost_b14_nonfarm_n_miss,BMlabor_cost_b14_nonfarm_any_miss",,0.1114123301039338,0.06366302507381234,0.0801127948225484,0.2783239142325141,0.12926389598708027,0.03130728282847106,9.133035898748373,0.002510348100317139,0.29106142605968166,5.980193047687975,0.014467418552780656,,,,ok
survey_net_distance,official schedule x survey difficulty net of simple distance,any_rentin,completed_t,farm_income,geo_dev_main_plus_gov_mobility,"geo_dev_main,channel_gov_mobility_imp_main",2772.0,130.0,11.0,1.0,BMgov_mobility_b14_mobility_ease_miss,,0.11937521638313721,0.06332208851530201,0.059401956102150155,0.2596865508530405,0.1263694929604869,0.03988111214899592,9.836837200828423,0.0017105135295865104,0.30883257235210393,4.916118697025636,0.026607227217649354,,,,ok
survey_net_distance,official schedule x survey difficulty net of simple distance,any_rentin,completed_t,farm_income,baseline_channels_imputed_main,baseline_channels_imp_main,2772.0,130.0,16.0,1.0,"BM_b14_asinh_rentin_miss,BI_b14_any_rentout_imp,BM_b14_any_rentout_miss,BI_b14_asinh_rentout_imp,BM_b14_asinh_rentout_miss,BI_b14_contract_land_mu_imp,BM_b14_contract_land_mu_miss,BM_b14_nonfarm_n_miss,BM_b14_nonfarm_any_miss,BM_b14_mobility_ease_miss",,0.08213395788806281,0.05960120603476509,0.1681851789951172,0.10813307690018538,0.10970864143748864,0.3243104662596221,8.714176079725533,0.003157450853458532,0.26248451161312336,0.940187995700775,0.33222949866467905,,,,ok
survey_net_distance,official schedule x survey difficulty net of simple distance,any_rentin,completed_t,farm_income,geo_dev_main_plus_channels_main,"geo_dev_main,baseline_channels_imp_main",2772.0,130.0,20.0,1.0,"BM_b14_asinh_rentin_miss,BI_b14_any_rentout_imp,BM_b14_any_rentout_miss,BI_b14_asinh_rentout_imp,BM_b14_asinh_rentout_miss,BI_b14_contract_land_mu_imp,BM_b14_contract_land_mu_miss,BM_b14_nonfarm_n_miss,BM_b14_nonfarm_any_miss,BM_b14_mobility_ease_miss",,0.08381105657808038,0.0668162102206485,0.20971403855589532,0.1295087229176986,0.12532092025761726,0.30140896791240523,10.071345247443592,0.0015059303937844382,0.30564250180582553,1.084253328600289,0.2977480021946939,,,,ok
survey_net_distance,official schedule x survey difficulty net of simple distance,any_rentin,completed_t,farm_income,geo_dev_main_channels_main_plus_Z,"lower_order_z,geo_dev_main,baseline_channels_imp_main",2772.0,130.0,21.0,1.0,"BM_b14_asinh_rentin_miss,BI_b14_any_rentout_imp,BM_b14_any_rentout_miss,BI_b14_asinh_rentout_imp,BM_b14_asinh_rentout_miss,BI_b14_contract_land_mu_imp,BM_b14_contract_land_mu_miss,BM_b14_nonfarm_n_miss,BM_b14_nonfarm_any_miss,BM_b14_mobility_ease_miss",,0.0842693959356611,0.0653238293467688,0.19704185597564772,0.1367633061335483,0.11614662008405428,0.23899372741570968,9.909055959620387,0.0016446746119839206,0.30831094668301795,1.376250734539879,0.2407408174005471,,,,ok
survey_net_distance,official schedule x survey difficulty net of simple distance,any_rentin,completed_t,farm_income,direct_geo_trends,geo_direct,2772.0,130.0,10.0,1.0,,,0.1073995880714461,0.05691528191008162,0.05915925960316448,0.18932188743770328,0.11114282522217203,0.08849122032844292,13.166788143398774,0.00028495473684042594,0.33245930236509824,2.727706320711463,0.09862082834338434,,,,ok
survey_net_distance,official schedule x survey difficulty net of simple distance,any_rentin,completed_t,farm_income,direct_geo_trends_plus_Z,"lower_order_z,geo_direct",2772.0,130.0,11.0,1.0,,,0.10048612463234696,0.05677372537599918,0.07673702744950406,0.1415495647262442,0.10398322891817027,0.17342742385431276,14.034121395203881,0.0001795232643106992,0.34616304771374085,1.6203125961216025,0.203048206021755,,,,ok
survey_net_distance,official schedule x survey difficulty net of simple distance,any_rentin,completed_t,farm_income,direct_geo_dev_trends_plus_Z,"lower_order_z,geo_dev_direct",2772.0,130.0,13.0,1.0,,,0.09628384672433624,0.05792619678961158,0.09647640878427044,0.11983977650647334,0.10754726905707045,0.2651510868181599,15.030072505085423,0.00010581157378097839,0.3456178754280328,1.0921393251235447,0.29599768926715486,,,,ok
survey_net_distance,official schedule x survey difficulty net of simple distance,any_rentin,completed_t,farm_income,baseline_channels_plus_Z,"lower_order_z,baseline_channels",,,,,,,,,,,,,,,,,,,,,error: too few observations
survey_net_distance,official schedule x survey difficulty net of simple distance,any_rentin,completed_t,farm_income,full_exclusion_controls,"lower_order_z,geo_dev_direct,baseline_channels",,,,,,,,,,,,,,,,,,,,,error: too few observations
survey_net_distance,official schedule x survey difficulty net of simple distance,any_rentin,completed_t,baseline_bundle,baseline,none,2532.0,128.0,10.0,1.0,,,0.10788312833093061,0.06418620543788198,0.0928049344380304,0.30299726793590837,0.15169123097514675,0.045775162774895684,9.112809149665242,0.002538257726986015,0.2533535516972617,7.033382225986649,0.008000411162602207,,,,ok
survey_net_distance,official schedule x survey difficulty net of simple distance,any_rentin,completed_t,baseline_bundle,lower_order_Z,lower_order_z,2532.0,128.0,11.0,1.0,,,0.09484353604938332,0.06446419664916919,0.14122105925888429,0.2035048060513237,0.125440641314458,0.10473494263449168,9.82218316366721,0.001724195593008293,0.2738729971129503,2.8026671062042885,0.09410764393478496,,,,ok
survey_net_distance,official schedule x survey difficulty net of simple distance,any_rentin,completed_t,baseline_bundle,direct_geo_main_trends,geo_main,2532.0,128.0,13.0,1.0,,,0.10165399504803461,0.06540533567288324,0.12013299024627377,0.25831358141987204,0.13319731710657934,0.05246114216387787,9.442362331384539,0.0021203021221408713,0.28302894201757434,5.074810068060075,0.02427593151496481,,,,ok
survey_net_distance,official schedule x survey difficulty net of simple distance,any_rentin,completed_t,baseline_bundle,direct_geo_dev_main_trends,geo_dev_main,2532.0,128.0,14.0,1.0,,,0.10178344195261788,0.0653235045381747,0.11919906088139665,0.25852689250477695,0.1337767166175057,0.053294699586873495,9.464665631656898,0.002094676118389538,0.28291943019718324,5.039691295926626,0.02477290424209767,,,,ok
survey_net_distance,official schedule x survey difficulty net of simple distance,any_rentin,completed_t,baseline_bundle,channel_rent_main,channel_rent_imp_main,2532.0,128.0,13.0,1.0,"BMrent_b14_asinh_rentin_miss,BIrent_b14_any_rentout_imp,BMrent_b14_any_rentout_miss,BIrent_b14_asinh_rentout_imp,BMrent_b14_asinh_rentout_miss",,0.06987629661026074,0.06204233429579423,0.260052092523553,0.1494121528030644,0.11390644058490584,0.1896181921602884,9.17105990476029,0.0024587213193285606,0.2528058321777724,2.052520302692397,0.15195446441448363,,,,ok
survey_net_distance,official schedule x survey difficulty net of simple distance,any_rentin,completed_t,baseline_bundle,channel_land_main,channel_land_imp_main,2532.0,128.0,10.0,1.0,"BIland_b14_land_total_mu_imp,BMland_b14_land_total_mu_miss,BIland_b14_contract_land_mu_imp,BMland_b14_contract_land_mu_miss",,0.10788312833093061,0.06418620543788198,0.0928049344380304,0.30299726793590837,0.15169123097514675,0.045775162774895684,9.112809149665242,0.002538257726986015,0.2533535516972617,7.033382225986649,0.008000411162602207,,,,ok
survey_net_distance,official schedule x survey difficulty net of simple distance,any_rentin,completed_t,baseline_bundle,channel_labor_cost_main,channel_labor_cost_imp_main,2532.0,128.0,14.0,1.0,"BMlabor_cost_b14_nonfarm_n_miss,BMlabor_cost_b14_nonfarm_any_miss",,0.11005283126371838,0.06104152145159366,0.07140116187992884,0.2971396101568503,0.15437098377068773,0.05424924371457385,9.229679746549115,0.0023812329329068183,0.25395603696611513,6.81549550458268,0.00903702250320136,,,,ok
survey_net_distance,official schedule x survey difficulty net of simple distance,any_rentin,completed_t,baseline_bundle,channel_gov_mobility_main,channel_gov_mobility_imp_main,2532.0,128.0,13.0,1.0,BMgov_mobility_b14_mobility_ease_miss,,0.11052564877706189,0.06440127726281225,0.08612494110557134,0.3063188739541316,0.15426542704311272,0.047070955297129125,9.35701017526587,0.002221342051731856,0.2591261637211565,6.6797393920736985,0.009751488059283504,,,,ok
survey_net_distance,official schedule x survey difficulty net of simple distance,any_rentin,completed_t,baseline_bundle,geo_dev_main_plus_rent,"geo_dev_main,channel_rent_imp_main",2532.0,128.0,17.0,1.0,"BMrent_b14_asinh_rentin_miss,BIrent_b14_any_rentout_imp,BMrent_b14_any_rentout_miss,BIrent_b14_asinh_rentout_imp,BMrent_b14_asinh_rentout_miss",,0.06632324449046575,0.06563739685813906,0.31228020389372046,0.1298663248618066,0.12169410604380543,0.28590240147408696,9.524694628182843,0.002027253181777766,0.2825227180830041,1.2916462908947512,0.2557447817644659,,,,ok
survey_net_distance,official schedule x survey difficulty net of simple distance,any_rentin,completed_t,baseline_bundle,geo_dev_main_plus_land,"geo_dev_main,channel_land_imp_main",2532.0,128.0,14.0,1.0,"BIland_b14_land_total_mu_imp,BMland_b14_land_total_mu_miss,BIland_b14_contract_land_mu_imp,BMland_b14_contract_land_mu_miss",,0.10178344195261788,0.0653235045381747,0.11919906088139665,0.25852689250477695,0.1337767166175057,0.053294699586873495,9.464665631656898,0.002094676118389538,0.28291943019718324,5.039691295926626,0.02477290424209767,,,,ok
survey_net_distance,official schedule x survey difficulty net of simple distance,any_rentin,completed_t,baseline_bundle,geo_dev_main_plus_labor_cost,"geo_dev_main,channel_labor_cost_imp_main",2532.0,128.0,18.0,1.0,"BMlabor_cost_b14_nonfarm_n_miss,BMlabor_cost_b14_nonfarm_any_miss",,0.1043720132503249,0.06634118388048459,0.11565834017742072,0.2631066927895408,0.1370428416246121,0.05487224559183912,9.485072709948433,0.002071504043079875,0.2833196213989385,5.252374916793652,0.021916838097858618,,,,ok
survey_net_distance,official schedule x survey difficulty net of simple distance,any_rentin,completed_t,baseline_bundle,geo_dev_main_plus_gov_mobility,"geo_dev_main,channel_gov_mobility_imp_main",2532.0,128.0,17.0,1.0,BMgov_mobility_b14_mobility_ease_miss,,0.1044926123774228,0.0655719595508975,0.1110354381980263,0.24696059678862597,0.1334143324237939,0.06415805101175232,10.45849436514359,0.0012208674607169234,0.30015227783373366,4.237229853741208,0.03954664291012628,,,,ok
survey_net_distance,official schedule x survey difficulty net of simple distance,any_rentin,completed_t,baseline_bundle,baseline_channels_imputed_main,baseline_channels_imp_main,2532.0,128.0,20.0,1.0,"BM_b14_asinh_rentin_miss,BI_b14_any_rentout_imp,BM_b14_any_rentout_miss,BI_b14_asinh_rentout_imp,BM_b14_asinh_rentout_miss,BI_b14_land_total_mu_imp,BM_b14_land_total_mu_miss,BI_b14_contract_land_mu_imp,BM_b14_contract_land_mu_miss,BM_b14_nonfarm_n_miss,BM_b14_nonfarm_any_miss,BM_b14_mobility_ease_miss",,0.07382175798606969,0.06202618985733892,0.23397928024695958,0.14036550617649146,0.10672183468392779,0.1884271140750302,9.501414667885543,0.002053135417247609,0.25899045148748856,1.814195231743474,0.17800579073555703,,,,ok
survey_net_distance,official schedule x survey difficulty net of simple distance,any_rentin,completed_t,baseline_bundle,geo_dev_main_plus_channels_main,"geo_dev_main,baseline_channels_imp_main",2532.0,128.0,24.0,1.0,"BM_b14_asinh_rentin_miss,BI_b14_any_rentout_imp,BM_b14_any_rentout_miss,BI_b14_asinh_rentout_imp,BM_b14_asinh_rentout_miss,BI_b14_land_total_mu_imp,BM_b14_land_total_mu_miss,BI_b14_contract_land_mu_imp,BM_b14_contract_land_mu_miss,BM_b14_nonfarm_n_miss,BM_b14_nonfarm_any_miss,BM_b14_mobility_ease_miss",,0.06971656842639395,0.06476739836564753,0.28174190864059456,0.8824754063132259,242494160.43430334,0.9999999970963693,10.582729574567555,0.0011414899664379252,0.29994928320646397,0.855244338346839,0.3550729608546319,,,,ok
survey_net_distance,official schedule x survey difficulty net of simple distance,any_rentin,completed_t,baseline_bundle,geo_dev_main_channels_main_plus_Z,"lower_order_z,geo_dev_main,baseline_channels_imp_main",2532.0,128.0,25.0,1.0,"BM_b14_asinh_rentin_miss,BI_b14_any_rentout_imp,BM_b14_any_rentout_miss,BI_b14_asinh_rentout_imp,BM_b14_asinh_rentout_miss,BI_b14_land_total_mu_imp,BM_b14_land_total_mu_miss,BI_b14_contract_land_mu_imp,BM_b14_contract_land_mu_miss,BM_b14_nonfarm_n_miss,BM_b14_nonfarm_any_miss,BM_b14_mobility_ease_miss",,0.06991578442757487,0.06695909758119771,0.29641293750870146,0.110257930021612,0.10188560521081967,0.2791753190494397,10.527600438746466,0.0011760481178056947,0.3023897496380821,1.178613156883927,0.2776385101658211,,,,ok
survey_net_distance,official schedule x survey difficulty net of simple distance,any_rentin,completed_t,baseline_bundle,direct_geo_trends,geo_direct,2532.0,128.0,16.0,1.0,,,0.08963673292099947,0.060680956516535454,0.13962722750344536,0.11778131116088258,0.10997987081524145,0.28419858269795073,13.99475911939998,0.00018332090147532565,0.3224621571659406,1.0631186185757864,0.302504976618741,,,,ok
survey_net_distance,official schedule x survey difficulty net of simple distance,any_rentin,completed_t,baseline_bundle,direct_geo_trends_plus_Z,"lower_order_z,geo_direct",2532.0,128.0,17.0,1.0,,,0.08456047793683699,0.06041969057338272,0.16164761972775876,0.07968358327600294,0.10775581067690436,0.4596137975557524,14.992736730093288,0.00010792577688245597,0.3365407831845507,0.49636223998316203,0.48110289824680363,,,,ok
survey_net_distance,official schedule x survey difficulty net of simple distance,any_rentin,completed_t,baseline_bundle,direct_geo_dev_trends_plus_Z,"lower_order_z,geo_dev_direct",2532.0,128.0,19.0,1.0,,,0.08313663892266107,0.060900092463122196,0.17221170069720815,0.07108081425818691,0.11186072202480887,0.5251412710603844,16.16995039625331,5.790544425365862e-05,0.3375239285113508,0.37053038855474973,0.542715302810947,,,,ok
survey_net_distance,official schedule x survey difficulty net of simple distance,any_rentin,completed_t,baseline_bundle,baseline_channels_plus_Z,"lower_order_z,baseline_channels",,,,,,,,,,,,,,,,,,,,,error: too few observations
survey_net_distance,official schedule x survey difficulty net of simple distance,any_rentin,completed_t,baseline_bundle,full_exclusion_controls,"lower_order_z,geo_dev_direct,baseline_channels",,,,,,,,,,,,,,,,,,,,,error: too few observations
survey_net_distance,official schedule x survey difficulty net of simple distance,asinh_rentin,completed_t,farm_income,baseline,none,2766.0,130.0,4.0,1.0,,,0.23581902796749163,0.1236509800336107,0.056503195745820634,0.5706243624188159,0.22522366278773367,0.01129008257454589,8.298751484954032,0.003967234279837362,0.2579533035864069,10.674711958291317,0.0010861009910566309,,,,ok
survey_net_distance,official schedule x survey difficulty net of simple distance,asinh_rentin,completed_t,farm_income,lower_order_Z,lower_order_z,2766.0,130.0,5.0,1.0,,,0.20173877133401125,0.11757261574347597,0.08618669945311841,0.2779871078713301,0.19165447604455968,0.1469303490550311,9.124928123514223,0.002521497916498694,0.28031453424391595,1.9677869534895505,0.1606829604185836,,,,ok
survey_net_distance,official schedule x survey difficulty net of simple distance,asinh_rentin,completed_t,farm_income,direct_geo_main_trends,geo_main,2766.0,130.0,7.0,1.0,,,0.23623911012674953,0.12110089376872231,0.05108527729089962,0.5638609572687149,0.26488235789560827,0.03327725049014241,8.99721460643437,0.0027039140626684555,0.29415755990436343,6.012853013577472,0.014202046951040352,,,,ok
survey_net_distance,official schedule x survey difficulty net of simple distance,asinh_rentin,completed_t,farm_income,direct_geo_dev_main_trends,geo_dev_main,2766.0,130.0,8.0,1.0,,,0.24003588916459861,0.12454084184230003,0.0539339287323759,0.5677207069895691,0.27236259974060534,0.03712109364215044,9.018223822528304,0.002673010138236176,0.2940460810547121,5.5430856903386,0.018553839860620425,,,,ok
survey_net_distance,official schedule x survey difficulty net of simple distance,asinh_rentin,completed_t,farm_income,channel_rent_main,channel_rent_imp_main,2766.0,130.0,7.0,1.0,"BMrent_b14_asinh_rentin_miss,BIrent_b14_any_rentout_imp,BMrent_b14_any_rentout_miss,BIrent_b14_asinh_rentout_imp,BMrent_b14_asinh_rentout_miss",,0.21253025336092002,0.1585774747921849,0.18017065425284717,0.31314397388808257,0.24241356056615845,0.19643479441280176,8.359308096145297,0.003837166456243435,0.2576342638388943,1.796575264877147,0.18012708069365024,,,,ok
survey_net_distance,official schedule x survey difficulty net of simple distance,asinh_rentin,completed_t,farm_income,channel_land_main,channel_land_imp_main,2766.0,130.0,6.0,1.0,"BIland_b14_contract_land_mu_imp,BMland_b14_contract_land_mu_miss",,0.23640011293495217,0.12532728889798023,0.05925964620686819,0.5653218157619793,0.22367131306528887,0.01148886889579348,8.37619273952114,0.003801679779043665,0.257774142875024,10.399638056217642,0.0012604001656703321,,,,ok
survey_net_distance,official schedule x survey difficulty net of simple distance,asinh_rentin,completed_t,farm_income,channel_labor_cost_main,channel_labor_cost_imp_main,2766.0,130.0,8.0,1.0,"BMlabor_cost_b14_nonfarm_n_miss,BMlabor_cost_b14_nonfarm_any_miss",,0.22131358885949814,0.1230552270100516,0.07209940012317073,0.5516868969575633,0.22028030445472477,0.012263267124702493,8.434558713492565,0.003681562130623317,0.2588281744262395,9.978606900900944,0.0015836945880873682,,,,ok
survey_net_distance,official schedule x survey difficulty net of simple distance,asinh_rentin,completed_t,farm_income,channel_gov_mobility_main,channel_gov_mobility_imp_main,2766.0,130.0,7.0,1.0,BMgov_mobility_b14_mobility_ease_miss,,0.2498653014099065,0.12120908778346885,0.03926105101663224,0.5823913478093915,0.2356019828425589,0.013438624467585703,8.436485335678295,0.003677663605575643,0.261755734329297,10.132700293967108,0.0014566186099388958,,,,ok
survey_net_distance,official schedule x survey difficulty net of simple distance,asinh_rentin,completed_t,farm_income,geo_dev_main_plus_rent,"geo_dev_main,channel_rent_imp_main",2766.0,130.0,11.0,1.0,"BMrent_b14_asinh_rentin_miss,BIrent_b14_any_rentout_imp,BMrent_b14_any_rentout_miss,BIrent_b14_asinh_rentout_imp,BMrent_b14_asinh_rentout_miss",,0.2215474254074513,0.16877448100819745,0.18928972172723557,0.4304949343545357,0.31218651149227306,0.167904892040045,9.047502030124063,0.0026305398255478396,0.2934255208470896,2.309854488773148,0.1285560841033919,,,,ok
survey_net_distance,official schedule x survey difficulty net of simple distance,asinh_rentin,completed_t,farm_income,geo_dev_main_plus_land,"geo_dev_main,channel_land_imp_main",2766.0,130.0,10.0,1.0,"BIland_b14_contract_land_mu_imp,BMland_b14_contract_land_mu_miss",,0.24110232149765642,0.12628637182735236,0.056239992409830464,0.5638727552415957,0.2704935759383261,0.037105004223542126,9.076667318587814,0.0025889142321411374,0.29393899233227205,5.523901894240393,0.018758373347349137,,,,ok
survey_net_distance,official schedule x survey difficulty net of simple distance,asinh_rentin,completed_t,farm_income,geo_dev_main_plus_labor_cost,"geo_dev_main,channel_labor_cost_imp_main",2766.0,130.0,12.0,1.0,"BMlabor_cost_b14_nonfarm_n_miss,BMlabor_cost_b14_nonfarm_any_miss",,0.22736497191773225,0.12382796292802897,0.06633755546900932,0.552500402221069,0.2705035539529397,0.04110309752163688,9.13407265527795,0.0025089259652910645,0.29113026348841764,5.1989284226102175,0.02260081668541036,,,,ok
survey_net_distance,official schedule x survey difficulty net of simple distance,asinh_rentin,completed_t,farm_income,geo_dev_main_plus_gov_mobility,"geo_dev_main,channel_gov_mobility_imp_main",2766.0,130.0,11.0,1.0,BMgov_mobility_b14_mobility_ease_miss,,0.25411022932035543,0.12343711832613544,0.039530570805669685,0.5675226933694022,0.269396555947145,0.03514843196639461,9.839445817995879,0.0017080894959914383,0.3089941648634815,6.010432422834625,0.014221541951988362,,,,ok
survey_net_distance,official schedule x survey difficulty net of simple distance,asinh_rentin,completed_t,farm_income,baseline_channels_imputed_main,baseline_channels_imp_main,2766.0,130.0,16.0,1.0,"BM_b14_asinh_rentin_miss,BI_b14_any_rentout_imp,BM_b14_any_rentout_miss,BI_b14_asinh_rentout_imp,BM_b14_asinh_rentout_miss,BI_b14_contract_land_mu_imp,BM_b14_contract_land_mu_miss,BM_b14_nonfarm_n_miss,BM_b14_nonfarm_any_miss,BM_b14_mobility_ease_miss",,0.23238496566779993,0.15043990469049293,0.12241812924573203,0.3706037443834017,0.24914170992682833,0.13687702917523836,8.716469920192681,0.003153480554415,0.2625338653227869,2.4618305161563305,0.11664277725791686,,,,ok
survey_net_distance,official schedule x survey difficulty net of simple distance,asinh_rentin,completed_t,farm_income,geo_dev_main_plus_channels_main,"geo_dev_main,baseline_channels_imp_main",2766.0,130.0,20.0,1.0,"BM_b14_asinh_rentin_miss,BI_b14_any_rentout_imp,BM_b14_any_rentout_miss,BI_b14_asinh_rentout_imp,BM_b14_asinh_rentout_miss,BI_b14_contract_land_mu_imp,BM_b14_contract_land_mu_miss,BM_b14_nonfarm_n_miss,BM_b14_nonfarm_any_miss,BM_b14_mobility_ease_miss",,0.2449630325349309,0.16342449698782985,0.13388996495826744,0.4769029948441169,0.30995896105687504,0.12390187029936373,10.072709965403474,0.001504815376694446,0.30574719236616554,2.9684397940755276,0.08490370331981897,,,,ok
survey_net_distance,official schedule x survey difficulty net of simple distance,asinh_rentin,completed_t,farm_income,geo_dev_main_channels_main_plus_Z,"lower_order_z,geo_dev_main,baseline_channels_imp_main",2766.0,130.0,21.0,1.0,"BM_b14_asinh_rentin_miss,BI_b14_any_rentout_imp,BM_b14_any_rentout_miss,BI_b14_asinh_rentout_imp,BM_b14_asinh_rentout_miss,BI_b14_contract_land_mu_imp,BM_b14_contract_land_mu_miss,BM_b14_nonfarm_n_miss,BM_b14_nonfarm_any_miss,BM_b14_mobility_ease_miss",,0.2398110220521991,0.16137015928232987,0.13725459253359196,0.4648461747877773,0.2923554352433051,0.1118340087818328,9.907719254428606,0.0016458696045009713,0.3082522658069894,3.1395291624855783,0.07641586454592227,,,,ok
survey_net_distance,official schedule x survey difficulty net of simple distance,asinh_rentin,completed_t,farm_income,direct_geo_trends,geo_direct,2766.0,130.0,10.0,1.0,,,0.24560767853472723,0.11594879217935446,0.03415452158706023,0.4131380285625432,0.2234966588212944,0.06452716366238476,13.195081947126598,0.00028068472727615923,0.33291566181267906,3.312189996419216,0.06876779140449234,,,,ok
survey_net_distance,official schedule x survey difficulty net of simple distance,asinh_rentin,completed_t,farm_income,direct_geo_trends_plus_Z,"lower_order_z,geo_direct",2766.0,130.0,11.0,1.0,,,0.22619129984601594,0.11361511359406067,0.046496750455629954,0.27574055639917383,0.21810605441626563,0.20614034732447561,14.065672219144696,0.00017653655408222946,0.346537135399683,1.4503752785307233,0.2284677454451903,,,,ok
survey_net_distance,official schedule x survey difficulty net of simple distance,asinh_rentin,completed_t,farm_income,direct_geo_dev_trends_plus_Z,"lower_order_z,geo_dev_direct",2766.0,130.0,13.0,1.0,,,0.22409059184730484,0.11850226093382236,0.05862117167755154,0.26143773308625284,0.22650977169007255,0.24841790282810994,15.071324772992874,0.00010352402320357168,0.34605013360700765,1.216917983170423,0.2699663481553859,,,,ok
survey_net_distance,official schedule x survey difficulty net of simple distance,asinh_rentin,completed_t,farm_income,baseline_channels_plus_Z,"lower_order_z,baseline_channels",,,,,,,,,,,,,,,,,,,,,error: too few observations
survey_net_distance,official schedule x survey difficulty net of simple distance,asinh_rentin,completed_t,farm_income,full_exclusion_controls,"lower_order_z,geo_dev_direct,baseline_channels",,,,,,,,,,,,,,,,,,,,,error: too few observations
survey_net_distance,official schedule x survey difficulty net of simple distance,asinh_rentin,completed_t,baseline_bundle,baseline,none,2526.0,128.0,10.0,1.0,,,0.23418469579980117,0.13140598153756533,0.07472536227484072,0.6076967016926259,0.25604545141919566,0.017625458099437274,9.11379719811837,0.0025368870921531617,0.2533791749710891,10.718750030265632,0.0010605529357950868,,,,ok
survey_net_distance,official schedule x survey difficulty net of simple distance,asinh_rentin,completed_t,baseline_bundle,lower_order_Z,lower_order_z,2526.0,128.0,11.0,1.0,,,0.19516473855784233,0.12540340521818022,0.1196378726051337,0.2786210938259541,0.2089972594492976,0.18248823955321902,9.819151732060842,0.0017270397695386963,0.27382836817959155,1.7478264868803404,0.18615020670400292,,,,ok
survey_net_distance,official schedule x survey difficulty net of simple distance,asinh_rentin,completed_t,baseline_bundle,direct_geo_main_trends,geo_main,2526.0,128.0,13.0,1.0,,,0.22903539052646332,0.12583964962759864,0.06875025804025592,0.4879460204075347,0.24189489828993596,0.043676529966411914,9.445259227060575,0.0021169557681885998,0.2831921706632332,5.082063182134488,0.024174586728233645,,,,ok
survey_net_distance,official schedule x survey difficulty net of simple distance,asinh_rentin,completed_t,baseline_bundle,direct_geo_dev_main_trends,geo_dev_main,2526.0,128.0,14.0,1.0,,,0.23152284898916153,0.12794042228377472,0.07035558284307908,0.49055816996800483,0.24738207608423451,0.04736764939249505,9.467534883083326,0.0020914022922269293,0.2830783182425115,4.8006401140050725,0.02844916494332786,,,,ok
survey_net_distance,official schedule x survey difficulty net of simple distance,asinh_rentin,completed_t,baseline_bundle,channel_rent_main,channel_rent_imp_main,2526.0,128.0,13.0,1.0,"BMrent_b14_asinh_rentin_miss,BIrent_b14_any_rentout_imp,BMrent_b14_any_rentout_miss,BIrent_b14_asinh_rentout_imp,BMrent_b14_asinh_rentout_miss",,0.2085750619593542,0.1514580746703505,0.16847695000048346,0.40036032493362184,0.24017067328147532,0.09551787180621973,9.172178429863097,0.0024572190735082655,0.25283555728427287,3.626259536034154,0.05687450619293111,,,,ok
survey_net_distance,official schedule x survey difficulty net of simple distance,asinh_rentin,completed_t,baseline_bundle,channel_land_main,channel_land_imp_main,2526.0,128.0,10.0,1.0,"BIland_b14_land_total_mu_imp,BMland_b14_land_total_mu_miss,BIland_b14_contract_land_mu_imp,BMland_b14_contract_land_mu_miss",,0.23418469579980117,0.13140598153756533,0.07472536227484072,0.6076967016926259,0.25604545141919566,0.017625458099437274,9.11379719811837,0.0025368870921531617,0.2533791749710891,10.718750030265632,0.0010605529357950868,,,,ok
survey_net_distance,official schedule x survey difficulty net of simple distance,asinh_rentin,completed_t,baseline_bundle,channel_labor_cost_main,channel_labor_cost_imp_main,2526.0,128.0,14.0,1.0,"BMlabor_cost_b14_nonfarm_n_miss,BMlabor_cost_b14_nonfarm_any_miss",,0.23572032295311382,,,0.5800487532272031,0.24141194589284393,0.016273007997354094,9.20415730609715,0.0024146612607697238,0.2539523984946036,9.874604115911323,0.0016757564884849095,,,,ok
survey_net_distance,official schedule x survey difficulty net of simple distance,asinh_rentin,completed_t,baseline_bundle,channel_gov_mobility_main,channel_gov_mobility_imp_main,2526.0,128.0,13.0,1.0,BMgov_mobility_b14_mobility_ease_miss,,0.24601256442197156,0.12920525543416797,0.05690438037325696,0.629064009268294,0.27286577792186206,0.021144336358012605,9.358879574688379,0.0022190775636574678,0.2591703375203932,10.072787479677755,0.0015047520702158165,,,,ok
survey_net_distance,official schedule x survey difficulty net of simple distance,asinh_rentin,completed_t,baseline_bundle,geo_dev_main_plus_rent,"geo_dev_main,channel_rent_imp_main",2526.0,128.0,17.0,1.0,"BMrent_b14_asinh_rentin_miss,BIrent_b14_any_rentout_imp,BMrent_b14_any_rentout_miss,BIrent_b14_asinh_rentout_imp,BMrent_b14_asinh_rentout_miss",,0.21021422606864548,0.15473198792378426,0.17428290901762056,0.3792348020004721,0.2569863253426156,0.1400243605942677,9.527413248471792,0.002024252321235598,0.2826857499684414,2.670353863840368,0.10223329067403816,,,,ok
survey_net_distance,official schedule x survey difficulty net of simple distance,asinh_rentin,completed_t,baseline_bundle,geo_dev_main_plus_land,"geo_dev_main,channel_land_imp_main",2526.0,128.0,14.0,1.0,"BIland_b14_land_total_mu_imp,BMland_b14_land_total_mu_miss,BIland_b14_contract_land_mu_imp,BMland_b14_contract_land_mu_miss",,0.23152284898916153,0.12794042228377472,0.07035558284307908,0.49055816996800483,0.24738207608423451,0.04736764939249505,9.467534883083326,0.0020914022922269293,0.2830783182425115,4.8006401140050725,0.02844916494332786,,,,ok
survey_net_distance,official schedule x survey difficulty net of simple distance,asinh_rentin,completed_t,baseline_bundle,geo_dev_main_plus_labor_cost,"geo_dev_main,channel_labor_cost_imp_main",2526.0,128.0,18.0,1.0,"BMlabor_cost_b14_nonfarm_n_miss,BMlabor_cost_b14_nonfarm_any_miss",,0.2334008651004868,0.1268937401216511,0.0658650389302049,1.294980764389038,369354634.7072855,0.9999999972025662,9.540128848189191,0.002010276305377201,0.2834143488134149,4.616953537232521,0.03165741629394783,,,,ok
survey_net_distance,official schedule x survey difficulty net of simple distance,asinh_rentin,completed_t,baseline_bundle,geo_dev_main_plus_gov_mobility,"geo_dev_main,channel_gov_mobility_imp_main",2526.0,128.0,17.0,1.0,BMgov_mobility_b14_mobility_ease_miss,,0.24371960109499352,0.1273891829175215,0.05572384351778581,0.4948544094971512,0.2480012463697434,0.04600246898324456,10.460993489329166,0.0012192168947859905,0.300325401174114,5.075566951151108,0.024265335328267974,,,,ok
survey_net_distance,official schedule x survey difficulty net of simple distance,asinh_rentin,completed_t,baseline_bundle,baseline_channels_imputed_main,baseline_channels_imp_main,2526.0,128.0,20.0,1.0,"BM_b14_asinh_rentin_miss,BI_b14_any_rentout_imp,BM_b14_any_rentout_miss,BI_b14_asinh_rentout_imp,BM_b14_asinh_rentout_miss,BI_b14_land_total_mu_imp,BM_b14_land_total_mu_miss,BI_b14_contract_land_mu_imp,BM_b14_contract_land_mu_miss,BM_b14_nonfarm_n_miss,BM_b14_nonfarm_any_miss,BM_b14_mobility_ease_miss",,0.2202453924264742,,,0.3982090824900295,0.25043682329468236,0.11182172464981144,9.51016216363438,0.0020433710425382667,0.2590185814950189,3.286054780848642,0.06987072008363429,,,,ok
survey_net_distance,official schedule x survey difficulty net of simple distance,asinh_rentin,completed_t,baseline_bundle,geo_dev_main_plus_channels_main,"geo_dev_main,baseline_channels_imp_main",2526.0,128.0,24.0,1.0,"BM_b14_asinh_rentin_miss,BI_b14_any_rentout_imp,BM_b14_any_rentout_miss,BI_b14_asinh_rentout_imp,BM_b14_asinh_rentout_miss,BI_b14_land_total_mu_imp,BM_b14_land_total_mu_miss,BI_b14_contract_land_mu_imp,BM_b14_contract_land_mu_miss,BM_b14_nonfarm_n_miss,BM_b14_nonfarm_any_miss,BM_b14_mobility_ease_miss",,0.2214754344206598,0.17646105773948267,0.20944418657319952,0.36472576496602277,0.32346806954718244,0.2595108710412406,10.649949360263005,0.0011007391980150105,0.3000702581275777,2.4300464463080313,0.11902937163766882,,,,ok
survey_net_distance,official schedule x survey difficulty net of simple distance,asinh_rentin,completed_t,baseline_bundle,geo_dev_main_channels_main_plus_Z,"lower_order_z,geo_dev_main,baseline_channels_imp_main",2526.0,128.0,25.0,1.0,"BM_b14_asinh_rentin_miss,BI_b14_any_rentout_imp,BM_b14_any_rentout_miss,BI_b14_asinh_rentout_imp,BM_b14_asinh_rentout_miss,BI_b14_land_total_mu_imp,BM_b14_land_total_mu_miss,BI_b14_contract_land_mu_imp,BM_b14_contract_land_mu_miss,BM_b14_nonfarm_n_miss,BM_b14_nonfarm_any_miss,BM_b14_mobility_ease_miss",,0.2167680592355242,0.16065814872729095,0.17725657561786856,0.3466251219288524,0.2270304420171907,0.12681618262675265,10.464014549927105,0.0012172246263583153,0.3023839085533431,2.4867908971872352,0.11480560070538871,,,,ok
survey_net_distance,official schedule x survey difficulty net of simple distance,asinh_rentin,completed_t,baseline_bundle,direct_geo_trends,geo_direct,2526.0,128.0,16.0,1.0,,,0.24039076952682684,0.12008686998818623,0.04530546362590249,0.302597020624204,0.19979857654726202,0.12989643997205835,14.025987151699471,0.00018030149854286748,0.32295850017949024,2.096659220633279,0.1476213750645795,,,,ok
survey_net_distance,official schedule x survey difficulty net of simple distance,asinh_rentin,completed_t,baseline_bundle,direct_geo_trends_plus_Z,"lower_order_z,geo_direct",2526.0,128.0,17.0,1.0,,,0.2221880156107273,0.11874627924165972,0.06132905967544611,0.1641038441100272,0.2107783445343105,0.4362382333278241,15.026815514164754,0.00010599433519420387,0.33693098840044233,0.5455779660684813,0.4601301853858254,,,,ok
survey_net_distance,official schedule x survey difficulty net of simple distance,asinh_rentin,completed_t,baseline_bundle,direct_geo_dev_trends_plus_Z,"lower_order_z,geo_dev_direct",2526.0,128.0,19.0,1.0,,,0.22382804941300893,0.1224603745903998,0.06758573194657624,0.17017812130050636,0.22151356368284228,0.4423377993477611,16.21695479420249,5.648629973364905e-05,0.3379851481157635,0.5358211702697975,0.46416974752966034,,,,ok
survey_net_distance,official schedule x survey difficulty net of simple distance,asinh_rentin,completed_t,baseline_bundle,baseline_channels_plus_Z,"lower_order_z,baseline_channels",,,,,,,,,,,,,,,,,,,,,error: too few observations
survey_net_distance,official schedule x survey difficulty net of simple distance,asinh_rentin,completed_t,baseline_bundle,full_exclusion_controls,"lower_order_z,geo_dev_direct,baseline_channels",,,,,,,,,,,,,,,,,,,,,error: too few observations
geo_plus_rawsurvey,terrain-area difficulty + raw survey-cost index,any_rentin,completed_t,farm_income,baseline,none,2772.0,130.0,4.0,2.0,,,0.11752845247599548,0.060613244013228484,0.052502599092824065,0.2808888383129355,0.1255012437270434,0.025212194575694458,8.442399921581792,0.01468101728591753,0.25097223931344015,13.164516130154905,0.0013847189763719827,0.07608569525566433,0.07623708078184976,0.10497159488452079,ok
geo_plus_rawsurvey,terrain-area difficulty + raw survey-cost index,any_rentin,completed_t,farm_income,lower_order_Z,lower_order_z,2772.0,130.0,6.0,2.0,,,0.10541712076493923,0.061131971897678224,0.08463226860648354,0.16916548184156774,0.110435481700688,0.1255708774804083,8.579826551803077,0.013706113896195138,0.2758009340746893,11.092168231690595,0.0039027099200646654,0.03382819203783716,0.033940938606364934,0.03937810392531049,ok
geo_plus_rawsurvey,terrain-area difficulty + raw survey-cost index,any_rentin,completed_t,farm_income,direct_geo_main_trends,geo_main,2772.0,130.0,7.0,2.0,,,0.11489498382976063,0.0621953700900331,0.06470023393888713,0.27836665413099543,0.12745862267029862,0.02896396483624697,9.463725872962938,0.008810043191594064,0.28614968765906224,9.427894703064071,0.008969302621983628,0.07498014879893966,0.07528726361155047,0.09836967879814507,ok
geo_plus_rawsurvey,terrain-area difficulty + raw survey-cost index,any_rentin,completed_t,farm_income,direct_geo_dev_main_trends,geo_dev_main,2772.0,130.0,8.0,2.0,,,0.11616280831694988,0.0635041485858505,0.0673672478412839,0.28087117781720755,0.12934241330862203,0.0298909877274669,9.456269947626708,0.008842947999556205,0.2860385294429252,8.866142548900436,0.011877953140648968,0.09864759697609027,0.09909115414783431,0.11938680724620898,ok
geo_plus_rawsurvey,terrain-area difficulty + raw survey-cost index,any_rentin,completed_t,farm_income,channel_rent_main,channel_rent_imp_main,2772.0,130.0,7.0,2.0,"BMrent_b14_asinh_rentin_miss,BIrent_b14_any_rentout_imp,BMrent_b14_any_rentout_miss,BIrent_b14_asinh_rentout_imp,BMrent_b14_asinh_rentout_miss",,0.080709944304386,0.06090118924521194,0.18508474458582436,0.1137046773143423,0.1163848561896179,0.32858330551332293,8.516599221445228,0.014146336249404645,0.25064328246377654,12.803836808263185,0.0016583727903753261,0.008875054253719372,0.008901571723037183,0.017658647527408644,ok
geo_plus_rawsurvey,terrain-area difficulty + raw survey-cost index,any_rentin,completed_t,farm_income,channel_land_main,channel_land_imp_main,2772.0,130.0,6.0,2.0,"BIland_b14_contract_land_mu_imp,BMland_b14_contract_land_mu_miss",,0.11914501191483234,0.06202516658825192,0.05474254830956915,0.2800175559252357,0.1253404621601374,0.025479417803466076,8.53291281672612,0.014031416771890237,0.2507911431265678,12.711842959047544,0.001736434372404356,0.07953089063792307,0.0797988773791296,0.10879130786259739,ok
geo_plus_rawsurvey,terrain-area difficulty + raw survey-cost index,any_rentin,completed_t,farm_income,channel_labor_cost_main,channel_labor_cost_imp_main,2772.0,130.0,8.0,2.0,"BMlabor_cost_b14_nonfarm_n_miss,BMlabor_cost_b14_nonfarm_any_miss",,0.11227791691885715,0.06065014867711211,0.06413518608105218,0.27866033747724533,0.12444579726777494,0.02514222216193418,8.544084761614846,0.013953256169171091,0.2518308311141092,13.44216475747564,0.0012052329891501022,0.0721684856393423,0.07251755375174684,0.09861834385197565,ok
geo_plus_rawsurvey,terrain-area difficulty + raw survey-cost index,any_rentin,completed_t,farm_income,channel_gov_mobility_main,channel_gov_mobility_imp_main,2772.0,130.0,7.0,2.0,BMgov_mobility_b14_mobility_ease_miss,,0.12089782685932905,0.06061073283194108,0.04607993428620416,0.281657296156962,0.1262180029337237,0.025647072083089917,8.54667594937009,0.013935190121562857,0.2549710628169922,11.934887974830172,0.0025607784430036976,0.07882945382276496,0.07914962310734808,0.10264913991626123,ok
geo_plus_rawsurvey,terrain-area difficulty + raw survey-cost index,any_rentin,completed_t,farm_income,geo_dev_main_plus_rent,"geo_dev_main,channel_rent_imp_main",2772.0,130.0,11.0,2.0,"BMrent_b14_asinh_rentin_miss,BIrent_b14_any_rentout_imp,BMrent_b14_any_rentout_miss,BIrent_b14_asinh_rentout_imp,BMrent_b14_asinh_rentout_miss",,0.0821975217121255,0.06846750377451419,0.22993226823624524,0.1478432211902463,0.13181293060184826,0.26202661953883943,9.523065342202889,0.008552491191024192,0.28542015144497157,11.690414965364308,0.0028937342506567816,0.013212766124981346,0.013327062191678674,0.018686148091914045,ok
geo_plus_rawsurvey,terrain-area difficulty + raw survey-cost index,any_rentin,completed_t,farm_income,geo_dev_main_plus_land,"geo_dev_main,channel_land_imp_main",2772.0,130.0,10.0,2.0,"BIland_b14_contract_land_mu_imp,BMland_b14_contract_land_mu_miss",,0.11811052742813481,0.0649812498896094,0.06912386141877547,0.2807922878578363,0.12768805825333587,0.027874443311652453,9.53032053436644,0.008521522412560989,0.2859255377160723,8.642949487301829,0.013280284079275782,0.10754090221288959,0.1081402486853551,0.1288308304618131,ok
geo_plus_rawsurvey,terrain-area difficulty + raw survey-cost index,any_rentin,completed_t,farm_income,geo_dev_main_plus_labor_cost,"geo_dev_main,channel_labor_cost_imp_main",2772.0,130.0,12.0,2.0,"BMlabor_cost_b14_nonfarm_n_miss,BMlabor_cost_b14_nonfarm_any_miss",,0.1114123301039338,0.06366302507381234,0.0801127948225484,0.2843137166299272,0.13134812396373205,0.03041975051567003,9.552908325914625,0.008425822655361737,0.28316360756420944,9.316234073730286,0.00948430419387713,0.09056648412173529,0.09121737930831997,0.10969922277058175,ok
geo_plus_rawsurvey,terrain-area difficulty + raw survey-cost index,any_rentin,completed_t,farm_income,geo_dev_main_plus_gov_mobility,"geo_dev_main,channel_gov_mobility_imp_main",2772.0,130.0,11.0,2.0,BMgov_mobility_b14_mobility_ease_miss,,0.11937521638313721,0.06332208851530201,0.059401956102150155,0.26883296122150824,0.12905579249588656,0.037244340957729216,10.066957574100973,0.006516102961379611,0.3013402196849093,7.93027847347603,0.018965395748742377,0.09810761107914712,0.09873250046097892,0.11295340767730455,ok
geo_plus_rawsurvey,terrain-area difficulty + raw survey-cost index,any_rentin,completed_t,farm_income,baseline_channels_imputed_main,baseline_channels_imp_main,2772.0,130.0,16.0,2.0,"BM_b14_asinh_rentin_miss,BI_b14_any_rentout_imp,BM_b14_any_rentout_miss,BI_b14_asinh_rentout_imp,BM_b14_asinh_rentout_miss,BI_b14_contract_land_mu_imp,BM_b14_contract_land_mu_miss,BM_b14_nonfarm_n_miss,BM_b14_nonfarm_any_miss,BM_b14_mobility_ease_miss",,0.08213395788806281,0.05960120603476509,0.1681851789951172,0.121510579514187,0.1109549640308202,0.27345783275084723,8.816097484449116,0.012178919371055974,0.25578822107916277,10.188368134275908,0.00613230814586009,0.01579444171712774,0.016026393934319816,0.02608999398353351,ok
geo_plus_rawsurvey,terrain-area difficulty + raw survey-cost index,any_rentin,completed_t,farm_income,geo_dev_main_plus_channels_main,"geo_dev_main,baseline_channels_imp_main",2772.0,130.0,20.0,2.0,"BM_b14_asinh_rentin_miss,BI_b14_any_rentout_imp,BM_b14_any_rentout_miss,BI_b14_asinh_rentout_imp,BM_b14_asinh_rentout_miss,BI_b14_contract_land_mu_imp,BM_b14_contract_land_mu_miss,BM_b14_nonfarm_n_miss,BM_b14_nonfarm_any_miss,BM_b14_mobility_ease_miss",,0.08381105657808038,0.0668162102206485,0.20971403855589532,0.1408404887599023,0.12739898950555367,0.2689399151070222,10.330740278764988,0.005710948600756827,0.2982535551419846,9.642439193498419,0.00805695490862509,0.017354774577933663,0.01768886414057813,0.02218917721396041,ok
geo_plus_rawsurvey,terrain-area difficulty + raw survey-cost index,any_rentin,completed_t,farm_income,geo_dev_main_channels_main_plus_Z,"lower_order_z,geo_dev_main,baseline_channels_imp_main",2772.0,130.0,22.0,2.0,"BM_b14_asinh_rentin_miss,BI_b14_any_rentout_imp,BM_b14_any_rentout_miss,BI_b14_asinh_rentout_imp,BM_b14_asinh_rentout_miss,BI_b14_contract_land_mu_imp,BM_b14_contract_land_mu_miss,BM_b14_nonfarm_n_miss,BM_b14_nonfarm_any_miss,BM_b14_mobility_ease_miss",,0.08378001237691358,0.06583667894019755,0.20318021600448066,0.14094621292513793,0.12199743548331134,0.2479589532372839,9.423826107867825,0.008987567424487475,0.30397645142329455,12.171581194078133,0.0022749650324725913,0.015431874421357072,0.015772844143065123,0.01423513160962997,ok
geo_plus_rawsurvey,terrain-area difficulty + raw survey-cost index,any_rentin,completed_t,farm_income,direct_geo_trends,geo_direct,2772.0,130.0,10.0,2.0,,,0.1073995880714461,0.05691528191008162,0.05915925960316448,0.10841860545564108,0.11034645005087898,0.3258392219230628,20.028561147095488,4.475620008081993e-05,0.3491245741729577,6.9505858720522316,0.03095276531492671,0.008589982382359418,0.008651329720902212,0.019182467623650612,ok
geo_plus_rawsurvey,terrain-area difficulty + raw survey-cost index,any_rentin,completed_t,farm_income,direct_geo_trends_plus_Z,"lower_order_z,geo_direct",2772.0,130.0,12.0,2.0,,,0.10133322553485703,0.056453402174905916,0.07265548183829051,0.059099390123271874,0.11039700454453073,0.5924181675443645,19.584910581196542,5.587154783803783e-05,0.36138163205547447,8.164815276082756,0.01686680755984237,0.004819821062155061,0.004866401233492579,0.009678056334540774,ok
geo_plus_rawsurvey,terrain-area difficulty + raw survey-cost index,any_rentin,completed_t,farm_income,direct_geo_dev_trends_plus_Z,"lower_order_z,geo_dev_direct",2772.0,130.0,14.0,2.0,,,0.09745370000993472,0.05782987771470755,0.09195402635967787,0.04769657588707235,0.11225114270305236,0.6709026557482234,19.430487151804883,6.035639952250982e-05,0.35824690867534303,5.781213152050546,0.05554251163547283,0.00899203553077832,0.009106791414394189,0.012185408663018205,ok
geo_plus_rawsurvey,terrain-area difficulty + raw survey-cost index,any_rentin,completed_t,farm_income,baseline_channels_plus_Z,"lower_order_z,baseline_channels",,,,,,,,,,,,,,,,,,,,,error: too few observations
geo_plus_rawsurvey,terrain-area difficulty + raw survey-cost index,any_rentin,completed_t,farm_income,full_exclusion_controls,"lower_order_z,geo_dev_direct,baseline_channels",,,,,,,,,,,,,,,,,,,,,error: too few observations
geo_plus_rawsurvey,terrain-area difficulty + raw survey-cost index,any_rentin,completed_t,baseline_bundle,baseline,none,2532.0,128.0,10.0,2.0,,,0.10788312833093061,0.06418620543788198,0.0928049344380304,0.3077769249600196,0.15390193404343208,0.04551917126302363,9.311559219920255,0.009506498990927925,0.24643439366432707,7.857207508236482,0.019671119106579864,0.8113174259475073,0.811754583541934,0.815693444048305,ok
geo_plus_rawsurvey,terrain-area difficulty + raw survey-cost index,any_rentin,completed_t,baseline_bundle,lower_order_Z,lower_order_z,2532.0,128.0,12.0,2.0,,,0.09411756220974005,0.06570535490696117,0.15202410330747673,0.18332877869007014,0.12633340274607224,0.1467379611402988,9.1702478882508,0.010202485171278086,0.2690894138543698,4.9545901441972635,0.0839700516153701,0.3749626323690771,0.3762120093885022,0.36418917658384875,ok
geo_plus_rawsurvey,terrain-area difficulty + raw survey-cost index,any_rentin,completed_t,baseline_bundle,direct_geo_main_trends,geo_main,2532.0,128.0,13.0,2.0,,,0.10165399504803461,0.06540533567288324,0.12013299024627377,0.26127613423238216,0.13498571560056694,0.05291872340888504,9.979153839497412,0.006808544443656417,0.2752884540763887,5.461358981069995,0.06517498883080311,0.731043558150811,0.7318045997853833,0.7355650622210861,ok
geo_plus_rawsurvey,terrain-area difficulty + raw survey-cost index,any_rentin,completed_t,baseline_bundle,direct_geo_dev_main_trends,geo_dev_main,2532.0,128.0,14.0,2.0,,,0.10178344195261788,0.0653235045381747,0.11919906088139665,0.261764978297883,0.13559105291000317,0.05353902647961406,9.969924358108589,0.006840036719225284,0.27513811673726174,5.483975649886457,0.06444211983571647,0.7447266485410087,0.7455013187140375,0.7456496448784335,ok
geo_plus_rawsurvey,terrain-area difficulty + raw survey-cost index,any_rentin,completed_t,baseline_bundle,channel_rent_main,channel_rent_imp_main,2532.0,128.0,13.0,2.0,"BMrent_b14_asinh_rentin_miss,BIrent_b14_any_rentout_imp,BMrent_b14_any_rentout_miss,BIrent_b14_asinh_rentout_imp,BMrent_b14_asinh_rentout_miss",,0.06987629661026074,0.06204233429579423,0.260052092523553,0.15266474370124727,0.11505287645392548,0.18453865325331797,9.386348998824811,0.00915756926666611,0.24590235209632327,5.02223073756538,0.081177645715805,0.3154791998339842,0.3168206197876722,0.3242739918025279,ok
geo_plus_rawsurvey,terrain-area difficulty + raw survey-cost index,any_rentin,completed_t,baseline_bundle,channel_land_main,channel_land_imp_main,2532.0,128.0,10.0,2.0,"BIland_b14_land_total_mu_imp,BMland_b14_land_total_mu_miss,BIland_b14_contract_land_mu_imp,BMland_b14_contract_land_mu_miss",,0.10788312833093061,0.06418620543788198,0.0928049344380304,0.3077769249600196,0.15390193404343208,0.04551917126302363,9.311559219920255,0.009506498990927925,0.24643439366432707,7.857207508236482,0.019671119106579864,0.8113174259475073,0.811754583541934,0.815693444048305,ok
geo_plus_rawsurvey,terrain-area difficulty + raw survey-cost index,any_rentin,completed_t,baseline_bundle,channel_labor_cost_main,channel_labor_cost_imp_main,2532.0,128.0,14.0,2.0,"BMlabor_cost_b14_nonfarm_n_miss,BMlabor_cost_b14_nonfarm_any_miss",,0.11005283126371838,0.06104152145159366,0.07140116187992884,0.3015268075261072,0.14972617742265876,0.04402476173538972,9.372545430858313,0.009220991442878912,0.24703006060861343,7.714996790462284,0.021120769308172076,0.7113948125085918,0.7122599612588713,0.8082504337469711,ok
geo_plus_rawsurvey,terrain-area difficulty + raw survey-cost index,any_rentin,completed_t,baseline_bundle,channel_gov_mobility_main,channel_gov_mobility_imp_main,2532.0,128.0,13.0,2.0,BMgov_mobility_b14_mobility_ease_miss,,0.11052564877706189,0.06440127726281225,0.08612494110557134,0.31210321846117883,0.15640729755598706,0.0459936296048411,9.488945046592923,0.008699649658272857,0.25232170354841454,7.3995880722505385,0.02472861914808404,0.7711173451169343,0.7717737576434612,0.7736497247652081,ok
geo_plus_rawsurvey,terrain-area difficulty + raw survey-cost index,any_rentin,completed_t,baseline_bundle,geo_dev_main_plus_rent,"geo_dev_main,channel_rent_imp_main",2532.0,128.0,17.0,2.0,"BMrent_b14_asinh_rentin_miss,BIrent_b14_any_rentout_imp,BMrent_b14_any_rentout_miss,BIrent_b14_asinh_rentout_imp,BMrent_b14_asinh_rentout_miss",,0.06632324449046575,0.06563739685813906,0.31228020389372046,0.13073162400259142,0.12254672132124565,0.2860666488196777,10.09577134066581,0.00642289922632,0.27477869360232887,5.096663236709897,0.07821204475003786,0.21882262860112311,0.22042136100393206,0.21593620979456896,ok
geo_plus_rawsurvey,terrain-area difficulty + raw survey-cost index,any_rentin,completed_t,baseline_bundle,geo_dev_main_plus_land,"geo_dev_main,channel_land_imp_main",2532.0,128.0,14.0,2.0,"BIland_b14_land_total_mu_imp,BMland_b14_land_total_mu_miss,BIland_b14_contract_land_mu_imp,BMland_b14_contract_land_mu_miss",,0.10178344195261788,0.0653235045381747,0.11919906088139665,0.261764978297883,0.13559105291000317,0.05353902647961406,9.969924358108589,0.006840036719225284,0.27513811673726174,5.483975649886457,0.06444211983571647,0.7447266485410087,0.7455013187140375,0.7456496448784335,ok
geo_plus_rawsurvey,terrain-area difficulty + raw survey-cost index,any_rentin,completed_t,baseline_bundle,geo_dev_main_plus_labor_cost,"geo_dev_main,channel_labor_cost_imp_main",2532.0,128.0,18.0,2.0,"BMlabor_cost_b14_nonfarm_n_miss,BMlabor_cost_b14_nonfarm_any_miss",,0.1043720132503249,0.06634118388048459,0.11565834017742072,0.266108558385938,0.13363917720940643,0.04645378206822581,9.97572016188324,0.006820243656935121,0.27549550318966887,5.819175952608056,0.054498179785382475,0.6810348909930309,0.6822179970119533,0.7458476944566339,ok
geo_plus_rawsurvey,terrain-area difficulty + raw survey-cost index,any_rentin,completed_t,baseline_bundle,geo_dev_main_plus_gov_mobility,"geo_dev_main,channel_gov_mobility_imp_main",2532.0,128.0,17.0,2.0,BMgov_mobility_b14_mobility_ease_miss,,0.1044926123774228,0.0655719595508975,0.1110354381980263,0.25116863940522166,0.13514309663053803,0.06309259048330307,10.697977214186475,0.0047529556749503765,0.29258699505217256,4.5962565043956065,0.10044667872823293,0.728895203135012,0.7298682026283962,0.7256105082067733,ok
geo_plus_rawsurvey,terrain-area difficulty + raw survey-cost index,any_rentin,completed_t,baseline_bundle,baseline_channels_imputed_main,baseline_channels_imp_main,2532.0,128.0,20.0,2.0,"BM_b14_asinh_rentin_miss,BI_b14_any_rentout_imp,BM_b14_any_rentout_miss,BI_b14_asinh_rentout_imp,BM_b14_asinh_rentout_miss,BI_b14_land_total_mu_imp,BM_b14_land_total_mu_miss,BI_b14_contract_land_mu_imp,BM_b14_contract_land_mu_miss,BM_b14_nonfarm_n_miss,BM_b14_nonfarm_any_miss,BM_b14_mobility_ease_miss",,0.07382175798606969,0.06202618985733892,0.23397928024695958,0.14507598238761696,0.11100712243419784,0.19124430753793997,9.642965896448693,0.008054833377031279,0.25221671446002314,3.7036305723976177,0.15695199476797383,0.2635616529859358,0.2655282251424228,0.3568940335263252,ok
geo_plus_rawsurvey,terrain-area difficulty + raw survey-cost index,any_rentin,completed_t,baseline_bundle,geo_dev_main_plus_channels_main,"geo_dev_main,baseline_channels_imp_main",2532.0,128.0,24.0,2.0,"BM_b14_asinh_rentin_miss,BI_b14_any_rentout_imp,BM_b14_any_rentout_miss,BI_b14_asinh_rentout_imp,BM_b14_asinh_rentout_miss,BI_b14_land_total_mu_imp,BM_b14_land_total_mu_miss,BI_b14_contract_land_mu_imp,BM_b14_contract_land_mu_miss,BM_b14_nonfarm_n_miss,BM_b14_nonfarm_any_miss,BM_b14_mobility_ease_miss",,0.06971656842639395,0.06476739836564753,0.28174190864059456,0.10910319491911008,0.12447332798209114,0.3807481355277582,10.870914668946133,0.004359240934049269,0.2923888853207347,3.5828003573106284,0.16672655918755486,0.0,0.0,0.23692393362749165,ok
geo_plus_rawsurvey,terrain-area difficulty + raw survey-cost index,any_rentin,completed_t,baseline_bundle,geo_dev_main_channels_main_plus_Z,"lower_order_z,geo_dev_main,baseline_channels_imp_main",2532.0,128.0,26.0,2.0,"BM_b14_asinh_rentin_miss,BI_b14_any_rentout_imp,BM_b14_any_rentout_miss,BI_b14_asinh_rentout_imp,BM_b14_asinh_rentout_miss,BI_b14_land_total_mu_imp,BM_b14_land_total_mu_miss,BI_b14_contract_land_mu_imp,BM_b14_contract_land_mu_miss,BM_b14_nonfarm_n_miss,BM_b14_nonfarm_any_miss,BM_b14_mobility_ease_miss",,0.06979640099754073,0.06208521633345039,0.26092681773729076,0.1104303681726887,0.10628587039431332,0.298807585600144,9.803373730914139,0.00743403227589623,0.29675628167474377,5.071304816286991,0.07921002513828389,6.382672168570025e-13,4.961586697049825e-13,0.19050290836248462,ok
geo_plus_rawsurvey,terrain-area difficulty + raw survey-cost index,any_rentin,completed_t,baseline_bundle,direct_geo_trends,geo_direct,2532.0,128.0,16.0,2.0,,,0.08963673292099947,0.060680956516535454,0.13962722750344536,0.06367068677260401,0.11201228083134496,0.5697457762199893,22.12295754416882,1.5705826935441536e-05,0.3393890711467976,4.36078010663106,0.11299744701467208,0.1116912679359291,0.11279249279495862,0.14435199793536269,ok
geo_plus_rawsurvey,terrain-area difficulty + raw survey-cost index,any_rentin,completed_t,baseline_bundle,direct_geo_trends_plus_Z,"lower_order_z,geo_direct",2532.0,128.0,18.0,2.0,,,0.08712100856017337,0.060390103447723595,0.14912270394496474,0.02344219308461412,0.11386803807830514,0.8368912245882725,21.487539111658418,2.157943984026911e-05,0.3516146603625451,5.805902426132931,0.05486107419160143,0.05497996444747921,0.055769569454727,0.07169654695775585,ok
geo_plus_rawsurvey,terrain-area difficulty + raw survey-cost index,any_rentin,completed_t,baseline_bundle,direct_geo_dev_trends_plus_Z,"lower_order_z,geo_dev_direct",2532.0,128.0,20.0,2.0,,,0.08572889741835428,0.061132747011891794,0.16081373634673057,0.019591685335605433,0.11575735567166867,0.8656016817741252,21.324846935526185,2.3408216429543494e-05,0.3493666126222129,4.366187469400066,0.11269235054835222,0.05997690097277031,0.06091888753701846,0.06516923076513848,ok
geo_plus_rawsurvey,terrain-area difficulty + raw survey-cost index,any_rentin,completed_t,baseline_bundle,baseline_channels_plus_Z,"lower_order_z,baseline_channels",,,,,,,,,,,,,,,,,,,,,error: too few observations
geo_plus_rawsurvey,terrain-area difficulty + raw survey-cost index,any_rentin,completed_t,baseline_bundle,full_exclusion_controls,"lower_order_z,geo_dev_direct,baseline_channels",,,,,,,,,,,,,,,,,,,,,error: too few observations
geo_plus_rawsurvey,terrain-area difficulty + raw survey-cost index,asinh_rentin,completed_t,farm_income,baseline,none,2766.0,130.0,4.0,2.0,,,0.23581902796749163,0.1236509800336107,0.056503195745820634,0.5878922504798738,0.23011420505594893,0.010625349710621457,8.443888896901683,0.01467009151726728,0.25100670821911963,9.889403818398351,0.007121037063356011,0.08012985493987779,0.08029057844206067,0.017530180526280303,ok
geo_plus_rawsurvey,terrain-area difficulty + raw survey-cost index,asinh_rentin,completed_t,farm_income,lower_order_Z,lower_order_z,2766.0,130.0,6.0,2.0,,,0.20413112796227875,0.11763285699262435,0.08268342099262016,0.31269396157486073,0.20437924089636583,0.12602433123487922,8.578100739064022,0.013717946093482647,0.2757476508019715,3.2696051558016377,0.19499086300499638,0.1820289137815243,0.18252133154492312,0.09273755258923788,ok
geo_plus_rawsurvey,terrain-area difficulty + raw survey-cost index,asinh_rentin,completed_t,farm_income,direct_geo_main_trends,geo_main,2766.0,130.0,7.0,2.0,,,0.23623911012674953,0.12110089376872231,0.05108527729089962,0.5698487675101334,0.26758530321848845,0.03320492719700652,9.466968518340806,0.008795770841845796,0.2863072604571729,5.665652908765769,0.058846292030870224,0.2052442365661571,0.2058513491979127,0.10811830227010344,ok
geo_plus_rawsurvey,terrain-area difficulty + raw survey-cost index,asinh_rentin,completed_t,farm_income,direct_geo_dev_main_trends,geo_dev_main,2766.0,130.0,8.0,2.0,,,0.24003588916459861,0.12454084184230003,0.0539339287323759,0.5753810169770869,0.2756947732641128,0.03688615907174886,9.459483142039208,0.008828752350403701,0.2861935940291699,5.232380733118418,0.0730807440249184,0.28947403211874434,0.29024963975347584,0.1920943010755759,ok
geo_plus_rawsurvey,terrain-area difficulty + raw survey-cost index,asinh_rentin,completed_t,farm_income,channel_rent_main,channel_rent_imp_main,2766.0,130.0,7.0,2.0,"BMrent_b14_asinh_rentin_miss,BIrent_b14_any_rentout_imp,BMrent_b14_any_rentout_miss,BIrent_b14_asinh_rentout_imp,BMrent_b14_asinh_rentout_miss",,0.21253025336092002,0.1585774747921849,0.18017065425284717,0.3301911676185727,0.24516989077604096,0.1780494394425789,8.518282545214106,0.01413443482656862,0.25068117846204474,7.643942824682598,0.021884614739806848,0.025373621963217574,0.025480061550652855,0.005339464635715108,ok
geo_plus_rawsurvey,terrain-area difficulty + raw survey-cost index,asinh_rentin,completed_t,farm_income,channel_land_main,channel_land_imp_main,2766.0,130.0,6.0,2.0,"BIland_b14_contract_land_mu_imp,BMland_b14_contract_land_mu_miss",,0.23640011293495217,0.12532728889798023,0.05925964620686819,0.5824270750040219,0.22853764981360472,0.010818881445636253,8.534329620880381,0.014021480406990139,0.25082192751982146,9.667469613199764,0.007956748785457119,0.08094618597401404,0.08121893383589218,0.018295426157446393,ok
geo_plus_rawsurvey,terrain-area difficulty + raw survey-cost index,asinh_rentin,completed_t,farm_income,channel_labor_cost_main,channel_labor_cost_imp_main,2766.0,130.0,8.0,2.0,"BMlabor_cost_b14_nonfarm_n_miss,BMlabor_cost_b14_nonfarm_any_miss",,0.22131358885949814,0.1230552270100516,0.07209940012317073,0.5683957553199821,0.22496788745394902,0.011518441447280203,8.545618045290738,0.013942563118609974,0.25184020121521,9.082261344604408,0.010661345248339497,0.08571272104964367,0.08611312259630921,0.019238410004078554,ok
geo_plus_rawsurvey,terrain-area difficulty + raw survey-cost index,asinh_rentin,completed_t,farm_income,channel_gov_mobility_main,channel_gov_mobility_imp_main,2766.0,130.0,7.0,2.0,BMgov_mobility_b14_mobility_ease_miss,,0.2498653014099065,0.12120908778346885,0.03926105101663224,0.6087991309618569,0.24336158602160957,0.012362521820003414,8.548721355908175,0.01392094584214787,0.25501845594464123,10.951548439388219,0.0041869856480396235,0.05786073535421121,0.058106188368799994,0.010839332055221917,ok
geo_plus_rawsurvey,terrain-area difficulty + raw survey-cost index,asinh_rentin,completed_t,farm_income,geo_dev_main_plus_rent,"geo_dev_main,channel_rent_imp_main",2766.0,130.0,11.0,2.0,"BMrent_b14_asinh_rentin_miss,BIrent_b14_any_rentout_imp,BMrent_b14_any_rentout_miss,BIrent_b14_asinh_rentout_imp,BMrent_b14_asinh_rentout_miss",,0.2215474254074513,0.16877448100819745,0.18928972172723557,0.43850846140921607,0.31477993841911955,0.16360057141609463,9.52609645782736,0.008539539213400116,0.2855766898251766,4.190209828324138,0.12305733251977143,0.12409517032020023,0.12482120926785856,0.06758531582842164,ok
geo_plus_rawsurvey,terrain-area difficulty + raw survey-cost index,asinh_rentin,completed_t,farm_income,geo_dev_main_plus_land,"geo_dev_main,channel_land_imp_main",2766.0,130.0,10.0,2.0,"BIland_b14_contract_land_mu_imp,BMland_b14_contract_land_mu_miss",,0.24110232149765642,0.12628637182735236,0.056239992409830464,0.5713985745511765,0.2737856103894225,0.03688549144406461,9.534007525579426,0.0085058274946338,0.28607885681283407,5.183962932803819,0.07487153757138662,0.29666351343232056,0.2976185553282139,0.2010631645770844,ok
geo_plus_rawsurvey,terrain-area difficulty + raw survey-cost index,asinh_rentin,completed_t,farm_income,geo_dev_main_plus_labor_cost,"geo_dev_main,channel_labor_cost_imp_main",2766.0,130.0,12.0,2.0,"BMlabor_cost_b14_nonfarm_n_miss,BMlabor_cost_b14_nonfarm_any_miss",,0.22736497191773225,0.12382796292802897,0.06633755546900932,0.5612052017460205,0.27415264606698614,0.040652807521748935,9.554845189081782,0.008417666772429389,0.2832358937370485,4.920553603360492,0.08541130570201728,0.2841986364216903,0.28532077689041146,0.18553044029202348,ok
geo_plus_rawsurvey,terrain-area difficulty + raw survey-cost index,asinh_rentin,completed_t,farm_income,geo_dev_main_plus_gov_mobility,"geo_dev_main,channel_gov_mobility_imp_main",2766.0,130.0,11.0,2.0,BMgov_mobility_b14_mobility_ease_miss,,0.25411022932035543,0.12343711832613544,0.039530570805669685,0.5832059975245067,0.27482386695679367,0.03382864810870556,10.070346502708224,0.006505071006778995,0.3015105604442535,6.320389542292488,0.042417478574965854,0.2156837036745335,0.21663823571149776,0.12211664789003818,ok
geo_plus_rawsurvey,terrain-area difficulty + raw survey-cost index,asinh_rentin,completed_t,farm_income,baseline_channels_imputed_main,baseline_channels_imp_main,2766.0,130.0,16.0,2.0,"BM_b14_asinh_rentin_miss,BI_b14_any_rentout_imp,BM_b14_any_rentout_miss,BI_b14_asinh_rentout_imp,BM_b14_asinh_rentout_miss,BI_b14_contract_land_mu_imp,BM_b14_contract_land_mu_miss,BM_b14_nonfarm_n_miss,BM_b14_nonfarm_any_miss,BM_b14_mobility_ease_miss",,0.23238496566779993,0.15043990469049293,0.12241812924573203,0.39676109843925655,0.25493252789904314,0.11962781643946796,8.819139607958823,0.012160408564194314,0.2558440225692522,7.743930276646938,0.02081742009282143,0.030097754849065073,0.03049709076158269,0.008117808873675636,ok
geo_plus_rawsurvey,terrain-area difficulty + raw survey-cost index,asinh_rentin,completed_t,farm_income,geo_dev_main_plus_channels_main,"geo_dev_main,baseline_channels_imp_main",2766.0,130.0,20.0,2.0,"BM_b14_asinh_rentin_miss,BI_b14_any_rentout_imp,BM_b14_any_rentout_miss,BI_b14_asinh_rentout_imp,BM_b14_asinh_rentout_miss,BI_b14_contract_land_mu_imp,BM_b14_contract_land_mu_miss,BM_b14_nonfarm_n_miss,BM_b14_nonfarm_any_miss,BM_b14_mobility_ease_miss",,0.2449630325349309,0.16342449698782985,0.13388996495826744,0.4964102265249648,0.3162338112891585,0.11647166392361608,10.333058120907282,0.00570433389578795,0.29836624181645854,5.122624654235232,0.0772033578741932,0.1115035296213287,0.1127719952166788,0.05990966491852301,ok
geo_plus_rawsurvey,terrain-area difficulty + raw survey-cost index,asinh_rentin,completed_t,farm_income,geo_dev_main_channels_main_plus_Z,"lower_order_z,geo_dev_main,baseline_channels_imp_main",2766.0,130.0,22.0,2.0,"BM_b14_asinh_rentin_miss,BI_b14_any_rentout_imp,BM_b14_any_rentout_miss,BI_b14_asinh_rentout_imp,BM_b14_asinh_rentout_miss,BI_b14_contract_land_mu_imp,BM_b14_contract_land_mu_miss,BM_b14_nonfarm_n_miss,BM_b14_nonfarm_any_miss,BM_b14_mobility_ease_miss",,0.2384516541619531,0.16304313968203427,0.14360246009747613,0.4808960506698653,0.30475276602870044,0.1145684850599975,9.423606547867351,0.008988554133800952,0.30391393160774705,5.161174791655159,0.07572950775878279,0.14229713500555874,0.14388389416069503,0.0720754511094126,ok
geo_plus_rawsurvey,terrain-area difficulty + raw survey-cost index,asinh_rentin,completed_t,farm_income,direct_geo_trends,geo_direct,2766.0,130.0,10.0,2.0,,,0.24560767853472723,0.11594879217935446,0.03415452158706023,0.2884708563058096,0.20916118194386965,0.1678393551623798,20.081993901854023,4.35763079507101e-05,0.3494807094096706,3.687771322926903,0.15820151274492042,0.04548659838853186,0.04580041884639752,0.03216503573833318,ok
geo_plus_rawsurvey,terrain-area difficulty + raw survey-cost index,asinh_rentin,completed_t,farm_income,direct_geo_trends_plus_Z,"lower_order_z,geo_direct",2766.0,130.0,12.0,2.0,,,0.22424214744009838,0.113730335671619,0.048643818865474975,0.16175685220739677,0.21099341574444808,0.44329316225116555,19.623505486443783,5.4803705744510545e-05,0.36165743169286524,2.143902990746765,0.3423397906048029,0.08241132485094393,0.08302325115264442,0.07526906302133196,ok
geo_plus_rawsurvey,terrain-area difficulty + raw survey-cost index,asinh_rentin,completed_t,farm_income,direct_geo_dev_trends_plus_Z,"lower_order_z,geo_dev_direct",2766.0,130.0,14.0,2.0,,,0.22320783577372885,0.11818850354643505,0.05894881914086647,0.15951905200423488,0.21459657096672896,0.4572734995142431,19.469889039297897,5.9178957928840425e-05,0.35854895937345665,1.893196380148865,0.3880588831899873,0.0914140775391652,0.09218871463558354,0.08225813973275686,ok
geo_plus_rawsurvey,terrain-area difficulty + raw survey-cost index,asinh_rentin,completed_t,farm_income,baseline_channels_plus_Z,"lower_order_z,baseline_channels",,,,,,,,,,,,,,,,,,,,,error: too few observations
geo_plus_rawsurvey,terrain-area difficulty + raw survey-cost index,asinh_rentin,completed_t,farm_income,full_exclusion_controls,"lower_order_z,geo_dev_direct,baseline_channels",,,,,,,,,,,,,,,,,,,,,error: too few observations
geo_plus_rawsurvey,terrain-area difficulty + raw survey-cost index,asinh_rentin,completed_t,baseline_bundle,baseline,none,2526.0,128.0,10.0,2.0,,,0.23418469579980117,0.13140598153756533,0.07472536227484072,0.6170689653642412,0.2591287568503711,0.017250633492559952,9.312957713847673,0.00949985392391528,0.24646163517667852,10.910818467699755,0.004273127715342496,0.36493741480410313,0.3660010416436865,0.1963303321764055,ok
geo_plus_rawsurvey,terrain-area difficulty + raw survey-cost index,asinh_rentin,completed_t,baseline_bundle,lower_order_Z,lower_order_z,2526.0,128.0,12.0,2.0,,,0.19568515555629842,0.12531120003820787,0.1183837815214539,0.29250792409593895,0.20987489496159095,0.16340061184460142,9.168565777392265,0.01021106963632279,0.26902226310934674,2.1248527733657694,0.3456161935950236,0.539872172979284,0.5409674556781793,0.43855102293531256,ok
geo_plus_rawsurvey,terrain-area difficulty + raw survey-cost index,asinh_rentin,completed_t,baseline_bundle,direct_geo_main_trends,geo_main,2526.0,128.0,13.0,2.0,,,0.22903539052646332,0.12583964962759864,0.06875025804025592,0.49179518662458044,0.2445372756597644,0.044312186863153524,9.982007417282755,0.00679883701494155,0.2754504950552168,4.9840610587483205,0.08274178625795295,0.609867088319284,0.610911962769666,0.4988401053124486,ok
geo_plus_rawsurvey,terrain-area difficulty + raw survey-cost index,asinh_rentin,completed_t,baseline_bundle,direct_geo_dev_main_trends,geo_dev_main,2526.0,128.0,14.0,2.0,,,0.23152284898916153,0.12794042228377472,0.07035558284307908,0.4955299077091734,0.250354070582087,0.04778039877146645,9.972646330446757,0.006830733855824556,0.275296563351077,4.709431922176706,0.09492046381121806,0.7049386032798008,0.7058229229507185,0.626335497059126,ok
geo_plus_rawsurvey,terrain-area difficulty + raw survey-cost index,asinh_rentin,completed_t,baseline_bundle,channel_rent_main,channel_rent_imp_main,2526.0,128.0,13.0,2.0,"BMrent_b14_asinh_rentin_miss,BIrent_b14_any_rentout_imp,BMrent_b14_any_rentout_miss,BIrent_b14_asinh_rentout_imp,BMrent_b14_asinh_rentout_miss",,0.2085750619593542,0.1514580746703505,0.16847695000048346,0.4069871513659016,0.2420350361317608,0.09266163636968394,9.387957852526721,0.009150205634207431,0.24593368571886387,8.809266197532123,0.012220589341706315,0.15220536865665135,0.15326102881699244,0.06344082158812303,ok
geo_plus_rawsurvey,terrain-area difficulty + raw survey-cost index,asinh_rentin,completed_t,baseline_bundle,channel_land_main,channel_land_imp_main,2526.0,128.0,10.0,2.0,"BIland_b14_land_total_mu_imp,BMland_b14_land_total_mu_miss,BIland_b14_contract_land_mu_imp,BMland_b14_contract_land_mu_miss",,0.23418469579980117,0.13140598153756533,0.07472536227484072,0.6170689653642412,0.2591287568503711,0.017250633492559952,9.312957713847673,0.00949985392391528,0.24646163517667852,10.910818467699755,0.004273127715342496,0.36493741480410313,0.3660010416436865,0.1963303321764055,ok
geo_plus_rawsurvey,terrain-area difficulty + raw survey-cost index,asinh_rentin,completed_t,baseline_bundle,channel_labor_cost_main,channel_labor_cost_imp_main,2526.0,128.0,14.0,2.0,"BMlabor_cost_b14_nonfarm_n_miss,BMlabor_cost_b14_nonfarm_any_miss",,0.23572032295311382,,,0.5890202324519686,0.24625719849963415,0.01676184627910482,9.34052978630387,0.009369787205779745,0.2470279296901955,9.970218950937188,0.006839029280540758,0.013450916816451941,0.013634687456823391,0.21808843906938602,ok
geo_plus_rawsurvey,terrain-area difficulty + raw survey-cost index,asinh_rentin,completed_t,baseline_bundle,channel_gov_mobility_main,channel_gov_mobility_imp_main,2526.0,128.0,13.0,2.0,BMgov_mobility_b14_mobility_ease_miss,,0.24601256442197156,0.12920525543416797,0.05690438037325696,0.645829665814331,0.27803886633596403,0.020189708279444663,9.491123080696397,0.008690180748288867,0.252369836738655,11.534076318388445,0.003129011436832461,0.2572095879591153,0.25850605663052373,0.11388583147271047,ok
geo_plus_rawsurvey,terrain-area difficulty + raw survey-cost index,asinh_rentin,completed_t,baseline_bundle,geo_dev_main_plus_rent,"geo_dev_main,channel_rent_imp_main",2526.0,128.0,17.0,2.0,"BMrent_b14_asinh_rentin_miss,BIrent_b14_any_rentout_imp,BMrent_b14_any_rentout_miss,BIrent_b14_asinh_rentout_imp,BMrent_b14_asinh_rentout_miss",,0.21021422606864548,0.15473198792378426,0.17428290901762056,0.3814007107313768,0.25811959667141143,0.13951155965409967,10.098321983877726,0.0064147131851909345,0.27494087325065597,4.419348962152842,0.10973636396524408,0.30136284207309394,0.3030857147411251,0.2063968273594201,ok
geo_plus_rawsurvey,terrain-area difficulty + raw survey-cost index,asinh_rentin,completed_t,baseline_bundle,geo_dev_main_plus_land,"geo_dev_main,channel_land_imp_main",2526.0,128.0,14.0,2.0,"BIland_b14_land_total_mu_imp,BMland_b14_land_total_mu_miss,BIland_b14_contract_land_mu_imp,BMland_b14_contract_land_mu_miss",,0.23152284898916153,0.12794042228377472,0.07035558284307908,0.4955299077091734,0.250354070582087,0.04778039877146645,9.972646330446757,0.006830733855824556,0.275296563351077,4.709431922176706,0.09492046381121806,0.7049386032798008,0.7058229229507185,0.626335497059126,ok
geo_plus_rawsurvey,terrain-area difficulty + raw survey-cost index,asinh_rentin,completed_t,baseline_bundle,geo_dev_main_plus_labor_cost,"geo_dev_main,channel_labor_cost_imp_main",2526.0,128.0,18.0,2.0,"BMlabor_cost_b14_nonfarm_n_miss,BMlabor_cost_b14_nonfarm_any_miss",,0.2334008651004868,0.1268937401216511,0.0658650389302049,0.48469500461144815,0.24355681071742322,0.04658326917036293,9.969163446106025,0.006842639547343543,0.27559103263517826,4.531622132115967,0.10374585566591037,0.719451040034765,0.7205102847637097,0.6499481865017107,ok
geo_plus_rawsurvey,terrain-area difficulty + raw survey-cost index,asinh_rentin,completed_t,baseline_bundle,geo_dev_main_plus_gov_mobility,"geo_dev_main,channel_gov_mobility_imp_main",2526.0,128.0,17.0,2.0,BMgov_mobility_b14_mobility_ease_miss,,0.24371960109499352,0.1273891829175215,0.05572384351778581,0.5045258484596173,0.25171486088806394,0.04503208503637546,10.70066874195006,0.004746563620933619,0.2927663229502022,5.322404336649812,0.0698641827327307,0.5553065118624725,0.5567704666925,0.4422605028678398,ok
geo_plus_rawsurvey,terrain-area difficulty + raw survey-cost index,asinh_rentin,completed_t,baseline_bundle,baseline_channels_imputed_main,baseline_channels_imp_main,2526.0,128.0,20.0,2.0,"BM_b14_asinh_rentin_miss,BI_b14_any_rentout_imp,BM_b14_any_rentout_miss,BI_b14_asinh_rentout_imp,BM_b14_asinh_rentout_miss,BI_b14_land_total_mu_imp,BM_b14_land_total_mu_miss,BI_b14_contract_land_mu_imp,BM_b14_contract_land_mu_miss,BM_b14_nonfarm_n_miss,BM_b14_nonfarm_any_miss,BM_b14_mobility_ease_miss",,0.2202453924264742,,,0.41262743828390774,0.24302648731754023,0.08953225683070065,9.618014458419804,0.008155952671358935,0.25224881325115023,7.669944381453136,0.021601939196056685,5.006218477787705e-05,5.103272719053642e-05,0.05157576703542688,ok
geo_plus_rawsurvey,terrain-area difficulty + raw survey-cost index,asinh_rentin,completed_t,baseline_bundle,geo_dev_main_plus_channels_main,"geo_dev_main,baseline_channels_imp_main",2526.0,128.0,24.0,2.0,"BM_b14_asinh_rentin_miss,BI_b14_any_rentout_imp,BM_b14_any_rentout_miss,BI_b14_asinh_rentout_imp,BM_b14_asinh_rentout_miss,BI_b14_land_total_mu_imp,BM_b14_land_total_mu_miss,BI_b14_contract_land_mu_imp,BM_b14_contract_land_mu_miss,BM_b14_nonfarm_n_miss,BM_b14_nonfarm_any_miss,BM_b14_mobility_ease_miss",,0.2214754344206598,0.17646105773948267,0.20944418657319952,0.3743202951003398,0.263174063570423,0.15493055173503523,10.894675542768402,0.004307757674508417,0.2925148801630659,4.95552454445858,0.08393082995917882,0.00011548768390090558,0.00011959527108040824,0.1275588958956182,ok
geo_plus_rawsurvey,terrain-area difficulty + raw survey-cost index,asinh_rentin,completed_t,baseline_bundle,geo_dev_main_channels_main_plus_Z,"lower_order_z,geo_dev_main,baseline_channels_imp_main",2526.0,128.0,26.0,2.0,"BM_b14_asinh_rentin_miss,BI_b14_any_rentout_imp,BM_b14_any_rentout_miss,BI_b14_asinh_rentout_imp,BM_b14_asinh_rentout_miss,BI_b14_land_total_mu_imp,BM_b14_land_total_mu_miss,BI_b14_contract_land_mu_imp,BM_b14_contract_land_mu_miss,BM_b14_nonfarm_n_miss,BM_b14_nonfarm_any_miss,BM_b14_mobility_ease_miss",,0.2155685860952531,0.14848348014562804,0.1465567188845982,0.358806788401435,0.25735568399689424,0.16325546569667182,9.879389326548734,0.0071567832675022425,0.29673237510899697,4.256828105643273,0.11902591305378929,6.502375330541543e-05,6.770825947233217e-05,0.19779423213747593,ok
geo_plus_rawsurvey,terrain-area difficulty + raw survey-cost index,asinh_rentin,completed_t,baseline_bundle,direct_geo_trends,geo_direct,2526.0,128.0,16.0,2.0,,,0.24039076952682684,0.12008686998818623,0.04530546362590249,0.20493691357888894,0.19051554573051213,0.2820629948536233,22.187393891942516,1.5207878440004485e-05,0.33977868119173527,3.198040342777535,0.20209443892795664,0.15116159803241214,0.15245866780778727,0.10276903533288118,ok
geo_plus_rawsurvey,terrain-area difficulty + raw survey-cost index,asinh_rentin,completed_t,baseline_bundle,direct_geo_trends_plus_Z,"lower_order_z,geo_direct",2526.0,128.0,18.0,2.0,,,0.22053447770866538,0.11875030875016789,0.06329300016949424,0.07776829425404552,0.20554075465856875,0.7051635606401265,21.532674969839533,2.109789079252078e-05,0.35187334309672236,1.3637141533312291,0.5056770388236957,0.23967789252157612,0.24141839377251917,0.21533923354894102,ok
geo_plus_rawsurvey,terrain-area difficulty + raw survey-cost index,asinh_rentin,completed_t,baseline_bundle,direct_geo_dev_trends_plus_Z,"lower_order_z,geo_dev_direct",2526.0,128.0,20.0,2.0,,,0.22306533403198964,0.1220668575164217,0.06763920796403688,0.08773131746283576,0.2109546502370229,0.6774995581986913,21.372152087261966,2.2861048291411556e-05,0.34965991673806496,1.3951500844806646,0.49779096342320006,0.20638273858341316,0.2082262061888821,0.17894584893570054,ok
geo_plus_rawsurvey,terrain-area difficulty + raw survey-cost index,asinh_rentin,completed_t,baseline_bundle,baseline_channels_plus_Z,"lower_order_z,baseline_channels",,,,,,,,,,,,,,,,,,,,,error: too few observations
geo_plus_rawsurvey,terrain-area difficulty + raw survey-cost index,asinh_rentin,completed_t,baseline_bundle,full_exclusion_controls,"lower_order_z,geo_dev_direct,baseline_channels",,,,,,,,,,,,,,,,,,,,,error: too few observations
geo_plus_net,terrain-area difficulty + net-distance survey difficulty,any_rentin,completed_t,farm_income,baseline,none,2772.0,130.0,4.0,2.0,,,0.11752845247599548,0.060613244013228484,0.052502599092824065,0.2859035968936351,0.1255057722194329,0.022725890318275876,8.638564130612817,0.01330943541866103,0.2590722176794511,12.930324207752507,0.001556738885366904,0.0896776678584551,0.08985858000563351,0.11773270756646614,ok
geo_plus_net,terrain-area difficulty + net-distance survey difficulty,any_rentin,completed_t,farm_income,lower_order_Z,lower_order_z,2772.0,130.0,6.0,2.0,,,0.1054171207649392,0.06113197189768165,0.08463226860650108,0.17892743123279353,0.10873461194459873,0.09985797428116028,8.88915562537983,0.01174206233433639,0.2846876047621085,11.31546062067848,0.003490430107676743,0.036979301974468415,0.037104075289545846,0.040364148420215296,ok
geo_plus_net,terrain-area difficulty + net-distance survey difficulty,any_rentin,completed_t,farm_income,direct_geo_main_trends,geo_main,2772.0,130.0,7.0,2.0,,,0.11489498382976063,0.0621953700900331,0.06470023393888713,0.28312104204820754,0.12723839353460434,0.02607299999342838,9.682490766972895,0.007897212866347925,0.29450529824025096,9.421483462418351,0.008998100934317228,0.08611729703216198,0.08646130407092856,0.10799483370146201,ok
geo_plus_net,terrain-area difficulty + net-distance survey difficulty,any_rentin,completed_t,farm_income,direct_geo_dev_main_trends,geo_dev_main,2772.0,130.0,8.0,2.0,,,0.11616280831694988,0.0635041485858505,0.0673672478412839,0.28497921353791433,0.12867927136123392,0.026784275972526528,9.679825252911984,0.007907744949111284,0.2945648885916007,8.868641428854074,0.011863121618629985,0.11334007478151686,0.11382915675692784,0.13158994622979625,ok
geo_plus_net,terrain-area difficulty + net-distance survey difficulty,any_rentin,completed_t,farm_income,channel_rent_main,channel_rent_imp_main,2772.0,130.0,7.0,2.0,"BMrent_b14_asinh_rentin_miss,BIrent_b14_any_rentout_imp,BMrent_b14_any_rentout_miss,BIrent_b14_asinh_rentout_imp,BMrent_b14_asinh_rentout_miss",,0.080709944304386,0.06090118924521194,0.18508474458582436,0.12378395298799083,0.11592270137097781,0.2856041509401779,8.714931109655438,0.01281081484754365,0.25876966371149934,12.381191606452855,0.0020486058236360433,0.00999491236115102,0.01002679474363144,0.019328207217481408,ok
geo_plus_net,terrain-area difficulty + net-distance survey difficulty,any_rentin,completed_t,farm_income,channel_land_main,channel_land_imp_main,2772.0,130.0,6.0,2.0,"BIland_b14_contract_land_mu_imp,BMland_b14_contract_land_mu_miss",,0.11914501191483234,0.06202516658825192,0.05474254830956915,0.28506554784126725,0.12536865690583915,0.022976912765259705,8.731926357907438,0.012702414582867916,0.2588976537672216,12.505039662123838,0.0019255958415432238,0.093073714307632,0.09338015512212683,0.12137201394825714,ok
geo_plus_net,terrain-area difficulty + net-distance survey difficulty,any_rentin,completed_t,farm_income,channel_labor_cost_main,channel_labor_cost_imp_main,2772.0,130.0,8.0,2.0,"BMlabor_cost_b14_nonfarm_n_miss,BMlabor_cost_b14_nonfarm_any_miss",,0.11227791691885715,0.06065014867711211,0.06413518608105218,0.28417361971318433,0.12458832586202027,0.022554314007398713,8.743840935623574,0.012626967582918813,0.2599948335857496,13.312836368246991,0.001285743428787374,0.0840726359716143,0.0844663031610603,0.1097243272765458,ok
geo_plus_net,terrain-area difficulty + net-distance survey difficulty,any_rentin,completed_t,farm_income,channel_gov_mobility_main,channel_gov_mobility_imp_main,2772.0,130.0,7.0,2.0,BMgov_mobility_b14_mobility_ease_miss,,0.12089782685932905,0.06061073283194108,0.04607993428620416,0.28609530820573004,0.12597066199346077,0.023139321430232007,8.757561061567879,0.012540642227382603,0.26341119328243057,11.766600435307994,0.0027855770782174265,0.09388820195769243,0.09425641161885479,0.11716075241128732,ok
geo_plus_net,terrain-area difficulty + net-distance survey difficulty,any_rentin,completed_t,farm_income,geo_dev_main_plus_rent,"geo_dev_main,channel_rent_imp_main",2772.0,130.0,11.0,2.0,"BMrent_b14_asinh_rentin_miss,BIrent_b14_any_rentout_imp,BMrent_b14_any_rentout_miss,BIrent_b14_asinh_rentout_imp,BMrent_b14_asinh_rentout_miss",,0.0821975217121255,0.06846750377451419,0.22993226823624524,0.1557836697424112,0.13197970405070927,0.23785674376482246,9.744754018105684,0.007655147289891362,0.2939253031733311,11.439608553235797,0.0032803528812767892,0.015070034505352825,0.015200197626827672,0.020486062395218996,ok
geo_plus_net,terrain-area difficulty + net-distance survey difficulty,any_rentin,completed_t,farm_income,geo_dev_main_plus_land,"geo_dev_main,channel_land_imp_main",2772.0,130.0,10.0,2.0,"BIland_b14_contract_land_mu_imp,BMland_b14_contract_land_mu_miss",,0.11811052742813481,0.0649812498896094,0.06912386141877547,0.28481196359280725,0.12704174727004894,0.02496932681131847,9.755338883937608,0.007614739957263361,0.2944629044825733,8.653315479763162,0.013211630486296819,0.12270996427860137,0.12336160970333854,0.14127862308615258,ok
geo_plus_net,terrain-area difficulty + net-distance survey difficulty,any_rentin,completed_t,farm_income,geo_dev_main_plus_labor_cost,"geo_dev_main,channel_labor_cost_imp_main",2772.0,130.0,12.0,2.0,"BMlabor_cost_b14_nonfarm_n_miss,BMlabor_cost_b14_nonfarm_any_miss",,0.1114123301039338,0.06366302507381234,0.0801127948225484,0.2889719043893356,0.1307783986249212,0.027130834792615133,9.782834089177824,0.007510771831974461,0.29191939472190964,9.391211899727908,0.009135330138363268,0.1030904637281348,0.10379859303632033,0.11990829602473008,ok
geo_plus_net,terrain-area difficulty + net-distance survey difficulty,any_rentin,completed_t,farm_income,geo_dev_main_plus_gov_mobility,"geo_dev_main,channel_gov_mobility_imp_main",2772.0,130.0,11.0,2.0,BMgov_mobility_b14_mobility_ease_miss,,0.11937521638313721,0.06332208851530201,0.059401956102150155,0.27219308352160787,0.12808655812820524,0.033580654211993854,10.361401426931478,0.005624064175875354,0.3102477268999826,7.932673346077493,0.018942699486790986,0.11231153449026299,0.11299319908593863,0.12510272511113196,ok
geo_plus_net,terrain-area difficulty + net-distance survey difficulty,any_rentin,completed_t,farm_income,baseline_channels_imputed_main,baseline_channels_imp_main,2772.0,130.0,16.0,2.0,"BM_b14_asinh_rentin_miss,BI_b14_any_rentout_imp,BM_b14_any_rentout_miss,BI_b14_asinh_rentout_imp,BM_b14_asinh_rentout_miss,BI_b14_contract_land_mu_imp,BM_b14_contract_land_mu_miss,BM_b14_nonfarm_n_miss,BM_b14_nonfarm_any_miss,BM_b14_mobility_ease_miss",,0.08213395788806281,0.05960120603476509,0.1681851789951172,0.13073869879445985,0.11076352174991483,0.23786471529045627,9.036822160435376,0.010906339206528837,0.2643497818441306,10.066830881562694,0.006516515745265515,0.017350346227782976,0.017601986466475483,0.02816382630253056,ok
geo_plus_net,terrain-area difficulty + net-distance survey difficulty,any_rentin,completed_t,farm_income,geo_dev_main_plus_channels_main,"geo_dev_main,baseline_channels_imp_main",2772.0,130.0,20.0,2.0,"BM_b14_asinh_rentin_miss,BI_b14_any_rentout_imp,BM_b14_any_rentout_miss,BI_b14_asinh_rentout_imp,BM_b14_asinh_rentout_miss,BI_b14_contract_land_mu_imp,BM_b14_contract_land_mu_miss,BM_b14_nonfarm_n_miss,BM_b14_nonfarm_any_miss,BM_b14_mobility_ease_miss",,0.08381105657808038,0.0668162102206485,0.20971403855589532,0.14821732957531245,0.1275307132370203,0.24515062155211798,10.634707514755226,0.004905718284807681,0.3074128885149944,9.657412339100741,0.00799686115794715,0.018860911665742663,0.01921870205955256,0.023427812572088147,ok
geo_plus_net,terrain-area difficulty + net-distance survey difficulty,any_rentin,completed_t,farm_income,geo_dev_main_channels_main_plus_Z,"lower_order_z,geo_dev_main,baseline_channels_imp_main",2772.0,130.0,22.0,2.0,"BM_b14_asinh_rentin_miss,BI_b14_any_rentout_imp,BM_b14_any_rentout_miss,BI_b14_asinh_rentout_imp,BM_b14_asinh_rentout_miss,BI_b14_contract_land_mu_imp,BM_b14_contract_land_mu_miss,BM_b14_nonfarm_n_miss,BM_b14_nonfarm_any_miss,BM_b14_mobility_ease_miss",,0.08378001237691347,0.06583667894019699,0.20318021600447755,0.1497195085720333,0.1217282785105923,0.2187164060608342,9.826643915096486,0.007348037872284885,0.3129806326434379,12.668478861839267,0.0017744949514803122,0.016670652574252598,0.017033955211003593,0.01462880495607699,ok
geo_plus_net,terrain-area difficulty + net-distance survey difficulty,any_rentin,completed_t,farm_income,direct_geo_trends,geo_direct,2772.0,130.0,10.0,2.0,,,0.1073995880714461,0.05691528191008162,0.05915925960316448,0.11733686614165645,0.10946020956098489,0.2837384095580764,20.648079398220773,3.283420669009107e-05,0.3514739728777482,7.180324164925824,0.027593857580376524,0.007330087449190503,0.007381367101999214,0.01677897373396342,ok
geo_plus_net,terrain-area difficulty + net-distance survey difficulty,any_rentin,completed_t,farm_income,direct_geo_trends_plus_Z,"lower_order_z,geo_direct",2772.0,130.0,12.0,2.0,,,0.1013332255348571,0.05645340217491298,0.07265548183832604,0.06965563690476329,0.10829585721525359,0.5200958817044274,20.15215824952887,4.207406144862702e-05,0.36384426779930734,8.629360205712551,0.013370826091130331,0.0036626392543330777,0.0036969925985127494,0.00768340195491779,ok
geo_plus_net,terrain-area difficulty + net-distance survey difficulty,any_rentin,completed_t,farm_income,direct_geo_dev_trends_plus_Z,"lower_order_z,geo_dev_direct",2772.0,130.0,14.0,2.0,,,0.09745370000993468,0.05782987771471205,0.09195402635970318,0.05830218051704594,0.11023226030394298,0.5968726945392253,20.016882634993188,4.501830750447411e-05,0.36086291519527813,6.1775370147164335,0.04555802424436896,0.006854544896502501,0.006942765596920308,0.009524413891692673,ok
geo_plus_net,terrain-area difficulty + net-distance survey difficulty,any_rentin,completed_t,farm_income,baseline_channels_plus_Z,"lower_order_z,baseline_channels",,,,,,,,,,,,,,,,,,,,,error: too few observations
geo_plus_net,terrain-area difficulty + net-distance survey difficulty,any_rentin,completed_t,farm_income,full_exclusion_controls,"lower_order_z,geo_dev_direct,baseline_channels",,,,,,,,,,,,,,,,,,,,,error: too few observations
geo_plus_net,terrain-area difficulty + net-distance survey difficulty,any_rentin,completed_t,baseline_bundle,baseline,none,2532.0,128.0,10.0,2.0,,,0.10788312833093061,0.06418620543788198,0.0928049344380304,0.30395444398613364,0.1506745867359673,0.04366518457955415,9.509857879802338,0.008609156439048249,0.2539438662099869,7.585624400677603,0.022532147756572543,0.8846387174098551,0.884910026554218,0.8862777654898893,ok
geo_plus_net,terrain-area difficulty + net-distance survey difficulty,any_rentin,completed_t,baseline_bundle,lower_order_Z,lower_order_z,2532.0,128.0,12.0,2.0,,,0.09411756220974005,0.06570535490696262,0.15202410330748584,0.18581390067556244,0.1234742089331344,0.13235486209295244,9.506050234755948,0.0086255623570054,0.2774747934010958,4.89175446617568,0.08665008922638281,0.40496377411587514,0.4062012339384289,0.38762421211645814,ok
geo_plus_net,terrain-area difficulty + net-distance survey difficulty,any_rentin,completed_t,baseline_bundle,direct_geo_main_trends,geo_main,2532.0,128.0,13.0,2.0,,,0.10165399504803461,0.06540533567288324,0.12013299024627377,0.2593854744831103,0.13290285390852297,0.05097474925308654,10.191575629424854,0.006122481353498688,0.2832840595371381,5.356998115887219,0.06866614074498524,0.7829242283613691,0.7835489584263509,0.7843320994070251,ok
geo_plus_net,terrain-area difficulty + net-distance survey difficulty,any_rentin,completed_t,baseline_bundle,direct_geo_dev_main_trends,geo_dev_main,2532.0,128.0,14.0,2.0,,,0.10178344195261788,0.0653235045381747,0.11919906088139665,0.25972886751499735,0.1332506946986029,0.051274579000513576,10.188216318122032,0.0061327736552463374,0.28329039879201723,5.380038564779066,0.06787963047766593,0.7978860244046053,0.7985092792906594,0.7962349857047453,ok
geo_plus_net,terrain-area difficulty + net-distance survey difficulty,any_rentin,completed_t,baseline_bundle,channel_rent_main,channel_rent_imp_main,2532.0,128.0,13.0,2.0,"BMrent_b14_asinh_rentin_miss,BIrent_b14_any_rentout_imp,BMrent_b14_any_rentout_miss,BIrent_b14_asinh_rentout_imp,BMrent_b14_asinh_rentout_miss",,0.06987629661026074,0.06204233429579423,0.260052092523553,0.15489778192371217,0.11475456640865384,0.1770743623000235,9.585439854819509,0.008289878821190366,0.2533859371536028,4.714185320358338,0.0946951343074597,0.3422278446921685,0.3435757099759348,0.3498364479995749,ok
geo_plus_net,terrain-area difficulty + net-distance survey difficulty,any_rentin,completed_t,baseline_bundle,channel_land_main,channel_land_imp_main,2532.0,128.0,10.0,2.0,"BIland_b14_land_total_mu_imp,BMland_b14_land_total_mu_miss,BIland_b14_contract_land_mu_imp,BMland_b14_contract_land_mu_miss",,0.10788312833093061,0.06418620543788198,0.0928049344380304,0.30395444398613364,0.1506745867359673,0.04366518457955415,9.509857879802338,0.008609156439048249,0.2539438662099869,7.585624400677603,0.022532147756572543,0.8846387174098551,0.884910026554218,0.8862777654898893,ok
geo_plus_net,terrain-area difficulty + net-distance survey difficulty,any_rentin,completed_t,baseline_bundle,channel_labor_cost_main,channel_labor_cost_imp_main,2532.0,128.0,14.0,2.0,"BMlabor_cost_b14_nonfarm_n_miss,BMlabor_cost_b14_nonfarm_any_miss",,0.11005283126371838,0.06104152145159366,0.07140116187992884,0.29828181185217095,0.15595943475786675,0.05580437555457474,9.566385500555663,0.008369235386904927,0.2546168340050825,7.476253759643951,0.023798639118798023,8.066217360713779e-09,7.167533677687743e-09,0.8726511889421263,ok
geo_plus_net,terrain-area difficulty + net-distance survey difficulty,any_rentin,completed_t,baseline_bundle,channel_gov_mobility_main,channel_gov_mobility_imp_main,2532.0,128.0,13.0,2.0,BMgov_mobility_b14_mobility_ease_miss,,0.11052564877706189,0.06440127726281225,0.08612494110557134,0.3079668071847674,0.1530587496803709,0.044211257970899975,9.70896955530435,0.007793347625962399,0.26019667887971987,7.168637879776584,0.027755564402323518,0.849595211099713,0.8500350331154531,0.8500945820394978,ok
geo_plus_net,terrain-area difficulty + net-distance survey difficulty,any_rentin,completed_t,baseline_bundle,geo_dev_main_plus_rent,"geo_dev_main,channel_rent_imp_main",2532.0,128.0,17.0,2.0,"BMrent_b14_asinh_rentin_miss,BIrent_b14_any_rentout_imp,BMrent_b14_any_rentout_miss,BIrent_b14_asinh_rentout_imp,BMrent_b14_asinh_rentout_miss",,0.06632324449046575,0.06563739685813906,0.31228020389372046,0.13449327970105462,0.12243178442880362,0.27197921499424904,10.30830196300838,0.005775381399773627,0.28284674846341973,4.850153178038105,0.08847134284923654,0.2323062675202573,0.23393459184632603,0.22623734676390594,ok
geo_plus_net,terrain-area difficulty + net-distance survey difficulty,any_rentin,completed_t,baseline_bundle,geo_dev_main_plus_land,"geo_dev_main,channel_land_imp_main",2532.0,128.0,14.0,2.0,"BIland_b14_land_total_mu_imp,BMland_b14_land_total_mu_miss,BIland_b14_contract_land_mu_imp,BMland_b14_contract_land_mu_miss",,0.10178344195261788,0.0653235045381747,0.11919906088139665,0.25972886751499735,0.1332506946986029,0.051274579000513576,10.188216318122032,0.0061327736552463374,0.28329039879201723,5.380038564779066,0.06787963047766593,0.7978860244046053,0.7985092792906594,0.7962349857047453,ok
geo_plus_net,terrain-area difficulty + net-distance survey difficulty,any_rentin,completed_t,baseline_bundle,geo_dev_main_plus_labor_cost,"geo_dev_main,channel_labor_cost_imp_main",2532.0,128.0,18.0,2.0,"BMlabor_cost_b14_nonfarm_n_miss,BMlabor_cost_b14_nonfarm_any_miss",,0.1043720132503249,0.06634118388048459,0.11565834017742072,0.10360956192016602,904583359171455.4,1.0,10.17509419857746,0.006173143439233142,0.28374375615970304,5.747260278345099,0.0564934747204681,0.0,0.0,0.9999823588530341,ok
geo_plus_net,terrain-area difficulty + net-distance survey difficulty,any_rentin,completed_t,baseline_bundle,geo_dev_main_plus_gov_mobility,"geo_dev_main,channel_gov_mobility_imp_main",2532.0,128.0,17.0,2.0,BMgov_mobility_b14_mobility_ease_miss,,0.1044926123774228,0.0655719595508975,0.1110354381980263,0.24898187105818909,0.13277924788085735,0.06077119520796681,11.003088025818329,0.004080466279482331,0.30115023321279466,4.533775981926599,0.10363418930905306,0.7805894383138875,0.7813899522760206,0.7756367587923998,ok
geo_plus_net,terrain-area difficulty + net-distance survey difficulty,any_rentin,completed_t,baseline_bundle,baseline_channels_imputed_main,baseline_channels_imp_main,2532.0,128.0,20.0,2.0,"BM_b14_asinh_rentin_miss,BI_b14_any_rentout_imp,BM_b14_any_rentout_miss,BI_b14_asinh_rentout_imp,BM_b14_asinh_rentout_miss,BI_b14_land_total_mu_imp,BM_b14_land_total_mu_miss,BI_b14_contract_land_mu_imp,BM_b14_contract_land_mu_miss,BM_b14_nonfarm_n_miss,BM_b14_nonfarm_any_miss,BM_b14_mobility_ease_miss",,0.07382175798606969,0.06202618985733892,0.23397928024695958,0.2571782393112118,134798210.75673062,0.9999999984777355,9.856646648699966,0.007238629946864528,0.2601137479037767,3.587484214723687,0.1663365543324883,0.0,0.0,0.9999960769282359,ok
geo_plus_net,terrain-area difficulty + net-distance survey difficulty,any_rentin,completed_t,baseline_bundle,geo_dev_main_plus_channels_main,"geo_dev_main,baseline_channels_imp_main",2532.0,128.0,24.0,2.0,"BM_b14_asinh_rentin_miss,BI_b14_any_rentout_imp,BM_b14_any_rentout_miss,BI_b14_asinh_rentout_imp,BM_b14_asinh_rentout_miss,BI_b14_land_total_mu_imp,BM_b14_land_total_mu_miss,BI_b14_contract_land_mu_imp,BM_b14_contract_land_mu_miss,BM_b14_nonfarm_n_miss,BM_b14_nonfarm_any_miss,BM_b14_mobility_ease_miss",,0.06971656842639395,0.06476739836564753,0.28174190864059456,0.112998435853388,0.12313571052185669,0.358789581182569,11.112532037638337,0.0038631745206797463,0.30092922514991016,3.5543323325666205,0.16911671751022098,1.2545520178264269e-14,8.326672684688674e-15,0.23643645979543249,ok
geo_plus_net,terrain-area difficulty + net-distance survey difficulty,any_rentin,completed_t,baseline_bundle,geo_dev_main_channels_main_plus_Z,"lower_order_z,geo_dev_main,baseline_channels_imp_main",2532.0,128.0,26.0,2.0,"BM_b14_asinh_rentin_miss,BI_b14_any_rentout_imp,BM_b14_any_rentout_miss,BI_b14_asinh_rentout_imp,BM_b14_asinh_rentout_miss,BI_b14_land_total_mu_imp,BM_b14_land_total_mu_miss,BI_b14_contract_land_mu_imp,BM_b14_contract_land_mu_miss,BM_b14_nonfarm_n_miss,BM_b14_nonfarm_any_miss,BM_b14_mobility_ease_miss",,0.0697964009918357,0.06619995153529026,0.2917331989060341,0.11530874532668312,0.10517737801307869,0.27293592217786156,10.295349968295932,0.0058129041218369926,0.30542407525984294,5.22402348890135,0.07338675975438008,0.09286639189707857,0.09450801645798479,0.18484727786437116,ok
geo_plus_net,terrain-area difficulty + net-distance survey difficulty,any_rentin,completed_t,baseline_bundle,direct_geo_trends,geo_direct,2532.0,128.0,16.0,2.0,,,0.08963673292099947,0.060680956516535454,0.13962722750344536,0.06963081574234085,0.11115916679318279,0.5310483995511144,22.86103848881143,1.0858968338745001e-05,0.3416855350771485,4.454296115204494,0.10783553273597253,0.1033279246040133,0.10437999586219981,0.13464237734878914,ok
geo_plus_net,terrain-area difficulty + net-distance survey difficulty,any_rentin,completed_t,baseline_bundle,direct_geo_trends_plus_Z,"lower_order_z,geo_direct",2532.0,128.0,18.0,2.0,,,0.08712100856017341,0.060390103447726225,0.14912270394498228,0.03137025267059801,0.11203435871285879,0.7794731753666422,22.153616212200813,1.546690301923448e-05,0.3540171833115997,6.070035317599558,0.04807381394224461,0.0469680713984687,0.047673151286130144,0.0624434058786012,ok
geo_plus_net,terrain-area difficulty + net-distance survey difficulty,any_rentin,completed_t,baseline_bundle,direct_geo_dev_trends_plus_Z,"lower_order_z,geo_dev_direct",2532.0,128.0,20.0,2.0,,,0.08572889741835434,0.06113274701189353,0.16081373634674212,0.027913516504356025,0.1140459543878446,0.8066447883044103,22.020081415956096,1.6534842977034003e-05,0.3520101662546662,4.609681073851775,0.09977470976706503,0.05110392020561938,0.05194680918964767,0.05602917058201162,ok
geo_plus_net,terrain-area difficulty + net-distance survey difficulty,any_rentin,completed_t,baseline_bundle,baseline_channels_plus_Z,"lower_order_z,baseline_channels",,,,,,,,,,,,,,,,,,,,,error: too few observations
geo_plus_net,terrain-area difficulty + net-distance survey difficulty,any_rentin,completed_t,baseline_bundle,full_exclusion_controls,"lower_order_z,geo_dev_direct,baseline_channels",,,,,,,,,,,,,,,,,,,,,error: too few observations
geo_plus_net,terrain-area difficulty + net-distance survey difficulty,asinh_rentin,completed_t,farm_income,baseline,none,2766.0,130.0,4.0,2.0,,,0.23581902796749163,0.1236509800336107,0.056503195745820634,0.5995002790577147,0.23376401786108766,0.01033087164835278,8.640000791443926,0.013299878279388833,0.25910647706808354,9.943075864443983,0.0069324781505438445,0.09108471279276464,0.09126896980391641,0.020593628665657948,ok
geo_plus_net,terrain-area difficulty + net-distance survey difficulty,asinh_rentin,completed_t,farm_income,lower_order_Z,lower_order_z,2766.0,130.0,6.0,2.0,,,0.20413112796227867,0.11763285699262772,0.08268342099262904,0.3254554644319711,0.2060683015767667,0.11425413899843795,8.887729016105377,0.011750440989761746,0.2846403705429732,3.3366032915871378,0.18856704747886158,0.1880856039344152,0.18858704327004383,0.09348224540329042,ok
geo_plus_net,terrain-area difficulty + net-distance survey difficulty,asinh_rentin,completed_t,farm_income,direct_geo_main_trends,geo_main,2766.0,130.0,7.0,2.0,,,0.23623911012674953,0.12110089376872231,0.05108527729089962,0.5759861064080002,0.2679074957916381,0.03155964663909572,9.685831587861099,0.007884032291046728,0.29466812314256985,5.7526460985241465,0.056341547527348365,0.22457970015203244,0.2252116011031059,0.12160998884775087,ok
geo_plus_net,terrain-area difficulty + net-distance survey difficulty,asinh_rentin,completed_t,farm_income,direct_geo_dev_main_trends,geo_dev_main,2766.0,130.0,8.0,2.0,,,0.24003588916459861,0.12454084184230003,0.0539339287323759,0.5792629552243455,0.27494062029181165,0.03512922480446923,9.683180926108422,0.007894488169691072,0.29472627922565264,5.311788631352657,0.07023599741592802,0.3165960205824143,0.3173846540308515,0.2148937033703584,ok
geo_plus_net,terrain-area difficulty + net-distance survey difficulty,asinh_rentin,completed_t,farm_income,channel_rent_main,channel_rent_imp_main,2766.0,130.0,7.0,2.0,"BMrent_b14_asinh_rentin_miss,BIrent_b14_any_rentout_imp,BMrent_b14_any_rentout_miss,BIrent_b14_asinh_rentout_imp,BMrent_b14_asinh_rentout_miss",,0.21253025336092002,0.1585774747921849,0.18017065425284717,0.3478839023881525,0.24803555536534547,0.1607491046951608,8.716562826067905,0.012800367301559312,0.258807241136924,7.47538402400212,0.023808990631739177,0.02777302617235189,0.027890709839436756,0.006025262284509503,ok
geo_plus_net,terrain-area difficulty + net-distance survey difficulty,asinh_rentin,completed_t,farm_income,channel_land_main,channel_land_imp_main,2766.0,130.0,6.0,2.0,"BIland_b14_contract_land_mu_imp,BMland_b14_contract_land_mu_miss",,0.23640011293495217,0.12532728889798023,0.05925964620686819,0.5941796926801896,0.23229083213179424,0.010530249413850168,8.733286956948922,0.012693776075034524,0.2589282476296816,9.725230097732178,0.007730242474707119,0.0916316931715514,0.09193484753544867,0.021341506872904703,ok
geo_plus_net,terrain-area difficulty + net-distance survey difficulty,asinh_rentin,completed_t,farm_income,channel_labor_cost_main,channel_labor_cost_imp_main,2766.0,130.0,8.0,2.0,"BMlabor_cost_b14_nonfarm_n_miss,BMlabor_cost_b14_nonfarm_any_miss",,0.22131358885949814,0.1230552270100516,0.07209940012317073,0.5803701568811944,0.2289730890184795,0.011255479088311038,8.745255310799218,0.01261804110489162,0.26000167581201594,9.161463904552415,0.010247392948099029,0.09613797801441026,0.09657424126111036,0.02224830466014971,ok
geo_plus_net,terrain-area difficulty + net-distance survey difficulty,asinh_rentin,completed_t,farm_income,channel_gov_mobility_main,channel_gov_mobility_imp_main,2766.0,130.0,7.0,2.0,BMgov_mobility_b14_mobility_ease_miss,,0.2498653014099065,0.12120908778346885,0.03926105101663224,0.6196182691285858,0.2461076215453639,0.01181332727737261,8.75959514450198,0.012527894357868719,0.2634587176704568,10.963720966931149,0.0041615799403219725,0.0689321759061543,0.06921872941252771,0.013549967592574208,ok
geo_plus_net,terrain-area difficulty + net-distance survey difficulty,asinh_rentin,completed_t,farm_income,geo_dev_main_plus_rent,"geo_dev_main,channel_rent_imp_main",2766.0,130.0,11.0,2.0,"BMrent_b14_asinh_rentin_miss,BIrent_b14_any_rentout_imp,BMrent_b14_any_rentout_miss,BIrent_b14_asinh_rentout_imp,BMrent_b14_asinh_rentout_miss",,0.2215474254074513,0.16877448100819745,0.18928972172723557,0.44591840100225644,0.31600491284631776,0.1582115209177064,9.747909542102548,0.007643078812501036,0.2940879525374064,4.126774843852029,0.12702295994106508,0.13926502203278057,0.14004104374175208,0.07874218799003363,ok
geo_plus_net,terrain-area difficulty + net-distance survey difficulty,asinh_rentin,completed_t,farm_income,geo_dev_main_plus_land,"geo_dev_main,channel_land_imp_main",2766.0,130.0,10.0,2.0,"BIland_b14_contract_land_mu_imp,BMland_b14_contract_land_mu_miss",,0.24110232149765642,0.12628637182735236,0.056239992409830464,0.5752861130130973,0.27311737514812423,0.03517226721745925,9.759183503431277,0.00760011612869127,0.29462272396161826,5.262581585896953,0.07198548388878016,0.32344474997280737,0.32441131336841456,0.22381737559885972,ok
geo_plus_net,terrain-area difficulty + net-distance survey difficulty,asinh_rentin,completed_t,farm_income,geo_dev_main_plus_labor_cost,"geo_dev_main,channel_labor_cost_imp_main",2766.0,130.0,12.0,2.0,"BMlabor_cost_b14_nonfarm_n_miss,BMlabor_cost_b14_nonfarm_any_miss",,0.22736497191773225,0.12382796292802897,0.06633755546900932,0.5659349444428919,0.27370279532924896,0.038668353807943756,9.784729367931538,0.007503657700183908,0.29199430537637083,5.011746774941521,0.08160429468358395,0.30778758757495583,0.30892401871118813,0.20499466690375379,ok
geo_plus_net,terrain-area difficulty + net-distance survey difficulty,asinh_rentin,completed_t,farm_income,geo_dev_main_plus_gov_mobility,"geo_dev_main,channel_gov_mobility_imp_main",2766.0,130.0,11.0,2.0,BMgov_mobility_b14_mobility_ease_miss,,0.25411022932035543,0.12343711832613544,0.039530570805669685,0.5860759951772236,0.2737038043318257,0.03225160837092744,10.364933841272661,0.0056141396803375265,0.3104231297880359,6.364337712754746,0.041495559545355463,0.2430300297553748,0.2440242364666234,0.1428170084570256,ok
geo_plus_net,terrain-area difficulty + net-distance survey difficulty,asinh_rentin,completed_t,farm_income,baseline_channels_imputed_main,baseline_channels_imp_main,2766.0,130.0,16.0,2.0,"BM_b14_asinh_rentin_miss,BI_b14_any_rentout_imp,BM_b14_any_rentout_miss,BI_b14_asinh_rentout_imp,BM_b14_asinh_rentout_miss,BI_b14_contract_land_mu_imp,BM_b14_contract_land_mu_miss,BM_b14_nonfarm_n_miss,BM_b14_nonfarm_any_miss,BM_b14_mobility_ease_miss",,0.23238496566779993,0.15043990469049293,0.12241812924573203,0.4118953650777651,0.2582002997501745,0.1106551843590533,9.039815984975448,0.010890025586624552,0.26440405108396436,7.614248453863074,0.022211963764955125,0.03403404221548112,0.034474466322817254,0.009375715388847627,ok
geo_plus_net,terrain-area difficulty + net-distance survey difficulty,asinh_rentin,completed_t,farm_income,geo_dev_main_plus_channels_main,"geo_dev_main,baseline_channels_imp_main",2766.0,130.0,20.0,2.0,"BM_b14_asinh_rentin_miss,BI_b14_any_rentout_imp,BM_b14_any_rentout_miss,BI_b14_asinh_rentout_imp,BM_b14_asinh_rentout_miss,BI_b14_contract_land_mu_imp,BM_b14_contract_land_mu_miss,BM_b14_nonfarm_n_miss,BM_b14_nonfarm_any_miss,BM_b14_mobility_ease_miss",,0.2449630325349309,0.16342449698782985,0.13388996495826744,0.5017607559698133,0.3173780561036018,0.11388808857672306,10.636916545671076,0.0049003028344046795,0.3075265903069445,5.019259287791874,0.08129834300357305,0.12804260436295267,0.1294089130777638,0.07145989869468372,ok
geo_plus_net,terrain-area difficulty + net-distance survey difficulty,asinh_rentin,completed_t,farm_income,geo_dev_main_channels_main_plus_Z,"lower_order_z,geo_dev_main,baseline_channels_imp_main",2766.0,130.0,22.0,2.0,"BM_b14_asinh_rentin_miss,BI_b14_any_rentout_imp,BM_b14_any_rentout_miss,BI_b14_asinh_rentout_imp,BM_b14_asinh_rentout_miss,BI_b14_contract_land_mu_imp,BM_b14_contract_land_mu_miss,BM_b14_nonfarm_n_miss,BM_b14_nonfarm_any_miss,BM_b14_mobility_ease_miss",,0.23845165416195324,0.16304313968203438,0.14360246009747635,0.48685943286170963,0.30572025301580014,0.11127245456157664,9.826635665169382,0.007348068182735812,0.31291639737368315,5.094459972066634,0.07829825314273282,0.16382069167669133,0.16551241499844782,0.08526576760786475,ok
geo_plus_net,terrain-area difficulty + net-distance survey difficulty,asinh_rentin,completed_t,farm_income,direct_geo_trends,geo_direct,2766.0,130.0,10.0,2.0,,,0.24560767853472723,0.11594879217935446,0.03415452158706023,0.3025704174417324,0.20925484794329333,0.14819341128317465,20.70533095568298,3.190762725524543e-05,0.3518398681465682,3.848015281421959,0.1460205898698941,0.03972987890267199,0.04000946551904383,0.02845542794776268,ok
geo_plus_net,terrain-area difficulty + net-distance survey difficulty,asinh_rentin,completed_t,farm_income,direct_geo_trends_plus_Z,"lower_order_z,geo_direct",2766.0,130.0,12.0,2.0,,,0.2242421474400985,0.11373033567162924,0.04864381886549518,0.17563907476333332,0.21069652766268035,0.40449987278690536,20.195448998533127,4.117313821705437e-05,0.3641331532703356,2.317256298662075,0.31391653223095967,0.06890330015861268,0.06944246945259347,0.06427489213510618,ok
geo_plus_net,terrain-area difficulty + net-distance survey difficulty,asinh_rentin,completed_t,farm_income,direct_geo_dev_trends_plus_Z,"lower_order_z,geo_dev_direct",2766.0,130.0,14.0,2.0,,,0.22320783577372902,0.11818850354643952,0.0589488191408758,0.1738360309979458,0.21463249318182306,0.4179837939869726,20.061504632298565,4.402502586176027e-05,0.3611825542826852,2.0561658711595747,0.35769202235500247,0.07736277093502231,0.07805656177310505,0.07050895878990193,ok
geo_plus_net,terrain-area difficulty + net-distance survey difficulty,asinh_rentin,completed_t,farm_income,baseline_channels_plus_Z,"lower_order_z,baseline_channels",,,,,,,,,,,,,,,,,,,,,error: too few observations
geo_plus_net,terrain-area difficulty + net-distance survey difficulty,asinh_rentin,completed_t,farm_income,full_exclusion_controls,"lower_order_z,geo_dev_direct,baseline_channels",,,,,,,,,,,,,,,,,,,,,error: too few observations
geo_plus_net,terrain-area difficulty + net-distance survey difficulty,asinh_rentin,completed_t,baseline_bundle,baseline,none,2526.0,128.0,10.0,2.0,,,0.23418469579980117,0.13140598153756533,0.07472536227484072,0.6186568119499997,0.2579203901714722,0.016456320148424908,9.51122349654978,0.0086032800413961,0.25397195971852704,10.744143739620714,0.004644498538498422,0.4065112540516602,0.4075642157288708,0.2318009689445727,ok
geo_plus_net,terrain-area difficulty + net-distance survey difficulty,asinh_rentin,completed_t,baseline_bundle,lower_order_Z,lower_order_z,2526.0,128.0,12.0,2.0,,,0.1956851555562984,0.12531120003821017,0.11838378152146078,0.2965376470060557,0.20989402653783762,0.1577154262209719,9.504749698673002,0.008631173108594403,0.2774135514203707,2.1127156997727594,0.3477199551040982,0.5609068885632212,0.5619684681982748,0.4570549464312683,ok
geo_plus_net,terrain-area difficulty + net-distance survey difficulty,asinh_rentin,completed_t,baseline_bundle,direct_geo_main_trends,geo_main,2526.0,128.0,13.0,2.0,,,0.22903539052646332,0.12583964962759864,0.06875025804025592,0.4915568654507447,0.2422025369864013,0.042404525350552946,10.194609872728488,0.006113199846841999,0.28345281594167515,5.003175050067974,0.08195479001572749,0.6452279684281368,0.646196923446869,0.5391792461648954,ok
geo_plus_net,terrain-area difficulty + net-distance survey difficulty,asinh_rentin,completed_t,baseline_bundle,direct_geo_dev_main_trends,geo_dev_main,2526.0,128.0,14.0,2.0,,,0.23152284898916153,0.12794042228377472,0.07035558284307908,0.49363003721327825,0.2474643926180407,0.046069959080246026,10.191170156983386,0.006123722728061276,0.2834570241706481,4.727899790556307,0.09404800879042964,0.7453151535022269,0.7460900323449922,0.6740489812328169,ok
geo_plus_net,terrain-area difficulty + net-distance survey difficulty,asinh_rentin,completed_t,baseline_bundle,channel_rent_main,channel_rent_imp_main,2526.0,128.0,13.0,2.0,"BMrent_b14_asinh_rentin_miss,BIrent_b14_any_rentout_imp,BMrent_b14_any_rentout_miss,BIrent_b14_asinh_rentout_imp,BMrent_b14_asinh_rentout_miss",,0.2085750619593542,0.1514580746703505,0.16847695000048346,0.41669561932673593,0.24403049290835183,0.08771884454383616,9.587014313194825,0.008283355354688715,0.25341797507396646,8.355382691140822,0.01533386733502311,0.165252122376353,0.16635121855453106,0.071339235459704,ok
geo_plus_net,terrain-area difficulty + net-distance survey difficulty,asinh_rentin,completed_t,baseline_bundle,channel_land_main,channel_land_imp_main,2526.0,128.0,10.0,2.0,"BIland_b14_land_total_mu_imp,BMland_b14_land_total_mu_miss,BIland_b14_contract_land_mu_imp,BMland_b14_contract_land_mu_miss",,0.23418469579980117,0.13140598153756533,0.07472536227484072,0.6186568119499997,0.2579203901714722,0.016456320148424908,9.51122349654978,0.0086032800413961,0.25397195971852704,10.744143739620714,0.004644498538498422,0.4065112540516602,0.4075642157288708,0.2318009689445727,ok
geo_plus_net,terrain-area difficulty + net-distance survey difficulty,asinh_rentin,completed_t,baseline_bundle,channel_labor_cost_main,channel_labor_cost_imp_main,2526.0,128.0,14.0,2.0,"BMlabor_cost_b14_nonfarm_n_miss,BMlabor_cost_b14_nonfarm_any_miss",,0.23572032295311382,,,0.5912154184235348,176436.58984583357,0.9999973263955346,9.554152421960513,0.008420583018858951,0.2546139015157326,9.85924108302263,0.007229245959723473,4.199322167108832e-05,4.187808461619813e-05,0.25530384907390247,ok
geo_plus_net,terrain-area difficulty + net-distance survey difficulty,asinh_rentin,completed_t,baseline_bundle,channel_gov_mobility_main,channel_gov_mobility_imp_main,2526.0,128.0,13.0,2.0,BMgov_mobility_b14_mobility_ease_miss,,0.24601256442197156,0.12920525543416797,0.05690438037325696,0.6470999067432305,0.27627215977065317,0.019167602886121404,9.711188803361146,0.007784704736240822,0.2602466198313681,11.309315839674396,0.003501170562975249,0.2998293154887418,0.3011658311437291,0.14328112258321957,ok
geo_plus_net,terrain-area difficulty + net-distance survey difficulty,asinh_rentin,completed_t,baseline_bundle,geo_dev_main_plus_rent,"geo_dev_main,channel_rent_imp_main",2526.0,128.0,17.0,2.0,"BMrent_b14_asinh_rentin_miss,BIrent_b14_any_rentout_imp,BMrent_b14_any_rentout_miss,BIrent_b14_asinh_rentout_imp,BMrent_b14_asinh_rentout_miss",,0.21021422606864548,0.15473198792378426,0.17428290901762056,0.3871658754137275,0.25902381330197444,0.13498974876630654,10.311063666982443,0.005767411956469015,0.28301679691621584,4.274307769476225,0.11799017924254401,0.3187801000785522,0.3205117557981826,0.22239844669500164,ok
geo_plus_net,terrain-area difficulty + net-distance survey difficulty,asinh_rentin,completed_t,baseline_bundle,geo_dev_main_plus_land,"geo_dev_main,channel_land_imp_main",2526.0,128.0,14.0,2.0,"BIland_b14_land_total_mu_imp,BMland_b14_land_total_mu_miss,BIland_b14_contract_land_mu_imp,BMland_b14_contract_land_mu_miss",,0.23152284898916153,0.12794042228377472,0.07035558284307908,0.49363003721327825,0.2474643926180407,0.046069959080246026,10.191170156983386,0.006123722728061276,0.2834570241706481,4.727899790556307,0.09404800879042964,0.7453151535022269,0.7460900323449922,0.6740489812328169,ok
geo_plus_net,terrain-area difficulty + net-distance survey difficulty,asinh_rentin,completed_t,baseline_bundle,geo_dev_main_plus_labor_cost,"geo_dev_main,channel_labor_cost_imp_main",2526.0,128.0,18.0,2.0,"BMlabor_cost_b14_nonfarm_n_miss,BMlabor_cost_b14_nonfarm_any_miss",,0.2334008651004868,0.1268937401216511,0.0658650389302049,0.4833103088126403,0.26188723315610957,0.06496627025515855,10.20328426426621,0.006086743117812432,0.2838438359043717,4.581359775804266,0.1011976354113612,0.0,0.0,0.7027160786598767,ok
geo_plus_net,terrain-area difficulty + net-distance survey difficulty,asinh_rentin,completed_t,baseline_bundle,geo_dev_main_plus_gov_mobility,"geo_dev_main,channel_gov_mobility_imp_main",2526.0,128.0,17.0,2.0,BMgov_mobility_b14_mobility_ease_miss,,0.24371960109499352,0.1273891829175215,0.05572384351778581,0.5024753661063036,0.24865989989185355,0.04330736988948769,11.00597234717572,0.004074585832756994,0.3013365266589282,5.299128164685597,0.07068201788540109,0.6006910111135825,0.6020441700542809,0.49231468053150207,ok
geo_plus_net,terrain-area difficulty + net-distance survey difficulty,asinh_rentin,completed_t,baseline_bundle,baseline_channels_imputed_main,baseline_channels_imp_main,2526.0,128.0,20.0,2.0,"BM_b14_asinh_rentin_miss,BI_b14_any_rentout_imp,BM_b14_any_rentout_miss,BI_b14_asinh_rentout_imp,BM_b14_asinh_rentout_miss,BI_b14_land_total_mu_imp,BM_b14_land_total_mu_miss,BI_b14_contract_land_mu_imp,BM_b14_contract_land_mu_miss,BM_b14_nonfarm_n_miss,BM_b14_nonfarm_any_miss,BM_b14_mobility_ease_miss",,0.2202453924264742,,,0.4223998432095368,0.2477489745758997,0.08820357759858655,9.866895101036352,0.007201632442614403,0.2601459845497269,7.405800510069689,0.024651925818479147,0.0,0.0,0.07161371330698896,ok
geo_plus_net,terrain-area difficulty + net-distance survey difficulty,asinh_rentin,completed_t,baseline_bundle,geo_dev_main_plus_channels_main,"geo_dev_main,baseline_channels_imp_main",2526.0,128.0,24.0,2.0,"BM_b14_asinh_rentin_miss,BI_b14_any_rentout_imp,BM_b14_any_rentout_miss,BI_b14_asinh_rentout_imp,BM_b14_asinh_rentout_miss,BI_b14_land_total_mu_imp,BM_b14_land_total_mu_miss,BI_b14_contract_land_mu_imp,BM_b14_contract_land_mu_miss,BM_b14_nonfarm_n_miss,BM_b14_nonfarm_any_miss,BM_b14_mobility_ease_miss",,0.2214754344206598,0.17646105773948267,0.20944418657319952,0.3803755696858574,0.25268483681702975,0.1322377261888268,11.187742882018608,0.0037205958789581217,0.3010583732379929,4.786470622269175,0.09133371237910633,0.0,0.0,0.15381885304757748,ok
geo_plus_net,terrain-area difficulty + net-distance survey difficulty,asinh_rentin,completed_t,baseline_bundle,geo_dev_main_channels_main_plus_Z,"lower_order_z,geo_dev_main,baseline_channels_imp_main",2526.0,128.0,26.0,2.0,"BM_b14_asinh_rentin_miss,BI_b14_any_rentout_imp,BM_b14_any_rentout_miss,BI_b14_asinh_rentout_imp,BM_b14_asinh_rentout_miss,BI_b14_land_total_mu_imp,BM_b14_land_total_mu_miss,BI_b14_contract_land_mu_imp,BM_b14_contract_land_mu_miss,BM_b14_nonfarm_n_miss,BM_b14_nonfarm_any_miss,BM_b14_mobility_ease_miss",,0.21556858603536744,0.1527049159136299,0.15804785015732792,0.3642858163938709,0.23611764672055044,0.12287570054344177,10.31078141390661,0.005768225948787786,0.30540391189439,4.183691342000792,0.1234590605984082,0.0,0.0,0.2248674254757257,ok
geo_plus_net,terrain-area difficulty + net-distance survey difficulty,asinh_rentin,completed_t,baseline_bundle,direct_geo_trends,geo_direct,2526.0,128.0,16.0,2.0,,,0.24039076952682684,0.12008686998818623,0.04530546362590249,0.21583902179044068,0.19029230448283446,0.25668975015348483,22.92990335597354,1.0491431537529294e-05,0.34208570835741026,3.341712934396759,0.1880859072251348,0.14002134101099317,0.1412698768743743,0.09482006818124267,ok
geo_plus_net,terrain-area difficulty + net-distance survey difficulty,asinh_rentin,completed_t,baseline_bundle,direct_geo_trends_plus_Z,"lower_order_z,geo_direct",2526.0,128.0,18.0,2.0,,,0.22053447770866522,0.11875030875017337,0.06329300016950645,0.08812486748273285,0.20541572411927908,0.6679178331920115,22.20425599981285,1.5080198989103621e-05,0.35429248848240835,1.4893378776326058,0.47489149205786085,0.21542590778190895,0.21711199825478933,0.19443800376433606,ok
geo_plus_net,terrain-area difficulty + net-distance survey difficulty,asinh_rentin,completed_t,baseline_bundle,direct_geo_dev_trends_plus_Z,"lower_order_z,geo_dev_direct",2526.0,128.0,20.0,2.0,,,0.22306533403198944,0.12206685751642582,0.06763920796404643,0.09918208908188429,0.2112232056568351,0.6386690002271624,22.073572842614254,1.609846839401019e-05,0.35232535481149896,1.511163398002113,0.46973728952966864,0.18692912823837426,0.18870764958738917,0.1621719618269719,ok
geo_plus_net,terrain-area difficulty + net-distance survey difficulty,asinh_rentin,completed_t,baseline_bundle,baseline_channels_plus_Z,"lower_order_z,baseline_channels",,,,,,,,,,,,,,,,,,,,,error: too few observations
geo_plus_net,terrain-area difficulty + net-distance survey difficulty,asinh_rentin,completed_t,baseline_bundle,full_exclusion_controls,"lower_order_z,geo_dev_direct,baseline_channels",,,,,,,,,,,,,,,,,,,,,error: too few observations
net_plus_rawsurvey,net-distance survey difficulty + raw survey-cost index,any_rentin,completed_t,farm_income,baseline,none,2772.0,130.0,4.0,2.0,,,0.11752845247599548,0.060613244013228484,0.052502599092824065,0.28094985886538254,0.12452208973447572,0.024056540144998584,8.621575522455705,0.013422971331842004,0.25838906965017927,13.046633267411726,0.0014687895780082169,0.08104349019854762,0.08120587196956452,0.10967739307570423,ok
net_plus_rawsurvey,net-distance survey difficulty + raw survey-cost index,any_rentin,completed_t,farm_income,lower_order_Z,lower_order_z,2772.0,130.0,6.0,2.0,,,0.10541712076493914,0.061131971897682325,0.08463226860650463,0.17217899205748521,0.10896408046683816,0.11407377918460826,8.848782004807,0.011981505787642788,0.2844312986115928,11.22158963068097,0.0036581606397428695,0.03491566973672633,0.035032587919415104,0.039663387003378237,ok
net_plus_rawsurvey,net-distance survey difficulty + raw survey-cost index,any_rentin,completed_t,farm_income,direct_geo_main_trends,geo_main,2772.0,130.0,7.0,2.0,,,0.11489498382976063,0.0621953700900331,0.06470023393888713,0.27860008559157035,0.1264595883738972,0.027589391625112425,9.690249406286203,0.007866636399532778,0.2941062304764894,9.433211584104432,0.008945489930791457,0.0789661641959386,0.07928679112956671,0.10182953811744488,ok
net_plus_rawsurvey,net-distance survey difficulty + raw survey-cost index,any_rentin,completed_t,farm_income,direct_geo_dev_main_trends,geo_dev_main,2772.0,130.0,8.0,2.0,,,0.11616280831694988,0.0635041485858505,0.0673672478412839,0.28076508121287325,0.12812357198067842,0.028425632498130016,9.686120327256956,0.007882894157844378,0.29407440741652235,8.875465026785685,0.011822715999679483,0.10390164291216408,0.10436200524462802,0.12375854751461202,ok
net_plus_rawsurvey,net-distance survey difficulty + raw survey-cost index,any_rentin,completed_t,farm_income,channel_rent_main,channel_rent_imp_main,2772.0,130.0,7.0,2.0,"BMrent_b14_asinh_rentin_miss,BIrent_b14_any_rentout_imp,BMrent_b14_any_rentout_miss,BIrent_b14_asinh_rentout_imp,BMrent_b14_asinh_rentout_miss",,0.080709944304386,0.06090118924521194,0.18508474458582436,0.11682279941297391,0.11550491339414923,0.3118203406841289,8.698106904285545,0.012919035280044011,0.25807844422620485,12.634662067908401,0.0018047539108808895,0.009266832378969525,0.009295219362709162,0.018259610967178874,ok
net_plus_rawsurvey,net-distance survey difficulty + raw survey-cost index,any_rentin,completed_t,farm_income,channel_land_main,channel_land_imp_main,2772.0,130.0,6.0,2.0,"BIland_b14_contract_land_mu_imp,BMland_b14_contract_land_mu_miss",,0.11914501191483234,0.06202516658825192,0.05474254830956915,0.28015831641083844,0.1243862610659714,0.02430172571237854,8.71455526915356,0.01281322248529937,0.2582142457771155,12.609996934301739,0.0018271489694864612,0.08447506242145819,0.08475745805298518,0.11343040697609241,ok
net_plus_rawsurvey,net-distance survey difficulty + raw survey-cost index,any_rentin,completed_t,farm_income,channel_labor_cost_main,channel_labor_cost_imp_main,2772.0,130.0,8.0,2.0,"BMlabor_cost_b14_nonfarm_n_miss,BMlabor_cost_b14_nonfarm_any_miss",,0.11227791691885715,0.06065014867711211,0.06413518608105218,0.27908671389760825,0.12356004376836832,0.02390122476906087,8.728842140860644,0.012722018196228535,0.25930091497306507,13.385757449826652,0.001239708850506321,0.07651809951058208,0.07688388748989583,0.1027163850248336,ok
net_plus_rawsurvey,net-distance survey difficulty + raw survey-cost index,any_rentin,completed_t,farm_income,channel_gov_mobility_main,channel_gov_mobility_imp_main,2772.0,130.0,7.0,2.0,BMgov_mobility_b14_mobility_ease_miss,,0.12089782685932905,0.06061073283194108,0.04607993428620416,0.2813868349311223,0.12509116678774268,0.02448362151241157,8.732867698262808,0.012696437341904065,0.2625477923131967,11.85176083708298,0.0026694564113785195,0.08434633630744348,0.08468465427357064,0.10802533377936485,ok
net_plus_rawsurvey,net-distance survey difficulty + raw survey-cost index,any_rentin,completed_t,farm_income,geo_dev_main_plus_rent,"geo_dev_main,channel_rent_imp_main",2772.0,130.0,11.0,2.0,"BMrent_b14_asinh_rentin_miss,BIrent_b14_any_rentout_imp,BMrent_b14_any_rentout_miss,BIrent_b14_asinh_rentout_imp,BMrent_b14_asinh_rentout_miss",,0.0821975217121255,0.06846750377451419,0.22993226823624524,0.14989144824030498,0.1312384132487679,0.253399609270073,9.75291192706874,0.007623985888719931,0.2934432276913299,11.598860634114867,0.0030292799830445192,0.013853103761104824,0.01397290563144371,0.019315391500694834,ok
net_plus_rawsurvey,net-distance survey difficulty + raw survey-cost index,any_rentin,completed_t,farm_income,geo_dev_main_plus_land,"geo_dev_main,channel_land_imp_main",2772.0,130.0,10.0,2.0,"BIland_b14_contract_land_mu_imp,BMland_b14_contract_land_mu_miss",,0.11811052742813481,0.0649812498896094,0.06912386141877547,0.2807048653612709,0.12649748432444302,0.02648298820747952,9.762069909061305,0.007589155530785208,0.29397075145418494,8.656510862514011,0.013190539231358114,0.11297206020801931,0.11359079290109142,0.13329109774129178,ok
net_plus_rawsurvey,net-distance survey difficulty + raw survey-cost index,any_rentin,completed_t,farm_income,geo_dev_main_plus_labor_cost,"geo_dev_main,channel_labor_cost_imp_main",2772.0,130.0,12.0,2.0,"BMlabor_cost_b14_nonfarm_n_miss,BMlabor_cost_b14_nonfarm_any_miss",,0.1114123301039338,0.06366302507381234,0.0801127948225484,0.28453649187006497,0.13017056404309785,0.028824802223518242,9.788968682360021,0.007487769362869767,0.291339341424637,9.369065664209137,0.009237048857089371,0.09502164922496414,0.09569352697393263,0.11333416727914891,ok
net_plus_rawsurvey,net-distance survey difficulty + raw survey-cost index,any_rentin,completed_t,farm_income,geo_dev_main_plus_gov_mobility,"geo_dev_main,channel_gov_mobility_imp_main",2772.0,130.0,11.0,2.0,BMgov_mobility_b14_mobility_ease_miss,,0.11937521638313721,0.06332208851530201,0.059401956102150155,0.26850882680358734,0.12763057759370677,0.035396158238079956,10.33558578023418,0.005697129143149349,0.30949985140417413,7.937721251349831,0.01889494929544454,0.10324353789895724,0.10388964537203205,0.11735447001729205,ok
net_plus_rawsurvey,net-distance survey difficulty + raw survey-cost index,any_rentin,completed_t,farm_income,baseline_channels_imputed_main,baseline_channels_imp_main,2772.0,130.0,16.0,2.0,"BM_b14_asinh_rentin_miss,BI_b14_any_rentout_imp,BM_b14_any_rentout_miss,BI_b14_asinh_rentout_imp,BM_b14_asinh_rentout_miss,BI_b14_contract_land_mu_imp,BM_b14_contract_land_mu_miss,BM_b14_nonfarm_n_miss,BM_b14_nonfarm_any_miss,BM_b14_mobility_ease_miss",,0.08213395788806281,0.05960120603476509,0.1681851789951172,0.12445956926927253,0.11029811137668845,0.2591541646149549,9.01390253345035,0.011032042713404744,0.2634364846825956,10.149623556923153,0.0062522631394717,0.016341634285529594,0.01658056180001677,0.026839930697618475,ok
net_plus_rawsurvey,net-distance survey difficulty + raw survey-cost index,any_rentin,completed_t,farm_income,geo_dev_main_plus_channels_main,"geo_dev_main,baseline_channels_imp_main",2772.0,130.0,20.0,2.0,"BM_b14_asinh_rentin_miss,BI_b14_any_rentout_imp,BM_b14_any_rentout_miss,BI_b14_asinh_rentout_imp,BM_b14_asinh_rentout_miss,BI_b14_contract_land_mu_imp,BM_b14_contract_land_mu_miss,BM_b14_nonfarm_n_miss,BM_b14_nonfarm_any_miss,BM_b14_mobility_ease_miss",,0.08381105657808038,0.0668162102206485,0.20971403855589532,0.1430468196635885,0.126865079423445,0.25950968208337466,10.609164025151397,0.004968774679772636,0.30655144844016,9.662042108605558,0.007978370755817499,0.017870663368368955,0.01821293414748837,0.022614096328571254,ok
net_plus_rawsurvey,net-distance survey difficulty + raw survey-cost index,any_rentin,completed_t,farm_income,geo_dev_main_channels_main_plus_Z,"lower_order_z,geo_dev_main,baseline_channels_imp_main",2772.0,130.0,22.0,2.0,"BM_b14_asinh_rentin_miss,BI_b14_any_rentout_imp,BM_b14_any_rentout_miss,BI_b14_asinh_rentout_imp,BM_b14_asinh_rentout_miss,BI_b14_contract_land_mu_imp,BM_b14_contract_land_mu_miss,BM_b14_nonfarm_n_miss,BM_b14_nonfarm_any_miss,BM_b14_mobility_ease_miss",,0.0837800123769134,0.06583667894019701,0.203180216004478,0.1438137122677547,0.12121303835093972,0.2354429983883488,9.760350549460199,0.00759568257968235,0.3126540924977381,12.413462249510385,0.0020158161572829156,0.015846770145891753,0.016195273077199035,0.014347063646613312,ok
net_plus_rawsurvey,net-distance survey difficulty + raw survey-cost index,any_rentin,completed_t,farm_income,direct_geo_trends,geo_direct,2772.0,130.0,10.0,2.0,,,0.1073995880714461,0.05691528191008162,0.05915925960316448,0.1130134275807039,0.10923513655370733,0.30086107766802117,20.36200633458204,3.788318668884738e-05,0.35457146731505274,7.049890819002066,0.029453415201852844,0.008108678076034992,0.008166186580774726,0.018280581980748334,ok
net_plus_rawsurvey,net-distance survey difficulty + raw survey-cost index,any_rentin,completed_t,farm_income,direct_geo_trends_plus_Z,"lower_order_z,geo_direct",2772.0,130.0,12.0,2.0,,,0.101333225534857,0.05645340217491147,0.07265548183831871,0.06513421650475017,0.10875361191112436,0.5492292797937908,19.94772864032179,4.660212951357323e-05,0.3671731882909336,8.37409803031178,0.015191047344355339,0.004352198092337112,0.004393845818267406,0.008886025553628163,ok
net_plus_rawsurvey,net-distance survey difficulty + raw survey-cost index,any_rentin,completed_t,farm_income,direct_geo_dev_trends_plus_Z,"lower_order_z,geo_dev_direct",2772.0,130.0,14.0,2.0,,,0.09745370000993463,0.05782987771471122,0.09195402635969874,0.05383182745024456,0.11061820307462561,0.6265097227508474,19.799318428325414,5.0191783791064815e-05,0.3641073179564618,5.961224406423423,0.05076174784532589,0.008110344965388983,0.008214267862327373,0.011096345647108041,ok
net_plus_rawsurvey,net-distance survey difficulty + raw survey-cost index,any_rentin,completed_t,farm_income,baseline_channels_plus_Z,"lower_order_z,baseline_channels",,,,,,,,,,,,,,,,,,,,,error: too few observations
net_plus_rawsurvey,net-distance survey difficulty + raw survey-cost index,any_rentin,completed_t,farm_income,full_exclusion_controls,"lower_order_z,geo_dev_direct,baseline_channels",,,,,,,,,,,,,,,,,,,,,error: too few observations
net_plus_rawsurvey,net-distance survey difficulty + raw survey-cost index,any_rentin,completed_t,baseline_bundle,baseline,none,2532.0,128.0,10.0,2.0,,,0.10788312833093061,0.06418620543788198,0.0928049344380304,0.30366869632009796,0.15125843753396284,0.04468422760695612,9.506073447993844,0.008625462243970872,0.2535027703695837,7.664291220737852,0.021663085189396313,0.8397155925834702,0.8400894512178432,0.8428902491446879,ok
net_plus_rawsurvey,net-distance survey difficulty + raw survey-cost index,any_rentin,completed_t,baseline_bundle,lower_order_Z,lower_order_z,2532.0,128.0,12.0,2.0,,,0.09411756220974019,0.06570535490696311,0.15202410330748828,0.18289152113809834,0.12418534571388543,0.1408237736582163,9.461613645423977,0.008819352514505274,0.2773788726049293,4.925268436182776,0.08521019283478407,0.3862489012119451,0.38749480898347877,0.37291408738090814,ok
net_plus_rawsurvey,net-distance survey difficulty + raw survey-cost index,any_rentin,completed_t,baseline_bundle,direct_geo_main_trends,geo_main,2532.0,128.0,13.0,2.0,,,0.10165399504803461,0.06540533567288324,0.12013299024627377,0.25860630319844496,0.1331415174670494,0.052095764514703324,10.214970688987368,0.006051280693329053,0.2830432230661435,5.3860051129059965,0.0676774286982514,0.7505826234255172,0.7512932389446414,0.7538177364347559,ok
net_plus_rawsurvey,net-distance survey difficulty + raw survey-cost index,any_rentin,completed_t,baseline_bundle,direct_geo_dev_main_trends,geo_dev_main,2532.0,128.0,14.0,2.0,,,0.10178344195261788,0.0653235045381747,0.11919906088139665,0.25902531317909744,0.1336161562360476,0.05255276985941815,10.209603762262098,0.0060675408904308226,0.2829660537257004,5.409965174555946,0.0668714882510925,0.7646598996187305,0.7653787369644807,0.7644801761676367,ok
net_plus_rawsurvey,net-distance survey difficulty + raw survey-cost index,any_rentin,completed_t,baseline_bundle,channel_rent_main,channel_rent_imp_main,2532.0,128.0,13.0,2.0,"BMrent_b14_asinh_rentin_miss,BIrent_b14_any_rentout_imp,BMrent_b14_any_rentout_miss,BIrent_b14_asinh_rentout_imp,BMrent_b14_asinh_rentout_miss",,0.06987629661026074,0.06204233429579423,0.260052092523553,0.15224862452144972,0.11433143189954162,0.18297760391789963,9.583122046332381,0.008299491565984418,0.252950336190898,4.871706127659173,0.08752305244266045,0.3255315238813802,0.32687642288021646,0.3339100521135405,ok
net_plus_rawsurvey,net-distance survey difficulty + raw survey-cost index,any_rentin,completed_t,baseline_bundle,channel_land_main,channel_land_imp_main,2532.0,128.0,10.0,2.0,"BIland_b14_land_total_mu_imp,BMland_b14_land_total_mu_miss,BIland_b14_contract_land_mu_imp,BMland_b14_contract_land_mu_miss",,0.10788312833093061,0.06418620543788198,0.0928049344380304,0.30366869632009796,0.15125843753396284,0.04468422760695612,9.506073447993844,0.008625462243970872,0.2535027703695837,7.664291220737852,0.021663085189396313,0.8397155925834702,0.8400894512178432,0.8428902491446879,ok
net_plus_rawsurvey,net-distance survey difficulty + raw survey-cost index,any_rentin,completed_t,baseline_bundle,channel_labor_cost_main,channel_labor_cost_imp_main,2532.0,128.0,14.0,2.0,"BMlabor_cost_b14_nonfarm_n_miss,BMlabor_cost_b14_nonfarm_any_miss",,0.11005283126371838,0.06104152145159366,0.07140116187992884,0.2979328404339742,0.1498231597919937,0.046749423126867695,9.595742437606994,0.008247285040440033,0.2541412359181826,7.568628704943302,0.0227244383914465,0.02600763333228384,0.026335533178150183,0.8327211484460203,ok
net_plus_rawsurvey,net-distance survey difficulty + raw survey-cost index,any_rentin,completed_t,baseline_bundle,channel_gov_mobility_main,channel_gov_mobility_imp_main,2532.0,128.0,13.0,2.0,BMgov_mobility_b14_mobility_ease_miss,,0.11052564877706189,0.06440127726281225,0.08612494110557134,0.3077021300540805,0.15364128002257588,0.045206186510414526,9.693349732974687,0.007854451275050467,0.25955459445443696,7.235263909389751,0.026846174237060327,0.801577563711944,0.8021515313703355,0.8031933892330979,ok
net_plus_rawsurvey,net-distance survey difficulty + raw survey-cost index,any_rentin,completed_t,baseline_bundle,geo_dev_main_plus_rent,"geo_dev_main,channel_rent_imp_main",2532.0,128.0,17.0,2.0,"BMrent_b14_asinh_rentin_miss,BIrent_b14_any_rentout_imp,BMrent_b14_any_rentout_miss,BIrent_b14_asinh_rentout_imp,BMrent_b14_asinh_rentout_miss",,0.06632324449046575,0.06563739685813906,0.31228020389372046,0.13133241902902304,0.12192527933994994,0.28141104439441644,10.33422327552588,0.005701011648122645,0.28255403261920886,4.986909098311832,0.08262404417097106,0.2236630593189004,0.22527291651104797,0.21961660003286287,ok
net_plus_rawsurvey,net-distance survey difficulty + raw survey-cost index,any_rentin,completed_t,baseline_bundle,geo_dev_main_plus_land,"geo_dev_main,channel_land_imp_main",2532.0,128.0,14.0,2.0,"BIland_b14_land_total_mu_imp,BMland_b14_land_total_mu_miss,BIland_b14_contract_land_mu_imp,BMland_b14_contract_land_mu_miss",,0.10178344195261788,0.0653235045381747,0.11919906088139665,0.25902531317909744,0.1336161562360476,0.05255276985941815,10.209603762262098,0.0060675408904308226,0.2829660537257004,5.409965174555946,0.0668714882510925,0.7646598996187305,0.7653787369644807,0.7644801761676367,ok
net_plus_rawsurvey,net-distance survey difficulty + raw survey-cost index,any_rentin,completed_t,baseline_bundle,geo_dev_main_plus_labor_cost,"geo_dev_main,channel_labor_cost_imp_main",2532.0,128.0,18.0,2.0,"BMlabor_cost_b14_nonfarm_n_miss,BMlabor_cost_b14_nonfarm_any_miss",,0.1043720132503249,0.06634118388048459,0.11565834017742072,0.26370070747009233,0.1318216756965302,0.04545330101378808,10.232737952077423,0.0059977614199995255,0.2833857282381048,5.775263941507768,0.055707974654949664,0.7399358599124333,0.7409225413273484,0.7628685555760095,ok
net_plus_rawsurvey,net-distance survey difficulty + raw survey-cost index,any_rentin,completed_t,baseline_bundle,geo_dev_main_plus_gov_mobility,"geo_dev_main,channel_gov_mobility_imp_main",2532.0,128.0,17.0,2.0,BMgov_mobility_b14_mobility_ease_miss,,0.1044926123774228,0.0655719595508975,0.1110354381980263,0.24842890735946482,0.13309451864050323,0.061963055095260566,10.983974193558943,0.004119649892502353,0.300548770409927,4.551939292881627,0.10269728008883723,0.74843484809088,0.7493437702004103,0.7443947865360842,ok
net_plus_rawsurvey,net-distance survey difficulty + raw survey-cost index,any_rentin,completed_t,baseline_bundle,baseline_channels_imputed_main,baseline_channels_imp_main,2532.0,128.0,20.0,2.0,"BM_b14_asinh_rentin_miss,BI_b14_any_rentout_imp,BM_b14_any_rentout_miss,BI_b14_asinh_rentout_imp,BM_b14_asinh_rentout_miss,BI_b14_land_total_mu_imp,BM_b14_land_total_mu_miss,BI_b14_contract_land_mu_imp,BM_b14_contract_land_mu_miss,BM_b14_nonfarm_n_miss,BM_b14_nonfarm_any_miss,BM_b14_mobility_ease_miss",,0.07382175798606969,0.06202618985733892,0.23397928024695958,0.14498427764869426,0.11147679966546253,0.19340292769354805,9.824312366530549,0.007356609020908289,0.2594534125202935,3.650476454441639,0.16117924227283417,0.044525679179961086,0.04528935392493849,0.36433201229354206,ok
net_plus_rawsurvey,net-distance survey difficulty + raw survey-cost index,any_rentin,completed_t,baseline_bundle,geo_dev_main_plus_channels_main,"geo_dev_main,baseline_channels_imp_main",2532.0,128.0,24.0,2.0,"BM_b14_asinh_rentin_miss,BI_b14_any_rentout_imp,BM_b14_any_rentout_miss,BI_b14_asinh_rentout_imp,BM_b14_asinh_rentout_miss,BI_b14_land_total_mu_imp,BM_b14_land_total_mu_miss,BI_b14_contract_land_mu_imp,BM_b14_contract_land_mu_miss,BM_b14_nonfarm_n_miss,BM_b14_nonfarm_any_miss,BM_b14_mobility_ease_miss",,0.06971656842639395,0.06476739836564753,0.28174190864059456,0.11029065462401805,0.11729064208417023,0.3470538019758609,11.149191470249974,0.0037930086524132767,0.300335045692388,3.574635673545416,0.1674085851875288,0.00532635149800309,0.0054944131907916915,0.2315180158746507,ok
net_plus_rawsurvey,net-distance survey difficulty + raw survey-cost index,any_rentin,completed_t,baseline_bundle,geo_dev_main_channels_main_plus_Z,"lower_order_z,geo_dev_main,baseline_channels_imp_main",2532.0,128.0,26.0,2.0,"BM_b14_asinh_rentin_miss,BI_b14_any_rentout_imp,BM_b14_any_rentout_miss,BI_b14_asinh_rentout_imp,BM_b14_asinh_rentout_miss,BI_b14_land_total_mu_imp,BM_b14_land_total_mu_miss,BI_b14_contract_land_mu_imp,BM_b14_contract_land_mu_miss,BM_b14_nonfarm_n_miss,BM_b14_nonfarm_any_miss,BM_b14_mobility_ease_miss",,0.06979640099444823,0.06495091977237204,0.282552868434647,0.11208303497790573,0.11547287909563266,0.33172568328515784,10.292475496468743,0.005821264642984603,0.3051781882661102,5.152596962046308,0.0760550026767768,3.3306690738754696e-16,2.220446049250313e-16,0.18826070588999733,ok
net_plus_rawsurvey,net-distance survey difficulty + raw survey-cost index,any_rentin,completed_t,baseline_bundle,direct_geo_trends,geo_direct,2532.0,128.0,16.0,2.0,,,0.08963673292099947,0.060680956516535454,0.13962722750344536,0.06689869997798013,0.11091265520653566,0.546398519184143,22.48330054064089,1.3116359759202112e-05,0.3447886462073968,4.398926382772708,0.1108626544197313,0.10860629406842459,0.10968976430760946,0.14080877612058462,ok
net_plus_rawsurvey,net-distance survey difficulty + raw survey-cost index,any_rentin,completed_t,baseline_bundle,direct_geo_trends_plus_Z,"lower_order_z,geo_direct",2532.0,128.0,18.0,2.0,,,0.08712100856017335,0.06039010344772623,0.14912270394498273,0.028194903838027113,0.11231323839068874,0.8017846397426305,21.881685216104348,1.771953936990922e-05,0.357349008039776,5.920925149274387,0.051794952599044194,0.05185465664472921,0.05261205917607881,0.068120209228686,ok
net_plus_rawsurvey,net-distance survey difficulty + raw survey-cost index,any_rentin,completed_t,baseline_bundle,direct_geo_dev_trends_plus_Z,"lower_order_z,geo_dev_direct",2532.0,128.0,20.0,2.0,,,0.08572889741835424,0.06113274701189386,0.16081373634674478,0.02451503689755707,0.11422888731045322,0.8300688343197264,21.72565571106977,1.915727812995538e-05,0.3551892070242413,4.471641616226702,0.10690434587669491,0.056432698520027524,0.057336100488661224,0.06152819973860635,ok
net_plus_rawsurvey,net-distance survey difficulty + raw survey-cost index,any_rentin,completed_t,baseline_bundle,baseline_channels_plus_Z,"lower_order_z,baseline_channels",,,,,,,,,,,,,,,,,,,,,error: too few observations
net_plus_rawsurvey,net-distance survey difficulty + raw survey-cost index,any_rentin,completed_t,baseline_bundle,full_exclusion_controls,"lower_order_z,geo_dev_direct,baseline_channels",,,,,,,,,,,,,,,,,,,,,error: too few observations
net_plus_rawsurvey,net-distance survey difficulty + raw survey-cost index,asinh_rentin,completed_t,farm_income,baseline,none,2766.0,130.0,4.0,2.0,,,0.23581902796749163,0.1236509800336107,0.056503195745820634,0.5894768910477521,0.2306920559371247,0.010611021366392137,8.623044314209277,0.013413117175910427,0.25842257526964374,9.921244226597283,0.0070085663537260276,0.0841344160237808,0.08430388959378987,0.01861275772791482,ok
net_plus_rawsurvey,net-distance survey difficulty + raw survey-cost index,asinh_rentin,completed_t,farm_income,lower_order_Z,lower_order_z,2766.0,130.0,6.0,2.0,,,0.204131127962279,0.1176328569926302,0.08268342099263504,0.31689142861746633,0.20448452636789483,0.12121147358857076,8.84716133717135,0.011991218741807086,0.28438097352468295,3.3109600222500823,0.19100035140412228,0.1841057504289716,0.18460130658532514,0.09283190922195517,ok
net_plus_rawsurvey,net-distance survey difficulty + raw survey-cost index,asinh_rentin,completed_t,farm_income,direct_geo_main_trends,geo_main,2766.0,130.0,7.0,2.0,,,0.23623911012674953,0.12110089376872231,0.05108527729089962,0.569584200265671,0.2663064175234683,0.032449425095936846,9.69366252378864,0.007853222970999774,0.2942652669639292,5.7309590927587575,0.05695581162882198,0.2123023790242048,0.21291901192962637,0.11295304933506467,ok
net_plus_rawsurvey,net-distance survey difficulty + raw survey-cost index,asinh_rentin,completed_t,farm_income,direct_geo_dev_main_trends,geo_dev_main,2766.0,130.0,8.0,2.0,,,0.24003588916459861,0.12454084184230003,0.0539339287323759,0.5739689836788223,0.27376741685022404,0.03603281252905277,9.689530539977607,0.007869464437682439,0.2942314386161603,5.2934237595623514,0.0708839050926156,0.2994059278839666,0.3001870462364298,0.20033467292397644,ok
net_plus_rawsurvey,net-distance survey difficulty + raw survey-cost index,asinh_rentin,completed_t,farm_income,channel_rent_main,channel_rent_imp_main,2766.0,130.0,7.0,2.0,"BMrent_b14_asinh_rentin_miss,BIrent_b14_any_rentout_imp,BMrent_b14_any_rentout_miss,BIrent_b14_asinh_rentout_imp,BMrent_b14_asinh_rentout_miss",,0.21253025336092002,0.1585774747921849,0.18017065425284717,0.3356480065707651,0.24581721675940943,0.17211563461293533,8.699767450936262,0.01290831340132248,0.2581153370420888,7.574106720366611,0.02266228114290033,0.02622119809380019,0.026331626424236587,0.005580708432179726,ok
net_plus_rawsurvey,net-distance survey difficulty + raw survey-cost index,asinh_rentin,completed_t,farm_income,channel_land_main,channel_land_imp_main,2766.0,130.0,6.0,2.0,"BIland_b14_contract_land_mu_imp,BMland_b14_contract_land_mu_miss",,0.23640011293495217,0.12532728889798023,0.05925964620686819,0.584156507661135,0.22918977496022483,0.010809750427030362,8.715952799149491,0.012804272181359266,0.2582440683993278,9.702410963327424,0.007818946269393137,0.08485095682588562,0.08513504695286789,0.01937186647864353,ok
net_plus_rawsurvey,net-distance survey difficulty + raw survey-cost index,asinh_rentin,completed_t,farm_income,channel_labor_cost_main,channel_labor_cost_imp_main,2766.0,130.0,8.0,2.0,"BMlabor_cost_b14_nonfarm_n_miss,BMlabor_cost_b14_nonfarm_any_miss",,0.22131358885949814,0.1230552270100516,0.07209940012317073,0.5704274700637337,0.22583911500984108,0.011543076346104852,8.730342786450382,0.012712476156231944,0.25930805236984644,9.13247083474565,0.01039702660193837,0.0895332917718451,0.08994713217336847,0.020305753809574,ok
net_plus_rawsurvey,net-distance survey difficulty + raw survey-cost index,asinh_rentin,completed_t,farm_income,channel_gov_mobility_main,channel_gov_mobility_imp_main,2766.0,130.0,7.0,2.0,BMgov_mobility_b14_mobility_ease_miss,,0.2498653014099065,0.12120908778346885,0.03926105101663224,0.6092454760267971,0.24307934535160494,0.012197975219163881,8.734904495277595,0.012683513890794473,0.26259414318480767,10.956048093144162,0.004177576243925107,0.06189656816798106,0.062157348417684055,0.011794202637477214,ok
net_plus_rawsurvey,net-distance survey difficulty + raw survey-cost index,asinh_rentin,completed_t,farm_income,geo_dev_main_plus_rent,"geo_dev_main,channel_rent_imp_main",2766.0,130.0,11.0,2.0,"BMrent_b14_asinh_rentin_miss,BIrent_b14_any_rentout_imp,BMrent_b14_any_rentout_miss,BIrent_b14_asinh_rentout_imp,BMrent_b14_asinh_rentout_miss",,0.2215474254074513,0.16877448100819745,0.18928972172723557,0.4386546832398436,0.3141803019031719,0.16265796995342519,9.756130757939708,0.00761172559674872,0.29360162363306663,4.163606578887528,0.12470512987100474,0.12954355033992226,0.13028819294558158,0.07158212415547882,ok
net_plus_rawsurvey,net-distance survey difficulty + raw survey-cost index,asinh_rentin,completed_t,farm_income,geo_dev_main_plus_land,"geo_dev_main,channel_land_imp_main",2766.0,130.0,10.0,2.0,"BIland_b14_contract_land_mu_imp,BMland_b14_contract_land_mu_miss",,0.24110232149765642,0.12628637182735236,0.056239992409830464,0.5700623680096375,0.2719231826816031,0.03604587238528656,9.765969014229558,0.00757437448590248,0.29412615268133346,5.245173672818675,0.07261477710954592,0.3064694853867802,0.3074295797884965,0.20929189869633702,ok
net_plus_rawsurvey,net-distance survey difficulty + raw survey-cost index,asinh_rentin,completed_t,farm_income,geo_dev_main_plus_labor_cost,"geo_dev_main,channel_labor_cost_imp_main",2766.0,130.0,12.0,2.0,"BMlabor_cost_b14_nonfarm_n_miss,BMlabor_cost_b14_nonfarm_any_miss",,0.22736497191773225,0.12382796292802897,0.06633755546900932,0.5604182150357541,0.27239869565442887,0.039653009096041414,9.791008577829054,0.007480136122886116,0.29141179176967713,4.990291485988525,0.08248442898801497,0.29279565906103555,0.29392379271342395,0.1925392120272036,ok
net_plus_rawsurvey,net-distance survey difficulty + raw survey-cost index,asinh_rentin,completed_t,farm_income,geo_dev_main_plus_gov_mobility,"geo_dev_main,channel_gov_mobility_imp_main",2766.0,130.0,11.0,2.0,BMgov_mobility_b14_mobility_ease_miss,,0.25411022932035543,0.12343711832613544,0.039530570805669685,0.5807904955983205,0.2725143963622023,0.03307030784311005,10.339143451374596,0.0056870038954267566,0.30967121869828573,6.350600307274579,0.041781561315034715,0.2257250921493672,0.22669548058952038,0.12957756577526158,ok
net_plus_rawsurvey,net-distance survey difficulty + raw survey-cost index,asinh_rentin,completed_t,farm_income,baseline_channels_imputed_main,baseline_channels_imp_main,2766.0,130.0,16.0,2.0,"BM_b14_asinh_rentin_miss,BI_b14_any_rentout_imp,BM_b14_any_rentout_miss,BI_b14_asinh_rentout_imp,BM_b14_asinh_rentout_miss,BI_b14_contract_land_mu_imp,BM_b14_contract_land_mu_miss,BM_b14_nonfarm_n_miss,BM_b14_nonfarm_any_miss,BM_b14_mobility_ease_miss",,0.23238496566779993,0.15043990469049293,0.12241812924573203,0.4006043558280822,0.25546356500076856,0.11684689140403703,9.01693763119234,0.011015313746163491,0.26348977696734877,7.693166629751184,0.021352566945923017,0.03151575836132181,0.031930103446580316,0.008567646387201866,ok
net_plus_rawsurvey,net-distance survey difficulty + raw survey-cost index,asinh_rentin,completed_t,farm_income,geo_dev_main_plus_channels_main,"geo_dev_main,baseline_channels_imp_main",2766.0,130.0,20.0,2.0,"BM_b14_asinh_rentin_miss,BI_b14_any_rentout_imp,BM_b14_any_rentout_miss,BI_b14_asinh_rentout_imp,BM_b14_asinh_rentout_miss,BI_b14_contract_land_mu_imp,BM_b14_contract_land_mu_miss,BM_b14_nonfarm_n_miss,BM_b14_nonfarm_any_miss,BM_b14_mobility_ease_miss",,0.2449630325349309,0.16342449698782985,0.13388996495826744,0.4952727598692168,0.31538918062300525,0.11633270517766747,10.611521841238202,0.004962920402841964,0.306662967160929,5.0757614648248355,0.0790337160268165,0.11745317749447715,0.11875836391365757,0.06404126545678457,ok
net_plus_rawsurvey,net-distance survey difficulty + raw survey-cost index,asinh_rentin,completed_t,farm_income,geo_dev_main_channels_main_plus_Z,"lower_order_z,geo_dev_main,baseline_channels_imp_main",2766.0,130.0,22.0,2.0,"BM_b14_asinh_rentin_miss,BI_b14_any_rentout_imp,BM_b14_any_rentout_miss,BI_b14_asinh_rentout_imp,BM_b14_asinh_rentout_miss,BI_b14_contract_land_mu_imp,BM_b14_contract_land_mu_miss,BM_b14_nonfarm_n_miss,BM_b14_nonfarm_any_miss,BM_b14_mobility_ease_miss",,0.23845165416195346,0.16304313968203435,0.1436024600974759,0.4799109842358576,0.30365884849723246,0.1140088551483065,9.760176278740534,0.007596344461053284,0.31258878369398113,5.131923688402825,0.07684523274245225,0.15009942066156745,0.15172646361654252,0.07679541195542883,ok
net_plus_rawsurvey,net-distance survey difficulty + raw survey-cost index,asinh_rentin,completed_t,farm_income,direct_geo_trends,geo_direct,2766.0,130.0,10.0,2.0,,,0.24560767853472723,0.11594879217935446,0.03415452158706023,0.296501656698089,0.20859336479322826,0.1551906895876738,20.41657592682379,3.6863525544217346e-05,0.3549249539200111,3.7819253830278456,0.1509264432703363,0.043336300120646376,0.043637523022316826,0.03076689657397247,ok
net_plus_rawsurvey,net-distance survey difficulty + raw survey-cost index,asinh_rentin,completed_t,farm_income,direct_geo_trends_plus_Z,"lower_order_z,geo_direct",2766.0,130.0,12.0,2.0,,,0.2242421474400981,0.11373033567162628,0.04864381886548963,0.1709502873991392,0.2101627369803859,0.4159780766354324,19.98747443864073,4.568515177461041e-05,0.3674500969822899,2.2305677752099617,0.32782220102887705,0.07719017901638159,0.07777488782943742,0.07100923208512278,ok
net_plus_rawsurvey,net-distance survey difficulty + raw survey-cost index,asinh_rentin,completed_t,farm_income,direct_geo_dev_trends_plus_Z,"lower_order_z,geo_dev_direct",2766.0,130.0,14.0,2.0,,,0.2232078357737291,0.1181885035464377,0.0589488191408718,0.16859054548473873,0.21378877833596607,0.43035481487364624,19.83993480653798,4.9182759956134525e-05,0.364410684607296,1.977033083696087,0.3721283185504348,0.08585336342630845,0.08659707772448844,0.07759113244720939,ok
net_plus_rawsurvey,net-distance survey difficulty + raw survey-cost index,asinh_rentin,completed_t,farm_income,baseline_channels_plus_Z,"lower_order_z,baseline_channels",,,,,,,,,,,,,,,,,,,,,error: too few observations
net_plus_rawsurvey,net-distance survey difficulty + raw survey-cost index,asinh_rentin,completed_t,farm_income,full_exclusion_controls,"lower_order_z,geo_dev_direct,baseline_channels",,,,,,,,,,,,,,,,,,,,,error: too few observations
net_plus_rawsurvey,net-distance survey difficulty + raw survey-cost index,asinh_rentin,completed_t,baseline_bundle,baseline,none,2526.0,128.0,10.0,2.0,,,0.23418469579980117,0.13140598153756533,0.07472536227484072,0.6135352200276681,0.2570672385000661,0.01700164516473368,9.50745711423118,0.00861949692726649,0.25352969738419096,10.78996465297779,0.004539300623471736,0.3806194292088837,0.3816807615289246,0.20932865661508915,ok
net_plus_rawsurvey,net-distance survey difficulty + raw survey-cost index,asinh_rentin,completed_t,baseline_bundle,lower_order_Z,lower_order_z,2526.0,128.0,12.0,2.0,,,0.19568515555629828,0.12531120003821022,0.118383781521461,0.29246899335243315,0.20901237933060612,0.16172594955896402,9.460073740208552,0.008826145612818359,0.2773145058743254,2.1162550515622662,0.3471051476468462,0.5478188656552626,0.5489017160736651,0.44539695514028377,ok
net_plus_rawsurvey,net-distance survey difficulty + raw survey-cost index,asinh_rentin,completed_t,baseline_bundle,direct_geo_main_trends,geo_main,2526.0,128.0,13.0,2.0,,,0.22903539052646332,0.12583964962759864,0.06875025804025592,0.4888910791054727,0.24198872529628374,0.04335174017287846,10.218044170426042,0.0060419885854924305,0.2832078259773604,5.00229912100043,0.08199069116826904,0.6230921755900949,0.6241093530502334,0.5137356641716456,ok
net_plus_rawsurvey,net-distance survey difficulty + raw survey-cost index,asinh_rentin,completed_t,baseline_bundle,direct_geo_dev_main_trends,geo_dev_main,2526.0,128.0,14.0,2.0,,,0.23152284898916153,0.12794042228377472,0.07035558284307908,0.4917837677043844,0.24744787525409156,0.0468754653097323,10.212576021217423,0.0060585304360658565,0.283127777719383,4.72640447139863,0.09411835097780087,0.7200425295445605,0.7208865772653409,0.6440148685040235,ok
net_plus_rawsurvey,net-distance survey difficulty + raw survey-cost index,asinh_rentin,completed_t,baseline_bundle,channel_rent_main,channel_rent_imp_main,2526.0,128.0,13.0,2.0,"BMrent_b14_asinh_rentin_miss,BIrent_b14_any_rentout_imp,BMrent_b14_any_rentout_miss,BIrent_b14_asinh_rentout_imp,BMrent_b14_asinh_rentout_miss",,0.2085750619593542,0.1514580746703505,0.16847695000048346,0.40870049101631833,0.24207404216288125,0.09134819793436177,9.584711794805061,0.008292897135182664,0.25298128108265927,8.601834200179184,0.013556120989842692,0.15701262202076616,0.15808481566295285,0.06630661204048871,ok
net_plus_rawsurvey,net-distance survey difficulty + raw survey-cost index,asinh_rentin,completed_t,baseline_bundle,channel_land_main,channel_land_imp_main,2526.0,128.0,10.0,2.0,"BIland_b14_land_total_mu_imp,BMland_b14_land_total_mu_miss,BIland_b14_contract_land_mu_imp,BMland_b14_contract_land_mu_miss",,0.23418469579980117,0.13140598153756533,0.07472536227484072,0.6135352200276681,0.2570672385000661,0.01700164516473368,9.50745711423118,0.00861949692726649,0.25352969738419096,10.78996465297779,0.004539300623471736,0.3806194292088837,0.3816807615289246,0.20932865661508915,ok
net_plus_rawsurvey,net-distance survey difficulty + raw survey-cost index,asinh_rentin,completed_t,baseline_bundle,channel_labor_cost_main,channel_labor_cost_imp_main,2526.0,128.0,14.0,2.0,"BMlabor_cost_b14_nonfarm_n_miss,BMlabor_cost_b14_nonfarm_any_miss",,0.23572032295311382,,,0.5862701840331138,0.24185313324313792,0.015347426781247675,9.56735853495101,0.008365164600291908,0.2541380325172977,9.898286529393689,0.00708948013588559,0.3822438650411235,0.3836835314100696,0.22715746661039837,ok
net_plus_rawsurvey,net-distance survey difficulty + raw survey-cost index,asinh_rentin,completed_t,baseline_bundle,channel_gov_mobility_main,channel_gov_mobility_imp_main,2526.0,128.0,13.0,2.0,BMgov_mobility_b14_mobility_ease_miss,,0.24601256442197156,0.12920525543416797,0.05690438037325696,0.6411582486032026,0.27521477782832704,0.019823861235599205,9.695541410154316,0.007845848778576192,0.2596025571032131,11.384954041739608,0.003371232006474907,0.2731679210564163,0.2744826366458194,0.12450082249679073,ok
net_plus_rawsurvey,net-distance survey difficulty + raw survey-cost index,asinh_rentin,completed_t,baseline_bundle,geo_dev_main_plus_rent,"geo_dev_main,channel_rent_imp_main",2526.0,128.0,17.0,2.0,"BMrent_b14_asinh_rentin_miss,BIrent_b14_any_rentout_imp,BMrent_b14_any_rentout_miss,BIrent_b14_asinh_rentout_imp,BMrent_b14_asinh_rentout_miss",,0.21021422606864548,0.15473198792378426,0.17428290901762056,0.3818207046921285,0.2576421852853443,0.1383454731708158,10.337014529595313,0.005693060711702724,0.2827193300628208,4.34915897106901,0.11365593758899073,0.30767593075659605,0.3094025787838255,0.21217172215725522,ok
net_plus_rawsurvey,net-distance survey difficulty + raw survey-cost index,asinh_rentin,completed_t,baseline_bundle,geo_dev_main_plus_land,"geo_dev_main,channel_land_imp_main",2526.0,128.0,14.0,2.0,"BIland_b14_land_total_mu_imp,BMland_b14_land_total_mu_miss,BIland_b14_contract_land_mu_imp,BMland_b14_contract_land_mu_miss",,0.23152284898916153,0.12794042228377472,0.07035558284307908,0.4917837677043844,0.24744787525409156,0.0468754653097323,10.212576021217423,0.0060585304360658565,0.283127777719383,4.72640447139863,0.09411835097780087,0.7200425295445605,0.7208865772653409,0.6440148685040235,ok
net_plus_rawsurvey,net-distance survey difficulty + raw survey-cost index,asinh_rentin,completed_t,baseline_bundle,geo_dev_main_plus_labor_cost,"geo_dev_main,channel_labor_cost_imp_main",2526.0,128.0,18.0,2.0,"BMlabor_cost_b14_nonfarm_n_miss,BMlabor_cost_b14_nonfarm_any_miss",,0.2334008651004868,0.1268937401216511,0.0658650389302049,0.48157642425548713,0.24798360867644867,0.052140880738747786,10.247039630020009,0.005955025375290912,0.28348265307705456,4.560173863707351,0.10227531534632314,3.307066381852408e-07,3.20058636371634e-07,0.670808096807215,ok
net_plus_rawsurvey,net-distance survey difficulty + raw survey-cost index,asinh_rentin,completed_t,baseline_bundle,geo_dev_main_plus_gov_mobility,"geo_dev_main,channel_gov_mobility_imp_main",2526.0,128.0,17.0,2.0,BMgov_mobility_b14_mobility_ease_miss,,0.24371960109499352,0.1273891829175215,0.05572384351778581,0.5000630135781079,0.24854971486312036,0.04422800119013326,10.986870753194335,0.004113687805134547,0.30073041517740684,5.3043071306130525,0.07049922477620808,0.5723047471629645,0.5737288741308801,0.46072890720889803,ok
net_plus_rawsurvey,net-distance survey difficulty + raw survey-cost index,asinh_rentin,completed_t,baseline_bundle,baseline_channels_imputed_main,baseline_channels_imp_main,2526.0,128.0,20.0,2.0,"BM_b14_asinh_rentin_miss,BI_b14_any_rentout_imp,BM_b14_any_rentout_miss,BI_b14_asinh_rentout_imp,BM_b14_asinh_rentout_miss,BI_b14_land_total_mu_imp,BM_b14_land_total_mu_miss,BI_b14_contract_land_mu_imp,BM_b14_contract_land_mu_miss,BM_b14_nonfarm_n_miss,BM_b14_nonfarm_any_miss,BM_b14_mobility_ease_miss",,0.2202453924264742,,,0.41410275866584545,0.262902574353575,0.11522905059057975,9.84362491662216,0.007285913458022986,0.2594843568957188,7.55177562639456,0.022916735827123412,5.443001604987785e-11,4.519096208355222e-11,0.05241130225744828,ok
net_plus_rawsurvey,net-distance survey difficulty + raw survey-cost index,asinh_rentin,completed_t,baseline_bundle,geo_dev_main_plus_channels_main,"geo_dev_main,baseline_channels_imp_main",2526.0,128.0,24.0,2.0,"BM_b14_asinh_rentin_miss,BI_b14_any_rentout_imp,BM_b14_any_rentout_miss,BI_b14_asinh_rentout_imp,BM_b14_asinh_rentout_miss,BI_b14_land_total_mu_imp,BM_b14_land_total_mu_miss,BI_b14_contract_land_mu_imp,BM_b14_contract_land_mu_miss,BM_b14_nonfarm_n_miss,BM_b14_nonfarm_any_miss,BM_b14_mobility_ease_miss",,0.2214754344206598,0.17646105773948267,0.20944418657319952,0.3747812782921138,0.27637212604756883,0.1750753667515954,11.205196689500816,0.003688267863773076,0.30046136006891044,4.875261771347195,0.08736759028113346,1.1102230246251565e-16,0.0,0.13635841765812917,ok
net_plus_rawsurvey,net-distance survey difficulty + raw survey-cost index,asinh_rentin,completed_t,baseline_bundle,geo_dev_main_channels_main_plus_Z,"lower_order_z,geo_dev_main,baseline_channels_imp_main",2526.0,128.0,26.0,2.0,"BM_b14_asinh_rentin_miss,BI_b14_any_rentout_imp,BM_b14_any_rentout_miss,BI_b14_asinh_rentout_imp,BM_b14_asinh_rentout_miss,BI_b14_land_total_mu_imp,BM_b14_land_total_mu_miss,BI_b14_contract_land_mu_imp,BM_b14_contract_land_mu_miss,BM_b14_nonfarm_n_miss,BM_b14_nonfarm_any_miss,BM_b14_mobility_ease_miss",,0.21556858611826574,0.17269805207731712,0.2119432439771236,0.35896672729611606,0.2403176942729929,0.13524949234356543,10.263833305423946,0.005905231342477668,0.3051547278992329,4.221617840580656,0.12113993423783727,0.022192458505028156,0.02280384431430371,0.2040350311689948,ok
net_plus_rawsurvey,net-distance survey difficulty + raw survey-cost index,asinh_rentin,completed_t,baseline_bundle,direct_geo_trends,geo_direct,2526.0,128.0,16.0,2.0,,,0.24039076952682684,0.12008686998818623,0.04530546362590249,0.21114197098210893,0.189413648080666,0.26497316790952885,22.549105111534107,1.2691823943811187e-05,0.3451745759626278,3.267194777642768,0.19522600553082006,0.14708216295053045,0.14836196429793114,0.09982129639730841,ok
net_plus_rawsurvey,net-distance survey difficulty + raw survey-cost index,asinh_rentin,completed_t,baseline_bundle,direct_geo_trends_plus_Z,"lower_order_z,geo_direct",2526.0,128.0,18.0,2.0,,,0.2205344777086655,0.11875030875017202,0.06329300016950312,0.0849914285223709,0.20439630788923918,0.6775440292764707,21.92819970645118,1.7312187006512936e-05,0.3576087675227514,1.4129409112980118,0.49338254344078236,0.23048894387851504,0.2322105516545283,0.20737531509000018,ok
net_plus_rawsurvey,net-distance survey difficulty + raw survey-cost index,asinh_rentin,completed_t,baseline_bundle,direct_geo_dev_trends_plus_Z,"lower_order_z,geo_dev_direct",2526.0,128.0,20.0,2.0,,,0.2230653340319896,0.12206685751642486,0.06763920796404399,0.09492088118527396,0.20984599347257352,0.6510270004643086,21.774418146341205,1.8695848330363418e-05,0.3554836524595717,1.4428441346102443,0.48606055343141963,0.19880133958265656,0.2006209358254586,0.17236795709125396,ok
net_plus_rawsurvey,net-distance survey difficulty + raw survey-cost index,asinh_rentin,completed_t,baseline_bundle,baseline_channels_plus_Z,"lower_order_z,baseline_channels",,,,,,,,,,,,,,,,,,,,,error: too few observations
net_plus_rawsurvey,net-distance survey difficulty + raw survey-cost index,asinh_rentin,completed_t,baseline_bundle,full_exclusion_controls,"lower_order_z,geo_dev_direct,baseline_channels",,,,,,,,,,,,,,,,,,,,,error: too few observations
geo_area_rugged,official schedule x terrain-area survey difficulty,any_rentin,signoff_or_issue_t,farm_income,baseline,none,2778.0,130.0,4.0,1.0,,,0.14631466945480534,0.06379657945492441,0.021821746356987637,0.1940466633694759,0.11919345321041294,0.10352538113285648,7.205141386033352,0.007269502221086688,0.2389343178114589,3.02635499913073,0.08192186362254747,,,,ok
geo_area_rugged,official schedule x terrain-area survey difficulty,any_rentin,signoff_or_issue_t,farm_income,lower_order_Z,lower_order_z,2778.0,130.0,5.0,1.0,,,0.13592593778274462,0.0652607549906003,0.037268287661620825,0.07655476221770544,0.12807892481437863,0.5500297623806083,7.031260197619036,0.00800989671833574,0.2715942879593628,0.31902160021760273,0.5721962214448908,,,,ok
geo_area_rugged,official schedule x terrain-area survey difficulty,any_rentin,signoff_or_issue_t,farm_income,direct_geo_main_trends,geo_main,2778.0,130.0,7.0,1.0,,,0.1459654726467998,0.06611677479588225,0.027265753145474303,0.2083707116750914,0.12839010186530656,0.10460010069378689,7.755489976924755,0.0053549511853536735,0.2644513477465944,2.736952600684052,0.09805159072304116,,,,ok
geo_area_rugged,official schedule x terrain-area survey difficulty,any_rentin,signoff_or_issue_t,farm_income,direct_geo_dev_main_trends,geo_dev_main,2778.0,130.0,8.0,1.0,,,0.14765955178634935,0.06773224175629049,0.02925388880555846,0.2169739147971002,0.13369312547219994,0.10460543994865557,7.764861671705217,0.005327237634697113,0.2638893406054058,2.8032338460410418,0.09407439075847854,,,,ok
geo_area_rugged,official schedule x terrain-area survey difficulty,any_rentin,signoff_or_issue_t,farm_income,channel_rent_main,channel_rent_imp_main,2778.0,130.0,7.0,1.0,"BMrent_b14_asinh_rentin_miss,BIrent_b14_any_rentout_imp,BMrent_b14_any_rentout_miss,BIrent_b14_asinh_rentout_imp,BMrent_b14_asinh_rentout_miss",,0.10008282151844111,0.06759600488363084,0.13871249843813427,-0.0012876158825021466,0.14044224217025364,0.9926848615903077,7.2734950743203655,0.006997949980137141,0.23832644061968078,8.333941286533931e-05,0.9927161792852698,,,,ok
geo_area_rugged,official schedule x terrain-area survey difficulty,any_rentin,signoff_or_issue_t,farm_income,channel_land_main,channel_land_imp_main,2778.0,130.0,6.0,1.0,"BIland_b14_contract_land_mu_imp,BMland_b14_contract_land_mu_miss",,0.15151895744871974,0.06503428518150135,0.019815033183362196,0.19445000945967297,0.11898062359373575,0.10219591546359541,7.258532927717431,0.007056491273400467,0.2382354306685316,3.0154323540419523,0.08247545907694044,,,,ok
geo_area_rugged,official schedule x terrain-area survey difficulty,any_rentin,signoff_or_issue_t,farm_income,channel_labor_cost_main,channel_labor_cost_imp_main,2778.0,130.0,8.0,1.0,"BMlabor_cost_b14_nonfarm_n_miss,BMlabor_cost_b14_nonfarm_any_miss",,0.1408642998895577,0.06358377070728399,0.026731743137894837,0.19015259059918255,0.1178968681656116,0.10677225860155759,7.286251852830039,0.006948429401727796,0.2393899173891083,2.9818221841664627,0.08420442373578385,,,,ok
geo_area_rugged,official schedule x terrain-area survey difficulty,any_rentin,signoff_or_issue_t,farm_income,channel_gov_mobility_main,channel_gov_mobility_imp_main,2778.0,130.0,7.0,1.0,BMgov_mobility_b14_mobility_ease_miss,,0.15020883134244928,0.0634883474624753,0.017984962794002968,0.19363921365045922,0.11997672323014798,0.10653324360251992,7.198194878074448,0.007297695005978766,0.24079213071838335,2.942018975207437,0.08630279835030537,,,,ok
geo_area_rugged,official schedule x terrain-area survey difficulty,any_rentin,signoff_or_issue_t,farm_income,geo_dev_main_plus_rent,"geo_dev_main,channel_rent_imp_main",2778.0,130.0,11.0,1.0,"BMrent_b14_asinh_rentin_miss,BIrent_b14_any_rentout_imp,BMrent_b14_any_rentout_miss,BIrent_b14_asinh_rentout_imp,BMrent_b14_asinh_rentout_miss",,0.1042319856923844,0.07725879188928134,0.17729591297570924,0.0506033054058167,0.14119694131299124,0.720052885882134,7.844940256272274,0.005096314248534073,0.2637379127754388,0.12323162495772555,0.7255556222139646,,,,ok
geo_area_rugged,official schedule x terrain-area survey difficulty,any_rentin,signoff_or_issue_t,farm_income,geo_dev_main_plus_land,"geo_dev_main,channel_land_imp_main",2778.0,130.0,10.0,1.0,"BIland_b14_contract_land_mu_imp,BMland_b14_contract_land_mu_miss",,0.15341516703066274,0.06900038289700569,0.02618911729725193,0.21905842908787285,0.13226631213713735,0.09768291059357836,7.808613159425655,0.005199779401896976,0.26316351603640353,2.9247221458262223,0.08723224084971856,,,,ok
geo_area_rugged,official schedule x terrain-area survey difficulty,any_rentin,signoff_or_issue_t,farm_income,geo_dev_main_plus_labor_cost,"geo_dev_main,channel_labor_cost_imp_main",2778.0,130.0,12.0,1.0,"BMlabor_cost_b14_nonfarm_n_miss,BMlabor_cost_b14_nonfarm_any_miss",,0.143128477169812,0.06767908942104563,0.034446066036472045,0.21521659114241126,0.13464302303709522,0.10994872670194522,7.82142343401847,0.005163051610502123,0.2591901026118465,2.705550354487413,0.09999956733252528,,,,ok
geo_area_rugged,official schedule x terrain-area survey difficulty,any_rentin,signoff_or_issue_t,farm_income,geo_dev_main_plus_gov_mobility,"geo_dev_main,channel_gov_mobility_imp_main",2778.0,130.0,11.0,1.0,BMgov_mobility_b14_mobility_ease_miss,,0.15141403060532654,0.06713373278780327,0.0241076632394448,0.20226145386964672,0.13318403445886262,0.12884774429436785,7.8916028770205155,0.004966483102153307,0.2719499578474712,2.326922088355664,0.12715307336824577,,,,ok
geo_area_rugged,official schedule x terrain-area survey difficulty,any_rentin,signoff_or_issue_t,farm_income,baseline_channels_imputed_main,baseline_channels_imp_main,2778.0,130.0,16.0,1.0,"BM_b14_asinh_rentin_miss,BI_b14_any_rentout_imp,BM_b14_any_rentout_miss,BI_b14_asinh_rentout_imp,BM_b14_asinh_rentout_miss,BI_b14_contract_land_mu_imp,BM_b14_contract_land_mu_miss,BM_b14_nonfarm_n_miss,BM_b14_nonfarm_any_miss,BM_b14_mobility_ease_miss",,0.10677724871311085,0.06576685871872003,0.10446712567402638,0.012010991214244243,0.13332229244681293,0.9282157798645068,7.404263923492604,0.006506946236748523,0.24037337489560395,0.007877769068825827,0.9292751928761359,,,,ok
geo_area_rugged,official schedule x terrain-area survey difficulty,any_rentin,signoff_or_issue_t,farm_income,geo_dev_main_plus_channels_main,"geo_dev_main,baseline_channels_imp_main",2778.0,130.0,20.0,1.0,"BM_b14_asinh_rentin_miss,BI_b14_any_rentout_imp,BM_b14_any_rentout_miss,BI_b14_asinh_rentout_imp,BM_b14_asinh_rentout_miss,BI_b14_contract_land_mu_imp,BM_b14_contract_land_mu_miss,BM_b14_nonfarm_n_miss,BM_b14_nonfarm_any_miss,BM_b14_mobility_ease_miss",,0.11154298465527619,0.07498101526735795,0.1368520976750509,0.040074066468355714,0.13794416147237681,0.7714266110988004,8.082740887152545,0.004468880446439449,0.2667916171081608,0.08028919205547767,0.7769058886633566,,,,ok
geo_area_rugged,official schedule x terrain-area survey difficulty,any_rentin,signoff_or_issue_t,farm_income,geo_dev_main_channels_main_plus_Z,"lower_order_z,geo_dev_main,baseline_channels_imp_main",2778.0,130.0,21.0,1.0,"BM_b14_asinh_rentin_miss,BI_b14_any_rentout_imp,BM_b14_any_rentout_miss,BI_b14_asinh_rentout_imp,BM_b14_asinh_rentout_miss,BI_b14_contract_land_mu_imp,BM_b14_contract_land_mu_miss,BM_b14_nonfarm_n_miss,BM_b14_nonfarm_any_miss,BM_b14_mobility_ease_miss",,0.11295220979620246,0.07532046275379026,0.13371239102240762,0.052270415941483184,0.1303589937092402,0.6884401203615913,7.000960889410172,0.00814659753546465,0.28949869399209127,0.14775411560756363,0.7006909115227071,,,,ok
geo_area_rugged,official schedule x terrain-area survey difficulty,any_rentin,signoff_or_issue_t,farm_income,direct_geo_trends,geo_direct,2778.0,130.0,10.0,1.0,,,0.14192832767039032,0.057880112002422754,0.014202174210490748,0.06782395230475202,0.11581437576253989,0.5581266245584722,15.172518523638633,9.812108796269925e-05,0.36799198872424366,0.3103484219669115,0.5774664583860742,,,,ok
geo_area_rugged,official schedule x terrain-area survey difficulty,any_rentin,signoff_or_issue_t,farm_income,direct_geo_trends_plus_Z,"lower_order_z,geo_direct",2778.0,130.0,11.0,1.0,,,0.13887813953379033,0.058304756110713334,0.017221936777048974,0.024489845057115378,0.12062807050408614,0.8391198264472048,15.35336950797679,8.916177204953968e-05,0.39048186001522045,0.039069398682015144,0.8433112398067518,,,,ok
geo_area_rugged,official schedule x terrain-area survey difficulty,any_rentin,signoff_or_issue_t,farm_income,direct_geo_dev_trends_plus_Z,"lower_order_z,geo_dev_direct",2778.0,130.0,13.0,1.0,,,0.13273180473900054,0.060472108124990216,0.028168903640467757,0.009776070993735397,0.12216325135048706,0.9362176538279647,15.689881812165648,7.462229609866977e-05,0.3861658474362404,0.006222086206289377,0.9371279109909443,,,,ok
geo_area_rugged,official schedule x terrain-area survey difficulty,any_rentin,signoff_or_issue_t,farm_income,baseline_channels_plus_Z,"lower_order_z,baseline_channels",,,,,,,,,,,,,,,,,,,,,error: too few observations
geo_area_rugged,official schedule x terrain-area survey difficulty,any_rentin,signoff_or_issue_t,farm_income,full_exclusion_controls,"lower_order_z,geo_dev_direct,baseline_channels",,,,,,,,,,,,,,,,,,,,,error: too few observations
geo_area_rugged,official schedule x terrain-area survey difficulty,any_rentin,signoff_or_issue_t,baseline_bundle,baseline,none,2538.0,128.0,10.0,1.0,,,0.13267088800259452,0.0696620382703461,0.056845963103603125,0.29294623386951785,0.1669351331050183,0.07928485010165764,8.130847505274872,0.004351840030486165,0.242156488549937,5.2860258163278955,0.021497224371600173,,,,ok
geo_area_rugged,official schedule x terrain-area survey difficulty,any_rentin,signoff_or_issue_t,baseline_bundle,lower_order_Z,lower_order_z,2538.0,128.0,11.0,1.0,,,0.11686612741004532,0.07230155006259148,0.1060141285521976,0.13142002759454025,0.14247162057947962,0.35630458133295484,7.561697885695141,0.005962179463892436,0.2728045576437246,0.851000616037177,0.35626942240773085,,,,ok
geo_area_rugged,official schedule x terrain-area survey difficulty,any_rentin,signoff_or_issue_t,baseline_bundle,direct_geo_main_trends,geo_main,2538.0,128.0,13.0,1.0,,,0.12697226609625595,0.07128706569826843,0.07488953240050034,0.2547470323805387,0.14998260296833896,0.0894114445596017,8.37663596535608,0.003800752755440562,0.2615914714357356,3.8238331522264657,0.05052851854897354,,,,ok
geo_area_rugged,official schedule x terrain-area survey difficulty,any_rentin,signoff_or_issue_t,baseline_bundle,direct_geo_dev_main_trends,geo_dev_main,2538.0,128.0,14.0,1.0,,,0.127136575160548,0.07119485051992736,0.0741389019363865,0.2560838620340844,0.15276198073438205,0.09366797059022502,8.369196091878633,0.0038163440420301287,0.2607510267201776,3.737348501567443,0.05320881749375664,,,,ok
geo_area_rugged,official schedule x terrain-area survey difficulty,any_rentin,signoff_or_issue_t,baseline_bundle,channel_rent_main,channel_rent_imp_main,2538.0,128.0,13.0,1.0,"BMrent_b14_asinh_rentin_miss,BIrent_b14_any_rentout_imp,BMrent_b14_any_rentout_miss,BIrent_b14_asinh_rentout_imp,BMrent_b14_asinh_rentout_miss",,0.09009126279962582,0.07009592597111802,0.19870257438005545,0.10841269668307119,0.11898085958069878,0.36220179295711197,8.209284472717714,0.004167658241655325,0.2417668492982099,0.8424909497230261,0.3586853284324114,,,,ok
geo_area_rugged,official schedule x terrain-area survey difficulty,any_rentin,signoff_or_issue_t,baseline_bundle,channel_land_main,channel_land_imp_main,2538.0,128.0,10.0,1.0,"BIland_b14_land_total_mu_imp,BMland_b14_land_total_mu_miss,BIland_b14_contract_land_mu_imp,BMland_b14_contract_land_mu_miss",,0.13267088800259452,0.0696620382703461,0.056845963103603125,0.29294623386951785,0.1669351331050183,0.07928485010165764,8.130847505274872,0.004351840030486165,0.242156488549937,5.2860258163278955,0.021497224371600173,,,,ok
geo_area_rugged,official schedule x terrain-area survey difficulty,any_rentin,signoff_or_issue_t,baseline_bundle,channel_labor_cost_main,channel_labor_cost_imp_main,2538.0,128.0,14.0,1.0,"BMlabor_cost_b14_nonfarm_n_miss,BMlabor_cost_b14_nonfarm_any_miss",,0.1356023116773796,0.07364929678448569,0.06559379400933696,0.2861193755332535,0.1502731088371466,0.056910724719801964,8.147987956794223,0.004310896501961925,0.2421482006677731,5.098985769258348,0.023939837502152946,,,,ok
geo_area_rugged,official schedule x terrain-area survey difficulty,any_rentin,signoff_or_issue_t,baseline_bundle,channel_gov_mobility_main,channel_gov_mobility_imp_main,2538.0,128.0,13.0,1.0,BMgov_mobility_b14_mobility_ease_miss,,0.13579451285954597,0.06973957048421062,0.05151484958230812,0.29472942520558915,0.16900443512102448,0.08117385511984865,8.155731942118962,0.004292527198631935,0.24547443062634922,5.124116306317042,0.023595582243446492,,,,ok
geo_area_rugged,official schedule x terrain-area survey difficulty,any_rentin,signoff_or_issue_t,baseline_bundle,geo_dev_main_plus_rent,"geo_dev_main,channel_rent_imp_main",2538.0,128.0,17.0,1.0,"BMrent_b14_asinh_rentin_miss,BIrent_b14_any_rentout_imp,BMrent_b14_any_rentout_miss,BIrent_b14_asinh_rentout_imp,BMrent_b14_asinh_rentout_miss",,0.08649173312260587,0.07511207626537375,0.2495256247009605,0.08161404768952951,0.1266861304200704,0.5194312033791733,8.48829326133454,0.00357438965223833,0.260942575363849,0.4129745788834986,0.520463574754982,,,,ok
geo_area_rugged,official schedule x terrain-area survey difficulty,any_rentin,signoff_or_issue_t,baseline_bundle,geo_dev_main_plus_land,"geo_dev_main,channel_land_imp_main",2538.0,128.0,14.0,1.0,"BIland_b14_land_total_mu_imp,BMland_b14_land_total_mu_miss,BIland_b14_contract_land_mu_imp,BMland_b14_contract_land_mu_miss",,0.127136575160548,0.07119485051992736,0.0741389019363865,0.2560838620340844,0.15276198073438205,0.09366797059022502,8.369196091878633,0.0038163440420301287,0.2607510267201776,3.737348501567443,0.05320881749375664,,,,ok
geo_area_rugged,official schedule x terrain-area survey difficulty,any_rentin,signoff_or_issue_t,baseline_bundle,geo_dev_main_plus_labor_cost,"geo_dev_main,channel_labor_cost_imp_main",2538.0,128.0,18.0,1.0,"BMlabor_cost_b14_nonfarm_n_miss,BMlabor_cost_b14_nonfarm_any_miss",,0.1307051283802934,0.07175222247489511,0.06851299239305209,0.2595659465718268,0.30804873477237316,0.3994447764245872,8.367292976009702,0.0038203427245484534,0.2601862318359439,3.7918979219667848,0.05150122055572601,,,,ok
geo_area_rugged,official schedule x terrain-area survey difficulty,any_rentin,signoff_or_issue_t,baseline_bundle,geo_dev_main_plus_gov_mobility,"geo_dev_main,channel_gov_mobility_imp_main",2538.0,128.0,17.0,1.0,BMgov_mobility_b14_mobility_ease_miss,,0.13032402402839344,0.07124520078221018,0.06736481239135306,0.24513602691548925,0.15172693174215465,0.10617227453503553,8.542702124714218,0.0034691026007608317,0.2707253880612184,3.2621959674772216,0.0708941281377146,,,,ok
geo_area_rugged,official schedule x terrain-area survey difficulty,any_rentin,signoff_or_issue_t,baseline_bundle,baseline_channels_imputed_main,baseline_channels_imp_main,2538.0,128.0,20.0,1.0,"BM_b14_asinh_rentin_miss,BI_b14_any_rentout_imp,BM_b14_any_rentout_miss,BI_b14_asinh_rentout_imp,BM_b14_asinh_rentout_miss,BI_b14_land_total_mu_imp,BM_b14_land_total_mu_miss,BI_b14_contract_land_mu_imp,BM_b14_contract_land_mu_miss,BM_b14_nonfarm_n_miss,BM_b14_nonfarm_any_miss,BM_b14_mobility_ease_miss",,0.09599891763908154,0.07548501547062325,0.20345796078785017,-6.97135378336467,1893060108.4636629,0.9999999970617226,8.271767765912205,0.004026628170605284,0.24513024775963332,0.7815393015462506,0.37667077973998464,,,,ok
geo_area_rugged,official schedule x terrain-area survey difficulty,any_rentin,signoff_or_issue_t,baseline_bundle,geo_dev_main_plus_channels_main,"geo_dev_main,baseline_channels_imp_main",2538.0,128.0,24.0,1.0,"BM_b14_asinh_rentin_miss,BI_b14_any_rentout_imp,BM_b14_any_rentout_miss,BI_b14_asinh_rentout_imp,BM_b14_asinh_rentout_miss,BI_b14_land_total_mu_imp,BM_b14_land_total_mu_miss,BI_b14_contract_land_mu_imp,BM_b14_contract_land_mu_miss,BM_b14_nonfarm_n_miss,BM_b14_nonfarm_any_miss,BM_b14_mobility_ease_miss",,0.0918621336953689,0.07054981277507573,0.1928859701519814,0.05983134990409582,0.13341619153864498,0.6538238188803895,8.704185070697337,0.0031748031439651214,0.2705720988882119,0.22973887827017048,0.6317175139276481,,,,ok
geo_area_rugged,official schedule x terrain-area survey difficulty,any_rentin,signoff_or_issue_t,baseline_bundle,geo_dev_main_channels_main_plus_Z,"lower_order_z,geo_dev_main,baseline_channels_imp_main",2538.0,128.0,25.0,1.0,"BM_b14_asinh_rentin_miss,BI_b14_any_rentout_imp,BM_b14_any_rentout_miss,BI_b14_asinh_rentout_imp,BM_b14_asinh_rentout_miss,BI_b14_land_total_mu_imp,BM_b14_land_total_mu_miss,BI_b14_contract_land_mu_imp,BM_b14_contract_land_mu_miss,BM_b14_nonfarm_n_miss,BM_b14_nonfarm_any_miss,BM_b14_mobility_ease_miss",,0.0922583151549635,0.0849825396702461,0.2776493848367556,0.06206818009214787,0.15469031569491634,0.6882423017257875,7.471638047662547,0.006267849759308497,0.2891858536786853,0.2646454344349267,0.6069464911775402,,,,ok
geo_area_rugged,official schedule x terrain-area survey difficulty,any_rentin,signoff_or_issue_t,baseline_bundle,direct_geo_trends,geo_direct,2538.0,128.0,16.0,1.0,,,0.11407549282988773,0.06477611549839996,0.07822598347431042,0.03276421309494524,0.11629964606728029,0.7781563924431503,16.956167957526965,3.82528363019885e-05,0.3671620559498233,0.07518461042286638,0.7839323708219161,,,,ok
geo_area_rugged,official schedule x terrain-area survey difficulty,any_rentin,signoff_or_issue_t,baseline_bundle,direct_geo_trends_plus_Z,"lower_order_z,geo_direct",2538.0,128.0,17.0,1.0,,,0.11097438204612936,0.06595077871824732,0.09243609890009341,-0.014371873770494509,0.1244267134116795,0.9080450726368663,17.03921803716365,3.661568736945675e-05,0.390838308794645,0.013447938895853892,0.9076800834875997,,,,ok
geo_area_rugged,official schedule x terrain-area survey difficulty,any_rentin,signoff_or_issue_t,baseline_bundle,direct_geo_dev_trends_plus_Z,"lower_order_z,geo_dev_direct",2538.0,128.0,19.0,1.0,,,0.10864394009957416,0.06684688511636402,0.10410598666713433,-0.02208797007637664,0.12592164764938402,0.8607571474634181,17.42056797950965,2.995668135619134e-05,0.3872570553837267,0.03134169020429394,0.8594802344793053,,,,ok
geo_area_rugged,official schedule x terrain-area survey difficulty,any_rentin,signoff_or_issue_t,baseline_bundle,baseline_channels_plus_Z,"lower_order_z,baseline_channels",,,,,,,,,,,,,,,,,,,,,error: too few observations
geo_area_rugged,official schedule x terrain-area survey difficulty,any_rentin,signoff_or_issue_t,baseline_bundle,full_exclusion_controls,"lower_order_z,geo_dev_direct,baseline_channels",,,,,,,,,,,,,,,,,,,,,error: too few observations
geo_area_rugged,official schedule x terrain-area survey difficulty,asinh_rentin,signoff_or_issue_t,farm_income,baseline,none,2772.0,130.0,4.0,1.0,,,0.2894744354772511,0.14161093951921333,0.04093842863304209,0.419420955050227,0.20198384911993622,0.03784704849680054,7.206138586117926,0.007265464175138958,0.238945231194995,5.871650896602051,0.015386615888383817,,,,ok
geo_area_rugged,official schedule x terrain-area survey difficulty,asinh_rentin,signoff_or_issue_t,farm_income,lower_order_Z,lower_order_z,2772.0,130.0,5.0,1.0,,,0.271507167151132,0.13939140855604176,0.051438399383751054,0.22333892533732536,0.20620393117127223,0.27876522817836014,7.029507164303867,0.008017741526383348,0.2715588450549503,1.1074529569303209,0.2926362900480325,,,,ok
geo_area_rugged,official schedule x terrain-area survey difficulty,asinh_rentin,signoff_or_issue_t,farm_income,direct_geo_main_trends,geo_main,2772.0,130.0,7.0,1.0,,,0.2968650286023443,0.13916132348869353,0.03290473293470675,0.47844244776938816,0.2691578031701914,0.07547718448183005,7.756146280818843,0.00535300561592611,0.2644856826659113,4.003896372990493,0.04539520738668847,,,,ok
geo_area_rugged,official schedule x terrain-area survey difficulty,asinh_rentin,signoff_or_issue_t,farm_income,direct_geo_dev_main_trends,geo_dev_main,2772.0,130.0,8.0,1.0,,,0.30189716620452867,0.1433079563942797,0.03514946684354814,0.5039456229144885,0.28579114588160787,0.07784395088431406,7.765436173352007,0.0053255435083877645,0.2639163958813079,3.9852308256976996,0.04590081117738858,,,,ok
geo_area_rugged,official schedule x terrain-area survey difficulty,asinh_rentin,signoff_or_issue_t,farm_income,channel_rent_main,channel_rent_imp_main,2772.0,130.0,7.0,1.0,"BMrent_b14_asinh_rentin_miss,BIrent_b14_any_rentout_imp,BMrent_b14_any_rentout_miss,BIrent_b14_asinh_rentout_imp,BMrent_b14_asinh_rentout_miss",,0.21450360691927584,0.17220865734167928,0.21291020872392719,0.1311122503057135,0.25498675642239704,0.6071174861149935,7.274554579389342,0.00699382339033916,0.23833880786015849,0.25168521258657667,0.6158909592537165,,,,ok
geo_area_rugged,official schedule x terrain-area survey difficulty,asinh_rentin,signoff_or_issue_t,farm_income,channel_land_main,channel_land_imp_main,2772.0,130.0,6.0,1.0,"BIland_b14_contract_land_mu_imp,BMland_b14_contract_land_mu_miss",,0.2926843209014628,0.1436186279832848,0.0415572052233697,0.414633938446315,0.20001602747789698,0.03817194759081377,7.259462891833223,0.007052838131364925,0.23824296724579286,5.7664439970136305,0.016335056099442496,,,,ok
geo_area_rugged,official schedule x terrain-area survey difficulty,asinh_rentin,signoff_or_issue_t,farm_income,channel_labor_cost_main,channel_labor_cost_imp_main,2772.0,130.0,8.0,1.0,"BMlabor_cost_b14_nonfarm_n_miss,BMlabor_cost_b14_nonfarm_any_miss",,0.2732577369635516,0.14019305659192763,0.05127713873815276,0.4022050804654361,0.19652585533419034,0.04069974252280639,7.2878760983039665,0.006942149980470491,0.23939773482330584,5.590793497181337,0.01805511538460182,,,,ok
geo_area_rugged,official schedule x terrain-area survey difficulty,asinh_rentin,signoff_or_issue_t,farm_income,channel_gov_mobility_main,channel_gov_mobility_imp_main,2772.0,130.0,7.0,1.0,BMgov_mobility_b14_mobility_ease_miss,,0.30546942043781644,0.1389384121409341,0.02790667022678095,0.42224159696669616,0.21378928468464417,0.04826402917488615,7.199387564295175,0.007292846489955651,0.24080852373314254,5.21455595986921,0.02239856622359579,,,,ok
geo_area_rugged,official schedule x terrain-area survey difficulty,asinh_rentin,signoff_or_issue_t,farm_income,geo_dev_main_plus_rent,"geo_dev_main,channel_rent_imp_main",2772.0,130.0,11.0,1.0,"BMrent_b14_asinh_rentin_miss,BIrent_b14_any_rentout_imp,BMrent_b14_any_rentout_miss,BIrent_b14_asinh_rentout_imp,BMrent_b14_asinh_rentout_miss",,0.23277867666687468,0.18685605810380498,0.21285080150906488,0.32643928399764455,0.31072229643722915,0.2934505638427809,7.845400041730582,0.0050950182423838974,0.26376954615976544,1.200478984262855,0.27322596579119274,,,,ok
geo_area_rugged,official schedule x terrain-area survey difficulty,asinh_rentin,signoff_or_issue_t,farm_income,geo_dev_main_plus_land,"geo_dev_main,channel_land_imp_main",2772.0,130.0,10.0,1.0,"BIland_b14_contract_land_mu_imp,BMland_b14_contract_land_mu_miss",,0.3060063893216233,0.14546970015093702,0.035415557731864444,0.5017955993343588,0.28385515409446177,0.07709643180000203,7.809385122178413,0.0051975586189705325,0.263182119436987,4.012420515739516,0.04516626387190582,,,,ok
geo_area_rugged,official schedule x terrain-area survey difficulty,asinh_rentin,signoff_or_issue_t,farm_income,geo_dev_main_plus_labor_cost,"geo_dev_main,channel_labor_cost_imp_main",2772.0,130.0,12.0,1.0,"BMlabor_cost_b14_nonfarm_n_miss,BMlabor_cost_b14_nonfarm_any_miss",,0.2883644413033205,0.14182438363902522,0.04202726242374344,0.4842045627099884,0.2813476655037878,0.08524745049532356,7.822136790702591,0.00516101416485637,0.2591886512835838,3.688540242062926,0.054787546058051334,,,,ok
geo_area_rugged,official schedule x terrain-area survey difficulty,asinh_rentin,signoff_or_issue_t,farm_income,geo_dev_main_plus_gov_mobility,"geo_dev_main,channel_gov_mobility_imp_main",2772.0,130.0,11.0,1.0,BMgov_mobility_b14_mobility_ease_miss,,0.31839372936503296,0.14216301946187485,0.025114420479624755,0.49207097894029883,0.2807982267433724,0.07970494962928876,7.8923427042303285,0.004964452020130183,0.27199312970498657,3.8698378457656055,0.04916127092075444,,,,ok
geo_area_rugged,official schedule x terrain-area survey difficulty,asinh_rentin,signoff_or_issue_t,farm_income,baseline_channels_imputed_main,baseline_channels_imp_main,2772.0,130.0,16.0,1.0,"BM_b14_asinh_rentin_miss,BI_b14_any_rentout_imp,BM_b14_any_rentout_miss,BI_b14_asinh_rentout_imp,BM_b14_asinh_rentout_miss,BI_b14_contract_land_mu_imp,BM_b14_contract_land_mu_miss,BM_b14_nonfarm_n_miss,BM_b14_nonfarm_any_miss,BM_b14_mobility_ease_miss",,0.25174250662863845,0.16666736739528176,0.1309289727521472,0.2000037064290982,0.25062595006060306,0.42486076930393324,7.40631533868707,0.006499530497981132,0.24039896943781824,0.6073581441706074,0.435784253013455,,,,ok
geo_area_rugged,official schedule x terrain-area survey difficulty,asinh_rentin,signoff_or_issue_t,farm_income,geo_dev_main_plus_channels_main,"geo_dev_main,baseline_channels_imp_main",2772.0,130.0,20.0,1.0,"BM_b14_asinh_rentin_miss,BI_b14_any_rentout_imp,BM_b14_any_rentout_miss,BI_b14_asinh_rentout_imp,BM_b14_asinh_rentout_miss,BI_b14_contract_land_mu_imp,BM_b14_contract_land_mu_miss,BM_b14_nonfarm_n_miss,BM_b14_nonfarm_any_miss,BM_b14_mobility_ease_miss",,0.275437590542786,0.18449774711141742,0.135462082552954,0.37308587578619273,0.3032607141626721,0.2186042641858772,8.083902294976815,0.004466017396579591,0.26682137863821265,1.6699088372857058,0.19627074539993616,,,,ok
geo_area_rugged,official schedule x terrain-area survey difficulty,asinh_rentin,signoff_or_issue_t,farm_income,geo_dev_main_channels_main_plus_Z,"lower_order_z,geo_dev_main,baseline_channels_imp_main",2772.0,130.0,21.0,1.0,"BM_b14_asinh_rentin_miss,BI_b14_any_rentout_imp,BM_b14_any_rentout_miss,BI_b14_asinh_rentout_imp,BM_b14_asinh_rentout_miss,BI_b14_contract_land_mu_imp,BM_b14_contract_land_mu_miss,BM_b14_nonfarm_n_miss,BM_b14_nonfarm_any_miss,BM_b14_mobility_ease_miss",,0.27603482716601846,0.18465607631672765,0.13495120266802596,0.3865238128508912,0.29072455632505295,0.18367681129929525,7.000281103759405,0.008149691734484543,0.2894765570328762,1.8050408959643667,0.17910426786266825,,,,ok
geo_area_rugged,official schedule x terrain-area survey difficulty,asinh_rentin,signoff_or_issue_t,farm_income,direct_geo_trends,geo_direct,2772.0,130.0,10.0,1.0,,,0.3178929947951939,0.13292963925566947,0.016782516794003,0.24027666461712843,0.2141160469821483,0.26178607530339093,15.194536698906449,9.698360099286152e-05,0.3682600019215856,1.1659311762510167,0.2802388542298097,,,,ok
geo_area_rugged,official schedule x terrain-area survey difficulty,asinh_rentin,signoff_or_issue_t,farm_income,direct_geo_trends_plus_Z,"lower_order_z,geo_direct",2772.0,130.0,11.0,1.0,,,0.3123900546477224,0.13008270545174322,0.016329231310184156,0.16358794516411895,0.20808105120059175,0.43176546360549883,15.376208703630226,8.809047797253555e-05,0.3907353113656744,0.5587593124731973,0.45476056675306387,,,,ok
geo_area_rugged,official schedule x terrain-area survey difficulty,asinh_rentin,signoff_or_issue_t,farm_income,direct_geo_dev_trends_plus_Z,"lower_order_z,geo_dev_direct",2772.0,130.0,13.0,1.0,,,0.30733163934943514,0.13604624500255702,0.023881934635656243,0.15206235294221776,0.21301757814925346,0.4753206498792708,15.71537974342553,7.362310350833567e-05,0.3864296811112957,0.4638161866620601,0.4958458530452534,,,,ok
geo_area_rugged,official schedule x terrain-area survey difficulty,asinh_rentin,signoff_or_issue_t,farm_income,baseline_channels_plus_Z,"lower_order_z,baseline_channels",,,,,,,,,,,,,,,,,,,,,error: too few observations
geo_area_rugged,official schedule x terrain-area survey difficulty,asinh_rentin,signoff_or_issue_t,farm_income,full_exclusion_controls,"lower_order_z,geo_dev_direct,baseline_channels",,,,,,,,,,,,,,,,,,,,,error: too few observations
geo_area_rugged,official schedule x terrain-area survey difficulty,asinh_rentin,signoff_or_issue_t,baseline_bundle,baseline,none,2532.0,128.0,10.0,1.0,,,0.2774287977544273,0.14850961545717925,0.06175002434051846,0.5256099220646582,0.2572341633960028,0.0410214589190081,8.131880572024583,0.00434936116199558,0.24216293447085835,7.145750828532353,0.007514180841832837,,,,ok
geo_area_rugged,official schedule x terrain-area survey difficulty,asinh_rentin,signoff_or_issue_t,baseline_bundle,lower_order_Z,lower_order_z,2532.0,128.0,11.0,1.0,,,0.2519564008317172,0.14511765605100918,0.08252466934805947,0.264099558880432,0.2214609184669305,0.23305213272386682,7.559554866733053,0.005969273412878007,0.2727705501080704,1.490588758841345,0.2221251330592048,,,,ok
geo_area_rugged,official schedule x terrain-area survey difficulty,asinh_rentin,signoff_or_issue_t,baseline_bundle,direct_geo_main_trends,geo_main,2532.0,128.0,13.0,1.0,,,0.2763319436801759,0.14120381096074525,0.05035072766958604,0.4629198086125933,0.26527459924815455,0.08097461141644224,8.37690353001736,0.0038001932451331433,0.26163087512302896,3.908392452108125,0.04804553393399049,,,,ok
geo_area_rugged,official schedule x terrain-area survey difficulty,asinh_rentin,signoff_or_issue_t,baseline_bundle,direct_geo_dev_main_trends,geo_dev_main,2532.0,128.0,14.0,1.0,,,0.28007746271920425,0.14387307708164596,0.05157092543907371,0.47985466099512386,0.2757524652885701,0.08183013074646195,8.36918809677357,0.0038163608318293463,0.2607789656564249,3.9211553134586006,0.04768210149720958,,,,ok
geo_area_rugged,official schedule x terrain-area survey difficulty,asinh_rentin,signoff_or_issue_t,baseline_bundle,channel_rent_main,channel_rent_imp_main,2532.0,128.0,13.0,1.0,"BMrent_b14_asinh_rentin_miss,BIrent_b14_any_rentout_imp,BMrent_b14_any_rentout_miss,BIrent_b14_asinh_rentout_imp,BMrent_b14_asinh_rentout_miss",,0.2253677834259038,0.16966163157701505,0.18406687818093825,0.2812802000797485,0.23564850514780705,0.23261762700705857,8.2104062842615,0.004165082411540455,0.2417756082437048,1.4653215391179535,0.2260853025711251,,,,ok
geo_area_rugged,official schedule x terrain-area survey difficulty,asinh_rentin,signoff_or_issue_t,baseline_bundle,channel_land_main,channel_land_imp_main,2532.0,128.0,10.0,1.0,"BIland_b14_land_total_mu_imp,BMland_b14_land_total_mu_miss,BIland_b14_contract_land_mu_imp,BMland_b14_contract_land_mu_miss",,0.2774287977544273,0.14850961545717925,0.06175002434051846,0.5256099220646582,0.2572341633960028,0.0410214589190081,8.131880572024583,0.00434936116199558,0.24216293447085835,7.145750828532353,0.007514180841832837,,,,ok
geo_area_rugged,official schedule x terrain-area survey difficulty,asinh_rentin,signoff_or_issue_t,baseline_bundle,channel_labor_cost_main,channel_labor_cost_imp_main,2532.0,128.0,14.0,1.0,"BMlabor_cost_b14_nonfarm_n_miss,BMlabor_cost_b14_nonfarm_any_miss",,0.2794633165788656,0.14750104233363184,0.05813836648815007,0.5006779274563284,,,4.378767135935285e-52,1.0,0.242141865622304,6.699493017754783,0.009644032968843664,,,,ok
geo_area_rugged,official schedule x terrain-area survey difficulty,asinh_rentin,signoff_or_issue_t,baseline_bundle,channel_gov_mobility_main,channel_gov_mobility_imp_main,2532.0,128.0,13.0,1.0,BMgov_mobility_b14_mobility_ease_miss,,0.2906930663030885,0.14611904152232316,0.04665416748226936,0.5300449205644249,0.27117139317069955,0.050624501310814196,8.157118913662412,0.004289245623022242,0.24549186223357922,6.280752029504782,0.012205629366323315,,,,ok
geo_area_rugged,official schedule x terrain-area survey difficulty,asinh_rentin,signoff_or_issue_t,baseline_bundle,geo_dev_main_plus_rent,"geo_dev_main,channel_rent_imp_main",2532.0,128.0,17.0,1.0,"BMrent_b14_asinh_rentin_miss,BIrent_b14_any_rentout_imp,BMrent_b14_any_rentout_miss,BIrent_b14_asinh_rentout_imp,BMrent_b14_asinh_rentout_miss",,0.23199768175465552,0.17553083187975851,0.18627076119676556,0.3047911131263653,0.25566567730407147,0.23320354493242457,8.48811605295399,0.003574737826112173,0.26097578451145786,1.532179813735131,0.21578558816088148,,,,ok
geo_area_rugged,official schedule x terrain-area survey difficulty,asinh_rentin,signoff_or_issue_t,baseline_bundle,geo_dev_main_plus_land,"geo_dev_main,channel_land_imp_main",2532.0,128.0,14.0,1.0,"BIland_b14_land_total_mu_imp,BMland_b14_land_total_mu_miss,BIland_b14_contract_land_mu_imp,BMland_b14_contract_land_mu_miss",,0.28007746271920425,0.14387307708164596,0.05157092543907371,0.47985466099512386,0.2757524652885701,0.08183013074646195,8.36918809677357,0.0038163608318293463,0.2607789656564249,3.9211553134586006,0.04768210149720958,,,,ok
geo_area_rugged,official schedule x terrain-area survey difficulty,asinh_rentin,signoff_or_issue_t,baseline_bundle,geo_dev_main_plus_labor_cost,"geo_dev_main,channel_labor_cost_imp_main",2532.0,128.0,18.0,1.0,"BMlabor_cost_b14_nonfarm_n_miss,BMlabor_cost_b14_nonfarm_any_miss",,0.28283762966537423,0.1417196601702641,0.045960666882402856,0.4701138650923844,250580.470118493,0.9999985030892686,2.629012567992468e-48,1.0,0.26019669763923603,3.7518906044483344,0.05274781710007341,,,,ok
geo_area_rugged,official schedule x terrain-area survey difficulty,asinh_rentin,signoff_or_issue_t,baseline_bundle,geo_dev_main_plus_gov_mobility,"geo_dev_main,channel_gov_mobility_imp_main",2532.0,128.0,17.0,1.0,BMgov_mobility_b14_mobility_ease_miss,,0.29441462247049144,0.14347044754531502,0.040160678374843606,0.4679711952841852,0.2736115590913296,0.08720139716204467,8.54285770884696,0.003468806093951615,0.2707760325690761,3.694458801419508,0.05459349053484917,,,,ok
geo_area_rugged,official schedule x terrain-area survey difficulty,asinh_rentin,signoff_or_issue_t,baseline_bundle,baseline_channels_imputed_main,baseline_channels_imp_main,2532.0,128.0,20.0,1.0,"BM_b14_asinh_rentin_miss,BI_b14_any_rentout_imp,BM_b14_any_rentout_miss,BI_b14_asinh_rentout_imp,BM_b14_asinh_rentout_miss,BI_b14_land_total_mu_imp,BM_b14_land_total_mu_miss,BI_b14_contract_land_mu_imp,BM_b14_contract_land_mu_miss,BM_b14_nonfarm_n_miss,BM_b14_nonfarm_any_miss,BM_b14_mobility_ease_miss",,0.24087730167717306,6393349.449790941,0.9999999699387181,0.27122778501895106,0.2320994064622563,0.24257104806888496,8.683766485721208e-19,0.9999999992564774,0.2451412317788606,1.2833778535770233,0.2572719240568159,,,,ok
geo_area_rugged,official schedule x terrain-area survey difficulty,asinh_rentin,signoff_or_issue_t,baseline_bundle,geo_dev_main_plus_channels_main,"geo_dev_main,baseline_channels_imp_main",2532.0,128.0,24.0,1.0,"BM_b14_asinh_rentin_miss,BI_b14_any_rentout_imp,BM_b14_any_rentout_miss,BI_b14_asinh_rentout_imp,BM_b14_asinh_rentout_miss,BI_b14_land_total_mu_imp,BM_b14_land_total_mu_miss,BI_b14_contract_land_mu_imp,BM_b14_contract_land_mu_miss,BM_b14_nonfarm_n_miss,BM_b14_nonfarm_any_miss,BM_b14_mobility_ease_miss",,0.24781041828123995,0.17539062491102506,0.15768344516848964,0.27382051835257354,,,3.8237710465328404e-16,0.9999999843977943,0.270616286074871,1.2378910188600671,0.2658778933608581,,,,ok
geo_area_rugged,official schedule x terrain-area survey difficulty,asinh_rentin,signoff_or_issue_t,baseline_bundle,geo_dev_main_channels_main_plus_Z,"lower_order_z,geo_dev_main,baseline_channels_imp_main",2532.0,128.0,25.0,1.0,"BM_b14_asinh_rentin_miss,BI_b14_any_rentout_imp,BM_b14_any_rentout_miss,BI_b14_asinh_rentout_imp,BM_b14_asinh_rentout_miss,BI_b14_land_total_mu_imp,BM_b14_land_total_mu_miss,BI_b14_contract_land_mu_imp,BM_b14_contract_land_mu_miss,BM_b14_nonfarm_n_miss,BM_b14_nonfarm_any_miss,BM_b14_mobility_ease_miss",,5318.212995319999,38516885570325.086,0.9999999998898321,0.2917659183763817,,,2.225131406200789e-17,0.9999999962362749,0.2891751867593544,1.3619100300555373,0.2432067308510505,,,,ok
geo_area_rugged,official schedule x terrain-area survey difficulty,asinh_rentin,signoff_or_issue_t,baseline_bundle,direct_geo_trends,geo_direct,2532.0,128.0,16.0,1.0,,,0.29396551683211947,0.13445062384691683,0.028784900490030463,0.1651408275138452,0.19353278186556455,0.3934949517602755,16.97956595713584,3.778429004819284e-05,0.36742670117568865,0.6583691586638296,0.4171362826315602,,,,ok
geo_area_rugged,official schedule x terrain-area survey difficulty,asinh_rentin,signoff_or_issue_t,baseline_bundle,direct_geo_trends_plus_Z,"lower_order_z,geo_direct",2532.0,128.0,17.0,1.0,,,0.2887786264889983,0.13272656720009415,0.02957463685275874,0.08708902762746623,0.19832514783421257,0.6605728026136679,17.06041710621565,3.620919870872541e-05,0.39103095212092176,0.17751955199396108,0.6735136213735335,,,,ok
geo_area_rugged,official schedule x terrain-area survey difficulty,asinh_rentin,signoff_or_issue_t,baseline_bundle,direct_geo_dev_trends_plus_Z,"lower_order_z,geo_dev_direct",2532.0,128.0,19.0,1.0,,,0.2892294811912355,0.1373385810854108,0.035207875788239695,0.08536542676249886,0.20605787624040978,0.6786698772938164,17.445068036845676,2.9573055306597595e-05,0.3874615704366454,0.15864770102635606,0.6904046091907814,,,,ok
geo_area_rugged,official schedule x terrain-area survey difficulty,asinh_rentin,signoff_or_issue_t,baseline_bundle,baseline_channels_plus_Z,"lower_order_z,baseline_channels",,,,,,,,,,,,,,,,,,,,,error: too few observations
geo_area_rugged,official schedule x terrain-area survey difficulty,asinh_rentin,signoff_or_issue_t,baseline_bundle,full_exclusion_controls,"lower_order_z,geo_dev_direct,baseline_channels",,,,,,,,,,,,,,,,,,,,,error: too few observations
survey_net_distance,official schedule x survey difficulty net of simple distance,any_rentin,signoff_or_issue_t,farm_income,baseline,none,2778.0,130.0,4.0,1.0,,,0.14631466945480534,0.06379657945492441,0.021821746356987637,0.26945064510874456,0.12420918312746582,0.030057677135453265,7.9718161592129455,0.004751124635959281,0.28559206198229203,7.112743232609439,0.007653789517641251,,,,ok
survey_net_distance,official schedule x survey difficulty net of simple distance,any_rentin,signoff_or_issue_t,farm_income,lower_order_Z,lower_order_z,2778.0,130.0,5.0,1.0,,,0.13318768981053247,0.06308552337969857,0.034753037287147626,0.16643734434990973,0.10247208445680994,0.1043285821216613,8.78489171763798,0.003037355942483555,0.3123050864088325,2.3491440707013016,0.12535181721731967,,,,ok
survey_net_distance,official schedule x survey difficulty net of simple distance,any_rentin,signoff_or_issue_t,farm_income,direct_geo_main_trends,geo_main,2778.0,130.0,7.0,1.0,,,0.1459654726467998,0.06611677479588225,0.027265753145474303,0.2816166958781232,0.13082151295717287,0.031343931744339804,8.408989729938282,0.003733700864588907,0.31790574884967615,6.286934690659421,0.012163123014876038,,,,ok
survey_net_distance,official schedule x survey difficulty net of simple distance,any_rentin,signoff_or_issue_t,farm_income,direct_geo_dev_main_trends,geo_dev_main,2778.0,130.0,8.0,1.0,,,0.14765955178634935,0.06773224175629049,0.02925388880555846,0.28317032328441516,0.13273303864308134,0.032893372885188565,8.428974925615467,0.0036928846992785314,0.31777290821422677,6.043720350341711,0.013955844397631739,,,,ok
survey_net_distance,official schedule x survey difficulty net of simple distance,any_rentin,signoff_or_issue_t,farm_income,channel_rent_main,channel_rent_imp_main,2778.0,130.0,7.0,1.0,"BMrent_b14_asinh_rentin_miss,BIrent_b14_any_rentout_imp,BMrent_b14_any_rentout_miss,BIrent_b14_asinh_rentout_imp,BMrent_b14_asinh_rentout_miss",,0.10008282151844111,0.06759600488363084,0.13871249843813427,0.10339510309825983,0.11574087818578446,0.3716790689394611,8.0344072828401,0.0045897026348539205,0.285012080013365,0.7925714973788703,0.37332369209451355,,,,ok
survey_net_distance,official schedule x survey difficulty net of simple distance,any_rentin,signoff_or_issue_t,farm_income,channel_land_main,channel_land_imp_main,2778.0,130.0,6.0,1.0,"BIland_b14_contract_land_mu_imp,BMland_b14_contract_land_mu_miss",,0.15151895744871974,0.06503428518150135,0.019815033183362196,0.2691999355899409,0.12433797784423195,0.030382626809778657,8.032933510490677,0.004593438525165139,0.2850720997304722,6.910622117954565,0.008568517288695466,,,,ok
survey_net_distance,official schedule x survey difficulty net of simple distance,any_rentin,signoff_or_issue_t,farm_income,channel_labor_cost_main,channel_labor_cost_imp_main,2778.0,130.0,8.0,1.0,"BMlabor_cost_b14_nonfarm_n_miss,BMlabor_cost_b14_nonfarm_any_miss",,0.1408642998895577,0.06358377070728399,0.026731743137894837,0.26688429048159634,0.12301858268422511,0.03004753380954539,8.074528217462504,0.004489179352396344,0.2859072263152702,7.176464084515836,0.007386614291191668,,,,ok
survey_net_distance,official schedule x survey difficulty net of simple distance,any_rentin,signoff_or_issue_t,farm_income,channel_gov_mobility_main,channel_gov_mobility_imp_main,2778.0,130.0,7.0,1.0,BMgov_mobility_b14_mobility_ease_miss,,0.15020883134244928,0.0634883474624753,0.017984962794002968,0.2671859732569142,0.12402291206002018,0.031214495726259006,8.09984902976715,0.004426894567689077,0.28971312595655163,6.578312188242129,0.0103228729611047,,,,ok
survey_net_distance,official schedule x survey difficulty net of simple distance,any_rentin,signoff_or_issue_t,farm_income,geo_dev_main_plus_rent,"geo_dev_main,channel_rent_imp_main",2778.0,130.0,11.0,1.0,"BMrent_b14_asinh_rentin_miss,BIrent_b14_any_rentout_imp,BMrent_b14_any_rentout_miss,BIrent_b14_asinh_rentout_imp,BMrent_b14_asinh_rentout_miss",,0.1042319856923844,0.07725879188928134,0.17729591297570924,0.14634871109900155,0.1333449840856492,0.272414391253736,8.487870546172804,0.0035752202476828643,0.31756718064033873,1.3125119331018154,0.2519403593704467,,,,ok
survey_net_distance,official schedule x survey difficulty net of simple distance,any_rentin,signoff_or_issue_t,farm_income,geo_dev_main_plus_land,"geo_dev_main,channel_land_imp_main",2778.0,130.0,10.0,1.0,"BIland_b14_contract_land_mu_imp,BMland_b14_contract_land_mu_miss",,0.15341516703066274,0.06900038289700569,0.02618911729725193,0.28358142393415614,0.13122053729339844,0.030687191366995714,8.480756588069749,0.0035892279861120535,0.31735905568066636,6.136140750329185,0.01324460700851827,,,,ok
survey_net_distance,official schedule x survey difficulty net of simple distance,any_rentin,signoff_or_issue_t,farm_income,geo_dev_main_plus_labor_cost,"geo_dev_main,channel_labor_cost_imp_main",2778.0,130.0,12.0,1.0,"BMlabor_cost_b14_nonfarm_n_miss,BMlabor_cost_b14_nonfarm_any_miss",,0.143128477169812,0.06767908942104563,0.034446066036472045,0.2847600838451881,0.13453361634241073,0.03428987588164922,8.508473891760266,0.003534964040866284,0.31390730695019575,6.011639369004565,0.014211817985459597,,,,ok
survey_net_distance,official schedule x survey difficulty net of simple distance,any_rentin,signoff_or_issue_t,farm_income,geo_dev_main_plus_gov_mobility,"geo_dev_main,channel_gov_mobility_imp_main",2778.0,130.0,11.0,1.0,BMgov_mobility_b14_mobility_ease_miss,,0.15141403060532654,0.06713373278780327,0.0241076632394448,0.2679286926966167,0.13176081317795005,0.04200733520046218,9.132814663707984,0.002510651677761877,0.33337744602326214,5.016745423294504,0.025103309878915337,,,,ok
survey_net_distance,official schedule x survey difficulty net of simple distance,any_rentin,signoff_or_issue_t,farm_income,baseline_channels_imputed_main,baseline_channels_imp_main,2778.0,130.0,16.0,1.0,"BM_b14_asinh_rentin_miss,BI_b14_any_rentout_imp,BM_b14_any_rentout_miss,BI_b14_asinh_rentout_imp,BM_b14_asinh_rentout_miss,BI_b14_contract_land_mu_imp,BM_b14_contract_land_mu_miss,BM_b14_nonfarm_n_miss,BM_b14_nonfarm_any_miss,BM_b14_mobility_ease_miss",,0.10677724871311085,0.06576685871872003,0.10446712567402638,0.10796222634042539,0.1104419253664257,0.3282981815676731,8.356185622301107,0.003843765828914325,0.2900837284708886,0.9225529232799125,0.33680554962382575,,,,ok
survey_net_distance,official schedule x survey difficulty net of simple distance,any_rentin,signoff_or_issue_t,farm_income,geo_dev_main_plus_channels_main,"geo_dev_main,baseline_channels_imp_main",2778.0,130.0,20.0,1.0,"BM_b14_asinh_rentin_miss,BI_b14_any_rentout_imp,BM_b14_any_rentout_miss,BI_b14_asinh_rentout_imp,BM_b14_asinh_rentout_miss,BI_b14_contract_land_mu_imp,BM_b14_contract_land_mu_miss,BM_b14_nonfarm_n_miss,BM_b14_nonfarm_any_miss,BM_b14_mobility_ease_miss",,0.11154298465527619,0.07498101526735795,0.1368520976750509,0.13328047894273515,0.12841436448414695,0.299319477800297,9.36820757665806,0.002207813076734899,0.3299589501455903,1.0997887703365854,0.29431246505465763,,,,ok
survey_net_distance,official schedule x survey difficulty net of simple distance,any_rentin,signoff_or_issue_t,farm_income,geo_dev_main_channels_main_plus_Z,"lower_order_z,geo_dev_main,baseline_channels_imp_main",2778.0,130.0,21.0,1.0,"BM_b14_asinh_rentin_miss,BI_b14_any_rentout_imp,BM_b14_any_rentout_miss,BI_b14_asinh_rentout_imp,BM_b14_asinh_rentout_miss,BI_b14_contract_land_mu_imp,BM_b14_contract_land_mu_miss,BM_b14_nonfarm_n_miss,BM_b14_nonfarm_any_miss,BM_b14_mobility_ease_miss",,0.11200874805192228,0.07331133982485465,0.12654972549287624,0.13818232999699084,0.11817184164909159,0.24226916566261636,9.368406353915054,0.002207573665683915,0.33656257226240205,1.3624748071453807,0.24310903601954276,,,,ok
survey_net_distance,official schedule x survey difficulty net of simple distance,any_rentin,signoff_or_issue_t,farm_income,direct_geo_trends,geo_direct,2778.0,130.0,10.0,1.0,,,0.14192832767039032,0.057880112002422754,0.014202174210490748,0.18437927712412283,0.11071074467238318,0.09583009277806331,12.82521193666831,0.0003419797688686277,0.3695064129982081,2.6082459636186788,0.10630928936883793,,,,ok
survey_net_distance,official schedule x survey difficulty net of simple distance,any_rentin,signoff_or_issue_t,farm_income,direct_geo_trends_plus_Z,"lower_order_z,geo_direct",2778.0,130.0,11.0,1.0,,,0.1341475673888827,0.056957396497228245,0.018511420374816234,0.13098913366962533,0.10298165624780574,0.20338530922365905,13.612904340962755,0.0002246361001042585,0.38726670689546583,1.4108088022818566,0.2349221738700413,,,,ok
survey_net_distance,official schedule x survey difficulty net of simple distance,any_rentin,signoff_or_issue_t,farm_income,direct_geo_dev_trends_plus_Z,"lower_order_z,geo_dev_direct",2778.0,130.0,13.0,1.0,,,0.12923565185056757,0.05878044605673951,0.027905210872283925,0.1072391053167279,0.10612346987248808,0.31224975746093175,14.499263911821412,0.00014021432065181028,0.38703741421884097,0.897829477167452,0.343364375524256,,,,ok
survey_net_distance,official schedule x survey difficulty net of simple distance,any_rentin,signoff_or_issue_t,farm_income,baseline_channels_plus_Z,"lower_order_z,baseline_channels",,,,,,,,,,,,,,,,,,,,,error: too few observations
survey_net_distance,official schedule x survey difficulty net of simple distance,any_rentin,signoff_or_issue_t,farm_income,full_exclusion_controls,"lower_order_z,geo_dev_direct,baseline_channels",,,,,,,,,,,,,,,,,,,,,error: too few observations
survey_net_distance,official schedule x survey difficulty net of simple distance,any_rentin,signoff_or_issue_t,baseline_bundle,baseline,none,2538.0,128.0,10.0,1.0,,,0.13267088800259452,0.0696620382703461,0.056845963103603125,0.2983498179811912,0.15304116373383275,0.05123880713886009,8.800913199375886,0.0030107980518104815,0.28559709824610513,6.7473582908653915,0.00938865930425998,,,,ok
survey_net_distance,official schedule x survey difficulty net of simple distance,any_rentin,signoff_or_issue_t,baseline_bundle,lower_order_Z,lower_order_z,2538.0,128.0,11.0,1.0,,,0.11779620950864028,0.06955417893112659,0.09034336282064981,0.1912730826895631,0.12447455640255241,0.12438050667115608,9.504904616567233,0.0020492341089978217,0.310565633834714,2.4806069247574913,0.11525776906315395,,,,ok
survey_net_distance,official schedule x survey difficulty net of simple distance,any_rentin,signoff_or_issue_t,baseline_bundle,direct_geo_main_trends,geo_main,2538.0,128.0,13.0,1.0,,,0.12697226609625595,0.07128706569826843,0.07488953240050034,0.2637778622001725,0.13757332463128283,0.05519196077827604,8.914036378079965,0.0028298709333338667,0.3124953143607919,5.139291822488128,0.023390187689760557,,,,ok
survey_net_distance,official schedule x survey difficulty net of simple distance,any_rentin,signoff_or_issue_t,baseline_bundle,direct_geo_dev_main_trends,geo_dev_main,2538.0,128.0,14.0,1.0,,,0.127136575160548,0.07119485051992736,0.0741389019363865,0.26402487598966756,0.13826025941721926,0.056181860444304954,8.93961836985835,0.002790510157218984,0.31236959316032586,5.109102836316245,0.023800624744489622,,,,ok
survey_net_distance,official schedule x survey difficulty net of simple distance,any_rentin,signoff_or_issue_t,baseline_bundle,channel_rent_main,channel_rent_imp_main,2538.0,128.0,13.0,1.0,"BMrent_b14_asinh_rentin_miss,BIrent_b14_any_rentout_imp,BMrent_b14_any_rentout_miss,BIrent_b14_asinh_rentout_imp,BMrent_b14_asinh_rentout_miss",,0.09009126279962582,0.07009592597111802,0.19870257438005545,0.14835099130011498,0.11421426033582285,0.19398399388630505,8.866052685275568,0.0029052266627910273,0.28509796446235003,2.007980898826705,0.1564734470508764,,,,ok
survey_net_distance,official schedule x survey difficulty net of simple distance,any_rentin,signoff_or_issue_t,baseline_bundle,channel_land_main,channel_land_imp_main,2538.0,128.0,10.0,1.0,"BIland_b14_land_total_mu_imp,BMland_b14_land_total_mu_miss,BIland_b14_contract_land_mu_imp,BMland_b14_contract_land_mu_miss",,0.13267088800259452,0.0696620382703461,0.056845963103603125,0.2983498179811912,0.15304116373383275,0.05123880713886009,8.800913199375886,0.0030107980518104815,0.28559709824610513,6.7473582908653915,0.00938865930425998,,,,ok
survey_net_distance,official schedule x survey difficulty net of simple distance,any_rentin,signoff_or_issue_t,baseline_bundle,channel_labor_cost_main,channel_labor_cost_imp_main,2538.0,128.0,14.0,1.0,"BMlabor_cost_b14_nonfarm_n_miss,BMlabor_cost_b14_nonfarm_any_miss",,0.1356023116773796,0.07364929678448569,0.06559379400933696,0.2921130905673718,0.14037183224076888,0.037434357501008764,8.84614441553373,0.002937086772182629,0.28581013553902235,6.528658575900296,0.010614998021180409,,,,ok
survey_net_distance,official schedule x survey difficulty net of simple distance,any_rentin,signoff_or_issue_t,baseline_bundle,channel_gov_mobility_main,channel_gov_mobility_imp_main,2538.0,128.0,13.0,1.0,BMgov_mobility_b14_mobility_ease_miss,,0.13579451285954597,0.06973957048421062,0.05151484958230812,0.3019312787238922,0.15542204916083943,0.05205796736795709,9.034700743835858,0.0026490241557263206,0.29196590566676617,6.441214895181112,0.011150236380438446,,,,ok
survey_net_distance,official schedule x survey difficulty net of simple distance,any_rentin,signoff_or_issue_t,baseline_bundle,geo_dev_main_plus_rent,"geo_dev_main,channel_rent_imp_main",2538.0,128.0,17.0,1.0,"BMrent_b14_asinh_rentin_miss,BIrent_b14_any_rentout_imp,BMrent_b14_any_rentout_miss,BIrent_b14_asinh_rentout_imp,BMrent_b14_asinh_rentout_miss",,0.08649173312260587,0.07511207626537375,0.2495256247009605,0.13155853527075784,0.12370773038948044,0.28757225132349085,9.007365125839748,0.0026889379183850926,0.3121936843540497,1.2903364120956144,0.2559859634556001,,,,ok
survey_net_distance,official schedule x survey difficulty net of simple distance,any_rentin,signoff_or_issue_t,baseline_bundle,geo_dev_main_plus_land,"geo_dev_main,channel_land_imp_main",2538.0,128.0,14.0,1.0,"BIland_b14_land_total_mu_imp,BMland_b14_land_total_mu_miss,BIland_b14_contract_land_mu_imp,BMland_b14_contract_land_mu_miss",,0.127136575160548,0.07119485051992736,0.0741389019363865,0.26402487598966756,0.13826025941721926,0.056181860444304954,8.93961836985835,0.002790510157218984,0.31236959316032586,5.109102836316245,0.023800624744489622,,,,ok
survey_net_distance,official schedule x survey difficulty net of simple distance,any_rentin,signoff_or_issue_t,baseline_bundle,geo_dev_main_plus_labor_cost,"geo_dev_main,channel_labor_cost_imp_main",2538.0,128.0,18.0,1.0,"BMlabor_cost_b14_nonfarm_n_miss,BMlabor_cost_b14_nonfarm_any_miss",,0.1307051283802934,0.07175222247489511,0.06851299239305209,0.267658101770445,0.18354614297737762,0.14476873609525698,8.974099557843852,0.002738334973449441,0.3120845711537591,5.255993387543618,0.02187131299002098,,,,ok
survey_net_distance,official schedule x survey difficulty net of simple distance,any_rentin,signoff_or_issue_t,baseline_bundle,geo_dev_main_plus_gov_mobility,"geo_dev_main,channel_gov_mobility_imp_main",2538.0,128.0,17.0,1.0,BMgov_mobility_b14_mobility_ease_miss,,0.13032402402839344,0.07124520078221018,0.06736481239135306,0.25349432633461366,0.13795706991172121,0.06613802978817818,9.807069211712877,0.0017384232537236421,0.3307120762417609,4.324822603803722,0.03756032912993817,,,,ok
survey_net_distance,official schedule x survey difficulty net of simple distance,any_rentin,signoff_or_issue_t,baseline_bundle,baseline_channels_imputed_main,baseline_channels_imp_main,2538.0,128.0,20.0,1.0,"BM_b14_asinh_rentin_miss,BI_b14_any_rentout_imp,BM_b14_any_rentout_miss,BI_b14_asinh_rentout_imp,BM_b14_asinh_rentout_miss,BI_b14_land_total_mu_imp,BM_b14_land_total_mu_miss,BI_b14_contract_land_mu_imp,BM_b14_contract_land_mu_miss,BM_b14_nonfarm_n_miss,BM_b14_nonfarm_any_miss,BM_b14_mobility_ease_miss",,0.09599891763908154,0.07548501547062325,0.20345796078785017,0.1398451621495203,0.13990513812200167,0.3175180133252371,9.173806730776901,0.002455033833232756,0.29170172634967195,1.7847544550197014,0.1815665888754665,,,,ok
survey_net_distance,official schedule x survey difficulty net of simple distance,any_rentin,signoff_or_issue_t,baseline_bundle,geo_dev_main_plus_channels_main,"geo_dev_main,baseline_channels_imp_main",2538.0,128.0,24.0,1.0,"BM_b14_asinh_rentin_miss,BI_b14_any_rentout_imp,BM_b14_any_rentout_miss,BI_b14_asinh_rentout_imp,BM_b14_asinh_rentout_miss,BI_b14_land_total_mu_imp,BM_b14_land_total_mu_miss,BI_b14_contract_land_mu_imp,BM_b14_contract_land_mu_miss,BM_b14_nonfarm_n_miss,BM_b14_nonfarm_any_miss,BM_b14_mobility_ease_miss",,0.0918621336953689,0.07054981277507573,0.1928859701519814,0.10798936356466074,0.6112569185216638,0.8597694009954926,9.929626604138923,0.001626395238102596,0.3304402879197498,0.8670878775837176,0.3517627707559454,,,,ok
survey_net_distance,official schedule x survey difficulty net of simple distance,any_rentin,signoff_or_issue_t,baseline_bundle,geo_dev_main_channels_main_plus_Z,"lower_order_z,geo_dev_main,baseline_channels_imp_main",2538.0,128.0,25.0,1.0,"BM_b14_asinh_rentin_miss,BI_b14_any_rentout_imp,BM_b14_any_rentout_miss,BI_b14_asinh_rentout_imp,BM_b14_asinh_rentout_miss,BI_b14_land_total_mu_imp,BM_b14_land_total_mu_miss,BI_b14_contract_land_mu_imp,BM_b14_contract_land_mu_miss,BM_b14_nonfarm_n_miss,BM_b14_nonfarm_any_miss,BM_b14_mobility_ease_miss",,0.09208793300374177,0.10437753861128005,0.3776372280527558,0.1108454288309989,0.11514932884792492,0.33573659202739004,9.912245812376062,0.0016418264861436382,0.33648864823962965,1.1682550174691715,0.27976007771346817,,,,ok
survey_net_distance,official schedule x survey difficulty net of simple distance,any_rentin,signoff_or_issue_t,baseline_bundle,direct_geo_trends,geo_direct,2538.0,128.0,16.0,1.0,,,0.11407549282988773,0.06477611549839996,0.07822598347431042,0.1113822455107454,0.10940833712983611,0.3086581567858113,13.796210718054624,0.00020374675226197958,0.36634833800577815,0.9614177421300617,0.3268299369946424,,,,ok
survey_net_distance,official schedule x survey difficulty net of simple distance,any_rentin,signoff_or_issue_t,baseline_bundle,direct_geo_trends_plus_Z,"lower_order_z,geo_direct",2538.0,128.0,17.0,1.0,,,0.10780408524036361,0.06415842517355014,0.09290295173967378,0.06620834934324898,0.10725802219328825,0.537049334434579,14.695381898826595,0.00012635561206264523,0.3847445281056434,0.3481728933922985,0.5551492374680236,,,,ok
survey_net_distance,official schedule x survey difficulty net of simple distance,any_rentin,signoff_or_issue_t,baseline_bundle,direct_geo_dev_trends_plus_Z,"lower_order_z,geo_dev_direct",2538.0,128.0,19.0,1.0,,,0.10595510698272984,0.0646407573498314,0.1011845700737557,0.055040388805504326,0.1109502788451309,0.619836859839412,15.814476475542023,6.986591179847235e-05,0.3868705418628757,0.22782492156918088,0.6331413273942987,,,,ok
survey_net_distance,official schedule x survey difficulty net of simple distance,any_rentin,signoff_or_issue_t,baseline_bundle,baseline_channels_plus_Z,"lower_order_z,baseline_channels",,,,,,,,,,,,,,,,,,,,,error: too few observations
survey_net_distance,official schedule x survey difficulty net of simple distance,any_rentin,signoff_or_issue_t,baseline_bundle,full_exclusion_controls,"lower_order_z,geo_dev_direct,baseline_channels",,,,,,,,,,,,,,,,,,,,,error: too few observations
survey_net_distance,official schedule x survey difficulty net of simple distance,asinh_rentin,signoff_or_issue_t,farm_income,baseline,none,2772.0,130.0,4.0,1.0,,,0.2894744354772511,0.14161093951921333,0.04093842863304209,0.5697515224167903,0.22822155224457907,0.012543122060252987,7.972450969244368,0.004749458771134307,0.28561422651528623,10.574825338543185,0.0011463809953677342,,,,ok
survey_net_distance,official schedule x survey difficulty net of simple distance,asinh_rentin,signoff_or_issue_t,farm_income,lower_order_Z,lower_order_z,2772.0,130.0,5.0,1.0,,,0.25205351620805827,0.13270887884645927,0.057525495777554836,0.2666561167770448,0.19084639552923796,0.1623447211666229,8.784047115148102,0.0030387625773000693,0.31229533253807595,1.8137614418120875,0.17805766752573854,,,,ok
survey_net_distance,official schedule x survey difficulty net of simple distance,asinh_rentin,signoff_or_issue_t,farm_income,direct_geo_main_trends,geo_main,2772.0,130.0,7.0,1.0,,,0.2968650286023443,0.13916132348869353,0.03290473293470675,0.5802136320842473,0.27632826876227545,0.035752956923307044,8.410488966347517,0.0037306230869846857,0.3180025524311729,6.103533603825258,0.013491184787176187,,,,ok
survey_net_distance,official schedule x survey difficulty net of simple distance,asinh_rentin,signoff_or_issue_t,farm_income,direct_geo_dev_main_trends,geo_dev_main,2772.0,130.0,8.0,1.0,,,0.30189716620452867,0.1433079563942797,0.03514946684354814,0.5847970790549105,0.2843606325783688,0.03973115043863773,8.430315894824837,0.003690162311503764,0.3178639866331717,5.633287293299763,0.01762255377587703,,,,ok
survey_net_distance,official schedule x survey difficulty net of simple distance,asinh_rentin,signoff_or_issue_t,farm_income,channel_rent_main,channel_rent_imp_main,2772.0,130.0,7.0,1.0,"BMrent_b14_asinh_rentin_miss,BIrent_b14_any_rentout_imp,BMrent_b14_any_rentout_miss,BIrent_b14_asinh_rentout_imp,BMrent_b14_asinh_rentout_miss",,0.21450360691927584,0.17220865734167928,0.21291020872392719,0.3138162325617677,0.24376452243068256,0.19796378451372787,8.035069871773851,0.004588024035477867,0.2850356230158587,1.7826383972053519,0.18182567993581522,,,,ok
survey_net_distance,official schedule x survey difficulty net of simple distance,asinh_rentin,signoff_or_issue_t,farm_income,channel_land_main,channel_land_imp_main,2772.0,130.0,6.0,1.0,"BIland_b14_contract_land_mu_imp,BMland_b14_contract_land_mu_miss",,0.2926843209014628,0.1436186279832848,0.0415572052233697,0.5651809282834661,0.22711964999031867,0.012829327763557608,8.033513132888121,0.004591968861266227,0.2850903488755039,10.300228914721723,0.001330137076442997,,,,ok
survey_net_distance,official schedule x survey difficulty net of simple distance,asinh_rentin,signoff_or_issue_t,farm_income,channel_labor_cost_main,channel_labor_cost_imp_main,2772.0,130.0,8.0,1.0,"BMlabor_cost_b14_nonfarm_n_miss,BMlabor_cost_b14_nonfarm_any_miss",,0.2732577369635516,0.14019305659192763,0.05127713873815276,0.5504600877964161,0.22307656596855488,0.013602843294612477,8.075417879428088,0.004486975885980016,0.2859149401661679,9.88031480676567,0.0016705635497296974,,,,ok
survey_net_distance,official schedule x survey difficulty net of simple distance,asinh_rentin,signoff_or_issue_t,farm_income,channel_gov_mobility_main,channel_gov_mobility_imp_main,2772.0,130.0,7.0,1.0,BMgov_mobility_b14_mobility_ease_miss,,0.30546942043781644,0.1389384121409341,0.02790667022678095,0.5822834491874074,0.23881230476107698,0.014758674867895838,8.10115541353536,0.004423705063543393,0.2897511373165239,10.041081879773596,0.0015308726729932167,,,,ok
survey_net_distance,official schedule x survey difficulty net of simple distance,asinh_rentin,signoff_or_issue_t,farm_income,geo_dev_main_plus_rent,"geo_dev_main,channel_rent_imp_main",2772.0,130.0,11.0,1.0,"BMrent_b14_asinh_rentin_miss,BIrent_b14_any_rentout_imp,BMrent_b14_any_rentout_miss,BIrent_b14_asinh_rentout_imp,BMrent_b14_asinh_rentout_miss",,0.23277867666687468,0.18685605810380498,0.21285080150906488,0.4422546563479691,0.32125541908135685,0.1686220405914307,8.489118773450187,0.0035727681644444065,0.3176629180134105,2.3416425470220013,0.12595667968081592,,,,ok
survey_net_distance,official schedule x survey difficulty net of simple distance,asinh_rentin,signoff_or_issue_t,farm_income,geo_dev_main_plus_land,"geo_dev_main,channel_land_imp_main",2772.0,130.0,10.0,1.0,"BIland_b14_contract_land_mu_imp,BMland_b14_contract_land_mu_miss",,0.3060063893216233,0.14546970015093702,0.035415557731864444,0.58156070188893,0.2826099637064294,0.03960732494363439,8.482440343971685,0.003585907553632861,0.31744630657199446,5.6110408276425625,0.017847658788514666,,,,ok
survey_net_distance,official schedule x survey difficulty net of simple distance,asinh_rentin,signoff_or_issue_t,farm_income,geo_dev_main_plus_labor_cost,"geo_dev_main,channel_labor_cost_imp_main",2772.0,130.0,12.0,1.0,"BMlabor_cost_b14_nonfarm_n_miss,BMlabor_cost_b14_nonfarm_any_miss",,0.2883644413033205,0.14182438363902522,0.04202726242374344,0.5686474669870728,0.2821894825444951,0.043891410096522865,8.509323980381177,0.003533313015816053,0.3139426262749977,5.262252590578385,0.02179279509312724,,,,ok
survey_net_distance,official schedule x survey difficulty net of simple distance,asinh_rentin,signoff_or_issue_t,farm_income,geo_dev_main_plus_gov_mobility,"geo_dev_main,channel_gov_mobility_imp_main",2772.0,130.0,11.0,1.0,BMgov_mobility_b14_mobility_ease_miss,,0.31839372936503296,0.14216301946187485,0.025114420479624755,0.585866149495559,0.28254905269955655,0.03812554450264383,9.134293034092925,0.0025086237736438033,0.3334931151710532,6.076359938110618,0.013700278567641758,,,,ok
survey_net_distance,official schedule x survey difficulty net of simple distance,asinh_rentin,signoff_or_issue_t,farm_income,baseline_channels_imputed_main,baseline_channels_imp_main,2772.0,130.0,16.0,1.0,"BM_b14_asinh_rentin_miss,BI_b14_any_rentout_imp,BM_b14_any_rentout_miss,BI_b14_asinh_rentout_imp,BM_b14_asinh_rentout_miss,BI_b14_contract_land_mu_imp,BM_b14_contract_land_mu_miss,BM_b14_nonfarm_n_miss,BM_b14_nonfarm_any_miss,BM_b14_mobility_ease_miss",,0.25174250662863845,0.16666736739528176,0.1309289727521472,0.3730819912342592,0.2512312708039652,0.13754007669209956,8.358264329169995,0.003839371182383089,0.2901342168436153,2.4550402794056545,0.1171481637157205,,,,ok
survey_net_distance,official schedule x survey difficulty net of simple distance,asinh_rentin,signoff_or_issue_t,farm_income,geo_dev_main_plus_channels_main,"geo_dev_main,baseline_channels_imp_main",2772.0,130.0,20.0,1.0,"BM_b14_asinh_rentin_miss,BI_b14_any_rentout_imp,BM_b14_any_rentout_miss,BI_b14_asinh_rentout_imp,BM_b14_asinh_rentout_miss,BI_b14_contract_land_mu_imp,BM_b14_contract_land_mu_miss,BM_b14_nonfarm_n_miss,BM_b14_nonfarm_any_miss,BM_b14_mobility_ease_miss",,0.275437590542786,0.18449774711141742,0.135462082552954,0.4911816752430965,0.3201396399570535,0.12496245186146115,9.369162008747791,0.002206663781156637,0.33003501398939605,3.0057383241130213,0.08297016772124008,,,,ok
survey_net_distance,official schedule x survey difficulty net of simple distance,asinh_rentin,signoff_or_issue_t,farm_income,geo_dev_main_channels_main_plus_Z,"lower_order_z,geo_dev_main,baseline_channels_imp_main",2772.0,130.0,21.0,1.0,"BM_b14_asinh_rentin_miss,BI_b14_any_rentout_imp,BM_b14_any_rentout_miss,BI_b14_asinh_rentout_imp,BM_b14_asinh_rentout_miss,BI_b14_contract_land_mu_imp,BM_b14_contract_land_mu_miss,BM_b14_nonfarm_n_miss,BM_b14_nonfarm_any_miss,BM_b14_mobility_ease_miss",,0.2696432016919837,0.18146536756311232,0.1373000164078737,0.47269721118229485,0.2993146579199407,0.11427524956682666,9.367858356351965,0.00220823374799084,0.33651743798343237,3.1410563832975917,0.07634434562737918,,,,ok
survey_net_distance,official schedule x survey difficulty net of simple distance,asinh_rentin,signoff_or_issue_t,farm_income,direct_geo_trends,geo_direct,2772.0,130.0,10.0,1.0,,,0.3178929947951939,0.13292963925566947,0.016782516794003,0.41506514773541375,0.2253713710238199,0.06551989251171508,12.847986719204853,0.0003378425362565718,0.36990961315390214,3.3489327955459753,0.06724859896259548,,,,ok
survey_net_distance,official schedule x survey difficulty net of simple distance,asinh_rentin,signoff_or_issue_t,farm_income,direct_geo_trends_plus_Z,"lower_order_z,geo_direct",2772.0,130.0,11.0,1.0,,,0.29636711647014513,0.12827640273821286,0.020867176630520623,0.2664906260238705,0.21759072746131797,0.2206756948512667,13.642284187797078,0.00022114823209584689,0.3876737533496406,1.3667610368787746,0.2423691628181805,,,,ok
survey_net_distance,official schedule x survey difficulty net of simple distance,asinh_rentin,signoff_or_issue_t,farm_income,direct_geo_dev_trends_plus_Z,"lower_order_z,geo_dev_direct",2772.0,130.0,13.0,1.0,,,0.2938622289214446,0.1334878503496536,0.027706619466120408,0.250371729438877,0.2253594784394291,0.2665734129689872,14.536254886755184,0.0001374880323570249,0.3874942482684618,1.128931222228498,0.28800342595119544,,,,ok
survey_net_distance,official schedule x survey difficulty net of simple distance,asinh_rentin,signoff_or_issue_t,farm_income,baseline_channels_plus_Z,"lower_order_z,baseline_channels",,,,,,,,,,,,,,,,,,,,,error: too few observations
survey_net_distance,official schedule x survey difficulty net of simple distance,asinh_rentin,signoff_or_issue_t,farm_income,full_exclusion_controls,"lower_order_z,geo_dev_direct,baseline_channels",,,,,,,,,,,,,,,,,,,,,error: too few observations
survey_net_distance,official schedule x survey difficulty net of simple distance,asinh_rentin,signoff_or_issue_t,baseline_bundle,baseline,none,2532.0,128.0,10.0,1.0,,,0.2774287977544273,0.14850961545717925,0.06175002434051846,0.6024884813247507,0.2583455168326516,0.01969524752455909,8.801774473715218,0.003009377066613861,0.2856185571445746,10.445528105896665,0.0012294674984612204,,,,ok
survey_net_distance,official schedule x survey difficulty net of simple distance,asinh_rentin,signoff_or_issue_t,baseline_bundle,lower_order_Z,lower_order_z,2532.0,128.0,11.0,1.0,,,0.23339906780356573,0.13957972196090157,0.09449356678972487,0.26112846437130754,0.20782164400098774,0.20893375443278428,9.502952195957551,0.002051415733793416,0.31053522014476154,1.5383756414124403,0.21485974969675908,,,,ok
survey_net_distance,official schedule x survey difficulty net of simple distance,asinh_rentin,signoff_or_issue_t,baseline_bundle,direct_geo_main_trends,geo_main,2532.0,128.0,13.0,1.0,,,0.2763319436801759,0.14120381096074525,0.05035072766958604,0.5006124152801337,0.25064512491939495,0.04579307667819266,8.915796780171044,0.00282714438137055,0.31260587491953196,5.168579586900492,0.02299901394617686,,,,ok
survey_net_distance,official schedule x survey difficulty net of simple distance,asinh_rentin,signoff_or_issue_t,baseline_bundle,direct_geo_dev_main_trends,geo_dev_main,2532.0,128.0,14.0,1.0,,,0.28007746271920425,0.14387307708164596,0.05157092543907371,0.5037261453886129,0.2564343236112318,0.049489796368733296,8.941075490895898,0.0027882850197268327,0.31247198638091334,4.89965996072003,0.026861984392084474,,,,ok
survey_net_distance,official schedule x survey difficulty net of simple distance,asinh_rentin,signoff_or_issue_t,baseline_bundle,channel_rent_main,channel_rent_imp_main,2532.0,128.0,13.0,1.0,"BMrent_b14_asinh_rentin_miss,BIrent_b14_any_rentout_imp,BMrent_b14_any_rentout_miss,BIrent_b14_asinh_rentout_imp,BMrent_b14_asinh_rentout_miss",,0.2253677834259038,0.16966163157701505,0.18406687818093825,0.39983683024634753,0.24090189711064547,0.09696483425281177,8.866947038538973,0.0029038036556525704,0.2851216175793,3.592038018891015,0.058057002212023784,,,,ok
survey_net_distance,official schedule x survey difficulty net of simple distance,asinh_rentin,signoff_or_issue_t,baseline_bundle,channel_land_main,channel_land_imp_main,2532.0,128.0,10.0,1.0,"BIland_b14_land_total_mu_imp,BMland_b14_land_total_mu_miss,BIland_b14_contract_land_mu_imp,BMland_b14_contract_land_mu_miss",,0.2774287977544273,0.14850961545717925,0.06175002434051846,0.6024884813247507,0.2583455168326516,0.01969524752455909,8.801774473715218,0.003009377066613861,0.2856185571445746,10.445528105896665,0.0012294674984612204,,,,ok
survey_net_distance,official schedule x survey difficulty net of simple distance,asinh_rentin,signoff_or_issue_t,baseline_bundle,channel_labor_cost_main,channel_labor_cost_imp_main,2532.0,128.0,14.0,1.0,"BMlabor_cost_b14_nonfarm_n_miss,BMlabor_cost_b14_nonfarm_any_miss",,0.2794633165788656,0.14750104233363184,0.05813836648815007,0.13526201248168945,344676852.10436565,0.9999999996868851,-3.9513987804072153e-45,1.0,0.2858082648545395,9.627227248945456,0.001917138179783809,,,,ok
survey_net_distance,official schedule x survey difficulty net of simple distance,asinh_rentin,signoff_or_issue_t,baseline_bundle,channel_gov_mobility_main,channel_gov_mobility_imp_main,2532.0,128.0,13.0,1.0,BMgov_mobility_b14_mobility_ease_miss,,0.2906930663030885,0.14611904152232316,0.04665416748226936,0.6250072207339856,0.275202216046697,0.023141921730336357,9.036665261902842,0.002646178961048129,0.29201516491607127,9.860159073716408,0.001688965015670401,,,,ok
survey_net_distance,official schedule x survey difficulty net of simple distance,asinh_rentin,signoff_or_issue_t,baseline_bundle,geo_dev_main_plus_rent,"geo_dev_main,channel_rent_imp_main",2532.0,128.0,17.0,1.0,"BMrent_b14_asinh_rentin_miss,BIrent_b14_any_rentout_imp,BMrent_b14_any_rentout_miss,BIrent_b14_asinh_rentout_imp,BMrent_b14_asinh_rentout_miss",,0.23199768175465552,0.17553083187975851,0.18627076119676556,0.3876096077935334,0.26294710075800715,0.1404553989563042,9.008655879439711,0.0026870395768447963,0.3123005390428585,2.7075857890114676,0.09987203098469541,,,,ok
survey_net_distance,official schedule x survey difficulty net of simple distance,asinh_rentin,signoff_or_issue_t,baseline_bundle,geo_dev_main_plus_land,"geo_dev_main,channel_land_imp_main",2532.0,128.0,14.0,1.0,"BIland_b14_land_total_mu_imp,BMland_b14_land_total_mu_miss,BIland_b14_contract_land_mu_imp,BMland_b14_contract_land_mu_miss",,0.28007746271920425,0.14387307708164596,0.05157092543907371,0.5037261453886129,0.2564343236112318,0.049489796368733296,8.941075490895898,0.0027882850197268327,0.31247198638091334,4.89965996072003,0.026861984392084474,,,,ok
survey_net_distance,official schedule x survey difficulty net of simple distance,asinh_rentin,signoff_or_issue_t,baseline_bundle,geo_dev_main_plus_labor_cost,"geo_dev_main,channel_labor_cost_imp_main",2532.0,128.0,18.0,1.0,"BMlabor_cost_b14_nonfarm_n_miss,BMlabor_cost_b14_nonfarm_any_miss",,0.28283762966537423,0.1417196601702641,0.045960666882402856,0.49243695450480035,0.2496308654520029,0.04853425208201756,4.5634276881478794e-48,1.0,0.3121465703972146,4.680195425647999,0.03051227713672128,,,,ok
survey_net_distance,official schedule x survey difficulty net of simple distance,asinh_rentin,signoff_or_issue_t,baseline_bundle,geo_dev_main_plus_gov_mobility,"geo_dev_main,channel_gov_mobility_imp_main",2532.0,128.0,17.0,1.0,BMgov_mobility_b14_mobility_ease_miss,,0.29441462247049144,0.14347044754531502,0.040160678374843606,0.5091074330164701,0.2578604696903569,0.04834168833703112,9.808638740465197,0.001736940244236207,0.33085035442837984,5.162545963832324,0.02307904194586515,,,,ok
survey_net_distance,official schedule x survey difficulty net of simple distance,asinh_rentin,signoff_or_issue_t,baseline_bundle,baseline_channels_imputed_main,baseline_channels_imp_main,2532.0,128.0,20.0,1.0,"BM_b14_asinh_rentin_miss,BI_b14_any_rentout_imp,BM_b14_any_rentout_miss,BI_b14_asinh_rentout_imp,BM_b14_asinh_rentout_miss,BI_b14_land_total_mu_imp,BM_b14_land_total_mu_miss,BI_b14_contract_land_mu_imp,BM_b14_contract_land_mu_miss,BM_b14_nonfarm_n_miss,BM_b14_nonfarm_any_miss,BM_b14_mobility_ease_miss",,0.24087730167717306,6393349.449790941,0.9999999699387181,0.39903089751304816,0.24595740936748675,0.10472678026822946,1.221638314867202e-16,0.9999999911811616,0.29173748100431574,3.2732244503496077,0.07041908739758466,,,,ok
survey_net_distance,official schedule x survey difficulty net of simple distance,asinh_rentin,signoff_or_issue_t,baseline_bundle,geo_dev_main_plus_channels_main,"geo_dev_main,baseline_channels_imp_main",2532.0,128.0,24.0,1.0,"BM_b14_asinh_rentin_miss,BI_b14_any_rentout_imp,BM_b14_any_rentout_miss,BI_b14_asinh_rentout_imp,BM_b14_asinh_rentout_miss,BI_b14_land_total_mu_imp,BM_b14_land_total_mu_miss,BI_b14_contract_land_mu_imp,BM_b14_contract_land_mu_miss,BM_b14_nonfarm_n_miss,BM_b14_nonfarm_any_miss,BM_b14_mobility_ease_miss",,0.24781041828123995,0.17539062491102506,0.15768344516848964,0.37370030760404627,0.3040721482847246,0.21907718535089327,6.577439711582086e-17,0.9999999935290432,0.33054453693067554,2.4674150227018785,0.11622893585961382,,,,ok
survey_net_distance,official schedule x survey difficulty net of simple distance,asinh_rentin,signoff_or_issue_t,baseline_bundle,geo_dev_main_channels_main_plus_Z,"lower_order_z,geo_dev_main,baseline_channels_imp_main",2532.0,128.0,25.0,1.0,"BM_b14_asinh_rentin_miss,BI_b14_any_rentout_imp,BM_b14_any_rentout_miss,BI_b14_asinh_rentout_imp,BM_b14_asinh_rentout_miss,BI_b14_land_total_mu_imp,BM_b14_land_total_mu_miss,BI_b14_contract_land_mu_imp,BM_b14_contract_land_mu_miss,BM_b14_nonfarm_n_miss,BM_b14_nonfarm_any_miss,BM_b14_mobility_ease_miss",,0.24247740710471033,,,0.3508047833751252,0.24547013134166246,0.15297149122589526,4.2369621003925696e-18,0.9999999983576439,0.3364928924740064,2.490197257462019,0.11455736580740279,,,,ok
survey_net_distance,official schedule x survey difficulty net of simple distance,asinh_rentin,signoff_or_issue_t,baseline_bundle,direct_geo_trends,geo_direct,2532.0,128.0,16.0,1.0,,,0.29396551683211947,0.13445062384691683,0.028784900490030463,0.30222232122443404,0.19977290831768424,0.13032300872864888,13.820081537002759,0.00020117451008594411,0.36677737747575745,2.1108781959210963,0.146255364043588,,,,ok
survey_net_distance,official schedule x survey difficulty net of simple distance,asinh_rentin,signoff_or_issue_t,baseline_bundle,direct_geo_trends_plus_Z,"lower_order_z,geo_direct",2532.0,128.0,17.0,1.0,,,0.27265775491230304,0.1312939320279964,0.03782950542824581,0.1503276941930317,0.20993098935246166,0.4739410367710364,14.725135188674015,0.00012437706012868865,0.38515240268214457,0.46365770616313806,0.4959194823755535,,,,ok
survey_net_distance,official schedule x survey difficulty net of simple distance,asinh_rentin,signoff_or_issue_t,baseline_bundle,direct_geo_dev_trends_plus_Z,"lower_order_z,geo_dev_direct",2532.0,128.0,19.0,1.0,,,0.2745556102554734,0.13485297575172753,0.041754114579941604,0.15391805564130545,0.22028147723369548,0.48471857125977547,15.854367348979881,6.840847520739324e-05,0.3873418304088676,0.44474278256292893,0.5048421544598196,,,,ok
survey_net_distance,official schedule x survey difficulty net of simple distance,asinh_rentin,signoff_or_issue_t,baseline_bundle,baseline_channels_plus_Z,"lower_order_z,baseline_channels",,,,,,,,,,,,,,,,,,,,,error: too few observations
survey_net_distance,official schedule x survey difficulty net of simple distance,asinh_rentin,signoff_or_issue_t,baseline_bundle,full_exclusion_controls,"lower_order_z,geo_dev_direct,baseline_channels",,,,,,,,,,,,,,,,,,,,,error: too few observations
geo_plus_rawsurvey,terrain-area difficulty + raw survey-cost index,any_rentin,signoff_or_issue_t,farm_income,baseline,none,2778.0,130.0,4.0,2.0,,,0.14631466945480534,0.06379657945492441,0.021821746356987637,0.284157436613173,0.12834714144417608,0.02683045900859926,7.932264732561715,0.018946570003681718,0.2767032999686534,13.105863470046963,0.0014259290182909825,0.08168777077884237,0.08185120795872458,0.11081430941947268,ok
geo_plus_rawsurvey,terrain-area difficulty + raw survey-cost index,any_rentin,signoff_or_issue_t,farm_income,lower_order_Z,lower_order_z,2778.0,130.0,6.0,2.0,,,0.13285415836062492,0.0636641457344799,0.03690647419077475,0.16612045962769403,0.10986790592689476,0.13053343217354474,8.231530093899124,0.016313455075074423,0.3053701960155022,10.784583380106916,0.004551530677056229,0.03355976229715807,0.03367123371071479,0.03898582213230484,ok
geo_plus_rawsurvey,terrain-area difficulty + raw survey-cost index,any_rentin,signoff_or_issue_t,farm_income,direct_geo_main_trends,geo_main,2778.0,130.0,7.0,2.0,,,0.1459654726467998,0.06611677479588225,0.027265753145474303,0.29273972533387965,0.13413822388631133,0.029081967370372164,8.502278921931655,0.014247989627872215,0.3078414010983127,9.517790877069583,0.008575075866750666,0.09216946248545421,0.09253163765642825,0.11612265069602068,ok
geo_plus_rawsurvey,terrain-area difficulty + raw survey-cost index,any_rentin,signoff_or_issue_t,farm_income,direct_geo_dev_main_trends,geo_dev_main,2778.0,130.0,8.0,2.0,,,0.14765955178634935,0.06773224175629049,0.02925388880555846,0.2952932166138092,0.13596717895510838,0.029870919656517447,8.486327698699904,0.014362080426621793,0.3078382706826128,8.972317652052602,0.01126382713880265,0.12085756086293575,0.12136712288630946,0.14132389565818937,ok
geo_plus_rawsurvey,terrain-area difficulty + raw survey-cost index,any_rentin,signoff_or_issue_t,farm_income,channel_rent_main,channel_rent_imp_main,2778.0,130.0,7.0,2.0,"BMrent_b14_asinh_rentin_miss,BIrent_b14_any_rentout_imp,BMrent_b14_any_rentout_miss,BIrent_b14_asinh_rentout_imp,BMrent_b14_asinh_rentout_miss",,0.10008282151844111,0.06759600488363084,0.13871249843813427,0.11954777736984168,0.11744051199680577,0.30870492257303717,8.002969703888425,0.018288463057756554,0.2761110706518236,12.921530564482195,0.0015635986581258997,0.009228406625715335,0.009256548704050127,0.01809861621318909,ok
geo_plus_rawsurvey,terrain-area difficulty + raw survey-cost index,any_rentin,signoff_or_issue_t,farm_income,channel_land_main,channel_land_imp_main,2778.0,130.0,6.0,2.0,"BIland_b14_contract_land_mu_imp,BMland_b14_contract_land_mu_miss",,0.15151895744871974,0.06503428518150135,0.019815033183362196,0.2838450243546095,0.12849143918801997,0.027170616322436558,7.994715563982602,0.018364096789624362,0.2762101540783656,12.659181218791051,0.001782763466338822,0.08575420327994454,0.0860396369336488,0.11521329292075833,ok
geo_plus_rawsurvey,terrain-area difficulty + raw survey-cost index,any_rentin,signoff_or_issue_t,farm_income,channel_labor_cost_main,channel_labor_cost_imp_main,2778.0,130.0,8.0,2.0,"BMlabor_cost_b14_nonfarm_n_miss,BMlabor_cost_b14_nonfarm_any_miss",,0.1408642998895577,0.06358377070728399,0.026731743137894837,0.28116716213948956,0.12709278504770677,0.02694605515343973,8.0186721277864,0.018145438650223777,0.27694915357350913,13.25324198601659,0.0013246314714195572,0.07853425182824303,0.07890681255325305,0.10546958381719396,ok
geo_plus_rawsurvey,terrain-area difficulty + raw survey-cost index,any_rentin,signoff_or_issue_t,farm_income,channel_gov_mobility_main,channel_gov_mobility_imp_main,2778.0,130.0,7.0,2.0,BMgov_mobility_b14_mobility_ease_miss,,0.15020883134244928,0.0634883474624753,0.017984962794002968,0.28500450817647316,0.12870952434374847,0.026806541848931387,8.0389939156641,0.01796199830979972,0.2812084756533161,11.877436868821103,0.0026354049320043657,0.08474072542998001,0.08507958019275952,0.1087258103086286,ok
geo_plus_rawsurvey,terrain-area difficulty + raw survey-cost index,any_rentin,signoff_or_issue_t,farm_income,geo_dev_main_plus_rent,"geo_dev_main,channel_rent_imp_main",2778.0,130.0,11.0,2.0,"BMrent_b14_asinh_rentin_miss,BIrent_b14_any_rentout_imp,BMrent_b14_any_rentout_miss,BIrent_b14_asinh_rentout_imp,BMrent_b14_asinh_rentout_miss",,0.1042319856923844,0.07725879188928134,0.17729591297570924,0.16010555553778416,0.135959704403657,0.23895784765718453,8.559970608269854,0.013842865517868619,0.3076178182726408,11.732941651985037,0.0028328533454521593,0.01530163877907953,0.015433471543467414,0.02075842271491446,ok
geo_plus_rawsurvey,terrain-area difficulty + raw survey-cost index,any_rentin,signoff_or_issue_t,farm_income,geo_dev_main_plus_land,"geo_dev_main,channel_land_imp_main",2778.0,130.0,10.0,2.0,"BIland_b14_contract_land_mu_imp,BMland_b14_contract_land_mu_miss",,0.15341516703066274,0.06900038289700569,0.02618911729725193,0.2956153947688669,0.134412934618763,0.027856054436781408,8.533443345682603,0.014027695229059556,0.30745992293532154,8.75267789659126,0.01257129864969965,0.13176800465159655,0.13244677512398684,0.15247830061255296,ok
geo_plus_rawsurvey,terrain-area difficulty + raw survey-cost index,any_rentin,signoff_or_issue_t,farm_income,geo_dev_main_plus_labor_cost,"geo_dev_main,channel_labor_cost_imp_main",2778.0,130.0,12.0,2.0,"BMlabor_cost_b14_nonfarm_n_miss,BMlabor_cost_b14_nonfarm_any_miss",,0.143128477169812,0.06767908942104563,0.034446066036472045,0.2979744932435739,0.13799462530258105,0.03082538387402245,8.556732976839358,0.013865292713964084,0.30402098084924134,9.318263060193269,0.009474687310423424,0.11177313884177065,0.11251628438884076,0.13080541526738076,ok
geo_plus_rawsurvey,terrain-area difficulty + raw survey-cost index,any_rentin,signoff_or_issue_t,farm_income,geo_dev_main_plus_gov_mobility,"geo_dev_main,channel_gov_mobility_imp_main",2778.0,130.0,11.0,2.0,BMgov_mobility_b14_mobility_ease_miss,,0.15141403060532654,0.06713373278780327,0.0241076632394448,0.2841094420007888,0.13583180341653214,0.03647191210404421,9.078386976989002,0.010682018250960934,0.32439122314181723,7.932914392340263,0.018940416590905614,0.12261996575980327,0.12333771053049025,0.13725718184733882,ok
geo_plus_rawsurvey,terrain-area difficulty + raw survey-cost index,any_rentin,signoff_or_issue_t,farm_income,baseline_channels_imputed_main,baseline_channels_imp_main,2778.0,130.0,16.0,2.0,"BM_b14_asinh_rentin_miss,BI_b14_any_rentout_imp,BM_b14_any_rentout_miss,BI_b14_asinh_rentout_imp,BM_b14_asinh_rentout_miss,BI_b14_contract_land_mu_imp,BM_b14_contract_land_mu_miss,BM_b14_nonfarm_n_miss,BM_b14_nonfarm_any_miss,BM_b14_mobility_ease_miss",,0.10677724871311085,0.06576685871872003,0.10446712567402638,0.12735869163826025,0.11209476368355088,0.25588548318145743,8.285382338653305,0.015880058023029497,0.2816863120283195,10.283609540306834,0.005847127463856263,0.016322257580428157,0.01656041860365043,0.026673452469977654,ok
geo_plus_rawsurvey,terrain-area difficulty + raw survey-cost index,any_rentin,signoff_or_issue_t,farm_income,geo_dev_main_plus_channels_main,"geo_dev_main,baseline_channels_imp_main",2778.0,130.0,20.0,2.0,"BM_b14_asinh_rentin_miss,BI_b14_any_rentout_imp,BM_b14_any_rentout_miss,BI_b14_asinh_rentout_imp,BM_b14_asinh_rentout_miss,BI_b14_contract_land_mu_imp,BM_b14_contract_land_mu_miss,BM_b14_nonfarm_n_miss,BM_b14_nonfarm_any_miss,BM_b14_mobility_ease_miss",,0.11154298465527619,0.07498101526735795,0.1368520976750509,0.15404445331597943,0.13182290889531037,0.2425764419820775,9.313958087411475,0.00949510341072346,0.32133212829088764,9.549803481995266,0.008438913245911329,0.020574613670682695,0.020957875717351748,0.025291334689565237,ok
geo_plus_rawsurvey,terrain-area difficulty + raw survey-cost index,any_rentin,signoff_or_issue_t,farm_income,geo_dev_main_channels_main_plus_Z,"lower_order_z,geo_dev_main,baseline_channels_imp_main",2778.0,130.0,22.0,2.0,"BM_b14_asinh_rentin_miss,BI_b14_any_rentout_imp,BM_b14_any_rentout_miss,BI_b14_asinh_rentout_imp,BM_b14_asinh_rentout_miss,BI_b14_contract_land_mu_imp,BM_b14_contract_land_mu_miss,BM_b14_nonfarm_n_miss,BM_b14_nonfarm_any_miss,BM_b14_mobility_ease_miss",,0.11131289449678235,0.07371876149022275,0.1310518539811245,0.15023799536560284,0.12449901719738067,0.22753213042731635,8.97140310302213,0.011268978977709843,0.33118944991849475,12.098856457348694,0.0023592105498678687,0.01704424344148281,0.01741337945402166,0.01543118729770565,ok
geo_plus_rawsurvey,terrain-area difficulty + raw survey-cost index,any_rentin,signoff_or_issue_t,farm_income,direct_geo_trends,geo_direct,2778.0,130.0,10.0,2.0,,,0.14192832767039032,0.057880112002422754,0.014202174210490748,0.1164729077068585,0.11074366820167846,0.29292149708032333,17.436354817288695,0.000163585068116201,0.3773152294295167,7.084125604590432,0.028953540010155026,0.008174802481908938,0.008232712848049162,0.01800683246172674,ok
geo_plus_rawsurvey,terrain-area difficulty + raw survey-cost index,any_rentin,signoff_or_issue_t,farm_income,direct_geo_trends_plus_Z,"lower_order_z,geo_direct",2778.0,130.0,12.0,2.0,,,0.1356460120872647,0.05646342948406589,0.016289252379010355,0.06140766868974099,0.10914137129790495,0.5736777548644512,17.082210236324997,0.0001952743396407275,0.3930244473188721,8.222351255097827,0.016388496428694853,0.004167052036604502,0.004206656730557534,0.008570874385073424,ok
geo_plus_rawsurvey,terrain-area difficulty + raw survey-cost index,any_rentin,signoff_or_issue_t,farm_income,direct_geo_dev_trends_plus_Z,"lower_order_z,geo_dev_direct",2778.0,130.0,14.0,2.0,,,0.1312060923271704,0.05853881416764116,0.025003278565232767,0.04853919142893126,0.11065927948911204,0.6609249950261302,16.93134217055585,0.00021057449219585855,0.3901543029593544,5.689642708057389,0.05814465312008422,0.008395260398650795,0.008502466728706026,0.011602284135234675,ok
geo_plus_rawsurvey,terrain-area difficulty + raw survey-cost index,any_rentin,signoff_or_issue_t,farm_income,baseline_channels_plus_Z,"lower_order_z,baseline_channels",,,,,,,,,,,,,,,,,,,,,error: too few observations
geo_plus_rawsurvey,terrain-area difficulty + raw survey-cost index,any_rentin,signoff_or_issue_t,farm_income,full_exclusion_controls,"lower_order_z,geo_dev_direct,baseline_channels",,,,,,,,,,,,,,,,,,,,,error: too few observations
geo_plus_rawsurvey,terrain-area difficulty + raw survey-cost index,any_rentin,signoff_or_issue_t,baseline_bundle,baseline,none,2538.0,128.0,10.0,2.0,,,0.13267088800259452,0.0696620382703461,0.056845963103603125,0.3045322068874981,0.1553673451404359,0.0499866051866098,8.797497906364063,0.012292709041838878,0.27640010649704505,7.665689354646447,0.02164794653449549,0.8251727181396289,0.8255781981259628,0.8289964964380697,ok
geo_plus_rawsurvey,terrain-area difficulty + raw survey-cost index,any_rentin,signoff_or_issue_t,baseline_bundle,lower_order_Z,lower_order_z,2538.0,128.0,12.0,2.0,,,0.11685563959682968,0.07097109709747919,0.09965585083999184,0.17331939986669878,0.1253449887334071,0.1667449200111526,8.852766627994937,0.011957658658093284,0.3029507343455933,4.631975674974601,0.09866866723638494,0.37384006937779257,0.3750867601867348,0.3633100287858575,ok
geo_plus_rawsurvey,terrain-area difficulty + raw survey-cost index,any_rentin,signoff_or_issue_t,baseline_bundle,direct_geo_main_trends,geo_main,2538.0,128.0,13.0,2.0,,,0.12697226609625595,0.07128706569826843,0.07488953240050034,0.26877470593369723,0.13959019737849263,0.054172404591265266,9.076015393331138,0.010694692413893758,0.3021496261996357,5.54918471397724,0.06237489819920747,0.7901338114127365,0.7907375881168764,0.7928223201587541,ok
geo_plus_rawsurvey,terrain-area difficulty + raw survey-cost index,any_rentin,signoff_or_issue_t,baseline_bundle,direct_geo_dev_main_trends,geo_dev_main,2538.0,128.0,14.0,2.0,,,0.127136575160548,0.07119485051992736,0.0741389019363865,0.2692803972295738,0.14009542568373934,0.05459050055215964,9.046650269643603,0.010852876327475336,0.30209228429153834,5.591245649035339,0.06107682234154628,0.804583459534184,0.8051856731244529,0.8042493241338726,ok
geo_plus_rawsurvey,terrain-area difficulty + raw survey-cost index,any_rentin,signoff_or_issue_t,baseline_bundle,channel_rent_main,channel_rent_imp_main,2538.0,128.0,13.0,2.0,"BMrent_b14_asinh_rentin_miss,BIrent_b14_any_rentout_imp,BMrent_b14_any_rentout_miss,BIrent_b14_asinh_rentout_imp,BMrent_b14_asinh_rentout_miss",,0.09009126279962582,0.07009592597111802,0.19870257438005545,0.15424019782281806,0.11585426615289257,0.18308062809153602,8.87353075401194,0.011834155709502525,0.2759083485238062,5.091622715238678,0.07840940809455076,0.32186944015411867,0.3232100359418473,0.33013402554435645,ok
geo_plus_rawsurvey,terrain-area difficulty + raw survey-cost index,any_rentin,signoff_or_issue_t,baseline_bundle,channel_land_main,channel_land_imp_main,2538.0,128.0,10.0,2.0,"BIland_b14_land_total_mu_imp,BMland_b14_land_total_mu_miss,BIland_b14_contract_land_mu_imp,BMland_b14_contract_land_mu_miss",,0.13267088800259452,0.0696620382703461,0.056845963103603125,0.3045322068874981,0.1553673451404359,0.0499866051866098,8.797497906364063,0.012292709041838878,0.27640010649704505,7.665689354646447,0.02164794653449549,0.8251727181396289,0.8255781981259628,0.8289964964380697,ok
geo_plus_rawsurvey,terrain-area difficulty + raw survey-cost index,any_rentin,signoff_or_issue_t,baseline_bundle,channel_labor_cost_main,channel_labor_cost_imp_main,2538.0,128.0,14.0,2.0,"BMlabor_cost_b14_nonfarm_n_miss,BMlabor_cost_b14_nonfarm_any_miss",,0.1356023116773796,0.07364929678448569,0.06559379400933696,0.2977364357904092,0.1417938464034912,0.03574785515388612,8.86385231630728,0.01189156256906232,0.27662701415515745,7.468986394878478,0.02388527311939426,0.0,0.0,0.8297196455704074,ok
geo_plus_rawsurvey,terrain-area difficulty + raw survey-cost index,any_rentin,signoff_or_issue_t,baseline_bundle,channel_gov_mobility_main,channel_gov_mobility_imp_main,2538.0,128.0,13.0,2.0,BMgov_mobility_b14_mobility_ease_miss,,0.13579451285954597,0.06973957048421062,0.05151484958230812,0.309238269744568,0.15765136166437013,0.0498169374903461,8.980283159797711,0.01121905530442624,0.2830714439276193,7.238858156248081,0.02679797167430602,0.7882987931922247,0.7889075386759775,0.7903913469778981,ok
geo_plus_rawsurvey,terrain-area difficulty + raw survey-cost index,any_rentin,signoff_or_issue_t,baseline_bundle,geo_dev_main_plus_rent,"geo_dev_main,channel_rent_imp_main",2538.0,128.0,17.0,2.0,"BMrent_b14_asinh_rentin_miss,BIrent_b14_any_rentout_imp,BMrent_b14_any_rentout_miss,BIrent_b14_asinh_rentout_imp,BMrent_b14_asinh_rentout_miss",,0.08649173312260587,0.07511207626537375,0.2495256247009605,0.13732779725605948,0.12545864095044656,0.27368922953326447,9.145318518054287,0.010330451811266572,0.30190960326493754,5.1591394299644975,0.0758066154571141,0.23422493257330657,0.23585324210198622,0.2287632518553433,ok
geo_plus_rawsurvey,terrain-area difficulty + raw survey-cost index,any_rentin,signoff_or_issue_t,baseline_bundle,geo_dev_main_plus_land,"geo_dev_main,channel_land_imp_main",2538.0,128.0,14.0,2.0,"BIland_b14_land_total_mu_imp,BMland_b14_land_total_mu_miss,BIland_b14_contract_land_mu_imp,BMland_b14_contract_land_mu_miss",,0.127136575160548,0.07119485051992736,0.0741389019363865,0.2692803972295738,0.14009542568373934,0.05459050055215964,9.046650269643603,0.010852876327475336,0.30209228429153834,5.591245649035339,0.06107682234154628,0.804583459534184,0.8051856731244529,0.8042493241338726,ok
geo_plus_rawsurvey,terrain-area difficulty + raw survey-cost index,any_rentin,signoff_or_issue_t,baseline_bundle,geo_dev_main_plus_labor_cost,"geo_dev_main,channel_labor_cost_imp_main",2538.0,128.0,18.0,2.0,"BMlabor_cost_b14_nonfarm_n_miss,BMlabor_cost_b14_nonfarm_any_miss",,0.1307051283802934,0.07175222247489511,0.06851299239305209,0.2724872640134571,0.161555180142207,0.09167041031290424,9.066365981870167,0.010746415832472045,0.3018023417477965,5.842567407262499,0.053864496849639835,0.0,0.0,0.8268134453194916,ok
geo_plus_rawsurvey,terrain-area difficulty + raw survey-cost index,any_rentin,signoff_or_issue_t,baseline_bundle,geo_dev_main_plus_gov_mobility,"geo_dev_main,channel_gov_mobility_imp_main",2538.0,128.0,17.0,2.0,BMgov_mobility_b14_mobility_ease_miss,,0.13032402402839344,0.07124520078221018,0.06736481239135306,0.2595070623954073,0.1396855838663208,0.06319825032187021,9.756362333647859,0.007610844302398556,0.3212382026174537,4.6782820326278545,0.09641041764824569,0.7981596522788281,0.79889777945363,0.7947705843168418,ok
geo_plus_rawsurvey,terrain-area difficulty + raw survey-cost index,any_rentin,signoff_or_issue_t,baseline_bundle,baseline_channels_imputed_main,baseline_channels_imp_main,2538.0,128.0,20.0,2.0,"BM_b14_asinh_rentin_miss,BI_b14_any_rentout_imp,BM_b14_any_rentout_miss,BI_b14_asinh_rentout_imp,BM_b14_asinh_rentout_miss,BI_b14_land_total_mu_imp,BM_b14_land_total_mu_miss,BI_b14_contract_land_mu_imp,BM_b14_contract_land_mu_miss,BM_b14_nonfarm_n_miss,BM_b14_nonfarm_any_miss,BM_b14_mobility_ease_miss",,0.09599891763908154,0.07548501547062325,0.20345796078785017,0.14681241367462267,0.13333013619141382,0.2708446486450513,9.119658631572154,0.010463844804138311,0.2828478638069203,3.7521292128269197,0.15319179103810643,0.0,0.0,0.4228391854611069,ok
geo_plus_rawsurvey,terrain-area difficulty + raw survey-cost index,any_rentin,signoff_or_issue_t,baseline_bundle,geo_dev_main_plus_channels_main,"geo_dev_main,baseline_channels_imp_main",2538.0,128.0,24.0,2.0,"BM_b14_asinh_rentin_miss,BI_b14_any_rentout_imp,BM_b14_any_rentout_miss,BI_b14_asinh_rentout_imp,BM_b14_asinh_rentout_miss,BI_b14_land_total_mu_imp,BM_b14_land_total_mu_miss,BI_b14_contract_land_mu_imp,BM_b14_contract_land_mu_miss,BM_b14_nonfarm_n_miss,BM_b14_nonfarm_any_miss,BM_b14_mobility_ease_miss",,0.0918621336953689,0.07054981277507573,0.1928859701519814,0.11588604155138044,0.1601611351376208,0.46933647876381035,9.921546448224523,0.007007507363576471,0.32097001467918174,3.552096795977212,0.16930585650225,0.0,0.0,0.2978400312508134,ok
geo_plus_rawsurvey,terrain-area difficulty + raw survey-cost index,any_rentin,signoff_or_issue_t,baseline_bundle,geo_dev_main_channels_main_plus_Z,"lower_order_z,geo_dev_main,baseline_channels_imp_main",2538.0,128.0,26.0,2.0,"BM_b14_asinh_rentin_miss,BI_b14_any_rentout_imp,BM_b14_any_rentout_miss,BI_b14_asinh_rentout_imp,BM_b14_asinh_rentout_miss,BI_b14_land_total_mu_imp,BM_b14_land_total_mu_miss,BI_b14_contract_land_mu_imp,BM_b14_contract_land_mu_miss,BM_b14_nonfarm_n_miss,BM_b14_nonfarm_any_miss,BM_b14_mobility_ease_miss",,0.0919652032214491,0.09881262550617594,0.35200723719861937,0.11499057520215122,0.10694475763007436,0.2822702459826394,9.457599228379816,0.008837072572007498,0.32906171360540715,5.03355018535747,0.08071950036557597,0.17903346315005886,0.18129454486736052,0.1944395644716247,ok
geo_plus_rawsurvey,terrain-area difficulty + raw survey-cost index,any_rentin,signoff_or_issue_t,baseline_bundle,direct_geo_trends,geo_direct,2538.0,128.0,16.0,2.0,,,0.11407549282988773,0.06477611549839996,0.07822598347431042,0.06377412044848427,0.11239137081357785,0.570422768061887,19.892070638038497,4.7917234383576535e-05,0.3757568944378271,4.577253375068693,0.10140562788565094,0.10232568561378441,0.10336915637188515,0.13281005302231752,ok
geo_plus_rawsurvey,terrain-area difficulty + raw survey-cost index,any_rentin,signoff_or_issue_t,baseline_bundle,direct_geo_trends_plus_Z,"lower_order_z,geo_direct",2538.0,128.0,18.0,2.0,,,0.11151729036135698,0.06395568751241464,0.08121753137674648,0.017652850200594122,0.11367036911191962,0.8765859122173889,19.259271062302123,6.575100964867353e-05,0.39158911756200854,5.919710870228916,0.05182640891006384,0.04846354873974812,0.04918318490506379,0.06435677803461148,ok
geo_plus_rawsurvey,terrain-area difficulty + raw survey-cost index,any_rentin,signoff_or_issue_t,baseline_bundle,direct_geo_dev_trends_plus_Z,"lower_order_z,geo_dev_direct",2538.0,128.0,20.0,2.0,,,0.10979955881178734,0.06478768774477625,0.09012102538037992,0.013038882557550204,0.11522003022536839,0.9098996894055191,19.043024878495824,7.325878106378969e-05,0.3900292820941912,4.302913758623296,0.11631457797254824,0.05659861584307091,0.05750169171810127,0.06226830603793154,ok
geo_plus_rawsurvey,terrain-area difficulty + raw survey-cost index,any_rentin,signoff_or_issue_t,baseline_bundle,baseline_channels_plus_Z,"lower_order_z,baseline_channels",,,,,,,,,,,,,,,,,,,,,error: too few observations
geo_plus_rawsurvey,terrain-area difficulty + raw survey-cost index,any_rentin,signoff_or_issue_t,baseline_bundle,full_exclusion_controls,"lower_order_z,geo_dev_direct,baseline_channels",,,,,,,,,,,,,,,,,,,,,error: too few observations
geo_plus_rawsurvey,terrain-area difficulty + raw survey-cost index,asinh_rentin,signoff_or_issue_t,farm_income,baseline,none,2772.0,130.0,4.0,2.0,,,0.2894744354772511,0.14161093951921333,0.04093842863304209,0.596963888038864,0.2357311658755957,0.011328703047360111,7.933289543428701,0.0189368641651404,0.2767292051142387,9.806428484164917,0.007422686375702721,0.08822040543771004,0.08839824529041151,0.020047345025749674,ok
geo_plus_rawsurvey,terrain-area difficulty + raw survey-cost index,asinh_rentin,signoff_or_issue_t,farm_income,lower_order_Z,lower_order_z,2772.0,130.0,6.0,2.0,,,0.2546670023242251,0.1330372530494418,0.055587796764160924,0.30846713349466753,0.20420559713460723,0.13089768684075187,8.231236956598591,0.01631584629140037,0.3053402924679842,3.138205038658496,0.20823198269913862,0.18722701512912665,0.18772611470857214,0.0954871018960618,ok
geo_plus_rawsurvey,terrain-area difficulty + raw survey-cost index,asinh_rentin,signoff_or_issue_t,farm_income,direct_geo_main_trends,geo_main,2772.0,130.0,7.0,2.0,,,0.2968650286023443,0.13916132348869353,0.03290473293470675,0.5966413472303636,0.28187466711275855,0.03428614859043311,8.504221998545152,0.014234153882221379,0.3079467404597749,5.740117335919888,0.0566956002670684,0.24079700699324524,0.2414452671866908,0.13457549952746362,ok
geo_plus_rawsurvey,terrain-area difficulty + raw survey-cost index,asinh_rentin,signoff_or_issue_t,farm_income,direct_geo_dev_main_trends,geo_dev_main,2772.0,130.0,8.0,2.0,,,0.30189716620452867,0.1433079563942797,0.03514946684354814,0.6016723331866066,0.2900351391990349,0.03803467830471652,8.488218770396022,0.01434850698282586,0.3079396746955051,5.309345756129052,0.07032183871910015,0.33584248516809867,0.3366349245121717,0.23289388656034216,ok
geo_plus_rawsurvey,terrain-area difficulty + raw survey-cost index,asinh_rentin,signoff_or_issue_t,farm_income,channel_rent_main,channel_rent_imp_main,2772.0,130.0,7.0,2.0,"BMrent_b14_asinh_rentin_miss,BIrent_b14_any_rentout_imp,BMrent_b14_any_rentout_miss,BIrent_b14_asinh_rentout_imp,BMrent_b14_asinh_rentout_miss",,0.21450360691927584,0.17220865734167928,0.21291020872392719,0.341959298496452,0.2480430357377447,0.1680092001023863,8.004054510543543,0.018278546024297238,0.276138312695388,7.665062427150127,0.02165473344462572,0.027404536643051314,0.027520251148834274,0.0058410134670235925,ok
geo_plus_rawsurvey,terrain-area difficulty + raw survey-cost index,asinh_rentin,signoff_or_issue_t,farm_income,channel_land_main,channel_land_imp_main,2772.0,130.0,6.0,2.0,"BIland_b14_contract_land_mu_imp,BMland_b14_contract_land_mu_miss",,0.2926843209014628,0.1436186279832848,0.0415572052233697,0.592589209720792,0.2347456147189701,0.011589965322344797,7.995666949467527,0.01835536319947706,0.27623212068129166,9.58295736258557,0.00830017498980507,0.08938116135231533,0.08967743139161022,0.02099417215112709,ok
geo_plus_rawsurvey,terrain-area difficulty + raw survey-cost index,asinh_rentin,signoff_or_issue_t,farm_income,channel_labor_cost_main,channel_labor_cost_imp_main,2772.0,130.0,8.0,2.0,"BMlabor_cost_b14_nonfarm_n_miss,BMlabor_cost_b14_nonfarm_any_miss",,0.2732577369635516,0.14019305659192763,0.05127713873815276,0.5762812512213491,0.23020392201644965,0.012302341941991868,8.019949624355782,0.018133851983286764,0.27695970181814034,8.965375283082718,0.011302993899006023,0.09446336124329224,0.0948930987642973,0.02213985554526665,ok
geo_plus_rawsurvey,terrain-area difficulty + raw survey-cost index,asinh_rentin,signoff_or_issue_t,farm_income,channel_gov_mobility_main,channel_gov_mobility_imp_main,2772.0,130.0,7.0,2.0,BMgov_mobility_b14_mobility_ease_miss,,0.30546942043781644,0.1389384121409341,0.02790667022678095,0.6195661813753073,0.2494296791284105,0.012994088214137056,8.040667516986009,0.017946973984801273,0.2812536421229942,10.840151526007304,0.0044268112466095254,0.06421159444660673,0.0644804010397344,0.012504364143152813,ok
geo_plus_rawsurvey,terrain-area difficulty + raw survey-cost index,asinh_rentin,signoff_or_issue_t,farm_income,geo_dev_main_plus_rent,"geo_dev_main,channel_rent_imp_main",2772.0,130.0,11.0,2.0,"BMrent_b14_asinh_rentin_miss,BIrent_b14_any_rentout_imp,BMrent_b14_any_rentout_miss,BIrent_b14_asinh_rentout_imp,BMrent_b14_asinh_rentout_miss",,0.23277867666687468,0.18685605810380498,0.21285080150906488,0.46254958870936624,0.3267576790199713,0.15690034528256103,8.561760697271753,0.013830481080347568,0.307723865170898,4.2250336127805745,0.12093321760248373,0.1432124681036242,0.14399888127103067,0.08023971994954415,ok
geo_plus_rawsurvey,terrain-area difficulty + raw survey-cost index,asinh_rentin,signoff_or_issue_t,farm_income,geo_dev_main_plus_land,"geo_dev_main,channel_land_imp_main",2772.0,130.0,10.0,2.0,"BIland_b14_contract_land_mu_imp,BMland_b14_contract_land_mu_miss",,0.3060063893216233,0.14546970015093702,0.035415557731864444,0.5984395539487276,0.2883060080787803,0.03792081584368656,8.535626981023833,0.014012387901456425,0.3075581659116913,5.257869683302026,0.07215527811787666,0.34455794683495355,0.3455266403476912,0.2436082845539157,ok
geo_plus_rawsurvey,terrain-area difficulty + raw survey-cost index,asinh_rentin,signoff_or_issue_t,farm_income,geo_dev_main_plus_labor_cost,"geo_dev_main,channel_labor_cost_imp_main",2772.0,130.0,12.0,2.0,"BMlabor_cost_b14_nonfarm_n_miss,BMlabor_cost_b14_nonfarm_any_miss",,0.2883644413033205,0.14182438363902522,0.04202726242374344,0.586428885074323,0.28826053447956795,0.04191419886070147,8.558153491029433,0.01385544828788976,0.304064287251979,4.963637667752391,0.08359104901049998,0.32870486797509324,0.32984606220205037,0.22431554954936495,ok
geo_plus_rawsurvey,terrain-area difficulty + raw survey-cost index,asinh_rentin,signoff_or_issue_t,farm_income,geo_dev_main_plus_gov_mobility,"geo_dev_main,channel_gov_mobility_imp_main",2772.0,130.0,11.0,2.0,BMgov_mobility_b14_mobility_ease_miss,,0.31839372936503296,0.14216301946187485,0.025114420479624755,0.6120235597809176,0.2906890484325582,0.0352544581661125,9.080581366445074,0.010670304424200805,0.32452538476056303,6.366600130593279,0.041448645937836114,0.2604020042761819,0.26141372801527507,0.15768385807247798,ok
geo_plus_rawsurvey,terrain-area difficulty + raw survey-cost index,asinh_rentin,signoff_or_issue_t,farm_income,baseline_channels_imputed_main,baseline_channels_imp_main,2772.0,130.0,16.0,2.0,"BM_b14_asinh_rentin_miss,BI_b14_any_rentout_imp,BM_b14_any_rentout_miss,BI_b14_asinh_rentout_imp,BM_b14_asinh_rentout_miss,BI_b14_contract_land_mu_imp,BM_b14_contract_land_mu_miss,BM_b14_nonfarm_n_miss,BM_b14_nonfarm_any_miss,BM_b14_mobility_ease_miss",,0.25174250662863845,0.16666736739528176,0.1309289727521472,0.41019904835999166,0.2592273868376954,0.11356036928992519,8.287882100451903,0.015860222240591915,0.2817463308816268,7.759807645388725,0.020652811417951625,0.0326571039269794,0.033082427763914124,0.008935142979449973,ok
geo_plus_rawsurvey,terrain-area difficulty + raw survey-cost index,asinh_rentin,signoff_or_issue_t,farm_income,geo_dev_main_plus_channels_main,"geo_dev_main,baseline_channels_imp_main",2772.0,130.0,20.0,2.0,"BM_b14_asinh_rentin_miss,BI_b14_any_rentout_imp,BM_b14_any_rentout_miss,BI_b14_asinh_rentout_imp,BM_b14_asinh_rentout_miss,BI_b14_contract_land_mu_imp,BM_b14_contract_land_mu_miss,BM_b14_nonfarm_n_miss,BM_b14_nonfarm_any_miss,BM_b14_mobility_ease_miss",,0.275437590542786,0.18449774711141742,0.135462082552954,0.5236881992513721,0.33002685840005663,0.11255686397602838,9.315502365115682,0.009487774702229723,0.321423346103871,5.127808789770371,0.07700350067230523,0.1348534481753555,0.1362533162709465,0.07542914206379436,ok
geo_plus_rawsurvey,terrain-area difficulty + raw survey-cost index,asinh_rentin,signoff_or_issue_t,farm_income,geo_dev_main_channels_main_plus_Z,"lower_order_z,geo_dev_main,baseline_channels_imp_main",2772.0,130.0,22.0,2.0,"BM_b14_asinh_rentin_miss,BI_b14_any_rentout_imp,BM_b14_any_rentout_miss,BI_b14_asinh_rentout_imp,BM_b14_asinh_rentout_miss,BI_b14_contract_land_mu_imp,BM_b14_contract_land_mu_miss,BM_b14_nonfarm_n_miss,BM_b14_nonfarm_any_miss,BM_b14_mobility_ease_miss",,0.26757965590583055,0.18306527205895046,0.14383369922023115,0.4990613047161712,0.31404291890919234,0.11202653160253884,8.971579825881317,0.011267983278608562,0.33113456333908986,5.170014869676171,0.07539551904556746,0.16215199881274212,0.1638325883283951,0.08465868540903965,ok
geo_plus_rawsurvey,terrain-area difficulty + raw survey-cost index,asinh_rentin,signoff_or_issue_t,farm_income,direct_geo_trends,geo_direct,2772.0,130.0,10.0,2.0,,,0.3178929947951939,0.13292963925566947,0.016782516794003,0.3127605690215645,0.21317531199166012,0.14233473192315982,17.47551765556913,0.0001604129985001146,0.37764794549703307,3.711510112588551,0.15633485648230178,0.050564519250644424,0.050906485566760695,0.03615823523643791,ok
geo_plus_rawsurvey,terrain-area difficulty + raw survey-cost index,asinh_rentin,signoff_or_issue_t,farm_income,direct_geo_trends_plus_Z,"lower_order_z,geo_direct",2772.0,130.0,12.0,2.0,,,0.2941783330238782,0.12872331956328512,0.022292088165079438,0.17008026761197362,0.21277211240297017,0.42408509778196235,17.113974140950873,0.0001921974996773601,0.39334950370816646,2.1158727683766774,0.3471715002188007,0.0852293307535249,0.08585413638503225,0.07747222852200863,ok
geo_plus_rawsurvey,terrain-area difficulty + raw survey-cost index,asinh_rentin,signoff_or_issue_t,farm_income,direct_geo_dev_trends_plus_Z,"lower_order_z,geo_dev_direct",2772.0,130.0,14.0,2.0,,,0.293101466649048,0.13332709771375384,0.027923190431109468,0.1675261916520292,0.21658702482029019,0.43923710499420565,16.965223903600133,0.00020703722461667962,0.39050977482280924,1.8353150384234242,0.3994536585163402,0.09703635169114544,0.09783916322831276,0.08701255396709995,ok
geo_plus_rawsurvey,terrain-area difficulty + raw survey-cost index,asinh_rentin,signoff_or_issue_t,farm_income,baseline_channels_plus_Z,"lower_order_z,baseline_channels",,,,,,,,,,,,,,,,,,,,,error: too few observations
geo_plus_rawsurvey,terrain-area difficulty + raw survey-cost index,asinh_rentin,signoff_or_issue_t,farm_income,full_exclusion_controls,"lower_order_z,geo_dev_direct,baseline_channels",,,,,,,,,,,,,,,,,,,,,error: too few observations
geo_plus_rawsurvey,terrain-area difficulty + raw survey-cost index,asinh_rentin,signoff_or_issue_t,baseline_bundle,baseline,none,2532.0,128.0,10.0,2.0,,,0.2774287977544273,0.14850961545717925,0.06175002434051846,0.6174450172726477,0.2625061454014596,0.018666931027442324,8.798680756006283,0.01228544097806128,0.2764244229612117,10.720159794540495,0.004700530533021483,0.3809633856077912,0.38202212295175364,0.20927607561651707,ok
geo_plus_rawsurvey,terrain-area difficulty + raw survey-cost index,asinh_rentin,signoff_or_issue_t,baseline_bundle,lower_order_Z,lower_order_z,2532.0,128.0,12.0,2.0,,,0.23405307562978975,0.13961882931768693,0.09366537863685376,0.2784984221875262,0.20909972637147223,0.18289541394747455,8.852332366579134,0.01196025531487932,0.3028996523474887,1.9284862506748486,0.38127166542249935,0.5465984357933753,0.5476806439120054,0.4447053700804754,ok
geo_plus_rawsurvey,terrain-area difficulty + raw survey-cost index,asinh_rentin,signoff_or_issue_t,baseline_bundle,direct_geo_main_trends,geo_main,2532.0,128.0,13.0,2.0,,,0.2763319436801759,0.14120381096074525,0.05035072766958604,0.5092304864194345,0.25430159485708653,0.045234556448526586,9.077982151950632,0.010684180644025432,0.30226541864813283,5.0708499309441,0.07922804292693596,0.6600190588526421,0.6609523435293028,0.557569713166683,ok
geo_plus_rawsurvey,terrain-area difficulty + raw survey-cost index,asinh_rentin,signoff_or_issue_t,baseline_bundle,direct_geo_dev_main_trends,geo_dev_main,2532.0,128.0,14.0,2.0,,,0.28007746271920425,0.14387307708164596,0.05157092543907371,0.5127177090286683,0.2601805724256468,0.048767062740577405,9.04832958653243,0.010843767442931806,0.30220177024416595,4.808023456814409,0.09035474652971531,0.7577127621582044,0.7584511951224079,0.6894179186820848,ok
geo_plus_rawsurvey,terrain-area difficulty + raw survey-cost index,asinh_rentin,signoff_or_issue_t,baseline_bundle,channel_rent_main,channel_rent_imp_main,2532.0,128.0,13.0,2.0,"BMrent_b14_asinh_rentin_miss,BIrent_b14_any_rentout_imp,BMrent_b14_any_rentout_miss,BIrent_b14_asinh_rentout_imp,BMrent_b14_asinh_rentout_miss",,0.2253677834259038,0.16966163157701505,0.18406687818093825,0.4133111965045073,0.24423780099622477,0.09059849020464106,8.874790271168449,0.01182670539462416,0.27593485087001157,8.887540523050806,0.011751548480206849,0.16077731464603728,0.16185943922481016,0.06784813788796096,ok
geo_plus_rawsurvey,terrain-area difficulty + raw survey-cost index,asinh_rentin,signoff_or_issue_t,baseline_bundle,channel_land_main,channel_land_imp_main,2532.0,128.0,10.0,2.0,"BIland_b14_land_total_mu_imp,BMland_b14_land_total_mu_miss,BIland_b14_contract_land_mu_imp,BMland_b14_contract_land_mu_miss",,0.2774287977544273,0.14850961545717925,0.06175002434051846,0.6174450172726477,0.2625061454014596,0.018666931027442324,8.798680756006283,0.01228544097806128,0.2764244229612117,10.720159794540495,0.004700530533021483,0.3809633856077912,0.38202212295175364,0.20927607561651707,ok
geo_plus_rawsurvey,terrain-area difficulty + raw survey-cost index,asinh_rentin,signoff_or_issue_t,baseline_bundle,channel_labor_cost_main,channel_labor_cost_imp_main,2532.0,128.0,14.0,2.0,"BMlabor_cost_b14_nonfarm_n_miss,BMlabor_cost_b14_nonfarm_any_miss",,0.2794633165788656,0.14750104233363184,0.05813836648815007,0.5885398384901679,0.24937592955465976,0.018272437326973145,-4.545598317349957e-14,1.0,0.2766272993286616,9.766201936982451,0.00757349241518875,0.07219282006888406,0.0729160577483301,0.23335567560779003,ok
geo_plus_rawsurvey,terrain-area difficulty + raw survey-cost index,asinh_rentin,signoff_or_issue_t,baseline_bundle,channel_gov_mobility_main,channel_gov_mobility_imp_main,2532.0,128.0,13.0,2.0,BMgov_mobility_b14_mobility_ease_miss,,0.2906930663030885,0.14611904152232316,0.04665416748226936,0.6487302293539838,0.28182585048752545,0.021341752112233214,8.982474756277302,0.011206768216685536,0.28312773071692,11.384621199188889,0.003371793097892437,0.271622579492671,0.2729325821578802,0.1232623184158479,ok
geo_plus_rawsurvey,terrain-area difficulty + raw survey-cost index,asinh_rentin,signoff_or_issue_t,baseline_bundle,geo_dev_main_plus_rent,"geo_dev_main,channel_rent_imp_main",2532.0,128.0,17.0,2.0,"BMrent_b14_asinh_rentin_miss,BIrent_b14_any_rentout_imp,BMrent_b14_any_rentout_miss,BIrent_b14_asinh_rentout_imp,BMrent_b14_asinh_rentout_miss",,0.23199768175465552,0.17553083187975851,0.18627076119676556,0.39809433890104284,0.26615225195946635,0.13472164798951058,9.146821078065464,0.010322693664007399,0.30202323992440705,4.50863654750065,0.10494506315951253,0.3275159501582462,0.3292460040636218,0.2273511879577711,ok
geo_plus_rawsurvey,terrain-area difficulty + raw survey-cost index,asinh_rentin,signoff_or_issue_t,baseline_bundle,geo_dev_main_plus_land,"geo_dev_main,channel_land_imp_main",2532.0,128.0,14.0,2.0,"BIland_b14_land_total_mu_imp,BMland_b14_land_total_mu_miss,BIland_b14_contract_land_mu_imp,BMland_b14_contract_land_mu_miss",,0.28007746271920425,0.14387307708164596,0.05157092543907371,0.5127177090286683,0.2601805724256468,0.048767062740577405,9.04832958653243,0.010843767442931806,0.30220177024416595,4.808023456814409,0.09035474652971531,0.7577127621582044,0.7584511951224079,0.6894179186820848,ok
geo_plus_rawsurvey,terrain-area difficulty + raw survey-cost index,asinh_rentin,signoff_or_issue_t,baseline_bundle,geo_dev_main_plus_labor_cost,"geo_dev_main,channel_labor_cost_imp_main",2532.0,128.0,18.0,2.0,"BMlabor_cost_b14_nonfarm_n_miss,BMlabor_cost_b14_nonfarm_any_miss",,0.28283762966537423,0.1417196601702641,0.045960666882402856,0.500385489877679,0.2533080045547459,0.04822238887093522,-5.388606787162806e-14,1.0,0.3018701062030449,4.585848249602999,0.10097077859927227,0.36260846024563875,0.36443235105912974,0.7141078020808208,ok
geo_plus_rawsurvey,terrain-area difficulty + raw survey-cost index,asinh_rentin,signoff_or_issue_t,baseline_bundle,geo_dev_main_plus_gov_mobility,"geo_dev_main,channel_gov_mobility_imp_main",2532.0,128.0,17.0,2.0,BMgov_mobility_b14_mobility_ease_miss,,0.29441462247049144,0.14347044754531502,0.040160678374843606,0.5243228913460586,0.26252182817511677,0.04579754803819558,9.758375076717048,0.007603188818115281,0.3213928304558318,5.40577543328731,0.067011722202812,0.615473805743642,0.6167848192725809,0.5101505990903396,ok
geo_plus_rawsurvey,terrain-area difficulty + raw survey-cost index,asinh_rentin,signoff_or_issue_t,baseline_bundle,baseline_channels_imputed_main,baseline_channels_imp_main,2532.0,128.0,20.0,2.0,"BM_b14_asinh_rentin_miss,BI_b14_any_rentout_imp,BM_b14_any_rentout_miss,BI_b14_asinh_rentout_imp,BM_b14_asinh_rentout_miss,BI_b14_land_total_mu_imp,BM_b14_land_total_mu_miss,BI_b14_contract_land_mu_imp,BM_b14_contract_land_mu_miss,BM_b14_nonfarm_n_miss,BM_b14_nonfarm_any_miss,BM_b14_mobility_ease_miss",,0.24087730167717306,6393349.449790941,0.9999999699387181,-32.097836899899185,4.7815310458376864e+17,1.0,-2.960562698462589e-16,1.0,0.28289037819984963,7.729254924642375,0.02097073337036067,0.0,0.0,0.9999875653404754,ok
geo_plus_rawsurvey,terrain-area difficulty + raw survey-cost index,asinh_rentin,signoff_or_issue_t,baseline_bundle,geo_dev_main_plus_channels_main,"geo_dev_main,baseline_channels_imp_main",2532.0,128.0,24.0,2.0,"BM_b14_asinh_rentin_miss,BI_b14_any_rentout_imp,BM_b14_any_rentout_miss,BI_b14_asinh_rentout_imp,BM_b14_asinh_rentout_miss,BI_b14_land_total_mu_imp,BM_b14_land_total_mu_miss,BI_b14_contract_land_mu_imp,BM_b14_contract_land_mu_miss,BM_b14_nonfarm_n_miss,BM_b14_nonfarm_any_miss,BM_b14_mobility_ease_miss",,0.24781041828123995,0.17539062491102506,0.15768344516848964,0.39299467813011946,0.5398369435160959,0.46662108937177593,-6.212513693488228e-16,1.0,0.3210864680984954,4.976364986036521,0.08306079304083687,0.0,0.0,0.37166671555558795,ok
geo_plus_rawsurvey,terrain-area difficulty + raw survey-cost index,asinh_rentin,signoff_or_issue_t,baseline_bundle,geo_dev_main_channels_main_plus_Z,"lower_order_z,geo_dev_main,baseline_channels_imp_main",2532.0,128.0,26.0,2.0,"BM_b14_asinh_rentin_miss,BI_b14_any_rentout_imp,BM_b14_any_rentout_miss,BI_b14_asinh_rentout_imp,BM_b14_asinh_rentout_miss,BI_b14_land_total_mu_imp,BM_b14_land_total_mu_miss,BI_b14_contract_land_mu_imp,BM_b14_contract_land_mu_miss,BM_b14_nonfarm_n_miss,BM_b14_nonfarm_any_miss,BM_b14_mobility_ease_miss",,0.2406167481701513,0.17065477129302956,0.15855089416780865,0.3707519052571894,0.2419256968539235,0.12539830786461437,-3.5818158335704846e-16,1.0,0.32904581649574505,4.265330693900876,0.1185209729733509,0.0,0.0,0.23346500251491664,ok
geo_plus_rawsurvey,terrain-area difficulty + raw survey-cost index,asinh_rentin,signoff_or_issue_t,baseline_bundle,direct_geo_trends,geo_direct,2532.0,128.0,16.0,2.0,,,0.29396551683211947,0.13445062384691683,0.028784900490030463,0.21916754569704056,0.1928559352721034,0.25577604936392007,19.93667845074038,4.686032331235879e-05,0.37609847662621687,3.261608675849182,0.1957720439021501,0.1555738053217669,0.15688578417068277,0.1055843015074378,ok
geo_plus_rawsurvey,terrain-area difficulty + raw survey-cost index,asinh_rentin,signoff_or_issue_t,baseline_bundle,direct_geo_trends_plus_Z,"lower_order_z,geo_direct",2532.0,128.0,18.0,2.0,,,0.2709770559837258,0.1317107789670633,0.03965119545702467,0.07468418002416827,0.20792054266305016,0.7194486386511276,19.291899521212628,6.468703515072338e-05,0.39187025354410987,1.391051109910258,0.49881222584812657,0.23878510568178557,0.24051971945465922,0.21270658195128556,ok
geo_plus_rawsurvey,terrain-area difficulty + raw survey-cost index,asinh_rentin,signoff_or_issue_t,baseline_bundle,direct_geo_dev_trends_plus_Z,"lower_order_z,geo_dev_direct",2532.0,128.0,20.0,2.0,,,0.2740159559515529,0.13479380694842324,0.04206740581387103,0.08559257420322133,0.21389837397267553,0.689042114290574,19.078479469647206,7.197154432159181e-05,0.3903504904056946,1.3750555663760464,0.5028176079007338,0.2121855502364356,0.2140416661524973,0.18267331576820534,ok
geo_plus_rawsurvey,terrain-area difficulty + raw survey-cost index,asinh_rentin,signoff_or_issue_t,baseline_bundle,baseline_channels_plus_Z,"lower_order_z,baseline_channels",,,,,,,,,,,,,,,,,,,,,error: too few observations
geo_plus_rawsurvey,terrain-area difficulty + raw survey-cost index,asinh_rentin,signoff_or_issue_t,baseline_bundle,full_exclusion_controls,"lower_order_z,geo_dev_direct,baseline_channels",,,,,,,,,,,,,,,,,,,,,error: too few observations
geo_plus_net,terrain-area difficulty + net-distance survey difficulty,any_rentin,signoff_or_issue_t,farm_income,baseline,none,2778.0,130.0,4.0,2.0,,,0.14631466945480534,0.06379657945492441,0.021821746356987637,0.28953125375843236,0.12804960413314964,0.02375389029406816,8.156619839007368,0.01693606479126275,0.2881962112051293,12.812436695404436,0.0016512571902607956,0.09926232427192905,0.09946245377153784,0.12703777064630684,ok
geo_plus_net,terrain-area difficulty + net-distance survey difficulty,any_rentin,signoff_or_issue_t,farm_income,lower_order_Z,lower_order_z,2778.0,130.0,6.0,2.0,,,0.13285415836062472,0.06366414573448455,0.03690647419078874,0.17776525799674575,0.10771298624196143,0.098869224668092,8.585261314066088,0.013668919719172168,0.31822756091943305,11.055363045990937,0.003975194811098083,0.03712671661823608,0.03725177635602006,0.03979350686471639,ok
geo_plus_net,terrain-area difficulty + net-distance survey difficulty,any_rentin,signoff_or_issue_t,farm_income,direct_geo_main_trends,geo_main,2778.0,130.0,7.0,2.0,,,0.1459654726467998,0.06611677479588225,0.027265753145474303,0.29734166667176365,0.1334315806047248,0.02585248876404944,8.750903223711507,0.012582458571658517,0.31999140200636733,9.496091399938006,0.008668619743752765,0.1095344486413008,0.10994692577210763,0.13105965005556985,ok
geo_plus_net,terrain-area difficulty + net-distance survey difficulty,any_rentin,signoff_or_issue_t,farm_income,direct_geo_dev_main_trends,geo_dev_main,2778.0,130.0,8.0,2.0,,,0.14765955178634935,0.06773224175629049,0.02925388880555846,0.29900606866404006,0.13463336386711325,0.02635832354879608,8.739689424776131,0.012653205301486503,0.3203045363337965,8.962188076015234,0.011321020750037054,0.1435482580376476,0.14411645298090758,0.1602672713380654,ok
geo_plus_net,terrain-area difficulty + net-distance survey difficulty,any_rentin,signoff_or_issue_t,farm_income,channel_rent_main,channel_rent_imp_main,2778.0,130.0,7.0,2.0,"BMrent_b14_asinh_rentin_miss,BIrent_b14_any_rentout_imp,BMrent_b14_any_rentout_miss,BIrent_b14_asinh_rentout_imp,BMrent_b14_asinh_rentout_miss",,0.10008282151844111,0.06759600488363084,0.13871249843813427,0.13127787430190085,0.11709851625607887,0.2622499229976363,8.229860133203823,0.01632708217785417,0.287619986449706,12.40005955909029,0.002029370201674346,0.010705808103186665,0.010741047910481916,0.020236386362283088,ok
geo_plus_net,terrain-area difficulty + net-distance survey difficulty,any_rentin,signoff_or_issue_t,farm_income,channel_land_main,channel_land_imp_main,2778.0,130.0,6.0,2.0,"BIland_b14_contract_land_mu_imp,BMland_b14_contract_land_mu_miss",,0.15151895744871974,0.06503428518150135,0.019815033183362196,0.2892568310191804,0.12821424182931632,0.024067944046831213,8.221254400462456,0.01639748679288744,0.28772235091549514,12.399988015991127,0.002029442796689543,0.10328771488379151,0.10362039092700015,0.13121805009836818,ok
geo_plus_net,terrain-area difficulty + net-distance survey difficulty,any_rentin,signoff_or_issue_t,farm_income,channel_labor_cost_main,channel_labor_cost_imp_main,2778.0,130.0,8.0,2.0,"BMlabor_cost_b14_nonfarm_n_miss,BMlabor_cost_b14_nonfarm_any_miss",,0.1408642998895577,0.06358377070728399,0.026731743137894837,0.2871822996962738,0.12699270020734382,0.02373400797002101,8.246440762808557,0.016192285054132727,0.28847256487857076,13.09023837886764,0.0014371127837084167,0.09406608806861327,0.09449356441504875,0.11969270836238965,ok
geo_plus_net,terrain-area difficulty + net-distance survey difficulty,any_rentin,signoff_or_issue_t,farm_income,channel_gov_mobility_main,channel_gov_mobility_imp_main,2778.0,130.0,7.0,2.0,BMgov_mobility_b14_mobility_ease_miss,,0.15020883134244928,0.0634883474624753,0.017984962794002968,0.2896729779758094,0.12811537717111104,0.02375727050008769,8.280114212207566,0.01592194223846377,0.293168342608233,11.666440890522257,0.002928630283584987,0.10415039736037146,0.10454788422965888,0.1271483400591098,ok
geo_plus_net,terrain-area difficulty + net-distance survey difficulty,any_rentin,signoff_or_issue_t,farm_income,geo_dev_main_plus_rent,"geo_dev_main,channel_rent_imp_main",2778.0,130.0,11.0,2.0,"BMrent_b14_asinh_rentin_miss,BIrent_b14_any_rentout_imp,BMrent_b14_any_rentout_miss,BIrent_b14_asinh_rentout_imp,BMrent_b14_asinh_rentout_miss",,0.1042319856923844,0.07725879188928134,0.17729591297570924,0.16911262689101975,0.1361181392562441,0.21409050387415496,8.812688930839203,0.012199693318099336,0.32006986915425895,11.41195934692759,0.003326017377555935,0.01813946858232285,0.018294843905012792,0.023440244585953507,ok
geo_plus_net,terrain-area difficulty + net-distance survey difficulty,any_rentin,signoff_or_issue_t,farm_income,geo_dev_main_plus_land,"geo_dev_main,channel_land_imp_main",2778.0,130.0,10.0,2.0,"BIland_b14_contract_land_mu_imp,BMland_b14_contract_land_mu_miss",,0.15341516703066274,0.06900038289700569,0.02618911729725193,0.29921893658926785,0.13309611477936853,0.024567150594784204,8.788333334755684,0.01234916700244304,0.31996584409982676,8.753553309539335,0.012565797314966355,0.15514139284671447,0.15588560410625796,0.1717935609227913,ok
geo_plus_net,terrain-area difficulty + net-distance survey difficulty,any_rentin,signoff_or_issue_t,farm_income,geo_dev_main_plus_labor_cost,"geo_dev_main,channel_labor_cost_imp_main",2778.0,130.0,12.0,2.0,"BMlabor_cost_b14_nonfarm_n_miss,BMlabor_cost_b14_nonfarm_any_miss",,0.143128477169812,0.06767908942104563,0.034446066036472045,0.3024122825204821,0.13678515948017833,0.027045814515169297,8.814814303723335,0.012186735755545186,0.3167650565532305,9.396324359132842,0.009112007957247321,0.13126862925258898,0.13208567225567913,0.14677986849634506,ok
geo_plus_net,terrain-area difficulty + net-distance survey difficulty,any_rentin,signoff_or_issue_t,farm_income,geo_dev_main_plus_gov_mobility,"geo_dev_main,channel_gov_mobility_imp_main",2778.0,130.0,11.0,2.0,BMgov_mobility_b14_mobility_ease_miss,,0.15141403060532654,0.06713373278780327,0.0241076632394448,0.2868823342771138,0.13413343129678587,0.03245322774883497,9.408104536107427,0.009058495176300196,0.33740281877043266,7.923412066716785,0.019030619709017652,0.14509755846035277,0.1458878965017094,0.1565731511555677,ok
geo_plus_net,terrain-area difficulty + net-distance survey difficulty,any_rentin,signoff_or_issue_t,farm_income,baseline_channels_imputed_main,baseline_channels_imp_main,2778.0,130.0,16.0,2.0,"BM_b14_asinh_rentin_miss,BI_b14_any_rentout_imp,BM_b14_any_rentout_miss,BI_b14_asinh_rentout_imp,BM_b14_asinh_rentout_miss,BI_b14_contract_land_mu_imp,BM_b14_contract_land_mu_miss,BM_b14_nonfarm_n_miss,BM_b14_nonfarm_any_miss,BM_b14_mobility_ease_miss",,0.10677724871311085,0.06576685871872003,0.10446712567402638,0.13810098405708882,0.11207673140050743,0.2178742646102263,8.537485700011215,0.013999371405170047,0.2937650159316203,10.131623126659084,0.006308788842968792,0.018361383017309052,0.0186250059501748,0.029322495214829547,ok
geo_plus_net,terrain-area difficulty + net-distance survey difficulty,any_rentin,signoff_or_issue_t,farm_income,geo_dev_main_plus_channels_main,"geo_dev_main,baseline_channels_imp_main",2778.0,130.0,20.0,2.0,"BM_b14_asinh_rentin_miss,BI_b14_any_rentout_imp,BM_b14_any_rentout_miss,BI_b14_asinh_rentout_imp,BM_b14_asinh_rentout_miss,BI_b14_contract_land_mu_imp,BM_b14_contract_land_mu_miss,BM_b14_nonfarm_n_miss,BM_b14_nonfarm_any_miss,BM_b14_mobility_ease_miss",,0.11154298465527619,0.07498101526735795,0.1368520976750509,0.16236706703737452,0.1319479917368507,0.21849556670967107,9.654901953586801,0.008006905062350467,0.3347107980720013,9.550924264930579,0.00843418547575678,0.02305842897181931,0.023478595189416307,0.02734047800089401,ok
geo_plus_net,terrain-area difficulty + net-distance survey difficulty,any_rentin,signoff_or_issue_t,farm_income,geo_dev_main_channels_main_plus_Z,"lower_order_z,geo_dev_main,baseline_channels_imp_main",2778.0,130.0,22.0,2.0,"BM_b14_asinh_rentin_miss,BI_b14_any_rentout_imp,BM_b14_any_rentout_miss,BI_b14_asinh_rentout_imp,BM_b14_asinh_rentout_miss,BI_b14_contract_land_mu_imp,BM_b14_contract_land_mu_miss,BM_b14_nonfarm_n_miss,BM_b14_nonfarm_any_miss,BM_b14_mobility_ease_miss",,0.11131289449678242,0.0737187614902217,0.13105185398111896,0.16046976101561872,0.12412251966979898,0.1960686248701342,9.42259659672487,0.008993094280294267,0.3444652406564721,12.704460392471235,0.0017428558881095928,0.018920924654726834,0.019322747213650793,0.01611083430211524,ok
geo_plus_net,terrain-area difficulty + net-distance survey difficulty,any_rentin,signoff_or_issue_t,farm_income,direct_geo_trends,geo_direct,2778.0,130.0,10.0,2.0,,,0.14192832767039032,0.057880112002422754,0.014202174210490748,0.12786661401278032,0.10956298194757369,0.24318599143870934,18.151518198716026,0.0001144057635783513,0.38169955834522984,7.358891921064872,0.02523695323070913,0.006776194802579405,0.0068229306503582166,0.015306621382762398,ok
geo_plus_net,terrain-area difficulty + net-distance survey difficulty,any_rentin,signoff_or_issue_t,farm_income,direct_geo_trends_plus_Z,"lower_order_z,geo_direct",2778.0,130.0,12.0,2.0,,,0.13564601208726462,0.056463429484076184,0.016289252379029895,0.0751961532323336,0.10630770358389398,0.47935251247553157,17.743593522021598,0.00014029029295703488,0.39772137097701354,8.788278079500898,0.012349508185340658,0.0029742306582939415,0.003001238701699993,0.006416758624081531,ok
geo_plus_net,terrain-area difficulty + net-distance survey difficulty,any_rentin,signoff_or_issue_t,farm_income,direct_geo_dev_trends_plus_Z,"lower_order_z,geo_dev_direct",2778.0,130.0,14.0,2.0,,,0.13120609232717037,0.058538814167648244,0.02500327856525031,0.06234889354745579,0.10792608422133,0.5634667123709951,17.578946026284704,0.00015232822150790248,0.3952269442039804,6.165293394413364,0.04583777724336548,0.006019807172088831,0.006097237923624044,0.00854295353613177,ok
geo_plus_net,terrain-area difficulty + net-distance survey difficulty,any_rentin,signoff_or_issue_t,farm_income,baseline_channels_plus_Z,"lower_order_z,baseline_channels",,,,,,,,,,,,,,,,,,,,,error: too few observations
geo_plus_net,terrain-area difficulty + net-distance survey difficulty,any_rentin,signoff_or_issue_t,farm_income,full_exclusion_controls,"lower_order_z,geo_dev_direct,baseline_channels",,,,,,,,,,,,,,,,,,,,,error: too few observations
geo_plus_net,terrain-area difficulty + net-distance survey difficulty,any_rentin,signoff_or_issue_t,baseline_bundle,baseline,none,2538.0,128.0,10.0,2.0,,,0.13267088800259452,0.0696620382703461,0.056845963103603125,0.29946877016642387,0.15111220339523074,0.04750562668327207,9.028255309457629,0.010953155894191435,0.28715911463383115,7.334068028925488,0.025552144958101375,0.9119519541162223,0.9121592964216537,0.9128950983903881,ok
geo_plus_net,terrain-area difficulty + net-distance survey difficulty,any_rentin,signoff_or_issue_t,baseline_bundle,lower_order_Z,lower_order_z,2538.0,128.0,12.0,2.0,,,0.11685563959682974,0.07097109709748162,0.09965585084000317,0.1762650318799927,0.12167687366261074,0.14744033602880768,9.23676627982703,0.009868739539592442,0.31523384273864874,4.566780435939348,0.10193802810196399,0.4069519963144854,0.40818543769473514,0.3882494828894285,ok
geo_plus_net,terrain-area difficulty + net-distance survey difficulty,any_rentin,signoff_or_issue_t,baseline_bundle,direct_geo_main_trends,geo_main,2538.0,128.0,13.0,2.0,,,0.12697226609625595,0.07128706569826843,0.07488953240050034,0.2653551350500024,0.13648408006066612,0.05186887671860729,9.323740054707578,0.009448776399883063,0.31387611933690385,5.413983646907884,0.06673726252850243,0.8566245540430706,0.857043382208509,0.8565576681949089,ok
geo_plus_net,terrain-area difficulty + net-distance survey difficulty,any_rentin,signoff_or_issue_t,baseline_bundle,direct_geo_dev_main_trends,geo_dev_main,2538.0,128.0,14.0,2.0,,,0.127136575160548,0.07119485051992736,0.0741389019363865,0.26562195952458456,0.13662127919052086,0.05186880690809703,9.300476276044792,0.00955932522066516,0.3141635738512917,5.455151772338143,0.06537758043015413,0.8725292756127923,0.8729276455983396,0.8703905192352263,ok
geo_plus_net,terrain-area difficulty + net-distance survey difficulty,any_rentin,signoff_or_issue_t,baseline_bundle,channel_rent_main,channel_rent_imp_main,2538.0,128.0,13.0,2.0,"BMrent_b14_asinh_rentin_miss,BIrent_b14_any_rentout_imp,BMrent_b14_any_rentout_miss,BIrent_b14_asinh_rentout_imp,BMrent_b14_asinh_rentout_miss",,0.09009126279962582,0.07009592597111802,0.19870257438005545,0.1565757104951439,0.11541963296947032,0.1749154030928668,9.105845550552532,0.01053636391197943,0.2866411196906916,4.711119721839532,0.09484039423791175,0.3546583798449342,0.35600308062205177,0.36140611758263885,ok
geo_plus_net,terrain-area difficulty + net-distance survey difficulty,any_rentin,signoff_or_issue_t,baseline_bundle,channel_land_main,channel_land_imp_main,2538.0,128.0,10.0,2.0,"BIland_b14_land_total_mu_imp,BMland_b14_land_total_mu_miss,BIland_b14_contract_land_mu_imp,BMland_b14_contract_land_mu_miss",,0.13267088800259452,0.0696620382703461,0.056845963103603125,0.29946877016642387,0.15111220339523074,0.04750562668327207,9.028255309457629,0.010953155894191435,0.28715911463383115,7.334068028925488,0.025552144958101375,0.9119519541162223,0.9121592964216537,0.9128950983903881,ok
geo_plus_net,terrain-area difficulty + net-distance survey difficulty,any_rentin,signoff_or_issue_t,baseline_bundle,channel_labor_cost_main,channel_labor_cost_imp_main,2538.0,128.0,14.0,2.0,"BMlabor_cost_b14_nonfarm_n_miss,BMlabor_cost_b14_nonfarm_any_miss",,0.1356023116773796,0.07364929678448569,0.06559379400933696,0.29337900412980394,0.14972565425550302,0.05006083607449652,9.101785029682372,0.010557777204684649,0.28743550508777904,7.198701518650648,0.027341467879193667,0.02169023069850784,0.021970288638815116,0.9033745771161171,ok
geo_plus_net,terrain-area difficulty + net-distance survey difficulty,any_rentin,signoff_or_issue_t,baseline_bundle,channel_gov_mobility_main,channel_gov_mobility_imp_main,2538.0,128.0,13.0,2.0,BMgov_mobility_b14_mobility_ease_miss,,0.13579451285954597,0.06973957048421062,0.05151484958230812,0.3037512516965879,0.1532440528684788,0.0474635118709803,9.235314449684989,0.009875906007164925,0.2943306641805269,6.956380694342761,0.030863212226434567,0.8812639568589381,0.8816122411459548,0.8812950792563795,ok
geo_plus_net,terrain-area difficulty + net-distance survey difficulty,any_rentin,signoff_or_issue_t,baseline_bundle,geo_dev_main_plus_rent,"geo_dev_main,channel_rent_imp_main",2538.0,128.0,17.0,2.0,"BMrent_b14_asinh_rentin_miss,BIrent_b14_any_rentout_imp,BMrent_b14_any_rentout_miss,BIrent_b14_asinh_rentout_imp,BMrent_b14_asinh_rentout_miss",,0.08649173312260587,0.07511207626537375,0.2495256247009605,0.1413906114243786,0.12512604176325737,0.2584823392621489,9.394362119320132,0.009120952316668096,0.3139080384035676,4.851359974933693,0.08841797548079991,0.25240668382216713,0.2540674183877244,0.24283765890963482,ok
geo_plus_net,terrain-area difficulty + net-distance survey difficulty,any_rentin,signoff_or_issue_t,baseline_bundle,geo_dev_main_plus_land,"geo_dev_main,channel_land_imp_main",2538.0,128.0,14.0,2.0,"BIland_b14_land_total_mu_imp,BMland_b14_land_total_mu_miss,BIland_b14_contract_land_mu_imp,BMland_b14_contract_land_mu_miss",,0.127136575160548,0.07119485051992736,0.0741389019363865,0.26562195952458456,0.13662127919052086,0.05186880690809703,9.300476276044792,0.00955932522066516,0.3141635738512917,5.455151772338143,0.06537758043015413,0.8725292756127923,0.8729276455983396,0.8703905192352263,ok
geo_plus_net,terrain-area difficulty + net-distance survey difficulty,any_rentin,signoff_or_issue_t,baseline_bundle,geo_dev_main_plus_labor_cost,"geo_dev_main,channel_labor_cost_imp_main",2538.0,128.0,18.0,2.0,"BMlabor_cost_b14_nonfarm_n_miss,BMlabor_cost_b14_nonfarm_any_miss",,0.1307051283802934,0.07175222247489511,0.06851299239305209,0.26931149829229206,0.17097376298888764,0.11521888884652487,9.372424864116784,0.009221547332080138,0.313940414540852,5.744875943950535,0.056560864549880796,0.0,0.0,0.8843033808864129,ok
geo_plus_net,terrain-area difficulty + net-distance survey difficulty,any_rentin,signoff_or_issue_t,baseline_bundle,geo_dev_main_plus_gov_mobility,"geo_dev_main,channel_gov_mobility_imp_main",2538.0,128.0,17.0,2.0,BMgov_mobility_b14_mobility_ease_miss,,0.13032402402839344,0.07124520078221018,0.06736481239135306,0.25562741147493107,0.13620482949886162,0.06054733505869403,10.103364876493057,0.006398559204571219,0.33390237029333336,4.596186011577826,0.10045021917533667,0.8648530996807904,0.8653543102165298,0.8607727351005855,ok
geo_plus_net,terrain-area difficulty + net-distance survey difficulty,any_rentin,signoff_or_issue_t,baseline_bundle,baseline_channels_imputed_main,baseline_channels_imp_main,2538.0,128.0,20.0,2.0,"BM_b14_asinh_rentin_miss,BI_b14_any_rentout_imp,BM_b14_any_rentout_miss,BI_b14_asinh_rentout_imp,BM_b14_asinh_rentout_miss,BI_b14_land_total_mu_imp,BM_b14_land_total_mu_miss,BI_b14_contract_land_mu_imp,BM_b14_contract_land_mu_miss,BM_b14_nonfarm_n_miss,BM_b14_nonfarm_any_miss,BM_b14_mobility_ease_miss",,0.09599891763908154,0.07548501547062325,0.20345796078785017,0.14925239552569627,0.1268120559707109,0.2392124851425519,9.378103954411758,0.00919539947368242,0.2940997026274601,3.5994793535275207,0.1653419249646043,0.0,0.0,0.39350069188632664,ok
geo_plus_net,terrain-area difficulty + net-distance survey difficulty,any_rentin,signoff_or_issue_t,baseline_bundle,geo_dev_main_plus_channels_main,"geo_dev_main,baseline_channels_imp_main",2538.0,128.0,24.0,2.0,"BM_b14_asinh_rentin_miss,BI_b14_any_rentout_imp,BM_b14_any_rentout_miss,BI_b14_asinh_rentout_imp,BM_b14_asinh_rentout_miss,BI_b14_land_total_mu_imp,BM_b14_land_total_mu_miss,BI_b14_contract_land_mu_imp,BM_b14_contract_land_mu_miss,BM_b14_nonfarm_n_miss,BM_b14_nonfarm_any_miss,BM_b14_mobility_ease_miss",,0.0918621336953689,0.07054981277507573,0.1928859701519814,0.12020345829674343,0.17111721031577962,0.48239065273430004,10.231396281201853,0.006001786280766086,0.3335904042654003,3.5109093627717103,0.17282864245746174,0.0,0.0,0.36013172607598243,ok
geo_plus_net,terrain-area difficulty + net-distance survey difficulty,any_rentin,signoff_or_issue_t,baseline_bundle,geo_dev_main_channels_main_plus_Z,"lower_order_z,geo_dev_main,baseline_channels_imp_main",2538.0,128.0,26.0,2.0,"BM_b14_asinh_rentin_miss,BI_b14_any_rentout_imp,BM_b14_any_rentout_miss,BI_b14_asinh_rentout_imp,BM_b14_asinh_rentout_miss,BI_b14_land_total_mu_imp,BM_b14_land_total_mu_miss,BI_b14_contract_land_mu_imp,BM_b14_contract_land_mu_miss,BM_b14_nonfarm_n_miss,BM_b14_nonfarm_any_miss,BM_b14_mobility_ease_miss",,0.09196520315643095,0.07650058000447751,0.22930526078676072,0.12062193757055678,0.10529461804725372,0.2519747597249389,9.929228351380887,0.006980643491551697,0.3420069545253289,5.220912866365488,0.07350098781581216,9.948877751142504e-05,0.00010363990472173068,0.19649021133680233,ok
geo_plus_net,terrain-area difficulty + net-distance survey difficulty,any_rentin,signoff_or_issue_t,baseline_bundle,direct_geo_trends,geo_direct,2538.0,128.0,16.0,2.0,,,0.11407549282988773,0.06477611549839996,0.07822598347431042,0.07144547251580213,0.11111563624439286,0.5202350877350235,20.798447999881276,3.0456107782295128e-05,0.3799549682855302,4.6811051101488,0.09627442660771376,0.09302084920058196,0.0940053370860463,0.12180138130507512,ok
geo_plus_net,terrain-area difficulty + net-distance survey difficulty,any_rentin,signoff_or_issue_t,baseline_bundle,direct_geo_trends_plus_Z,"lower_order_z,geo_direct",2538.0,128.0,18.0,2.0,,,0.11151729036135692,0.06395568751241867,0.0812175313767658,0.028005239523422792,0.11111079103307048,0.8010040538885626,20.079439535520656,4.363199843360199e-05,0.39608713982800525,6.240611658412635,0.0441436659327545,0.039726526746374446,0.0403477441562341,0.05392647457404609,ok
geo_plus_net,terrain-area difficulty + net-distance survey difficulty,any_rentin,signoff_or_issue_t,baseline_bundle,direct_geo_dev_trends_plus_Z,"lower_order_z,geo_dev_direct",2538.0,128.0,20.0,2.0,,,0.10979955881178745,0.06478768774477943,0.09012102538039524,0.02379419200908981,0.11281507838961477,0.8329549842164485,19.852195803388895,4.8882167456021364e-05,0.3950518263810442,4.597235944867227,0.10039749999993187,0.04624166863566892,0.04702464218633273,0.05136365964606482,ok
geo_plus_net,terrain-area difficulty + net-distance survey difficulty,any_rentin,signoff_or_issue_t,baseline_bundle,baseline_channels_plus_Z,"lower_order_z,baseline_channels",,,,,,,,,,,,,,,,,,,,,error: too few observations
geo_plus_net,terrain-area difficulty + net-distance survey difficulty,any_rentin,signoff_or_issue_t,baseline_bundle,full_exclusion_controls,"lower_order_z,geo_dev_direct,baseline_channels",,,,,,,,,,,,,,,,,,,,,error: too few observations
geo_plus_net,terrain-area difficulty + net-distance survey difficulty,asinh_rentin,signoff_or_issue_t,farm_income,baseline,none,2772.0,130.0,4.0,2.0,,,0.2894744354772511,0.14161093951921333,0.04093842863304209,0.6098064678561766,0.23977593825160176,0.01098314519141419,8.157621551926074,0.016927584377728233,0.2882213554083064,9.869467343205693,0.007192376224870225,0.10233375156926061,0.10254040998422276,0.02416580915649802,ok
geo_plus_net,terrain-area difficulty + net-distance survey difficulty,asinh_rentin,signoff_or_issue_t,farm_income,lower_order_Z,lower_order_z,2772.0,130.0,6.0,2.0,,,0.25466700232422546,0.1330372530494457,0.05558779676416781,0.3236973016606016,0.20626750329537238,0.1165761229630844,8.585370110290887,0.013668176175964719,0.318206347801533,3.2244361120016922,0.1994447434906975,0.19355398642796884,0.1940621284732531,0.0954605870148223,ok
geo_plus_net,terrain-area difficulty + net-distance survey difficulty,asinh_rentin,signoff_or_issue_t,farm_income,direct_geo_main_trends,geo_main,2772.0,130.0,7.0,2.0,,,0.2968650286023443,0.13916132348869353,0.03290473293470675,0.6021329824462043,0.281403259299149,0.032374872955366785,8.753014267381225,0.012569184518658738,0.3201025429297404,5.844623175882405,0.053809158823881056,0.268611003986986,0.2692837668789375,0.15555808977692542,ok
geo_plus_net,terrain-area difficulty + net-distance survey difficulty,asinh_rentin,signoff_or_issue_t,farm_income,direct_geo_dev_main_trends,geo_dev_main,2772.0,130.0,8.0,2.0,,,0.30189716620452867,0.1433079563942797,0.03514946684354814,0.604198743655748,0.2880669536638409,0.03595599653877346,8.741758849051605,0.01264011964748979,0.3204124307013846,5.405548792536449,0.06701931642661231,0.3740120174634146,0.3748071090232873,0.26704494073545837,ok
geo_plus_net,terrain-area difficulty + net-distance survey difficulty,asinh_rentin,signoff_or_issue_t,farm_income,channel_rent_main,channel_rent_imp_main,2772.0,130.0,7.0,2.0,"BMrent_b14_asinh_rentin_miss,BIrent_b14_any_rentout_imp,BMrent_b14_any_rentout_miss,BIrent_b14_asinh_rentout_imp,BMrent_b14_asinh_rentout_miss",,0.21450360691927584,0.17220865734167928,0.21291020872392719,0.36250451536661665,0.2517973230505408,0.14996138816606996,8.230920618256324,0.01631842715938614,0.2876463977004965,7.4587423379926525,0.02400792802046857,0.030542323803671723,0.03067251358372669,0.006745958615390291,ok
geo_plus_net,terrain-area difficulty + net-distance survey difficulty,asinh_rentin,signoff_or_issue_t,farm_income,channel_land_main,channel_land_imp_main,2772.0,130.0,6.0,2.0,"BIland_b14_contract_land_mu_imp,BMland_b14_contract_land_mu_miss",,0.2926843209014628,0.1436186279832848,0.0415572052233697,0.6055965335923054,0.23891275421243668,0.011251089111886659,8.222181163702476,0.016389890259076223,0.2877435766237255,9.651551615525916,0.008020329222469999,0.1031676769333445,0.10350076800045072,0.025094244539748733,ok
geo_plus_net,terrain-area difficulty + net-distance survey difficulty,asinh_rentin,signoff_or_issue_t,farm_income,channel_labor_cost_main,channel_labor_cost_imp_main,2772.0,130.0,8.0,2.0,"BMlabor_cost_b14_nonfarm_n_miss,BMlabor_cost_b14_nonfarm_any_miss",,0.2732577369635516,0.14019305659192763,0.05127713873815276,0.5896754931551016,0.2347549559023732,0.012009105509439122,8.247643293797102,0.016182552118188753,0.2884799492494514,9.060320206804471,0.010778950187989134,0.10787444061145735,0.10834711700483235,0.02618260328789579,ok
geo_plus_net,terrain-area difficulty + net-distance survey difficulty,asinh_rentin,signoff_or_issue_t,farm_income,channel_gov_mobility_main,channel_gov_mobility_imp_main,2772.0,130.0,7.0,2.0,BMgov_mobility_b14_mobility_ease_miss,,0.30546942043781644,0.1389384121409341,0.02790667022678095,0.6312619027932267,0.2523207027877939,0.012355545067514129,8.281813074919144,0.015908423383963588,0.2932133842888406,10.855611082924941,0.0043927248861217565,0.07868858306182724,0.07900828034393403,0.016223491534578693,ok
geo_plus_net,terrain-area difficulty + net-distance survey difficulty,asinh_rentin,signoff_or_issue_t,farm_income,geo_dev_main_plus_rent,"geo_dev_main,channel_rent_imp_main",2772.0,130.0,11.0,2.0,"BMrent_b14_asinh_rentin_miss,BIrent_b14_any_rentout_imp,BMrent_b14_any_rentout_miss,BIrent_b14_asinh_rentout_imp,BMrent_b14_asinh_rentout_miss",,0.23277867666687468,0.18685605810380498,0.21285080150906488,0.4698761085494212,0.32754202628131024,0.1514147665215344,8.814651063439898,0.012187730479238823,0.3201822808199456,4.143709926365103,0.12595192868723867,0.1648309462956744,0.1656774306019031,0.09672318167308369,ok
geo_plus_net,terrain-area difficulty + net-distance survey difficulty,asinh_rentin,signoff_or_issue_t,farm_income,geo_dev_main_plus_land,"geo_dev_main,channel_land_imp_main",2772.0,130.0,10.0,2.0,"BIland_b14_contract_land_mu_imp,BMland_b14_contract_land_mu_miss",,0.3060063893216233,0.14546970015093702,0.035415557731864444,0.6009553472326166,0.28644495215678245,0.03590704584560922,8.790724507585047,0.012334411328741468,0.3200713520439401,5.353331855591073,0.06879213015995325,0.3822443752407788,0.3832109967924817,0.2776369192161402,ok
geo_plus_net,terrain-area difficulty + net-distance survey difficulty,asinh_rentin,signoff_or_issue_t,farm_income,geo_dev_main_plus_labor_cost,"geo_dev_main,channel_labor_cost_imp_main",2772.0,130.0,12.0,2.0,"BMlabor_cost_b14_nonfarm_n_miss,BMlabor_cost_b14_nonfarm_any_miss",,0.2883644413033205,0.14182438363902522,0.04202726242374344,0.59011883592441,0.28671479304171005,0.03957011906788899,8.816285196231064,0.012177776361367298,0.31681100009659624,5.073884499045305,0.07910792263239058,0.36199383078415837,0.36313696300661547,0.25350038824564747,ok
geo_plus_net,terrain-area difficulty + net-distance survey difficulty,asinh_rentin,signoff_or_issue_t,farm_income,geo_dev_main_plus_gov_mobility,"geo_dev_main,channel_gov_mobility_imp_main",2772.0,130.0,11.0,2.0,BMgov_mobility_b14_mobility_ease_miss,,0.31839372936503296,0.14216301946187485,0.025114420479624755,0.6130141492072435,0.2881470876389151,0.03338397111832325,9.410500663002852,0.00904764902282551,0.3375427125347745,6.417700046939718,0.04040304912508314,0.3002014654970455,0.3012439551283663,0.1904086663459843,ok
geo_plus_net,terrain-area difficulty + net-distance survey difficulty,asinh_rentin,signoff_or_issue_t,farm_income,baseline_channels_imputed_main,baseline_channels_imp_main,2772.0,130.0,16.0,2.0,"BM_b14_asinh_rentin_miss,BI_b14_any_rentout_imp,BM_b14_any_rentout_miss,BI_b14_asinh_rentout_imp,BM_b14_asinh_rentout_miss,BI_b14_contract_land_mu_imp,BM_b14_contract_land_mu_miss,BM_b14_nonfarm_n_miss,BM_b14_nonfarm_any_miss,BM_b14_mobility_ease_miss",,0.25174250662863845,0.16666736739528176,0.1309289727521472,0.4274956405984923,0.2632880453242874,0.1044440347298945,8.539991945989101,0.013981839458168666,0.2938230326059992,7.603717242983708,0.022329231674499864,0.03779979106748921,0.038276871930981726,0.01060533746258896,ok
geo_plus_net,terrain-area difficulty + net-distance survey difficulty,asinh_rentin,signoff_or_issue_t,farm_income,geo_dev_main_plus_channels_main,"geo_dev_main,baseline_channels_imp_main",2772.0,130.0,20.0,2.0,"BM_b14_asinh_rentin_miss,BI_b14_any_rentout_imp,BM_b14_any_rentout_miss,BI_b14_asinh_rentout_imp,BM_b14_asinh_rentout_miss,BI_b14_contract_land_mu_imp,BM_b14_contract_land_mu_miss,BM_b14_nonfarm_n_miss,BM_b14_nonfarm_any_miss,BM_b14_mobility_ease_miss",,0.275437590542786,0.18449774711141742,0.135462082552954,0.5280927826780654,0.3305312676521702,0.11010775380115367,9.656440326729001,0.008000748626527776,0.33480309433606714,4.9969087393194,0.08221196978821979,0.1592471725745438,0.16076226828238482,0.09335829235212667,ok
geo_plus_net,terrain-area difficulty + net-distance survey difficulty,asinh_rentin,signoff_or_issue_t,farm_income,geo_dev_main_channels_main_plus_Z,"lower_order_z,geo_dev_main,baseline_channels_imp_main",2772.0,130.0,22.0,2.0,"BM_b14_asinh_rentin_miss,BI_b14_any_rentout_imp,BM_b14_any_rentout_miss,BI_b14_asinh_rentout_imp,BM_b14_asinh_rentout_miss,BI_b14_contract_land_mu_imp,BM_b14_contract_land_mu_miss,BM_b14_nonfarm_n_miss,BM_b14_nonfarm_any_miss,BM_b14_mobility_ease_miss",,0.2675796559058306,0.18306527205894993,0.14383369922023004,0.504576152125243,0.3143844052842663,0.10850137780521862,9.423105715779808,0.008990805293817794,0.3444106281793524,5.087150485414993,0.07858493671916722,0.19187702472941437,0.19367501141725618,0.1038057820791396,ok
geo_plus_net,terrain-area difficulty + net-distance survey difficulty,asinh_rentin,signoff_or_issue_t,farm_income,direct_geo_trends,geo_direct,2772.0,130.0,10.0,2.0,,,0.3178929947951939,0.13292963925566947,0.016782516794003,0.3305532507588135,0.21364919565457988,0.12182042473803611,18.19515954433403,0.00011193639249318377,0.38204023745177096,3.90871393427123,0.1416555365791895,0.04322376137452821,0.04352366493901405,0.03128603090945481,ok
geo_plus_net,terrain-area difficulty + net-distance survey difficulty,asinh_rentin,signoff_or_issue_t,farm_income,direct_geo_trends_plus_Z,"lower_order_z,geo_direct",2772.0,130.0,12.0,2.0,,,0.2941783330238779,0.12872331956330027,0.022292088165095203,0.18822782593173756,0.21261031516233297,0.3759849240082924,17.78015928310184,0.00013774868702565168,0.3980613348008657,2.33256776300885,0.3115224472651955,0.06872426141003884,0.06926124250593424,0.06381798294394425,ok
geo_plus_net,terrain-area difficulty + net-distance survey difficulty,asinh_rentin,signoff_or_issue_t,farm_income,direct_geo_dev_trends_plus_Z,"lower_order_z,geo_dev_direct",2772.0,130.0,14.0,2.0,,,0.29310146664904796,0.13332709771376128,0.02792319043111835,0.18603860406689332,0.21687466517943504,0.3909939555085513,17.617778798349917,0.0001493990865847339,0.395600991867572,2.0357562636049877,0.361360887441009,0.07951077530073014,0.08021597902899269,0.07209160015065597,ok
geo_plus_net,terrain-area difficulty + net-distance survey difficulty,asinh_rentin,signoff_or_issue_t,farm_income,baseline_channels_plus_Z,"lower_order_z,baseline_channels",,,,,,,,,,,,,,,,,,,,,error: too few observations
geo_plus_net,terrain-area difficulty + net-distance survey difficulty,asinh_rentin,signoff_or_issue_t,farm_income,full_exclusion_controls,"lower_order_z,geo_dev_direct,baseline_channels",,,,,,,,,,,,,,,,,,,,,error: too few observations
geo_plus_net,terrain-area difficulty + net-distance survey difficulty,asinh_rentin,signoff_or_issue_t,baseline_bundle,baseline,none,2532.0,128.0,10.0,2.0,,,0.2774287977544273,0.14850961545717925,0.06175002434051846,0.6184247257627855,0.2605618178852717,0.017623826609939552,9.029426666026847,0.010946742746840155,0.28718398045018023,10.517464698296429,0.0052018947271896395,0.4310874259113443,0.4321250520776796,0.25336497739735464,ok
geo_plus_net,terrain-area difficulty + net-distance survey difficulty,asinh_rentin,signoff_or_issue_t,baseline_bundle,lower_order_Z,lower_order_z,2532.0,128.0,12.0,2.0,,,0.23405307562978972,0.1396188293176904,0.09366537863686197,0.2833193800000898,0.20907640772265712,0.17538579028815038,9.236770967759917,0.009868716407625211,0.31519070001948146,1.9188246634907897,0.3831179660988578,0.5687671980146096,0.5698130528629741,0.46346000382067987,ok
geo_plus_net,terrain-area difficulty + net-distance survey difficulty,asinh_rentin,signoff_or_issue_t,baseline_bundle,direct_geo_main_trends,geo_main,2532.0,128.0,13.0,2.0,,,0.2763319436801759,0.14120381096074525,0.05035072766958604,0.5072217835250656,0.25057220795359864,0.042944028396593836,9.325930165062035,0.009438435131531087,0.31399853469483674,5.093119949082361,0.07835073145072417,0.70557247129108,0.7063973990241605,0.6117197678275922,ok
geo_plus_net,terrain-area difficulty + net-distance survey difficulty,asinh_rentin,signoff_or_issue_t,baseline_bundle,direct_geo_dev_main_trends,geo_dev_main,2532.0,128.0,14.0,2.0,,,0.28007746271920425,0.14387307708164596,0.05157092543907371,0.5085454672456204,0.25564027779570614,0.04666798636392899,9.30238625409789,0.009550200527662533,0.3142807988813311,4.830346346688337,0.08935186422075421,0.8090355662472496,0.8096261131573702,0.7521222898120328,ok
geo_plus_net,terrain-area difficulty + net-distance survey difficulty,asinh_rentin,signoff_or_issue_t,baseline_bundle,channel_rent_main,channel_rent_imp_main,2532.0,128.0,13.0,2.0,"BMrent_b14_asinh_rentin_miss,BIrent_b14_any_rentout_imp,BMrent_b14_any_rentout_miss,BIrent_b14_asinh_rentout_imp,BMrent_b14_asinh_rentout_miss",,0.2253677834259038,0.16966163157701505,0.18406687818093825,0.4242763396456595,0.24657718353644067,0.08531191808944882,9.107090659790433,0.01052980649134716,0.28666803629827387,8.336869662719948,0.015476464453860857,0.1768777296950914,0.17800914284113845,0.07779041260279951,ok
geo_plus_net,terrain-area difficulty + net-distance survey difficulty,asinh_rentin,signoff_or_issue_t,baseline_bundle,channel_land_main,channel_land_imp_main,2532.0,128.0,10.0,2.0,"BIland_b14_land_total_mu_imp,BMland_b14_land_total_mu_miss,BIland_b14_contract_land_mu_imp,BMland_b14_contract_land_mu_miss",,0.2774287977544273,0.14850961545717925,0.06175002434051846,0.6184247257627855,0.2605618178852717,0.017623826609939552,9.029426666026847,0.010946742746840155,0.28718398045018023,10.517464698296429,0.0052018947271896395,0.4310874259113443,0.4321250520776796,0.25336497739735464,ok
geo_plus_net,terrain-area difficulty + net-distance survey difficulty,asinh_rentin,signoff_or_issue_t,baseline_bundle,channel_labor_cost_main,channel_labor_cost_imp_main,2532.0,128.0,14.0,2.0,"BMlabor_cost_b14_nonfarm_n_miss,BMlabor_cost_b14_nonfarm_any_miss",,0.2794633165788656,0.14750104233363184,0.05813836648815007,0.5903424456234075,0.2452266185073735,0.016069453395167077,-2.396090845626802e-13,1.0,0.28743476017120306,9.654538425960828,0.008008360560219207,0.23862610293729436,0.23998637428375225,0.27080239514719484,ok
geo_plus_net,terrain-area difficulty + net-distance survey difficulty,asinh_rentin,signoff_or_issue_t,baseline_bundle,channel_gov_mobility_main,channel_gov_mobility_imp_main,2532.0,128.0,13.0,2.0,BMgov_mobility_b14_mobility_ease_miss,,0.2906930663030885,0.14611904152232316,0.04665416748226936,0.6490491978196973,0.27911723433606106,0.02005249914636975,9.23758586888004,0.009864696212668833,0.29438909430345805,11.11487941549951,0.0038586430153169766,0.32408211655346264,0.3254265941420671,0.16083570311735162,ok
geo_plus_net,terrain-area difficulty + net-distance survey difficulty,asinh_rentin,signoff_or_issue_t,baseline_bundle,geo_dev_main_plus_rent,"geo_dev_main,channel_rent_imp_main",2532.0,128.0,17.0,2.0,"BMrent_b14_asinh_rentin_miss,BIrent_b14_any_rentout_imp,BMrent_b14_any_rentout_miss,BIrent_b14_asinh_rentout_imp,BMrent_b14_asinh_rentout_miss",,0.23199768175465552,0.17553083187975851,0.18627076119676556,0.4039754394656563,0.2667471283312511,0.1299115076144941,9.39607929530289,0.00911312453743851,0.3140290605718281,4.327706873106132,0.11488157813223701,0.3505460950520092,0.35227712843603454,0.2490014964167212,ok
geo_plus_net,terrain-area difficulty + net-distance survey difficulty,asinh_rentin,signoff_or_issue_t,baseline_bundle,geo_dev_main_plus_land,"geo_dev_main,channel_land_imp_main",2532.0,128.0,14.0,2.0,"BIland_b14_land_total_mu_imp,BMland_b14_land_total_mu_miss,BIland_b14_contract_land_mu_imp,BMland_b14_contract_land_mu_miss",,0.28007746271920425,0.14387307708164596,0.05157092543907371,0.5085454672456204,0.25564027779570614,0.04666798636392899,9.30238625409789,0.009550200527662533,0.3142807988813311,4.830346346688337,0.08935186422075421,0.8090355662472496,0.8096261131573702,0.7521222898120328,ok
geo_plus_net,terrain-area difficulty + net-distance survey difficulty,asinh_rentin,signoff_or_issue_t,baseline_bundle,geo_dev_main_plus_labor_cost,"geo_dev_main,channel_labor_cost_imp_main",2532.0,128.0,18.0,2.0,"BMlabor_cost_b14_nonfarm_n_miss,BMlabor_cost_b14_nonfarm_any_miss",,0.28283762966537423,0.1417196601702641,0.045960666882402856,0.49700949563394714,0.24824193492489185,0.04527210729486364,-1.6380757858735902e-14,1.0,0.3140126029441612,4.630158434293531,0.09875836033672629,0.6224968759257976,0.6238579759131423,0.7678042215551686,ok
geo_plus_net,terrain-area difficulty + net-distance survey difficulty,asinh_rentin,signoff_or_issue_t,baseline_bundle,geo_dev_main_plus_gov_mobility,"geo_dev_main,channel_gov_mobility_imp_main",2532.0,128.0,17.0,2.0,BMgov_mobility_b14_mobility_ease_miss,,0.29441462247049144,0.14347044754531502,0.040160678374843606,0.5196408926073695,0.2576894604901798,0.04374362584494884,10.105609601576335,0.006391381730017298,0.334064115269469,5.376277269065931,0.06800740827408708,0.6745467852758978,0.6756896790095985,0.5785706370862254,ok
geo_plus_net,terrain-area difficulty + net-distance survey difficulty,asinh_rentin,signoff_or_issue_t,baseline_bundle,baseline_channels_imputed_main,baseline_channels_imp_main,2532.0,128.0,20.0,2.0,"BM_b14_asinh_rentin_miss,BI_b14_any_rentout_imp,BM_b14_any_rentout_miss,BI_b14_asinh_rentout_imp,BM_b14_asinh_rentout_miss,BI_b14_land_total_mu_imp,BM_b14_land_total_mu_miss,BI_b14_contract_land_mu_imp,BM_b14_contract_land_mu_miss,BM_b14_nonfarm_n_miss,BM_b14_nonfarm_any_miss,BM_b14_mobility_ease_miss",,0.24087730167717306,6393349.449790941,0.9999999699387181,0.431598888074778,,,-3.081415955417088e-16,1.0,0.2941424672075904,7.4168344126533485,0.024516296817792754,0.0022788339551064185,0.0023378463968011243,0.060772769087171774,ok
geo_plus_net,terrain-area difficulty + net-distance survey difficulty,asinh_rentin,signoff_or_issue_t,baseline_bundle,geo_dev_main_plus_channels_main,"geo_dev_main,baseline_channels_imp_main",2532.0,128.0,24.0,2.0,"BM_b14_asinh_rentin_miss,BI_b14_any_rentout_imp,BM_b14_any_rentout_miss,BI_b14_asinh_rentout_imp,BM_b14_asinh_rentout_miss,BI_b14_land_total_mu_imp,BM_b14_land_total_mu_miss,BI_b14_contract_land_mu_imp,BM_b14_contract_land_mu_miss,BM_b14_nonfarm_n_miss,BM_b14_nonfarm_any_miss,BM_b14_mobility_ease_miss",,0.24781041828123995,0.17539062491102506,0.15768344516848964,0.39908781991006925,212027.98287159362,0.9999984981887504,-1.8278655475485673e-12,1.0,0.3337099212335538,4.763923138750564,0.09236921107141496,0.24391922695163226,0.2462282742023747,0.16146716881841672,ok
geo_plus_net,terrain-area difficulty + net-distance survey difficulty,asinh_rentin,signoff_or_issue_t,baseline_bundle,geo_dev_main_channels_main_plus_Z,"lower_order_z,geo_dev_main,baseline_channels_imp_main",2532.0,128.0,26.0,2.0,"BM_b14_asinh_rentin_miss,BI_b14_any_rentout_imp,BM_b14_any_rentout_miss,BI_b14_asinh_rentout_imp,BM_b14_asinh_rentout_miss,BI_b14_land_total_mu_imp,BM_b14_land_total_mu_miss,BI_b14_contract_land_mu_imp,BM_b14_contract_land_mu_miss,BM_b14_nonfarm_n_miss,BM_b14_nonfarm_any_miss,BM_b14_mobility_ease_miss",,0.24061674821799922,0.17219001830531322,0.16229608281859154,0.3762777755227562,0.34185069877136365,0.271023793153486,-9.182174152407852e-17,1.0,0.34199691242613917,4.170997802903528,0.12424511863067801,0.0,0.0,0.28207700420759274,ok
geo_plus_net,terrain-area difficulty + net-distance survey difficulty,asinh_rentin,signoff_or_issue_t,baseline_bundle,direct_geo_trends,geo_direct,2532.0,128.0,16.0,2.0,,,0.29396551683211947,0.13445062384691683,0.028784900490030463,0.23280849693611944,0.19250622857999924,0.2265262359868172,20.848100328362108,2.9709307893033277e-05,0.38030601603915903,3.4366266213283554,0.1793684317313655,0.14219527375742824,0.1434506262497124,0.09599525144422227,ok
geo_plus_net,terrain-area difficulty + net-distance survey difficulty,asinh_rentin,signoff_or_issue_t,baseline_bundle,direct_geo_trends_plus_Z,"lower_order_z,geo_direct",2532.0,128.0,18.0,2.0,,,0.2709770559837259,0.13171077896707292,0.0396511954570391,0.08819291546506974,0.20763221562547143,0.6710149559844214,20.11776023144268,4.280395231970324e-05,0.39638862269570085,1.5495473695191504,0.46080805708511574,0.20959528770290958,0.2112620599824936,0.18739158448636895,ok
geo_plus_net,terrain-area difficulty + net-distance survey difficulty,asinh_rentin,signoff_or_issue_t,baseline_bundle,direct_geo_dev_trends_plus_Z,"lower_order_z,geo_dev_direct",2532.0,128.0,20.0,2.0,,,0.27401595595155315,0.13479380694843102,0.042067405813882575,0.10018399168234034,0.21407447901407178,0.63979415865772,19.893603291618987,4.788052818949229e-05,0.39539801541635966,1.5188754553299786,0.4679294568440999,0.18809835662295482,0.18987687922824537,0.16166846289600156,ok
geo_plus_net,terrain-area difficulty + net-distance survey difficulty,asinh_rentin,signoff_or_issue_t,baseline_bundle,baseline_channels_plus_Z,"lower_order_z,baseline_channels",,,,,,,,,,,,,,,,,,,,,error: too few observations
geo_plus_net,terrain-area difficulty + net-distance survey difficulty,asinh_rentin,signoff_or_issue_t,baseline_bundle,full_exclusion_controls,"lower_order_z,geo_dev_direct,baseline_channels",,,,,,,,,,,,,,,,,,,,,error: too few observations
net_plus_rawsurvey,net-distance survey difficulty + raw survey-cost index,any_rentin,signoff_or_issue_t,farm_income,baseline,none,2778.0,130.0,4.0,2.0,,,0.14631466945480534,0.06379657945492441,0.021821746356987637,0.2839421329704182,0.12702249990736084,0.02539314678023663,8.13465301782448,0.01712310583866994,0.2868522371746347,12.958558109449658,0.0015349168715908604,0.08796496514450325,0.08814188040000603,0.11667569560804592,ok
net_plus_rawsurvey,net-distance survey difficulty + raw survey-cost index,any_rentin,signoff_or_issue_t,farm_income,lower_order_Z,lower_order_z,2778.0,130.0,6.0,2.0,,,0.1328541583606247,0.06366414573448545,0.036906474190791405,0.1697569196267805,0.10806170669401093,0.11619989230204353,8.537119866697674,0.014001932357597613,0.317292318964575,10.943078840642103,0.004204754288997215,0.034737684100902944,0.03485366913066401,0.03915602314637279,ok
net_plus_rawsurvey,net-distance survey difficulty + raw survey-cost index,any_rentin,signoff_or_issue_t,farm_income,direct_geo_main_trends,geo_main,2778.0,130.0,7.0,2.0,,,0.1459654726467998,0.06611677479588225,0.027265753145474303,0.29233917705689666,0.1326444225081952,0.02752918518702696,8.751772365601477,0.012576991788685432,0.31881078764700155,9.516226951492131,0.008581783879355282,0.09822200057400499,0.09860235939139261,0.12135256512025672,ok
net_plus_rawsurvey,net-distance survey difficulty + raw survey-cost index,any_rentin,signoff_or_issue_t,farm_income,direct_geo_dev_main_trends,geo_dev_main,2778.0,130.0,8.0,2.0,,,0.14765955178634935,0.06773224175629049,0.02925388880555846,0.2944338131206999,0.13416574601834272,0.02819569275515499,8.73891398734445,0.012658112137171829,0.318955599705233,8.976246253753414,0.01124172330996722,0.12875925414013467,0.129290289684017,0.14792834926417764,ok
net_plus_rawsurvey,net-distance survey difficulty + raw survey-cost index,any_rentin,signoff_or_issue_t,farm_income,channel_rent_main,channel_rent_imp_main,2778.0,130.0,7.0,2.0,"BMrent_b14_asinh_rentin_miss,BIrent_b14_any_rentout_imp,BMrent_b14_any_rentout_miss,BIrent_b14_asinh_rentout_imp,BMrent_b14_asinh_rentout_miss",,0.10008282151844111,0.06759600488363084,0.13871249843813427,0.12308199142092585,0.11645645119160283,0.2905604887711766,8.207964704769646,0.016506808408190965,0.2862731920268865,12.719063456915453,0.0017301767147103152,0.00972994745486655,0.009760488555397462,0.018848439594487565,ok
net_plus_rawsurvey,net-distance survey difficulty + raw survey-cost index,any_rentin,signoff_or_issue_t,farm_income,channel_land_main,channel_land_imp_main,2778.0,130.0,6.0,2.0,"BIland_b14_contract_land_mu_imp,BMland_b14_contract_land_mu_miss",,0.15151895744871974,0.06503428518150135,0.019815033183362196,0.2837226260675325,0.12719017971903196,0.02570127229836694,8.199475512480223,0.016577022052386092,0.2863652363881294,12.532040551266828,0.0018997741360609604,0.09202153450694106,0.09232444316383448,0.1209934669757049,ok
net_plus_rawsurvey,net-distance survey difficulty + raw survey-cost index,any_rentin,signoff_or_issue_t,farm_income,channel_labor_cost_main,channel_labor_cost_imp_main,2778.0,130.0,8.0,2.0,"BMlabor_cost_b14_nonfarm_n_miss,BMlabor_cost_b14_nonfarm_any_miss",,0.1408642998895577,0.06358377070728399,0.026731743137894837,0.2814122731801931,0.12589482158804297,0.025397879737044438,8.226689766564409,0.016352984120421854,0.2871363187658168,13.18205198194077,0.001372630933975037,0.0840966783238819,0.08448957845782312,0.11061554063598433,ok
net_plus_rawsurvey,net-distance survey difficulty + raw survey-cost index,any_rentin,signoff_or_issue_t,farm_income,channel_gov_mobility_main,channel_gov_mobility_imp_main,2778.0,130.0,7.0,2.0,BMgov_mobility_b14_mobility_ease_miss,,0.15020883134244928,0.0634883474624753,0.017984962794002968,0.28439398372287067,0.1272206817328273,0.025388588441523474,8.24902258356834,0.016171395751292006,0.29158189254208955,11.77369303951949,0.0027757160757406886,0.0917091256167275,0.09206988823414108,0.11541925320990787,ok
net_plus_rawsurvey,net-distance survey difficulty + raw survey-cost index,any_rentin,signoff_or_issue_t,farm_income,geo_dev_main_plus_rent,"geo_dev_main,channel_rent_imp_main",2778.0,130.0,11.0,2.0,"BMrent_b14_asinh_rentin_miss,BIrent_b14_any_rentout_imp,BMrent_b14_any_rentout_miss,BIrent_b14_asinh_rentout_imp,BMrent_b14_asinh_rentout_miss",,0.1042319856923844,0.07725879188928134,0.17729591297570924,0.1621616522152497,0.13518903326212325,0.2303266663590522,8.813677225481689,0.012193666361551059,0.318729595158024,11.618948086242757,0.0029990070059537502,0.016246257693516175,0.0163860051098198,0.02166559533175605,ok
net_plus_rawsurvey,net-distance survey difficulty + raw survey-cost index,any_rentin,signoff_or_issue_t,farm_income,geo_dev_main_plus_land,"geo_dev_main,channel_land_imp_main",2778.0,130.0,10.0,2.0,"BIland_b14_contract_land_mu_imp,BMland_b14_contract_land_mu_miss",,0.15341516703066274,0.06900038289700569,0.02618911729725193,0.29477924077932505,0.13264454653824712,0.026261375832391298,8.787964454075144,0.012351444897068409,0.31859368830622803,8.762607670773514,0.012509038257118459,0.1399167571146046,0.1406196377158796,0.15921211040698457,ok
net_plus_rawsurvey,net-distance survey difficulty + raw survey-cost index,any_rentin,signoff_or_issue_t,farm_income,geo_dev_main_plus_labor_cost,"geo_dev_main,channel_labor_cost_imp_main",2778.0,130.0,12.0,2.0,"BMlabor_cost_b14_nonfarm_n_miss,BMlabor_cost_b14_nonfarm_any_miss",,0.143128477169812,0.06767908942104563,0.034446066036472045,0.2975444508747214,0.1362512340534879,0.02897748394392119,8.814707228801877,0.012187388219897621,0.3153019909855477,9.375583655205867,0.009206994356787396,0.11852825394046396,0.11929823762311587,0.13634276198130402,ok
net_plus_rawsurvey,net-distance survey difficulty + raw survey-cost index,any_rentin,signoff_or_issue_t,farm_income,geo_dev_main_plus_gov_mobility,"geo_dev_main,channel_gov_mobility_imp_main",2778.0,130.0,11.0,2.0,BMgov_mobility_b14_mobility_ease_miss,,0.15141403060532654,0.06713373278780327,0.0241076632394448,0.2829557277973963,0.13378113437780736,0.03442445055396193,9.371784295985986,0.009224501319781253,0.33571576219638555,7.934807347941168,0.018922498387999254,0.13054360257218178,0.13128833508147952,0.14407499075893682,ok
net_plus_rawsurvey,net-distance survey difficulty + raw survey-cost index,any_rentin,signoff_or_issue_t,farm_income,baseline_channels_imputed_main,baseline_channels_imp_main,2778.0,130.0,16.0,2.0,"BM_b14_asinh_rentin_miss,BI_b14_any_rentout_imp,BM_b14_any_rentout_miss,BI_b14_asinh_rentout_imp,BM_b14_asinh_rentout_miss,BI_b14_contract_land_mu_imp,BM_b14_contract_land_mu_miss,BM_b14_nonfarm_n_miss,BM_b14_nonfarm_any_miss,BM_b14_mobility_ease_miss",,0.10677724871311085,0.06576685871872003,0.10446712567402638,0.13071110613925785,0.11138684252208098,0.2406002271393901,8.507850740951339,0.014208351258164442,0.292120681433533,10.240093784641806,0.005975742671992832,0.017019327138327545,0.01726627643912415,0.02760799256403912,ok
net_plus_rawsurvey,net-distance survey difficulty + raw survey-cost index,any_rentin,signoff_or_issue_t,farm_income,geo_dev_main_plus_channels_main,"geo_dev_main,baseline_channels_imp_main",2778.0,130.0,20.0,2.0,"BM_b14_asinh_rentin_miss,BI_b14_any_rentout_imp,BM_b14_any_rentout_miss,BI_b14_asinh_rentout_imp,BM_b14_asinh_rentout_miss,BI_b14_contract_land_mu_imp,BM_b14_contract_land_mu_miss,BM_b14_nonfarm_n_miss,BM_b14_nonfarm_any_miss,BM_b14_mobility_ease_miss",,0.11154298465527619,0.07498101526735795,0.1368520976750509,0.1562819039223376,0.13110742180047713,0.23325569113815292,9.618204395047496,0.008155178151063924,0.33284164899137425,9.569804637240372,0.008354939830135098,0.02140058133274192,0.021796261334822598,0.0259764118444461,ok
net_plus_rawsurvey,net-distance survey difficulty + raw survey-cost index,any_rentin,signoff_or_issue_t,farm_income,geo_dev_main_channels_main_plus_Z,"lower_order_z,geo_dev_main,baseline_channels_imp_main",2778.0,130.0,22.0,2.0,"BM_b14_asinh_rentin_miss,BI_b14_any_rentout_imp,BM_b14_any_rentout_miss,BI_b14_asinh_rentout_imp,BM_b14_asinh_rentout_miss,BI_b14_contract_land_mu_imp,BM_b14_contract_land_mu_miss,BM_b14_nonfarm_n_miss,BM_b14_nonfarm_any_miss,BM_b14_mobility_ease_miss",,0.11131289449678225,0.07371876149022193,0.13105185398112074,0.15341519134512707,0.1234892447220134,0.21411244786261419,9.346365087508387,0.00934248928276138,0.34328938093263206,12.399662644591844,0.0020297729848685244,0.01765273455575256,0.018032578633206953,0.015624095168968677,ok
net_plus_rawsurvey,net-distance survey difficulty + raw survey-cost index,any_rentin,signoff_or_issue_t,farm_income,direct_geo_trends,geo_direct,2778.0,130.0,10.0,2.0,,,0.14192832767039032,0.057880112002422754,0.014202174210490748,0.1221650171629049,0.10937230972372321,0.2640093872800633,17.797331113746324,0.0001365710512380991,0.384859650530332,7.199390855997285,0.027332045755581857,0.007644984421513401,0.007698668877103243,0.01700653000814112,ok
net_plus_rawsurvey,net-distance survey difficulty + raw survey-cost index,any_rentin,signoff_or_issue_t,farm_income,direct_geo_trends_plus_Z,"lower_order_z,geo_direct",2778.0,130.0,12.0,2.0,,,0.13564601208726457,0.056463429484073534,0.01628925237902501,0.06906221381377915,0.1070587274917542,0.5188706839532808,17.475672693963226,0.0001604005638952133,0.40114430675403423,8.468205416919083,0.014492808639781493,0.003685020785205273,0.003719535818069275,0.0077194688482580265,ok
net_plus_rawsurvey,net-distance survey difficulty + raw survey-cost index,any_rentin,signoff_or_issue_t,farm_income,direct_geo_dev_trends_plus_Z,"lower_order_z,geo_dev_direct",2778.0,130.0,14.0,2.0,,,0.13120609232717037,0.05853881416764643,0.025003278565245868,0.05631716403428194,0.10859705464211641,0.6040478563859191,17.318742215483475,0.00017349338124628133,0.39842997409063685,5.899609516085988,0.05234992585269548,0.007416603074129613,0.007511684297742627,0.01035564418895829,ok
net_plus_rawsurvey,net-distance survey difficulty + raw survey-cost index,any_rentin,signoff_or_issue_t,farm_income,baseline_channels_plus_Z,"lower_order_z,baseline_channels",,,,,,,,,,,,,,,,,,,,,error: too few observations
net_plus_rawsurvey,net-distance survey difficulty + raw survey-cost index,any_rentin,signoff_or_issue_t,farm_income,full_exclusion_controls,"lower_order_z,geo_dev_direct,baseline_channels",,,,,,,,,,,,,,,,,,,,,error: too few observations
net_plus_rawsurvey,net-distance survey difficulty + raw survey-cost index,any_rentin,signoff_or_issue_t,baseline_bundle,baseline,none,2538.0,128.0,10.0,2.0,,,0.13267088800259452,0.0696620382703461,0.056845963103603125,0.29945524463750417,0.15203508931995927,0.04887900173294901,9.019279169950552,0.01100242490053338,0.28618187403235795,7.43237181804878,0.0243265748973495,0.858539286885294,0.8588697136442071,0.8610429301090782,ok
net_plus_rawsurvey,net-distance survey difficulty + raw survey-cost index,any_rentin,signoff_or_issue_t,baseline_bundle,lower_order_Z,lower_order_z,2538.0,128.0,12.0,2.0,,,0.11685563959682949,0.07097109709748214,0.0996558508400065,0.17291285332485098,0.12270337643439617,0.15877783197682538,9.184253529103268,0.010131288579150577,0.3145537662923251,4.6037079774782885,0.10007313715767599,0.38605326185822675,0.3872962871956308,0.3723670864398949,ok
net_plus_rawsurvey,net-distance survey difficulty + raw survey-cost index,any_rentin,signoff_or_issue_t,baseline_bundle,direct_geo_main_trends,geo_main,2538.0,128.0,13.0,2.0,,,0.12697226609625595,0.07128706569826843,0.07488953240050034,0.26496457520360867,0.1370398382107707,0.05317638609606101,9.338886803102618,0.009377487569728005,0.3129592736967495,5.450634507294067,0.06552541124442264,0.8148560827204196,0.8153921525164024,0.8163264735331419,ok
net_plus_rawsurvey,net-distance survey difficulty + raw survey-cost index,any_rentin,signoff_or_issue_t,baseline_bundle,direct_geo_dev_main_trends,geo_dev_main,2538.0,128.0,14.0,2.0,,,0.127136575160548,0.07119485051992736,0.0741389019363865,0.2653612532911879,0.13736275138680204,0.05338069933921874,9.313313633503942,0.009498163481963418,0.3130660682450839,5.493971452477136,0.0641208479927495,0.8296936372500788,0.8302215805585764,0.8284624055944358,ok
net_plus_rawsurvey,net-distance survey difficulty + raw survey-cost index,any_rentin,signoff_or_issue_t,baseline_bundle,channel_rent_main,channel_rent_imp_main,2538.0,128.0,13.0,2.0,"BMrent_b14_asinh_rentin_miss,BIrent_b14_any_rentout_imp,BMrent_b14_any_rentout_miss,BIrent_b14_asinh_rentout_imp,BMrent_b14_asinh_rentout_miss",,0.09009126279962582,0.07009592597111802,0.19870257438005545,0.15359319014367012,0.11495570633483419,0.18151411408809714,9.098045532979981,0.010577536057490344,0.2856715190885356,4.9080207252263115,0.0859482109298438,0.3340172970780342,0.33536093904533604,0.3417570707313744,ok
net_plus_rawsurvey,net-distance survey difficulty + raw survey-cost index,any_rentin,signoff_or_issue_t,baseline_bundle,channel_land_main,channel_land_imp_main,2538.0,128.0,10.0,2.0,"BIland_b14_land_total_mu_imp,BMland_b14_land_total_mu_miss,BIland_b14_contract_land_mu_imp,BMland_b14_contract_land_mu_miss",,0.13267088800259452,0.0696620382703461,0.056845963103603125,0.29945524463750417,0.15203508931995927,0.04887900173294901,9.019279169950552,0.01100242490053338,0.28618187403235795,7.43237181804878,0.0243265748973495,0.858539286885294,0.8588697136442071,0.8610429301090782,ok
net_plus_rawsurvey,net-distance survey difficulty + raw survey-cost index,any_rentin,signoff_or_issue_t,baseline_bundle,channel_labor_cost_main,channel_labor_cost_imp_main,2538.0,128.0,14.0,2.0,"BMlabor_cost_b14_nonfarm_n_miss,BMlabor_cost_b14_nonfarm_any_miss",,0.1356023116773796,0.07364929678448569,0.06559379400933696,0.2932833858428239,0.14441431625930498,0.042270514130564596,9.094942084577344,0.010593962217319897,0.28643385043344305,7.277734445005597,0.026282098879847927,0.0499558514015076,0.05050828341388802,0.856781111435146,ok
net_plus_rawsurvey,net-distance survey difficulty + raw survey-cost index,any_rentin,signoff_or_issue_t,baseline_bundle,channel_gov_mobility_main,channel_gov_mobility_imp_main,2538.0,128.0,13.0,2.0,BMgov_mobility_b14_mobility_ease_miss,,0.13579451285954597,0.06973957048421062,0.05151484958230812,0.3037938670962649,0.15417754675324702,0.048790741465495335,9.212575241829352,0.009988831891713401,0.29308003285026096,7.039648696565832,0.029604634816154163,0.824132686246084,0.8246430058526436,0.8252372636039138,ok
net_plus_rawsurvey,net-distance survey difficulty + raw survey-cost index,any_rentin,signoff_or_issue_t,baseline_bundle,geo_dev_main_plus_rent,"geo_dev_main,channel_rent_imp_main",2538.0,128.0,17.0,2.0,"BMrent_b14_asinh_rentin_miss,BIrent_b14_any_rentout_imp,BMrent_b14_any_rentout_miss,BIrent_b14_asinh_rentout_imp,BMrent_b14_asinh_rentout_miss",,0.08649173312260587,0.07511207626537375,0.2495256247009605,0.13776426895200755,0.12459600874866687,0.2688617343804869,9.41149264914548,0.009043162564316698,0.3128411356982771,5.023794577624003,0.08111419609818364,0.24059032200063246,0.2422308143460319,0.23366047770282872,ok
net_plus_rawsurvey,net-distance survey difficulty + raw survey-cost index,any_rentin,signoff_or_issue_t,baseline_bundle,geo_dev_main_plus_land,"geo_dev_main,channel_land_imp_main",2538.0,128.0,14.0,2.0,"BIland_b14_land_total_mu_imp,BMland_b14_land_total_mu_miss,BIland_b14_contract_land_mu_imp,BMland_b14_contract_land_mu_miss",,0.127136575160548,0.07119485051992736,0.0741389019363865,0.2653612532911879,0.13736275138680204,0.05338069933921874,9.313313633503942,0.009498163481963418,0.3130660682450839,5.493971452477136,0.0641208479927495,0.8296936372500788,0.8302215805585764,0.8284624055944358,ok
net_plus_rawsurvey,net-distance survey difficulty + raw survey-cost index,any_rentin,signoff_or_issue_t,baseline_bundle,geo_dev_main_plus_labor_cost,"geo_dev_main,channel_labor_cost_imp_main",2538.0,128.0,18.0,2.0,"BMlabor_cost_b14_nonfarm_n_miss,BMlabor_cost_b14_nonfarm_any_miss",,0.1307051283802934,0.07175222247489511,0.06851299239305209,0.26901236072244394,0.16494036143913424,0.102897187885437,9.389457145179636,0.009143348786593841,0.31281883564371415,5.783848852400379,0.05546936313676622,0.0,0.0,0.8483174098857298,ok
net_plus_rawsurvey,net-distance survey difficulty + raw survey-cost index,any_rentin,signoff_or_issue_t,baseline_bundle,geo_dev_main_plus_gov_mobility,"geo_dev_main,channel_gov_mobility_imp_main",2538.0,128.0,17.0,2.0,BMgov_mobility_b14_mobility_ease_miss,,0.13032402402839344,0.07124520078221018,0.06736481239135306,0.2555562443594838,0.13687470144184966,0.06189018555740278,10.071669959938633,0.006500767839071497,0.3324307354213928,4.619115411099312,0.09930516397073672,0.8230237859154853,0.8236748301498937,0.8191692323363492,ok
net_plus_rawsurvey,net-distance survey difficulty + raw survey-cost index,any_rentin,signoff_or_issue_t,baseline_bundle,baseline_channels_imputed_main,baseline_channels_imp_main,2538.0,128.0,20.0,2.0,"BM_b14_asinh_rentin_miss,BI_b14_any_rentout_imp,BM_b14_any_rentout_miss,BI_b14_asinh_rentout_imp,BM_b14_asinh_rentout_miss,BI_b14_land_total_mu_imp,BM_b14_land_total_mu_miss,BI_b14_contract_land_mu_imp,BM_b14_contract_land_mu_miss,BM_b14_nonfarm_n_miss,BM_b14_nonfarm_any_miss,BM_b14_mobility_ease_miss",,0.09599891763908154,0.07548501547062325,0.20345796078785017,0.1465806247120173,0.23875894887285024,0.539263402690463,9.359554416201718,0.009281081406495528,0.2928412274250012,3.680197020459117,0.15880178173639495,0.0,0.0,0.5025900932269168,ok
net_plus_rawsurvey,net-distance survey difficulty + raw survey-cost index,any_rentin,signoff_or_issue_t,baseline_bundle,geo_dev_main_plus_channels_main,"geo_dev_main,baseline_channels_imp_main",2538.0,128.0,24.0,2.0,"BM_b14_asinh_rentin_miss,BI_b14_any_rentout_imp,BM_b14_any_rentout_miss,BI_b14_asinh_rentout_imp,BM_b14_asinh_rentout_miss,BI_b14_land_total_mu_imp,BM_b14_land_total_mu_miss,BI_b14_contract_land_mu_imp,BM_b14_contract_land_mu_miss,BM_b14_nonfarm_n_miss,BM_b14_nonfarm_any_miss,BM_b14_mobility_ease_miss",,0.0918621336953689,0.07054981277507573,0.1928859701519814,0.11706711929254678,0.2748704804573023,0.670181293746196,10.201328549879184,0.006092697994390162,0.33213163030997606,3.5366030331676694,0.17062254241352923,0.0,0.0,0.4709498453924784,ok
net_plus_rawsurvey,net-distance survey difficulty + raw survey-cost index,any_rentin,signoff_or_issue_t,baseline_bundle,geo_dev_main_channels_main_plus_Z,"lower_order_z,geo_dev_main,baseline_channels_imp_main",2538.0,128.0,26.0,2.0,"BM_b14_asinh_rentin_miss,BI_b14_any_rentout_imp,BM_b14_any_rentout_miss,BI_b14_asinh_rentout_imp,BM_b14_asinh_rentout_miss,BI_b14_land_total_mu_imp,BM_b14_land_total_mu_miss,BI_b14_contract_land_mu_imp,BM_b14_contract_land_mu_miss,BM_b14_nonfarm_n_miss,BM_b14_nonfarm_any_miss,BM_b14_mobility_ease_miss",,0.09196520319524623,0.085733791264899,0.2834132511296308,0.11681187961272371,0.6596100679161837,0.8594358714897483,9.837816860907024,0.007307102705864543,0.34097406385454854,5.135157816792906,0.07672106948505998,0.0,0.0,0.6922525998906837,ok
net_plus_rawsurvey,net-distance survey difficulty + raw survey-cost index,any_rentin,signoff_or_issue_t,baseline_bundle,direct_geo_trends,geo_direct,2538.0,128.0,16.0,2.0,,,0.11407549282988773,0.06477611549839996,0.07822598347431042,0.06781744809441746,0.11100014277077395,0.5412212850183002,20.29132462225884,3.924594971127515e-05,0.38327215034851114,4.618379876577361,0.09934169187536299,0.09893310166085423,0.0999555710520178,0.12885236057157734,ok
net_plus_rawsurvey,net-distance survey difficulty + raw survey-cost index,any_rentin,signoff_or_issue_t,baseline_bundle,direct_geo_trends_plus_Z,"lower_order_z,geo_direct",2538.0,128.0,18.0,2.0,,,0.11151729036135705,0.06395568751241854,0.0812175313767649,0.023719710622948448,0.11168897377943753,0.8318161306763032,19.694165102854193,5.290130493595946e-05,0.3996687252583567,6.053549645945702,0.04847171616656877,0.04507444478699896,0.04575693203040998,0.060362410690915635,ok
net_plus_rawsurvey,net-distance survey difficulty + raw survey-cost index,any_rentin,signoff_or_issue_t,baseline_bundle,direct_geo_dev_trends_plus_Z,"lower_order_z,geo_dev_direct",2538.0,128.0,20.0,2.0,,,0.10979955881178732,0.06478768774477967,0.09012102538039701,0.019307148352705247,0.1132809339822815,0.8646672687145978,19.471177671455845,5.914084025593347e-05,0.3983060562098125,4.425095383370797,0.10942152080206155,0.05249055036729433,0.05334743542671516,0.0579665449684541,ok
net_plus_rawsurvey,net-distance survey difficulty + raw survey-cost index,any_rentin,signoff_or_issue_t,baseline_bundle,baseline_channels_plus_Z,"lower_order_z,baseline_channels",,,,,,,,,,,,,,,,,,,,,error: too few observations
net_plus_rawsurvey,net-distance survey difficulty + raw survey-cost index,any_rentin,signoff_or_issue_t,baseline_bundle,full_exclusion_controls,"lower_order_z,geo_dev_direct,baseline_channels",,,,,,,,,,,,,,,,,,,,,error: too few observations
net_plus_rawsurvey,net-distance survey difficulty + raw survey-cost index,asinh_rentin,signoff_or_issue_t,farm_income,baseline,none,2772.0,130.0,4.0,2.0,,,0.2894744354772511,0.14161093951921333,0.04093842863304209,0.5984532739064933,0.23631650766466555,0.01132773629170436,8.13567763340978,0.017114335784789714,0.2868767444364604,9.843921612960287,0.007284832686268772,0.09327612441202571,0.09346452729435484,0.021458162704936168,ok
net_plus_rawsurvey,net-distance survey difficulty + raw survey-cost index,asinh_rentin,signoff_or_issue_t,farm_income,lower_order_Z,lower_order_z,2772.0,130.0,6.0,2.0,,,0.2546670023242255,0.13303725304944958,0.05558779676417491,0.31362073417407194,0.20440027160979285,0.12494456071728521,8.53700797169559,0.014002715752637118,0.31726693816652307,3.191074259925501,0.20279956951737518,0.1892607116494155,0.189762764081563,0.09518401926525799,ok
net_plus_rawsurvey,net-distance survey difficulty + raw survey-cost index,asinh_rentin,signoff_or_issue_t,farm_income,direct_geo_main_trends,geo_main,2772.0,130.0,7.0,2.0,,,0.2968650286023443,0.13916132348869353,0.03290473293470675,0.5952612915336255,0.2798264309206037,0.03339916349458183,8.753892405076575,0.012563666992671418,0.31891736313954344,5.818876826670563,0.05450633130450996,0.25073510525182263,0.25139294918220434,0.14189933178989844,ok
net_plus_rawsurvey,net-distance survey difficulty + raw survey-cost index,asinh_rentin,signoff_or_issue_t,farm_income,direct_geo_dev_main_trends,geo_dev_main,2772.0,130.0,8.0,2.0,,,0.30189716620452867,0.1433079563942797,0.03514946684354814,0.5988043602224137,0.287107501138501,0.03701078054573603,8.740991611091438,0.012644969567498388,0.31905851615670655,5.3834650296053095,0.06776343645664312,0.34953334375367273,0.35032795644588255,0.24493605722189105,ok
net_plus_rawsurvey,net-distance survey difficulty + raw survey-cost index,asinh_rentin,signoff_or_issue_t,farm_income,channel_rent_main,channel_rent_imp_main,2772.0,130.0,7.0,2.0,"BMrent_b14_asinh_rentin_miss,BIrent_b14_any_rentout_imp,BMrent_b14_any_rentout_miss,BIrent_b14_asinh_rentout_imp,BMrent_b14_asinh_rentout_miss",,0.21450360691927584,0.17220865734167928,0.21291020872392719,0.3481969189693722,0.2489949560003396,0.16199012350485864,8.209047592467604,0.016497873317455336,0.28629900465625846,7.581096926058317,0.02258321239677434,0.02848139334409394,0.02860210508939942,0.006148533885078633,ok
net_plus_rawsurvey,net-distance survey difficulty + raw survey-cost index,asinh_rentin,signoff_or_issue_t,farm_income,channel_land_main,channel_land_imp_main,2772.0,130.0,6.0,2.0,"BIland_b14_contract_land_mu_imp,BMland_b14_contract_land_mu_miss",,0.2926843209014628,0.1436186279832848,0.0415572052233697,0.594240030699693,0.2354135535717662,0.01159491284818892,8.200428274686491,0.016569126953021485,0.2863858276454734,9.624600932226173,0.008129137365853027,0.09431579837685233,0.09462560883547266,0.022397873113720435,ok
net_plus_rawsurvey,net-distance survey difficulty + raw survey-cost index,asinh_rentin,signoff_or_issue_t,farm_income,channel_labor_cost_main,channel_labor_cost_imp_main,2772.0,130.0,8.0,2.0,"BMlabor_cost_b14_nonfarm_n_miss,BMlabor_cost_b14_nonfarm_any_miss",,0.2732577369635516,0.14019305659192763,0.05127713873815276,0.5783539107682449,0.2311758535612102,0.012356648296431016,8.227961078480824,0.01634259255171233,0.287144119183823,9.025583286042938,0.010967799218346572,0.09928291016334279,0.09972853146015936,0.023530656839101383,ok
net_plus_rawsurvey,net-distance survey difficulty + raw survey-cost index,asinh_rentin,signoff_or_issue_t,farm_income,channel_gov_mobility_main,channel_gov_mobility_imp_main,2772.0,130.0,7.0,2.0,BMgov_mobility_b14_mobility_ease_miss,,0.30546942043781644,0.1389384121409341,0.02790667022678095,0.6195998689179297,0.24895526109284963,0.01281750255212355,8.250711827596625,0.016157742801043873,0.2916255411396498,10.84644549110368,0.004412902046356694,0.06938157788923571,0.0696691119853291,0.013774755656714155,ok
net_plus_rawsurvey,net-distance survey difficulty + raw survey-cost index,asinh_rentin,signoff_or_issue_t,farm_income,geo_dev_main_plus_rent,"geo_dev_main,channel_rent_imp_main",2772.0,130.0,11.0,2.0,"BMrent_b14_asinh_rentin_miss,BIrent_b14_any_rentout_imp,BMrent_b14_any_rentout_miss,BIrent_b14_asinh_rentout_imp,BMrent_b14_asinh_rentout_miss",,0.23277867666687468,0.18685605810380498,0.21285080150906488,0.4618002647309992,0.32565180645190245,0.15616745353513672,8.81565186916549,0.012181633229683908,0.31883704953304626,4.19106210005666,0.12300490454829122,0.15077326484394105,0.151581828869912,0.08596861788562815,ok
net_plus_rawsurvey,net-distance survey difficulty + raw survey-cost index,asinh_rentin,signoff_or_issue_t,farm_income,geo_dev_main_plus_land,"geo_dev_main,channel_land_imp_main",2772.0,130.0,10.0,2.0,"BIland_b14_contract_land_mu_imp,BMland_b14_contract_land_mu_miss",,0.3060063893216233,0.14546970015093702,0.035415557731864444,0.5956538774719162,0.2854599718896191,0.0369201557282115,8.790352551786727,0.01233670546997101,0.31869384138184165,5.332317040030221,0.06951876797816453,0.35806668080203063,0.35903599474498615,0.2556089472436389,ok
net_plus_rawsurvey,net-distance survey difficulty + raw survey-cost index,asinh_rentin,signoff_or_issue_t,farm_income,geo_dev_main_plus_labor_cost,"geo_dev_main,channel_labor_cost_imp_main",2772.0,130.0,12.0,2.0,"BMlabor_cost_b14_nonfarm_n_miss,BMlabor_cost_b14_nonfarm_any_miss",,0.2883644413033205,0.14182438363902522,0.04202726242374344,0.5843794314583375,0.28557005425880844,0.04072086285540877,8.816254767468777,0.01217796164010776,0.3153450836906009,5.048173455185544,0.08013146123190198,0.3405884880005555,0.3417316715457158,0.2345694025118411,ok
net_plus_rawsurvey,net-distance survey difficulty + raw survey-cost index,asinh_rentin,signoff_or_issue_t,farm_income,geo_dev_main_plus_gov_mobility,"geo_dev_main,channel_gov_mobility_imp_main",2772.0,130.0,11.0,2.0,BMgov_mobility_b14_mobility_ease_miss,,0.31839372936503296,0.14216301946187485,0.025114420479624755,0.6077589204216697,0.2872086276752179,0.03433726766954215,9.374159047870872,0.009213554868895413,0.335850495040632,6.402001882240439,0.04072142382492446,0.2747082360523251,0.27573321874960255,0.16917465731034353,ok
net_plus_rawsurvey,net-distance survey difficulty + raw survey-cost index,asinh_rentin,signoff_or_issue_t,farm_income,baseline_channels_imputed_main,baseline_channels_imp_main,2772.0,130.0,16.0,2.0,"BM_b14_asinh_rentin_miss,BI_b14_any_rentout_imp,BM_b14_any_rentout_miss,BI_b14_asinh_rentout_imp,BM_b14_asinh_rentout_miss,BI_b14_contract_land_mu_imp,BM_b14_contract_land_mu_miss,BM_b14_nonfarm_n_miss,BM_b14_nonfarm_any_miss,BM_b14_mobility_ease_miss",,0.25174250662863845,0.16666736739528176,0.1309289727521472,0.414426208885016,0.25996359707425276,0.11089792827139222,8.510375866070595,0.014190423645579542,0.292177522952095,7.700851328138116,0.021270680346739478,0.03446476204589222,0.03490860444025223,0.009514718412826584,ok
net_plus_rawsurvey,net-distance survey difficulty + raw survey-cost index,asinh_rentin,signoff_or_issue_t,farm_income,geo_dev_main_plus_channels_main,"geo_dev_main,baseline_channels_imp_main",2772.0,130.0,20.0,2.0,"BM_b14_asinh_rentin_miss,BI_b14_any_rentout_imp,BM_b14_any_rentout_miss,BI_b14_asinh_rentout_imp,BM_b14_asinh_rentout_miss,BI_b14_contract_land_mu_imp,BM_b14_contract_land_mu_miss,BM_b14_nonfarm_n_miss,BM_b14_nonfarm_any_miss,BM_b14_mobility_ease_miss",,0.275437590542786,0.18449774711141742,0.135462082552954,0.5211684555633767,0.3285183474600677,0.11264380510534022,9.619826963709487,0.00814856466588465,0.3329310962403602,5.068276232020252,0.0793300631195821,0.1433974060713008,0.1448403154192941,0.08164670506139815,ok
net_plus_rawsurvey,net-distance survey difficulty + raw survey-cost index,asinh_rentin,signoff_or_issue_t,farm_income,geo_dev_main_channels_main_plus_Z,"lower_order_z,geo_dev_main,baseline_channels_imp_main",2772.0,130.0,22.0,2.0,"BM_b14_asinh_rentin_miss,BI_b14_any_rentout_imp,BM_b14_any_rentout_miss,BI_b14_asinh_rentout_imp,BM_b14_asinh_rentout_miss,BI_b14_contract_land_mu_imp,BM_b14_contract_land_mu_miss,BM_b14_nonfarm_n_miss,BM_b14_nonfarm_any_miss,BM_b14_mobility_ease_miss",,0.26757965590583105,0.18306527205895018,0.14383369922022982,0.49698288940259405,0.3123043031738982,0.1115326763697162,9.346666320106824,0.009341082257563249,0.34323234718829565,5.134283900907652,0.07675460069106815,0.17265912245158954,0.1743848429927326,0.09129773923373308,ok
net_plus_rawsurvey,net-distance survey difficulty + raw survey-cost index,asinh_rentin,signoff_or_issue_t,farm_income,direct_geo_trends,geo_direct,2772.0,130.0,10.0,2.0,,,0.3178929947951939,0.13292963925566947,0.016782516794003,0.32261573669134547,0.2127246392782341,0.12937061649814519,17.837570507323235,0.00013385074077298942,0.38518854021737037,3.826382621204474,0.14760856934586622,0.04786685220355935,0.048193650140974986,0.03435104846681725,ok
net_plus_rawsurvey,net-distance survey difficulty + raw survey-cost index,asinh_rentin,signoff_or_issue_t,farm_income,direct_geo_trends_plus_Z,"lower_order_z,geo_direct",2772.0,130.0,12.0,2.0,,,0.29417833302387786,0.12872331956329505,0.022292088165089874,0.18170165189268328,0.211913884137791,0.39120642459094745,17.508543155727708,0.00015778588884340916,0.40147180502964996,2.220331576167052,0.3295043286554508,0.07893053154572294,0.07952314298387597,0.07225340111497747,ok
net_plus_rawsurvey,net-distance survey difficulty + raw survey-cost index,asinh_rentin,signoff_or_issue_t,farm_income,direct_geo_dev_trends_plus_Z,"lower_order_z,geo_dev_direct",2772.0,130.0,14.0,2.0,,,0.29310146664904757,0.1333270977137575,0.02792319043111413,0.17892525072860077,0.21577338286889317,0.4069756135226923,17.353632868692834,0.00017049298012994374,0.39878710860200794,1.9356305633507245,0.37991213310304994,0.09019015631359228,0.09095643116584073,0.08116918602489986,ok
net_plus_rawsurvey,net-distance survey difficulty + raw survey-cost index,asinh_rentin,signoff_or_issue_t,farm_income,baseline_channels_plus_Z,"lower_order_z,baseline_channels",,,,,,,,,,,,,,,,,,,,,error: too few observations
net_plus_rawsurvey,net-distance survey difficulty + raw survey-cost index,asinh_rentin,signoff_or_issue_t,farm_income,full_exclusion_controls,"lower_order_z,geo_dev_direct,baseline_channels",,,,,,,,,,,,,,,,,,,,,error: too few observations
net_plus_rawsurvey,net-distance survey difficulty + raw survey-cost index,asinh_rentin,signoff_or_issue_t,baseline_bundle,baseline,none,2532.0,128.0,10.0,2.0,,,0.2774287977544273,0.14850961545717925,0.06175002434051846,0.6129454263570162,0.259874110540463,0.018342809124539894,9.020457159950135,0.010995946435360393,0.2862055581977575,10.57533728822062,0.005053528109359558,0.3996414890390564,0.4006947002716218,0.22513592109959202,ok
net_plus_rawsurvey,net-distance survey difficulty + raw survey-cost index,asinh_rentin,signoff_or_issue_t,baseline_bundle,lower_order_Z,lower_order_z,2532.0,128.0,12.0,2.0,,,0.23405307562978941,0.13961882931769087,0.09366537863686353,0.27869230632040265,0.20810784384000008,0.18051451519457462,9.184003936931529,0.010132553003206035,0.3145065084756,1.9221145794508687,0.3824882711960449,0.5547957633150026,0.5558648516058456,0.45141988226655816,ok
net_plus_rawsurvey,net-distance survey difficulty + raw survey-cost index,asinh_rentin,signoff_or_issue_t,baseline_bundle,direct_geo_main_trends,geo_main,2532.0,128.0,13.0,2.0,,,0.2763319436801759,0.14120381096074525,0.05035072766958604,0.5048597126653245,0.2507313051650558,0.044056929048136295,9.341058862567111,0.00936730886760051,0.31307698715750787,5.092394098625056,0.07837917206844769,0.6768080396092859,0.6777023318955114,0.5772356525218268,ok
net_plus_rawsurvey,net-distance survey difficulty + raw survey-cost index,asinh_rentin,signoff_or_issue_t,baseline_bundle,direct_geo_dev_main_trends,geo_dev_main,2532.0,128.0,14.0,2.0,,,0.28007746271920425,0.14387307708164596,0.05157092543907371,0.5072672730706216,0.2561095330486851,0.04762881712833589,9.315207209900688,0.009489174988643656,0.3131780060052336,4.828635663774067,0.08942832326912992,0.7766166688698292,0.7773014538864427,0.7122599152185007,ok
net_plus_rawsurvey,net-distance survey difficulty + raw survey-cost index,asinh_rentin,signoff_or_issue_t,baseline_bundle,channel_rent_main,channel_rent_imp_main,2532.0,128.0,13.0,2.0,"BMrent_b14_asinh_rentin_miss,BIrent_b14_any_rentout_imp,BMrent_b14_any_rentout_miss,BIrent_b14_asinh_rentout_imp,BMrent_b14_asinh_rentout_miss",,0.2253677834259038,0.16966163157701505,0.18406687818093825,0.41513565650181095,0.24430733936229407,0.08927485661121914,9.099297581537371,0.0105709163353791,0.2856973092537881,8.639222775337505,0.0133050530455938,0.1666009076732834,0.1677016134044007,0.07137107501474838,ok
net_plus_rawsurvey,net-distance survey difficulty + raw survey-cost index,asinh_rentin,signoff_or_issue_t,baseline_bundle,channel_land_main,channel_land_imp_main,2532.0,128.0,10.0,2.0,"BIland_b14_land_total_mu_imp,BMland_b14_land_total_mu_miss,BIland_b14_contract_land_mu_imp,BMland_b14_contract_land_mu_miss",,0.2774287977544273,0.14850961545717925,0.06175002434051846,0.6129454263570162,0.259874110540463,0.018342809124539894,9.020457159950135,0.010995946435360393,0.2862055581977575,10.57533728822062,0.005053528109359558,0.3996414890390564,0.4006947002716218,0.22513592109959202,ok
net_plus_rawsurvey,net-distance survey difficulty + raw survey-cost index,asinh_rentin,signoff_or_issue_t,baseline_bundle,channel_labor_cost_main,channel_labor_cost_imp_main,2532.0,128.0,14.0,2.0,"BMlabor_cost_b14_nonfarm_n_miss,BMlabor_cost_b14_nonfarm_any_miss",,0.2794633165788656,0.14750104233363184,0.05813836648815007,-1.4341163635253906,7341995047407045.0,0.9999999999999998,-5.258631159099388e-17,1.0,0.2864328081799241,9.679675290183663,0.00790833790484499,0.0,0.0,0.9986953985130158,ok
net_plus_rawsurvey,net-distance survey difficulty + raw survey-cost index,asinh_rentin,signoff_or_issue_t,baseline_bundle,channel_gov_mobility_main,channel_gov_mobility_imp_main,2532.0,128.0,13.0,2.0,BMgov_mobility_b14_mobility_ease_miss,,0.2906930663030885,0.14611904152232316,0.04665416748226936,0.6427329960708168,0.2782407772216215,0.020888790717308092,9.214798026765425,0.009977736545968341,0.29313589756208813,11.207017049142863,0.003684912404056397,0.29100349602698505,0.2923307827661602,0.13654333282731834,ok
net_plus_rawsurvey,net-distance survey difficulty + raw survey-cost index,asinh_rentin,signoff_or_issue_t,baseline_bundle,geo_dev_main_plus_rent,"geo_dev_main,channel_rent_imp_main",2532.0,128.0,17.0,2.0,"BMrent_b14_asinh_rentin_miss,BIrent_b14_any_rentout_imp,BMrent_b14_any_rentout_miss,BIrent_b14_asinh_rentout_imp,BMrent_b14_asinh_rentout_miss",,0.23199768175465552,0.17553083187975851,0.18627076119676556,0.3980285621722537,0.26533588921882906,0.1335902630832888,9.413202737773371,0.009035433564375528,0.3129570052226244,4.421782606399309,0.10960291553781334,0.33567344810995525,0.3374047681459954,0.23496522966806177,ok
net_plus_rawsurvey,net-distance survey difficulty + raw survey-cost index,asinh_rentin,signoff_or_issue_t,baseline_bundle,geo_dev_main_plus_land,"geo_dev_main,channel_land_imp_main",2532.0,128.0,14.0,2.0,"BIland_b14_land_total_mu_imp,BMland_b14_land_total_mu_miss,BIland_b14_contract_land_mu_imp,BMland_b14_contract_land_mu_miss",,0.28007746271920425,0.14387307708164596,0.05157092543907371,0.5072672730706216,0.2561095330486851,0.04762881712833589,9.315207209900688,0.009489174988643656,0.3131780060052336,4.828635663774067,0.08942832326912992,0.7766166688698292,0.7773014538864427,0.7122599152185007,ok
net_plus_rawsurvey,net-distance survey difficulty + raw survey-cost index,asinh_rentin,signoff_or_issue_t,baseline_bundle,geo_dev_main_plus_labor_cost,"geo_dev_main,channel_labor_cost_imp_main",2532.0,128.0,18.0,2.0,"BMlabor_cost_b14_nonfarm_n_miss,BMlabor_cost_b14_nonfarm_any_miss",,0.28283762966537423,0.1417196601702641,0.045960666882402856,0.4957848926541354,0.2566476711107241,0.05338760165447187,-1.7590767885711056e-15,1.0,0.31288752401446185,4.626311603052156,0.0989484965064931,2.4604312143239326e-08,2.2917028497104752e-08,0.738850868650653,ok
net_plus_rawsurvey,net-distance survey difficulty + raw survey-cost index,asinh_rentin,signoff_or_issue_t,baseline_bundle,geo_dev_main_plus_gov_mobility,"geo_dev_main,channel_gov_mobility_imp_main",2532.0,128.0,17.0,2.0,BMgov_mobility_b14_mobility_ease_miss,,0.29441462247049144,0.14347044754531502,0.040160678374843606,0.5178215447580506,0.2580759628709494,0.04480618111408963,10.073884079041822,0.006493575084081216,0.3325868307428501,5.382853077068379,0.06778417363244855,0.6372480201538466,0.6384993022972165,0.5349380695940588,ok
net_plus_rawsurvey,net-distance survey difficulty + raw survey-cost index,asinh_rentin,signoff_or_issue_t,baseline_bundle,baseline_channels_imputed_main,baseline_channels_imp_main,2532.0,128.0,20.0,2.0,"BM_b14_asinh_rentin_miss,BI_b14_any_rentout_imp,BM_b14_any_rentout_miss,BI_b14_asinh_rentout_imp,BM_b14_asinh_rentout_miss,BI_b14_land_total_mu_imp,BM_b14_land_total_mu_miss,BI_b14_contract_land_mu_imp,BM_b14_contract_land_mu_miss,BM_b14_nonfarm_n_miss,BM_b14_nonfarm_any_miss,BM_b14_mobility_ease_miss",,0.24087730167717306,6393349.449790941,0.9999999699387181,0.42212530312062063,523834.8286648096,0.9999993570353789,-9.914662397031079e-17,1.0,0.29288218899954543,7.586825806854318,0.02251861669031137,0.03360456096264608,0.03422400588686558,0.056426046926354556,ok
net_plus_rawsurvey,net-distance survey difficulty + raw survey-cost index,asinh_rentin,signoff_or_issue_t,baseline_bundle,geo_dev_main_plus_channels_main,"geo_dev_main,baseline_channels_imp_main",2532.0,128.0,24.0,2.0,"BM_b14_asinh_rentin_miss,BI_b14_any_rentout_imp,BM_b14_any_rentout_miss,BI_b14_asinh_rentout_imp,BM_b14_asinh_rentout_miss,BI_b14_land_total_mu_imp,BM_b14_land_total_mu_miss,BI_b14_contract_land_mu_imp,BM_b14_contract_land_mu_miss,BM_b14_nonfarm_n_miss,BM_b14_nonfarm_any_miss,BM_b14_mobility_ease_miss",,0.24781041828123995,0.17539062491102506,0.15768344516848964,0.39287932286244753,0.2616265641427408,0.13317982677138107,-3.3407254214994645e-17,1.0,0.3322476314828998,4.880731303575028,0.08712898676688938,0.0070935075470135445,0.007309479069241176,0.15291962540467385,ok
net_plus_rawsurvey,net-distance survey difficulty + raw survey-cost index,asinh_rentin,signoff_or_issue_t,baseline_bundle,geo_dev_main_channels_main_plus_Z,"lower_order_z,geo_dev_main,baseline_channels_imp_main",2532.0,128.0,26.0,2.0,"BM_b14_asinh_rentin_miss,BI_b14_any_rentout_imp,BM_b14_any_rentout_miss,BI_b14_asinh_rentout_imp,BM_b14_asinh_rentout_miss,BI_b14_land_total_mu_imp,BM_b14_land_total_mu_miss,BI_b14_contract_land_mu_imp,BM_b14_contract_land_mu_miss,BM_b14_nonfarm_n_miss,BM_b14_nonfarm_any_miss,BM_b14_mobility_ease_miss",,43809.971522228385,64903041785299.516,0.9999999994614228,0.37039273727203764,,,-2.7609815523303905e-16,1.0,0.3409591136973098,4.223024315888418,0.12105477402213732,3.109927043387639e-05,3.232539561992542e-05,0.22777038840906882,ok
net_plus_rawsurvey,net-distance survey difficulty + raw survey-cost index,asinh_rentin,signoff_or_issue_t,baseline_bundle,direct_geo_trends,geo_direct,2532.0,128.0,16.0,2.0,,,0.29396551683211947,0.13445062384691683,0.028784900490030463,0.22674902612725703,0.1915631686710672,0.23654072089524458,20.337122260928584,3.835747513136756e-05,0.3836082823461977,3.344865353643505,0.18778967792920936,0.1507506321083928,0.15204290108903928,0.10207733890968163,ok
net_plus_rawsurvey,net-distance survey difficulty + raw survey-cost index,asinh_rentin,signoff_or_issue_t,baseline_bundle,direct_geo_trends_plus_Z,"lower_order_z,geo_direct",2532.0,128.0,18.0,2.0,,,0.2709770559837261,0.1317107789670701,0.03965119545703466,0.08382764178099406,0.20653866417843575,0.6848388542732191,19.728049547523792,5.2012588935945736e-05,0.3999522126793835,1.4488826154881016,0.48459523294330054,0.2278869197430775,0.2295987163318287,0.20320181894329514,ok
net_plus_rawsurvey,net-distance survey difficulty + raw survey-cost index,asinh_rentin,signoff_or_issue_t,baseline_bundle,direct_geo_dev_trends_plus_Z,"lower_order_z,geo_dev_direct",2532.0,128.0,20.0,2.0,,,0.274015955951553,0.1347938069484286,0.04206740581387902,0.09460127261449787,0.2125544319914708,0.6562702846863608,19.507766761628865,5.8068722344373214e-05,0.3986285401841828,1.4307880010839182,0.4889994078043932,0.2029363184365458,0.20476478688626398,0.17456424392751702,ok
net_plus_rawsurvey,net-distance survey difficulty + raw survey-cost index,asinh_rentin,signoff_or_issue_t,baseline_bundle,baseline_channels_plus_Z,"lower_order_z,baseline_channels",,,,,,,,,,,,,,,,,,,,,error: too few observations
net_plus_rawsurvey,net-distance survey difficulty + raw survey-cost index,asinh_rentin,signoff_or_issue_t,baseline_bundle,full_exclusion_controls,"lower_order_z,geo_dev_direct,baseline_channels",,,,,,,,,,,,,,,,,,,,,error: too few observations
