level,sample_scope,fe,family,outcome,label,controls,term,b,se,p,N,clusters,mean_y,status
household,mech,stackyear,land-reallocation,any_rentin,Any rented-in land,none,low-instability DID,-0.04578721233105015,0.05071094893178219,0.3665758668303464,3190,140,0.1425059187761792,ok
household,mech,stackyear,land-reallocation,any_rentin,Any rented-in land,none,high-minus-low differential,0.21472106643970937,0.0638958374425816,0.0007780547715075664,3190,140,0.1425059187761792,ok
household,mech,stackyear,land-reallocation,any_rentin,Any rented-in land,none,high-instability total,0.16893385410865921,0.03894260712573625,1.4377130976021774e-05,3190,140,0.1425059187761792,ok
household,mech,provyear,land-reallocation,any_rentin,Any rented-in land,none,low-instability DID,-0.1562224054258597,0.11004456867630924,0.15571586515355212,3184,139,0.1425059187761792,ok
household,mech,provyear,land-reallocation,any_rentin,Any rented-in land,none,high-minus-low differential,0.12522097606236973,0.050044174867132814,0.01234211017324251,3184,139,0.1425059187761792,ok
household,mech,provyear,land-reallocation,any_rentin,Any rented-in land,none,high-instability total,-0.031001429363489957,0.1195553353472221,0.7953990627629002,3184,139,0.1425059187761792,ok
household,mech,stackyear,land-reallocation,any_rentin,Any rented-in land,farm_income,low-instability DID,-0.05546821218927552,0.0563103515199119,0.3246021246675377,2778,132,0.1425059187761792,ok
household,mech,stackyear,land-reallocation,any_rentin,Any rented-in land,farm_income,high-minus-low differential,0.1713571876522332,0.06721081713957766,0.010786273885214429,2778,132,0.1425059187761792,ok
household,mech,stackyear,land-reallocation,any_rentin,Any rented-in land,farm_income,high-instability total,0.11588897546295768,0.03722746556060573,0.0018519812183765787,2778,132,0.1425059187761792,ok
household,mech,provyear,land-reallocation,any_rentin,Any rented-in land,farm_income,low-instability DID,-0.15255729528500075,0.1093120957765845,0.16283130435845905,2772,130,0.1425059187761792,ok
household,mech,provyear,land-reallocation,any_rentin,Any rented-in land,farm_income,high-minus-low differential,0.11752845247599517,0.060891690648610414,0.05359159957932226,2772,130,0.1425059187761792,ok
household,mech,provyear,land-reallocation,any_rentin,Any rented-in land,farm_income,high-instability total,-0.03502884280900559,0.12351483213798993,0.7767167111486991,2772,130,0.1425059187761792,ok
household,mech,stackyear,land-reallocation,any_rentin,Any rented-in land,baseline_bundle,low-instability DID,-0.05659147529455632,0.0608551104625081,0.35240322420090997,2540,131,0.1425059187761792,ok
household,mech,stackyear,land-reallocation,any_rentin,Any rented-in land,baseline_bundle,high-minus-low differential,0.16144796077416643,0.07056992052110651,0.022150742322315384,2540,131,0.1425059187761792,ok
household,mech,stackyear,land-reallocation,any_rentin,Any rented-in land,baseline_bundle,high-instability total,0.1048564854796101,0.03618355901937604,0.003756653913398881,2540,131,0.1425059187761792,ok
household,mech,provyear,land-reallocation,any_rentin,Any rented-in land,baseline_bundle,low-instability DID,-0.16318616113664433,0.1131943286750748,0.14940223964734778,2532,128,0.1425059187761792,ok
household,mech,provyear,land-reallocation,any_rentin,Any rented-in land,baseline_bundle,high-minus-low differential,0.10788312833093038,0.06456608832649981,0.09474249831756232,2532,128,0.1425059187761792,ok
household,mech,provyear,land-reallocation,any_rentin,Any rented-in land,baseline_bundle,high-instability total,-0.055303032805713956,0.1292204923497878,0.6686699269369459,2532,128,0.1425059187761792,ok
household,mech,stackyear,land-reallocation,asinh_rentin,asinh rented-in area,none,low-instability DID,-0.09593904934574575,0.08891550668581079,0.2805916501635797,3184,140,0.32675755341373264,ok
household,mech,stackyear,land-reallocation,asinh_rentin,asinh rented-in area,none,high-minus-low differential,0.45849057285170647,0.16242679580967587,0.004761337745067171,3184,140,0.32675755341373264,ok
household,mech,stackyear,land-reallocation,asinh_rentin,asinh rented-in area,none,high-instability total,0.3625515235059607,0.13623070535346718,0.007783830059971661,3184,140,0.32675755341373264,ok
household,mech,provyear,land-reallocation,asinh_rentin,asinh rented-in area,none,low-instability DID,-0.16860809651151737,0.21745485714212143,0.43812072026010596,3178,139,0.32675755341373264,ok
household,mech,provyear,land-reallocation,asinh_rentin,asinh rented-in area,none,high-minus-low differential,0.2734078748934591,0.11955404987799792,0.02220179822870888,3178,139,0.32675755341373264,ok
household,mech,provyear,land-reallocation,asinh_rentin,asinh rented-in area,none,high-instability total,0.10479977838194171,0.2454298277007666,0.6693756419475002,3178,139,0.32675755341373264,ok
household,mech,stackyear,land-reallocation,asinh_rentin,asinh rented-in area,farm_income,low-instability DID,-0.12161579603581585,0.10166533195749039,0.23160422272863201,2772,132,0.32675755341373264,ok
household,mech,stackyear,land-reallocation,asinh_rentin,asinh rented-in area,farm_income,high-minus-low differential,0.34587618198746056,0.13456537652968364,0.010160438744659436,2772,132,0.32675755341373264,ok
household,mech,stackyear,land-reallocation,asinh_rentin,asinh rented-in area,farm_income,high-instability total,0.22426038595164471,0.08908957003913351,0.011827613244070676,2772,132,0.32675755341373264,ok
household,mech,provyear,land-reallocation,asinh_rentin,asinh rented-in area,farm_income,low-instability DID,-0.1646553813396128,0.21884626828786566,0.4518230484758413,2766,130,0.32675755341373264,ok
household,mech,provyear,land-reallocation,asinh_rentin,asinh rented-in area,farm_income,high-minus-low differential,0.23581902796749232,0.1242192058309396,0.05764204519535592,2766,130,0.32675755341373264,ok
household,mech,provyear,land-reallocation,asinh_rentin,asinh rented-in area,farm_income,high-instability total,0.07116364662787952,0.24876110063015605,0.774822788574579,2766,130,0.32675755341373264,ok
household,mech,stackyear,land-reallocation,asinh_rentin,asinh rented-in area,baseline_bundle,low-instability DID,-0.1237576610506246,0.11143993319289552,0.26676965669877417,2534,131,0.32675755341373264,ok
household,mech,stackyear,land-reallocation,asinh_rentin,asinh rented-in area,baseline_bundle,high-minus-low differential,0.3448126876901115,0.14680961536396286,0.018838753349231168,2534,131,0.32675755341373264,ok
household,mech,stackyear,land-reallocation,asinh_rentin,asinh rented-in area,baseline_bundle,high-instability total,0.22105502663948687,0.09632814539394229,0.02174387526005695,2534,131,0.32675755341373264,ok
household,mech,provyear,land-reallocation,asinh_rentin,asinh rented-in area,baseline_bundle,low-instability DID,-0.1800002013175389,0.23067619967221287,0.43520522412031104,2526,128,0.32675755341373264,ok
household,mech,provyear,land-reallocation,asinh_rentin,asinh rented-in area,baseline_bundle,high-minus-low differential,0.23418469579980133,0.13218432432427535,0.07645225008673395,2526,128,0.32675755341373264,ok
household,mech,provyear,land-reallocation,asinh_rentin,asinh rented-in area,baseline_bundle,high-instability total,0.054184494482262424,0.26542220368672864,0.8382405468858498,2526,128,0.32675755341373264,ok
household,mech,stackyear,land-reallocation,rentin_mu,Rented-in area (mu),none,low-instability DID,-0.34073866025949356,0.3471337736593078,0.3263080954850516,3184,140,1.7813133156886007,ok
household,mech,stackyear,land-reallocation,rentin_mu,Rented-in area (mu),none,high-minus-low differential,2.30369334566863,1.2273030947819912,0.06051301995265751,3184,140,1.7813133156886007,ok
household,mech,stackyear,land-reallocation,rentin_mu,Rented-in area (mu),none,high-instability total,1.9629546854091366,1.1963203808404987,0.10083334855458932,3184,140,1.7813133156886007,ok
household,mech,provyear,land-reallocation,rentin_mu,Rented-in area (mu),none,low-instability DID,-0.11878884250965535,0.5310634676417008,0.8230054798882033,3178,139,1.7813133156886007,ok
household,mech,provyear,land-reallocation,rentin_mu,Rented-in area (mu),none,high-minus-low differential,1.7039023331410335,0.8314109403471596,0.040421988764928626,3178,139,1.7813133156886007,ok
household,mech,provyear,land-reallocation,rentin_mu,Rented-in area (mu),none,high-instability total,1.5851134906313782,0.9058860867586715,0.08015397093855804,3178,139,1.7813133156886007,ok
household,mech,stackyear,land-reallocation,rentin_mu,Rented-in area (mu),farm_income,low-instability DID,-0.7535852836066862,0.4305280605652711,0.08005373527443814,2772,132,1.7813133156886007,ok
household,mech,stackyear,land-reallocation,rentin_mu,Rented-in area (mu),farm_income,high-minus-low differential,1.220538905546391,0.5567883996864322,0.02837189071752505,2772,132,1.7813133156886007,ok
household,mech,stackyear,land-reallocation,rentin_mu,Rented-in area (mu),farm_income,high-instability total,0.4669536219397049,0.36276686239621336,0.19802447520641353,2772,132,1.7813133156886007,ok
household,mech,provyear,land-reallocation,rentin_mu,Rented-in area (mu),farm_income,low-instability DID,0.015343130980285169,0.48118426199761427,0.9745628148450983,2766,130,1.7813133156886007,ok
household,mech,provyear,land-reallocation,rentin_mu,Rented-in area (mu),farm_income,high-minus-low differential,0.8439982440552637,0.5872534092164432,0.15066231248141868,2766,130,1.7813133156886007,ok
household,mech,provyear,land-reallocation,rentin_mu,Rented-in area (mu),farm_income,high-instability total,0.8593413750355489,0.7212098571432076,0.23344656912250306,2766,130,1.7813133156886007,ok
household,mech,stackyear,land-reallocation,rentin_mu,Rented-in area (mu),baseline_bundle,low-instability DID,-0.7839852377816837,0.4527212773863429,0.0833239208115055,2534,131,1.7813133156886007,ok
household,mech,stackyear,land-reallocation,rentin_mu,Rented-in area (mu),baseline_bundle,high-minus-low differential,1.1802537777346007,0.5993384215134318,0.0489231275309115,2534,131,1.7813133156886007,ok
household,mech,stackyear,land-reallocation,rentin_mu,Rented-in area (mu),baseline_bundle,high-instability total,0.396268539952917,0.3997583182205212,0.3215536211824681,2534,131,1.7813133156886007,ok
household,mech,provyear,land-reallocation,rentin_mu,Rented-in area (mu),baseline_bundle,low-instability DID,-0.04284952460610485,0.5393431580365006,0.9366766013826946,2526,128,1.7813133156886007,ok
household,mech,provyear,land-reallocation,rentin_mu,Rented-in area (mu),baseline_bundle,high-minus-low differential,0.7961480146161432,0.5958639036097914,0.18150877284859068,2526,128,1.7813133156886007,ok
household,mech,provyear,land-reallocation,rentin_mu,Rented-in area (mu),baseline_bundle,high-instability total,0.7532984900100383,0.7724842663331614,0.32947914558193314,2526,128,1.7813133156886007,ok
household,mech,stackyear,land-reallocation,any_abandon,Any abandoned/idle land,none,low-instability DID,-0.028167999050212156,0.031794834917074376,0.3756552328188354,3218,140,0.13120406496688142,ok
household,mech,stackyear,land-reallocation,any_abandon,Any abandoned/idle land,none,high-minus-low differential,0.07781073896708406,0.056014434330608015,0.16479643699061175,3218,140,0.13120406496688142,ok
household,mech,stackyear,land-reallocation,any_abandon,Any abandoned/idle land,none,high-instability total,0.0496427399168719,0.04619558221017276,0.2825444734305155,3218,140,0.13120406496688142,ok
household,mech,provyear,land-reallocation,any_abandon,Any abandoned/idle land,none,low-instability DID,0.07430026127328825,0.08794832664446878,0.39821289572635143,3212,139,0.13120406496688142,ok
household,mech,provyear,land-reallocation,any_abandon,Any abandoned/idle land,none,high-minus-low differential,0.10913632645808088,0.05693324801586174,0.055248442463460425,3212,139,0.13120406496688142,ok
household,mech,provyear,land-reallocation,any_abandon,Any abandoned/idle land,none,high-instability total,0.18343658773136912,0.10118788115724577,0.06985779968206567,3212,139,0.13120406496688142,ok
household,mech,stackyear,land-reallocation,any_abandon,Any abandoned/idle land,farm_income,low-instability DID,-0.0025102928558009352,0.031207051278590473,0.935887374426654,2796,132,0.13120406496688142,ok
household,mech,stackyear,land-reallocation,any_abandon,Any abandoned/idle land,farm_income,high-minus-low differential,0.02610163944471173,0.053789073071456014,0.6274925342925596,2796,132,0.13120406496688142,ok
household,mech,stackyear,land-reallocation,any_abandon,Any abandoned/idle land,farm_income,high-instability total,0.023591346588910794,0.04463664661648947,0.5971386852043068,2796,132,0.13120406496688142,ok
household,mech,provyear,land-reallocation,any_abandon,Any abandoned/idle land,farm_income,low-instability DID,0.08553418414407768,0.08425114352350392,0.30999679319508755,2790,130,0.13120406496688142,ok
household,mech,provyear,land-reallocation,any_abandon,Any abandoned/idle land,farm_income,high-minus-low differential,0.08485847187225826,0.05157225961274126,0.09988145189326507,2790,130,0.13120406496688142,ok
household,mech,provyear,land-reallocation,any_abandon,Any abandoned/idle land,farm_income,high-instability total,0.17039265601633594,0.09585786101409967,0.07547690857973678,2790,130,0.13120406496688142,ok
household,mech,stackyear,land-reallocation,any_abandon,Any abandoned/idle land,baseline_bundle,low-instability DID,-0.013470364914769842,0.029438999291391037,0.6472623281261087,2564,131,0.13120406496688142,ok
household,mech,stackyear,land-reallocation,any_abandon,Any abandoned/idle land,baseline_bundle,high-minus-low differential,0.03263010330449821,0.05533147534472811,0.5553780733898073,2564,131,0.13120406496688142,ok
household,mech,stackyear,land-reallocation,any_abandon,Any abandoned/idle land,baseline_bundle,high-instability total,0.01915973838972837,0.04754842063333192,0.6869834248302721,2564,131,0.13120406496688142,ok
household,mech,provyear,land-reallocation,any_abandon,Any abandoned/idle land,baseline_bundle,low-instability DID,0.03181062182406833,0.07111203136603762,0.654636029304116,2556,128,0.13120406496688142,ok
household,mech,provyear,land-reallocation,any_abandon,Any abandoned/idle land,baseline_bundle,high-minus-low differential,0.08163403728939402,0.055288264371178085,0.13980527604540235,2556,128,0.13120406496688142,ok
household,mech,provyear,land-reallocation,any_abandon,Any abandoned/idle land,baseline_bundle,high-instability total,0.11344465911346235,0.08905687659504313,0.20271834503280683,2556,128,0.13120406496688142,ok
household,mech,stackyear,land-reallocation,asinh_abandon,asinh abandoned/idle area,none,low-instability DID,-0.05533881840646797,0.0519546158859328,0.28681363558543416,3206,140,0.1809587646347821,ok
household,mech,stackyear,land-reallocation,asinh_abandon,asinh abandoned/idle area,none,high-minus-low differential,0.13017449052261448,0.08818121525416635,0.1398860079425617,3206,140,0.1809587646347821,ok
household,mech,stackyear,land-reallocation,asinh_abandon,asinh abandoned/idle area,none,high-instability total,0.07483567211614651,0.07097243228843977,0.2916847370257234,3206,140,0.1809587646347821,ok
household,mech,provyear,land-reallocation,asinh_abandon,asinh abandoned/idle area,none,low-instability DID,0.13361820425371396,0.14735393923852388,0.3645209973155411,3200,139,0.1809587646347821,ok
household,mech,provyear,land-reallocation,asinh_abandon,asinh abandoned/idle area,none,high-minus-low differential,0.1730720586235499,0.1105612437717208,0.11749023439250679,3200,139,0.1809587646347821,ok
household,mech,provyear,land-reallocation,asinh_abandon,asinh abandoned/idle area,none,high-instability total,0.30669026287726386,0.1800854844498425,0.08856320219823471,3200,139,0.1809587646347821,ok
household,mech,stackyear,land-reallocation,asinh_abandon,asinh abandoned/idle area,farm_income,low-instability DID,-0.016137540097763834,0.045602171883008205,0.7234313879502241,2786,132,0.1809587646347821,ok
household,mech,stackyear,land-reallocation,asinh_abandon,asinh abandoned/idle area,farm_income,high-minus-low differential,0.10171802038401698,0.1116343223913506,0.3622049831262364,2786,132,0.1809587646347821,ok
household,mech,stackyear,land-reallocation,asinh_abandon,asinh abandoned/idle area,farm_income,high-instability total,0.08558048028625315,0.10330094055406329,0.4074112278150096,2786,132,0.1809587646347821,ok
household,mech,provyear,land-reallocation,asinh_abandon,asinh abandoned/idle area,farm_income,low-instability DID,0.1515715165342718,0.14132477863049137,0.2834933175680876,2780,130,0.1809587646347821,ok
household,mech,provyear,land-reallocation,asinh_abandon,asinh abandoned/idle area,farm_income,high-minus-low differential,0.15921382127649325,0.11677984097844277,0.17276676852248485,2780,130,0.1809587646347821,ok
household,mech,provyear,land-reallocation,asinh_abandon,asinh abandoned/idle area,farm_income,high-instability total,0.31078533781076506,0.18274757551991558,0.0890131775921777,2780,130,0.1809587646347821,ok
household,mech,stackyear,land-reallocation,asinh_abandon,asinh abandoned/idle area,baseline_bundle,low-instability DID,-0.024106244623762315,0.04829512128427275,0.6176775833270705,2558,131,0.1809587646347821,ok
household,mech,stackyear,land-reallocation,asinh_abandon,asinh abandoned/idle area,baseline_bundle,high-minus-low differential,0.1140635821704458,0.11751228821721486,0.33172141302896696,2558,131,0.1809587646347821,ok
household,mech,stackyear,land-reallocation,asinh_abandon,asinh abandoned/idle area,baseline_bundle,high-instability total,0.08995733754668347,0.10833807644836045,0.40634710470327673,2558,131,0.1809587646347821,ok
household,mech,provyear,land-reallocation,asinh_abandon,asinh abandoned/idle area,baseline_bundle,low-instability DID,0.09535709929704574,0.12479862870780517,0.4448149715252693,2550,128,0.1809587646347821,ok
household,mech,provyear,land-reallocation,asinh_abandon,asinh abandoned/idle area,baseline_bundle,high-minus-low differential,0.17258148391381736,0.1260239042512657,0.17086349218366437,2550,128,0.1809587646347821,ok
household,mech,provyear,land-reallocation,asinh_abandon,asinh abandoned/idle area,baseline_bundle,high-instability total,0.2679385832108631,0.17734335060068385,0.13082756043653032,2550,128,0.1809587646347821,ok
household,mech,stackyear,land-state,expand_state,Rent-in without abandonment,none,low-instability DID,-0.03696016340810049,0.050923707618319755,0.4679645604816701,3166,140,0.12641578370478626,ok
household,mech,stackyear,land-state,expand_state,Rent-in without abandonment,none,high-minus-low differential,0.18660483299446484,0.059214715454024035,0.0016253134119862663,3166,140,0.12641578370478626,ok
household,mech,stackyear,land-state,expand_state,Rent-in without abandonment,none,high-instability total,0.14964466958636435,0.03041794048914495,8.671295840075718e-07,3166,140,0.12641578370478626,ok
household,mech,provyear,land-state,expand_state,Rent-in without abandonment,none,low-instability DID,-0.14286052242618774,0.11137605492113929,0.1996020561948716,3160,139,0.12641578370478626,ok
household,mech,provyear,land-state,expand_state,Rent-in without abandonment,none,high-minus-low differential,0.1058852620503068,0.04921156902959289,0.031426229018076776,3160,139,0.12641578370478626,ok
household,mech,provyear,land-state,expand_state,Rent-in without abandonment,none,high-instability total,-0.03697526037588095,0.12124300571487048,0.7603903773163818,3160,139,0.12641578370478626,ok
household,mech,stackyear,land-state,expand_state,Rent-in without abandonment,farm_income,low-instability DID,-0.04724524652401837,0.055976392821577695,0.398657715995689,2756,132,0.12641578370478626,ok
household,mech,stackyear,land-state,expand_state,Rent-in without abandonment,farm_income,high-minus-low differential,0.16237235463443458,0.06470474860724065,0.01209245011474631,2756,132,0.12641578370478626,ok
household,mech,stackyear,land-state,expand_state,Rent-in without abandonment,farm_income,high-instability total,0.11512710811041621,0.03287909051008045,0.00046259560982837345,2756,132,0.12641578370478626,ok
household,mech,provyear,land-state,expand_state,Rent-in without abandonment,farm_income,low-instability DID,-0.14166083349715702,0.11164279352170553,0.20448538214396694,2750,130,0.12641578370478626,ok
household,mech,provyear,land-state,expand_state,Rent-in without abandonment,farm_income,high-minus-low differential,0.11141990381426825,0.058679399485485596,0.05759198748304097,2750,130,0.12641578370478626,ok
household,mech,provyear,land-state,expand_state,Rent-in without abandonment,farm_income,high-instability total,-0.030240929682888773,0.12475944915384496,0.8084749590706165,2750,130,0.12641578370478626,ok
household,mech,stackyear,land-state,expand_state,Rent-in without abandonment,baseline_bundle,low-instability DID,-0.045716490508792076,0.06147058878500202,0.4570499801408999,2528,131,0.12641578370478626,ok
household,mech,stackyear,land-state,expand_state,Rent-in without abandonment,baseline_bundle,high-minus-low differential,0.14681366438127794,0.06895031074302323,0.033232124760369824,2528,131,0.12641578370478626,ok
household,mech,stackyear,land-state,expand_state,Rent-in without abandonment,baseline_bundle,high-instability total,0.10109717387248586,0.031532692561435885,0.0013454413367436182,2528,131,0.12641578370478626,ok
household,mech,provyear,land-state,expand_state,Rent-in without abandonment,baseline_bundle,low-instability DID,-0.1530378343261871,0.11547454285299967,0.18507332655538367,2520,128,0.12641578370478626,ok
household,mech,provyear,land-state,expand_state,Rent-in without abandonment,baseline_bundle,high-minus-low differential,0.09687956238648907,0.06260620237631215,0.12175633307374117,2520,128,0.12641578370478626,ok
household,mech,provyear,land-state,expand_state,Rent-in without abandonment,baseline_bundle,high-instability total,-0.05615827193969802,0.13053122250754207,0.6670293214818481,2520,128,0.12641578370478626,ok
household,mech,stackyear,land-state,idle_state,Abandonment without rent-in,none,low-instability DID,-0.01923793705964446,0.02929230977277965,0.51133701090637,3166,140,0.11536353671903544,ok
household,mech,stackyear,land-state,idle_state,Abandonment without rent-in,none,high-minus-low differential,0.04830667480679903,0.04422147603954304,0.2746659232063019,3166,140,0.11536353671903544,ok
household,mech,stackyear,land-state,idle_state,Abandonment without rent-in,none,high-instability total,0.02906873774715457,0.03305482332963277,0.3791790847664983,3166,140,0.11536353671903544,ok
household,mech,provyear,land-state,idle_state,Abandonment without rent-in,none,low-instability DID,0.08729118715401243,0.08918233940224486,0.3276815064944598,3160,139,0.11536353671903544,ok
household,mech,provyear,land-state,idle_state,Abandonment without rent-in,none,high-minus-low differential,0.08950546592783964,0.050795756111042575,0.07805817645910006,3160,139,0.11536353671903544,ok
household,mech,provyear,land-state,idle_state,Abandonment without rent-in,none,high-instability total,0.17679665308185208,0.09973884146811056,0.07629570552988403,3160,139,0.11536353671903544,ok
household,mech,stackyear,land-state,idle_state,Abandonment without rent-in,farm_income,low-instability DID,0.004891274072088734,0.030886859913946567,0.8741723421755299,2756,132,0.11536353671903544,ok
household,mech,stackyear,land-state,idle_state,Abandonment without rent-in,farm_income,high-minus-low differential,0.01800839331794099,0.05720239725262378,0.7528991934431252,2756,132,0.11536353671903544,ok
household,mech,stackyear,land-state,idle_state,Abandonment without rent-in,farm_income,high-instability total,0.022899667390029726,0.04884915731708804,0.639224564088724,2756,132,0.11536353671903544,ok
household,mech,provyear,land-state,idle_state,Abandonment without rent-in,farm_income,low-instability DID,0.095627990157404,0.08675696563584204,0.27035237494962194,2750,130,0.11536353671903544,ok
household,mech,provyear,land-state,idle_state,Abandonment without rent-in,farm_income,high-minus-low differential,0.08317191870595442,0.05279833995953398,0.1151929219752632,2750,130,0.11536353671903544,ok
household,mech,provyear,land-state,idle_state,Abandonment without rent-in,farm_income,high-instability total,0.17879990886335842,0.09934689759818163,0.07189959759824854,2750,130,0.11536353671903544,ok
household,mech,stackyear,land-state,idle_state,Abandonment without rent-in,baseline_bundle,low-instability DID,-0.003984347265504785,0.029290574387410232,0.8917989026453261,2528,131,0.11536353671903544,ok
household,mech,stackyear,land-state,idle_state,Abandonment without rent-in,baseline_bundle,high-minus-low differential,0.019359421957303127,0.05909805056192679,0.7432281896022612,2528,131,0.11536353671903544,ok
household,mech,stackyear,land-state,idle_state,Abandonment without rent-in,baseline_bundle,high-instability total,0.015375074691798343,0.05193249045500428,0.7671851199314202,2528,131,0.11536353671903544,ok
household,mech,provyear,land-state,idle_state,Abandonment without rent-in,baseline_bundle,low-instability DID,0.03960217384634314,0.07414721182871097,0.5932709687748647,2520,128,0.11536353671903544,ok
household,mech,provyear,land-state,idle_state,Abandonment without rent-in,baseline_bundle,high-minus-low differential,0.07529509725888767,0.05731323768066813,0.1889313398826431,2520,128,0.11536353671903544,ok
household,mech,provyear,land-state,idle_state,Abandonment without rent-in,baseline_bundle,high-instability total,0.1148972711052308,0.09274338812076252,0.21539256750858593,2520,128,0.11536353671903544,ok
household,mech,stackyear,land-state,mixed_state,Rent-in and abandonment both observed,none,low-instability DID,-0.008775095415790225,0.009517090893439854,0.3565100721897907,3166,140,0.0159846547314578,ok
household,mech,stackyear,land-state,mixed_state,Rent-in and abandonment both observed,none,high-minus-low differential,0.031043827860611748,0.03135728160992665,0.32217226307516234,3166,140,0.0159846547314578,ok
household,mech,stackyear,land-state,mixed_state,Rent-in and abandonment both observed,none,high-instability total,0.022268732444821523,0.030009731960025196,0.45805682323076524,3166,140,0.0159846547314578,ok
household,mech,provyear,land-state,mixed_state,Rent-in and abandonment both observed,none,low-instability DID,-0.01201051447120833,0.01620318277490012,0.4585454173358524,3160,139,0.0159846547314578,ok
household,mech,provyear,land-state,mixed_state,Rent-in and abandonment both observed,none,high-minus-low differential,0.019482595902484252,0.02215083682238371,0.37910735884378055,3160,139,0.0159846547314578,ok
household,mech,provyear,land-state,mixed_state,Rent-in and abandonment both observed,none,high-instability total,0.007472081431275923,0.027078477669473213,0.7825928372013694,3160,139,0.0159846547314578,ok
household,mech,stackyear,land-state,mixed_state,Rent-in and abandonment both observed,farm_income,low-instability DID,-0.008154396697148392,0.010741661406085588,0.4477703804706109,2756,132,0.0159846547314578,ok
household,mech,stackyear,land-state,mixed_state,Rent-in and abandonment both observed,farm_income,high-minus-low differential,0.009873024643865419,0.012830244562080302,0.44158953961953984,2756,132,0.0159846547314578,ok
household,mech,stackyear,land-state,mixed_state,Rent-in and abandonment both observed,farm_income,high-instability total,0.0017186279467170263,0.007542456084678199,0.8197546777704864,2756,132,0.0159846547314578,ok
household,mech,provyear,land-state,mixed_state,Rent-in and abandonment both observed,farm_income,low-instability DID,-0.009812710399711495,0.015605182248270653,0.5294727916155593,2750,130,0.0159846547314578,ok
household,mech,provyear,land-state,mixed_state,Rent-in and abandonment both observed,farm_income,high-minus-low differential,0.004557066242117713,0.011332303906751101,0.6875879090306124,2750,130,0.0159846547314578,ok
household,mech,provyear,land-state,mixed_state,Rent-in and abandonment both observed,farm_income,high-instability total,-0.005255644157593782,0.017991484840763322,0.7701960821165734,2750,130,0.0159846547314578,ok
household,mech,stackyear,land-state,mixed_state,Rent-in and abandonment both observed,baseline_bundle,low-instability DID,-0.010884109154356916,0.011898992516728171,0.3603447003790906,2528,131,0.0159846547314578,ok
household,mech,stackyear,land-state,mixed_state,Rent-in and abandonment both observed,baseline_bundle,high-minus-low differential,0.016493717006980494,0.013405470061539816,0.2185577778254516,2528,131,0.0159846547314578,ok
household,mech,stackyear,land-state,mixed_state,Rent-in and abandonment both observed,baseline_bundle,high-instability total,0.0056096078526235785,0.006645329698165428,0.39858956009913205,2528,131,0.0159846547314578,ok
household,mech,provyear,land-state,mixed_state,Rent-in and abandonment both observed,baseline_bundle,low-instability DID,-0.009209899683316135,0.0174652986127131,0.5979674752704089,2520,128,0.0159846547314578,ok
household,mech,provyear,land-state,mixed_state,Rent-in and abandonment both observed,baseline_bundle,high-minus-low differential,0.010548854663283074,0.00969485509180974,0.2765562982497426,2520,128,0.0159846547314578,ok
household,mech,provyear,land-state,mixed_state,Rent-in and abandonment both observed,baseline_bundle,high-instability total,0.001338954979966939,0.019508123701482992,0.9452795501998412,2520,128,0.0159846547314578,ok
household,mech,stackyear,land-state,expand_minus_idle,Expand minus idle state,none,low-instability DID,-0.01772222634845621,0.06647550193606733,0.7897788059274635,3166,140,0.011052246985750823,ok
household,mech,stackyear,land-state,expand_minus_idle,Expand minus idle state,none,high-minus-low differential,0.138298158187666,0.07576071526821937,0.06793163634723488,3166,140,0.011052246985750823,ok
household,mech,stackyear,land-state,expand_minus_idle,Expand minus idle state,none,high-instability total,0.12057593183920978,0.03613552174156051,0.0008475799889850638,3166,140,0.011052246985750823,ok
household,mech,provyear,land-state,expand_minus_idle,Expand minus idle state,none,low-instability DID,-0.23015170958020048,0.04987502769807755,3.939136872250835e-06,3160,139,0.011052246985750823,ok
household,mech,provyear,land-state,expand_minus_idle,Expand minus idle state,none,high-minus-low differential,0.016379796122467306,0.07483387703588186,0.8267418908722769,3160,139,0.011052246985750823,ok
household,mech,provyear,land-state,expand_minus_idle,Expand minus idle state,none,high-instability total,-0.21377191345773316,0.0855677947301744,0.012479921052380317,3160,139,0.011052246985750823,ok
household,mech,stackyear,land-state,expand_minus_idle,Expand minus idle state,farm_income,low-instability DID,-0.05213652059610719,0.06980919233786716,0.4551582153630813,2756,132,0.011052246985750823,ok
household,mech,stackyear,land-state,expand_minus_idle,Expand minus idle state,farm_income,high-minus-low differential,0.14436396131649334,0.09906825173224197,0.14505643164047619,2756,132,0.011052246985750823,ok
household,mech,stackyear,land-state,expand_minus_idle,Expand minus idle state,farm_income,high-instability total,0.09222744072038616,0.07127767361613845,0.19569386346143136,2756,132,0.011052246985750823,ok
household,mech,provyear,land-state,expand_minus_idle,Expand minus idle state,farm_income,low-instability DID,-0.2372888236545609,0.0539205701849652,1.0789695967092828e-05,2750,130,0.011052246985750823,ok
household,mech,provyear,land-state,expand_minus_idle,Expand minus idle state,farm_income,high-minus-low differential,0.028247985108313826,0.09043646587129818,0.7547732425731627,2750,130,0.011052246985750823,ok
household,mech,provyear,land-state,expand_minus_idle,Expand minus idle state,farm_income,high-instability total,-0.20904083854624705,0.10174516927560084,0.03992220326347415,2750,130,0.011052246985750823,ok
household,mech,stackyear,land-state,expand_minus_idle,Expand minus idle state,baseline_bundle,low-instability DID,-0.0417321432432874,0.07511855938420815,0.5785182692865563,2528,131,0.011052246985750823,ok
household,mech,stackyear,land-state,expand_minus_idle,Expand minus idle state,baseline_bundle,high-minus-low differential,0.12745424242397477,0.10282558585835243,0.2151534466156334,2528,131,0.011052246985750823,ok
household,mech,stackyear,land-state,expand_minus_idle,Expand minus idle state,baseline_bundle,high-instability total,0.08572209918068736,0.07100927756499047,0.2273567608799112,2528,131,0.011052246985750823,ok
household,mech,provyear,land-state,expand_minus_idle,Expand minus idle state,baseline_bundle,low-instability DID,-0.19264000817253024,0.06788574334149897,0.004543853899904172,2520,128,0.011052246985750823,ok
household,mech,provyear,land-state,expand_minus_idle,Expand minus idle state,baseline_bundle,high-minus-low differential,0.02158446512760126,0.09509188371028947,0.8204351287994583,2520,128,0.011052246985750823,ok
household,mech,provyear,land-state,expand_minus_idle,Expand minus idle state,baseline_bundle,high-instability total,-0.17105554304492898,0.11380554105168032,0.1328258686938095,2520,128,0.011052246985750823,ok
household,mech,stackyear,land-state,signed_asinh_net_rentin_abandon,signed asinh(rent-in minus abandonment),none,low-instability DID,-0.04351687327857434,0.08885735870134145,0.6243189249759042,3154,140,0.1235655592671544,ok
household,mech,stackyear,land-state,signed_asinh_net_rentin_abandon,signed asinh(rent-in minus abandonment),none,high-minus-low differential,0.2762800672920769,0.14889599770982415,0.06352146396673065,3154,140,0.1235655592671544,ok
household,mech,stackyear,land-state,signed_asinh_net_rentin_abandon,signed asinh(rent-in minus abandonment),none,high-instability total,0.23276319401350254,0.11964517635017986,0.051721358867400945,3154,140,0.1235655592671544,ok
household,mech,provyear,land-state,signed_asinh_net_rentin_abandon,signed asinh(rent-in minus abandonment),none,low-instability DID,-0.2376112221708815,0.08705448759609401,0.006343929290635004,3148,139,0.1235655592671544,ok
household,mech,provyear,land-state,signed_asinh_net_rentin_abandon,signed asinh(rent-in minus abandonment),none,high-minus-low differential,0.08628841618426081,0.12191153095299946,0.47907234698338197,3148,139,0.1235655592671544,ok
household,mech,provyear,land-state,signed_asinh_net_rentin_abandon,signed asinh(rent-in minus abandonment),none,high-instability total,-0.15132280598662068,0.14462656984436417,0.29542246258241833,3148,139,0.1235655592671544,ok
household,mech,stackyear,land-state,signed_asinh_net_rentin_abandon,signed asinh(rent-in minus abandonment),farm_income,low-instability DID,-0.09569350288775362,0.09577117305041813,0.31770314221910034,2746,132,0.1235655592671544,ok
household,mech,stackyear,land-state,signed_asinh_net_rentin_abandon,signed asinh(rent-in minus abandonment),farm_income,high-minus-low differential,0.1994653373456459,0.14797248295176804,0.17766179447471975,2746,132,0.1235655592671544,ok
household,mech,stackyear,land-state,signed_asinh_net_rentin_abandon,signed asinh(rent-in minus abandonment),farm_income,high-instability total,0.10377183445789227,0.11438698518697984,0.3643012217130295,2746,132,0.1235655592671544,ok
household,mech,provyear,land-state,signed_asinh_net_rentin_abandon,signed asinh(rent-in minus abandonment),farm_income,low-instability DID,-0.24829668225799134,0.09516454159637382,0.009077268978591733,2740,130,0.1235655592671544,ok
household,mech,provyear,land-state,signed_asinh_net_rentin_abandon,signed asinh(rent-in minus abandonment),farm_income,high-minus-low differential,0.057518915172065685,0.14459782409920185,0.6907883196950482,2740,130,0.1235655592671544,ok
household,mech,provyear,land-state,signed_asinh_net_rentin_abandon,signed asinh(rent-in minus abandonment),farm_income,high-instability total,-0.19077776708592564,0.1716184614556079,0.266293416533837,2740,130,0.1235655592671544,ok
household,mech,stackyear,land-state,signed_asinh_net_rentin_abandon,signed asinh(rent-in minus abandonment),baseline_bundle,low-instability DID,-0.09183775418190529,0.10557967309696016,0.38438613325667337,2522,131,0.1235655592671544,ok
household,mech,stackyear,land-state,signed_asinh_net_rentin_abandon,signed asinh(rent-in minus abandonment),baseline_bundle,high-minus-low differential,0.19232309643534218,0.15758637896308897,0.22230202604359262,2522,131,0.1235655592671544,ok
household,mech,stackyear,land-state,signed_asinh_net_rentin_abandon,signed asinh(rent-in minus abandonment),baseline_bundle,high-instability total,0.10048534225343689,0.11833133271860548,0.3957776557441275,2522,131,0.1235655592671544,ok
household,mech,provyear,land-state,signed_asinh_net_rentin_abandon,signed asinh(rent-in minus abandonment),baseline_bundle,low-instability DID,-0.21549142474905078,0.10949656673244088,0.04906574550361638,2514,128,0.1235655592671544,ok
household,mech,provyear,land-state,signed_asinh_net_rentin_abandon,signed asinh(rent-in minus abandonment),baseline_bundle,high-minus-low differential,0.049124423810882153,0.15174383022935256,0.7461404920141287,2514,128,0.1235655592671544,ok
household,mech,provyear,land-state,signed_asinh_net_rentin_abandon,signed asinh(rent-in minus abandonment),baseline_bundle,high-instability total,-0.16636700093816864,0.18580451939946896,0.37058010452927825,2514,128,0.1235655592671544,ok
household,mech,stackyear,farm-operation,rb_farm_any,Any own-farm production,none,low-instability DID,-0.04083997742303011,0.03991141275930826,0.3061822636878876,3344,141,0.757131360100152,ok
household,mech,stackyear,farm-operation,rb_farm_any,Any own-farm production,none,high-minus-low differential,-0.14117704572849063,0.13466040753097663,0.29445751885808413,3344,141,0.757131360100152,ok
household,mech,stackyear,farm-operation,rb_farm_any,Any own-farm production,none,high-instability total,-0.18201702315152074,0.12889180107122214,0.15790016636199222,3344,141,0.757131360100152,ok
household,mech,provyear,farm-operation,rb_farm_any,Any own-farm production,none,low-instability DID,-0.059349855039514975,0.10006254499319468,0.5530957749377436,3340,141,0.757131360100152,ok
household,mech,provyear,farm-operation,rb_farm_any,Any own-farm production,none,high-minus-low differential,-0.2683886511933633,0.1233263676566865,0.029536788020741077,3340,141,0.757131360100152,ok
household,mech,provyear,farm-operation,rb_farm_any,Any own-farm production,none,high-instability total,-0.32773850623287826,0.16244728385092963,0.04364264799887229,3340,141,0.757131360100152,ok
household,mech,stackyear,farm-operation,rb_farm_any,Any own-farm production,farm_income,low-instability DID,-0.054838559159786554,0.044619249711214864,0.2190591912881792,2908,133,0.757131360100152,ok
household,mech,stackyear,farm-operation,rb_farm_any,Any own-farm production,farm_income,high-minus-low differential,-0.15289292237517624,0.13720726512027429,0.26514154635721654,2908,133,0.757131360100152,ok
household,mech,stackyear,farm-operation,rb_farm_any,Any own-farm production,farm_income,high-instability total,-0.2077314815349628,0.13086994596400664,0.11244191940888765,2908,133,0.757131360100152,ok
household,mech,provyear,farm-operation,rb_farm_any,Any own-farm production,farm_income,low-instability DID,-0.07249624828009749,0.10069399626483784,0.47154596293229845,2904,132,0.757131360100152,ok
household,mech,provyear,farm-operation,rb_farm_any,Any own-farm production,farm_income,high-minus-low differential,-0.2798787396431297,0.14355345976776812,0.05121806824885203,2904,132,0.757131360100152,ok
household,mech,provyear,farm-operation,rb_farm_any,Any own-farm production,farm_income,high-instability total,-0.3523749879232272,0.17853468018060226,0.048415170784173046,2904,132,0.757131360100152,ok
household,mech,stackyear,farm-operation,rb_farm_any,Any own-farm production,baseline_bundle,low-instability DID,-0.04442814470084939,0.04668661842139328,0.34128729100850386,2656,132,0.757131360100152,ok
household,mech,stackyear,farm-operation,rb_farm_any,Any own-farm production,baseline_bundle,high-minus-low differential,-0.17794561605528592,0.13185128544558852,0.17714646323987693,2656,132,0.757131360100152,ok
household,mech,stackyear,farm-operation,rb_farm_any,Any own-farm production,baseline_bundle,high-instability total,-0.2223737607561353,0.12419304060334015,0.07336565071438438,2656,132,0.757131360100152,ok
household,mech,provyear,farm-operation,rb_farm_any,Any own-farm production,baseline_bundle,low-instability DID,-0.07912284050469069,0.11135661740617919,0.47737206531193155,2650,130,0.757131360100152,ok
household,mech,provyear,farm-operation,rb_farm_any,Any own-farm production,baseline_bundle,high-minus-low differential,-0.30235413227499214,0.13709661213617033,0.027425391722594644,2650,130,0.757131360100152,ok
household,mech,provyear,farm-operation,rb_farm_any,Any own-farm production,baseline_bundle,high-instability total,-0.38147697277968284,0.1816694737181878,0.03574284796403546,2650,130,0.757131360100152,ok
household,mech,stackyear,farm-operation,asinh_rb_farm_cost_w99,asinh farm cost,none,low-instability DID,-0.08388036182366448,0.22880104688320202,0.7139112194764794,2216,127,8.17663176650158,ok
household,mech,stackyear,farm-operation,asinh_rb_farm_cost_w99,asinh farm cost,none,high-minus-low differential,-0.6412455439734216,0.360962253140404,0.07565232060596794,2216,127,8.17663176650158,ok
household,mech,stackyear,farm-operation,asinh_rb_farm_cost_w99,asinh farm cost,none,high-instability total,-0.725125905797086,0.2855874798857553,0.011114835731740132,2216,127,8.17663176650158,ok
household,mech,provyear,farm-operation,asinh_rb_farm_cost_w99,asinh farm cost,none,low-instability DID,-0.177819277749455,0.40474912121644324,0.6604209246771119,2210,127,8.17663176650158,ok
household,mech,provyear,farm-operation,asinh_rb_farm_cost_w99,asinh farm cost,none,high-minus-low differential,-0.5642761163404475,0.3956366285675998,0.15379664756705716,2210,127,8.17663176650158,ok
household,mech,provyear,farm-operation,asinh_rb_farm_cost_w99,asinh farm cost,none,high-instability total,-0.7420953940899024,0.5407598590176211,0.16996394326688902,2210,127,8.17663176650158,ok
household,mech,stackyear,farm-operation,asinh_rb_farm_cost_w99,asinh farm cost,farm_income,low-instability DID,-0.07637819884338533,0.18770233731026964,0.6840731489221441,1982,117,8.17663176650158,ok
household,mech,stackyear,farm-operation,asinh_rb_farm_cost_w99,asinh farm cost,farm_income,high-minus-low differential,-0.36800816267753333,0.35759174952549894,0.3034188986439331,1982,117,8.17663176650158,ok
household,mech,stackyear,farm-operation,asinh_rb_farm_cost_w99,asinh farm cost,farm_income,high-instability total,-0.44438636152091865,0.31529758601192354,0.15871135304720552,1982,117,8.17663176650158,ok
household,mech,provyear,farm-operation,asinh_rb_farm_cost_w99,asinh farm cost,farm_income,low-instability DID,-0.49712609029853894,0.4150987253716763,0.23106915726796495,1972,116,8.17663176650158,ok
household,mech,provyear,farm-operation,asinh_rb_farm_cost_w99,asinh farm cost,farm_income,high-minus-low differential,-0.6175073630477057,0.3990719845817946,0.12177686140054093,1972,116,8.17663176650158,ok
household,mech,provyear,farm-operation,asinh_rb_farm_cost_w99,asinh farm cost,farm_income,high-instability total,-1.1146334533462445,0.5424561624271542,0.03989930045993829,1972,116,8.17663176650158,ok
household,mech,stackyear,farm-operation,asinh_rb_farm_cost_w99,asinh farm cost,baseline_bundle,low-instability DID,0.010301637794451328,0.20322577482419452,0.9595720619068506,1814,117,8.17663176650158,ok
household,mech,stackyear,farm-operation,asinh_rb_farm_cost_w99,asinh farm cost,baseline_bundle,high-minus-low differential,-0.43251409075335134,0.3571560181778872,0.22589738695908113,1814,117,8.17663176650158,ok
household,mech,stackyear,farm-operation,asinh_rb_farm_cost_w99,asinh farm cost,baseline_bundle,high-instability total,-0.42221245295890003,0.30571917071304194,0.16726460106268226,1814,117,8.17663176650158,ok
household,mech,provyear,farm-operation,asinh_rb_farm_cost_w99,asinh farm cost,baseline_bundle,low-instability DID,-0.06950832362040593,0.47552947607891144,0.8837868887169111,1802,115,8.17663176650158,ok
household,mech,provyear,farm-operation,asinh_rb_farm_cost_w99,asinh farm cost,baseline_bundle,high-minus-low differential,-0.49455405918656714,0.4243855570408281,0.2438808273561579,1802,115,8.17663176650158,ok
household,mech,provyear,farm-operation,asinh_rb_farm_cost_w99,asinh farm cost,baseline_bundle,high-instability total,-0.5640623828069731,0.6275713401669384,0.3687581285751006,1802,115,8.17663176650158,ok
household,mech,stackyear,farm-operation,asinh_rb_inc_farm_w99,asinh farm income,none,low-instability DID,-1.2529335421688266,0.4565919388276051,0.006067721187248326,3296,142,6.573198202475226,ok
household,mech,stackyear,farm-operation,asinh_rb_inc_farm_w99,asinh farm income,none,high-minus-low differential,-0.18680765153611842,0.6900569101468187,0.7866114707151626,3296,142,6.573198202475226,ok
household,mech,stackyear,farm-operation,asinh_rb_inc_farm_w99,asinh farm income,none,high-instability total,-1.439741193704945,0.5263688096576219,0.006233618657231513,3296,142,6.573198202475226,ok
household,mech,provyear,farm-operation,asinh_rb_inc_farm_w99,asinh farm income,none,low-instability DID,-0.5759021191728089,0.8705185583961652,0.5082518788917358,3292,142,6.573198202475226,ok
household,mech,provyear,farm-operation,asinh_rb_inc_farm_w99,asinh farm income,none,high-minus-low differential,-0.3114195345299804,0.6967975194110052,0.6549257897904471,3292,142,6.573198202475226,ok
household,mech,provyear,farm-operation,asinh_rb_inc_farm_w99,asinh farm income,none,high-instability total,-0.8873216537027893,1.0955628287172623,0.4179843685678648,3292,142,6.573198202475226,ok
household,mech,stackyear,farm-operation,asinh_rb_inc_farm_w99,asinh farm income,farm_income,low-instability DID,-1.2715482727001468,0.6838274480924619,0.06296227750402325,2888,134,6.573198202475226,ok
household,mech,stackyear,farm-operation,asinh_rb_inc_farm_w99,asinh farm income,farm_income,high-minus-low differential,0.7997608775828507,0.936023541928121,0.39287016262822005,2888,134,6.573198202475226,ok
household,mech,stackyear,farm-operation,asinh_rb_inc_farm_w99,asinh farm income,farm_income,high-instability total,-0.47178739511729606,0.6481575376994252,0.46668092039958464,2888,134,6.573198202475226,ok
household,mech,provyear,farm-operation,asinh_rb_inc_farm_w99,asinh farm income,farm_income,low-instability DID,-1.0372834762426781,1.2577994078533812,0.4095526298355253,2884,133,6.573198202475226,ok
household,mech,provyear,farm-operation,asinh_rb_inc_farm_w99,asinh farm income,farm_income,high-minus-low differential,0.026356765209346544,0.8299618061875491,0.9746661572367004,2884,133,6.573198202475226,ok
household,mech,provyear,farm-operation,asinh_rb_inc_farm_w99,asinh farm income,farm_income,high-instability total,-1.0109267110333315,1.541372143920013,0.5119132147845593,2884,133,6.573198202475226,ok
household,mech,stackyear,farm-operation,asinh_rb_inc_farm_w99,asinh farm income,baseline_bundle,low-instability DID,-1.314027735204687,0.6852245589337296,0.05515413542212579,2622,132,6.573198202475226,ok
household,mech,stackyear,farm-operation,asinh_rb_inc_farm_w99,asinh farm income,baseline_bundle,high-minus-low differential,0.4552573024629996,0.9334183797794844,0.6257402218883426,2622,132,6.573198202475226,ok
household,mech,stackyear,farm-operation,asinh_rb_inc_farm_w99,asinh farm income,baseline_bundle,high-instability total,-0.8587704327416874,0.641925514447555,0.18096038241977253,2622,132,6.573198202475226,ok
household,mech,provyear,farm-operation,asinh_rb_inc_farm_w99,asinh farm income,baseline_bundle,low-instability DID,-1.1464501216181988,1.350275738329887,0.3958540864050677,2616,130,6.573198202475226,ok
household,mech,provyear,farm-operation,asinh_rb_inc_farm_w99,asinh farm income,baseline_bundle,high-minus-low differential,0.002195187632669654,0.7737888261754169,0.9977364574008877,2616,130,6.573198202475226,ok
household,mech,provyear,farm-operation,asinh_rb_inc_farm_w99,asinh farm income,baseline_bundle,high-instability total,-1.1442549339855292,1.5940474782846437,0.472862178004938,2616,130,6.573198202475226,ok
household,mech,stackyear,farm-operation,asinh_rb_farm_partsum_w99,asinh farm partsum,none,low-instability DID,0.18668384248095893,0.1646998564185013,0.2570131196174449,1424,110,9.444799604673648,ok
household,mech,stackyear,farm-operation,asinh_rb_farm_partsum_w99,asinh farm partsum,none,high-minus-low differential,-0.1844054756147196,0.23474559732712955,0.43212849141901555,1424,110,9.444799604673648,ok
household,mech,stackyear,farm-operation,asinh_rb_farm_partsum_w99,asinh farm partsum,none,high-instability total,0.002278366866239334,0.17404948814228982,0.9895557186085784,1424,110,9.444799604673648,ok
household,mech,provyear,farm-operation,asinh_rb_farm_partsum_w99,asinh farm partsum,none,low-instability DID,0.42100244590656344,0.1258887814119964,0.0008250797805822621,1414,106,9.444799604673648,ok
household,mech,provyear,farm-operation,asinh_rb_farm_partsum_w99,asinh farm partsum,none,high-minus-low differential,-0.3025570913743324,0.24012264986757398,0.2076655275211331,1414,106,9.444799604673648,ok
household,mech,provyear,farm-operation,asinh_rb_farm_partsum_w99,asinh farm partsum,none,high-instability total,0.11844535453223104,0.2685341629441362,0.6591542571837097,1414,106,9.444799604673648,ok
household,mech,stackyear,farm-operation,asinh_rb_farm_partsum_w99,asinh farm partsum,farm_income,low-instability DID,0.17144946570238895,0.17122203878084477,0.3166681360053213,1274,101,9.444799604673648,ok
household,mech,stackyear,farm-operation,asinh_rb_farm_partsum_w99,asinh farm partsum,farm_income,high-minus-low differential,-0.2966080616805382,0.2229652734777832,0.18342334923825243,1274,101,9.444799604673648,ok
household,mech,stackyear,farm-operation,asinh_rb_farm_partsum_w99,asinh farm partsum,farm_income,high-instability total,-0.12515859597814927,0.15359528007012477,0.4151526527684657,1274,101,9.444799604673648,ok
household,mech,provyear,farm-operation,asinh_rb_farm_partsum_w99,asinh farm partsum,farm_income,low-instability DID,0.39225677221926114,0.1270451718140528,0.0020182209192496697,1264,97,9.444799604673648,ok
household,mech,provyear,farm-operation,asinh_rb_farm_partsum_w99,asinh farm partsum,farm_income,high-minus-low differential,-0.25650155072241465,0.254439595757719,0.3134045819400567,1264,97,9.444799604673648,ok
household,mech,provyear,farm-operation,asinh_rb_farm_partsum_w99,asinh farm partsum,farm_income,high-instability total,0.1357552214968465,0.27964202912703967,0.62734956776809,1264,97,9.444799604673648,ok
household,mech,stackyear,farm-operation,asinh_rb_farm_partsum_w99,asinh farm partsum,baseline_bundle,low-instability DID,0.21353745507903277,0.1791675257036624,0.23332742206937662,1158,99,9.444799604673648,ok
household,mech,stackyear,farm-operation,asinh_rb_farm_partsum_w99,asinh farm partsum,baseline_bundle,high-minus-low differential,-0.26549505858437933,0.2347833049015174,0.2581355191205301,1158,99,9.444799604673648,ok
household,mech,stackyear,farm-operation,asinh_rb_farm_partsum_w99,asinh farm partsum,baseline_bundle,high-instability total,-0.05195760350534656,0.1603035508738973,0.7458471073840509,1158,99,9.444799604673648,ok
household,mech,provyear,farm-operation,asinh_rb_farm_partsum_w99,asinh farm partsum,baseline_bundle,low-instability DID,0.6124277169406567,0.13457315552304025,5.341930359836547e-06,1146,94,9.444799604673648,ok
household,mech,provyear,farm-operation,asinh_rb_farm_partsum_w99,asinh farm partsum,baseline_bundle,high-minus-low differential,-0.17774464108693666,0.26220498642799633,0.49784506152017394,1146,94,9.444799604673648,ok
household,mech,provyear,farm-operation,asinh_rb_farm_partsum_w99,asinh farm partsum,baseline_bundle,high-instability total,0.43468307585372,0.3078104045853097,0.15789756199944038,1146,94,9.444799604673648,ok
household,mech,stackyear,farm-operation,rb_farmwork_n,Farm workers,none,low-instability DID,0.11372816641066325,0.1609138062658682,0.47971283685001775,3360,142,1.162138163736459,ok
household,mech,stackyear,farm-operation,rb_farmwork_n,Farm workers,none,high-minus-low differential,-0.6064321948215141,0.27439559011074954,0.027100624950588723,3360,142,1.162138163736459,ok
household,mech,stackyear,farm-operation,rb_farmwork_n,Farm workers,none,high-instability total,-0.49270402841085087,0.2232367098706521,0.027307610065601888,3360,142,1.162138163736459,ok
household,mech,provyear,farm-operation,rb_farmwork_n,Farm workers,none,low-instability DID,0.6513507375189113,0.24186323583383046,0.007080081588523663,3356,142,1.162138163736459,ok
household,mech,provyear,farm-operation,rb_farmwork_n,Farm workers,none,high-minus-low differential,-0.3098113407732325,0.22312832239975805,0.1649880290205228,3356,142,1.162138163736459,ok
household,mech,provyear,farm-operation,rb_farmwork_n,Farm workers,none,high-instability total,0.34153939674567874,0.32192071277690126,0.28871598958199995,3356,142,1.162138163736459,ok
household,mech,stackyear,farm-operation,rb_farmwork_n,Farm workers,farm_income,low-instability DID,0.08253981431011324,0.17590450475181105,0.6389046608367608,2922,134,1.162138163736459,ok
household,mech,stackyear,farm-operation,rb_farmwork_n,Farm workers,farm_income,high-minus-low differential,-0.4408212100277551,0.2532158705761758,0.08170270052260348,2922,134,1.162138163736459,ok
household,mech,stackyear,farm-operation,rb_farmwork_n,Farm workers,farm_income,high-instability total,-0.35828139571764184,0.1823515208838555,0.049439214175727525,2922,134,1.162138163736459,ok
household,mech,provyear,farm-operation,rb_farmwork_n,Farm workers,farm_income,low-instability DID,0.6277217764576407,0.22215250974949782,0.0047187085758705685,2918,133,1.162138163736459,ok
household,mech,provyear,farm-operation,rb_farmwork_n,Farm workers,farm_income,high-minus-low differential,-0.17074073183935734,0.23994349326181705,0.4767204012383851,2918,133,1.162138163736459,ok
household,mech,provyear,farm-operation,rb_farmwork_n,Farm workers,farm_income,high-instability total,0.45698104461828337,0.3173137607196724,0.14982351077030787,2918,133,1.162138163736459,ok
household,mech,stackyear,farm-operation,rb_farmwork_n,Farm workers,baseline_bundle,low-instability DID,0.08846873417699859,0.183546031659538,0.6298076998454178,2656,132,1.162138163736459,ok
household,mech,stackyear,farm-operation,rb_farmwork_n,Farm workers,baseline_bundle,high-minus-low differential,-0.37976723639959065,0.25359907019276956,0.13426051039114245,2656,132,1.162138163736459,ok
household,mech,stackyear,farm-operation,rb_farmwork_n,Farm workers,baseline_bundle,high-instability total,-0.29129850222259207,0.17541819749653945,0.09679490487917276,2656,132,1.162138163736459,ok
household,mech,provyear,farm-operation,rb_farmwork_n,Farm workers,baseline_bundle,low-instability DID,0.6671345090646054,0.23815298132456983,0.005089945581769788,2650,130,1.162138163736459,ok
household,mech,provyear,farm-operation,rb_farmwork_n,Farm workers,baseline_bundle,high-minus-low differential,-0.09829928940714124,0.2270158851604922,0.665010253987534,2650,130,1.162138163736459,ok
household,mech,provyear,farm-operation,rb_farmwork_n,Farm workers,baseline_bundle,high-instability total,0.5688352196574641,0.32204033872881066,0.07733752943198438,2650,130,1.162138163736459,ok
household,mech,stackyear,farm-operation,rb_farmwork_shr,Farm-work share,none,low-instability DID,0.021966814172889794,0.028861576005648197,0.4465917806946207,3356,142,0.2845955136239874,ok
household,mech,stackyear,farm-operation,rb_farmwork_shr,Farm-work share,none,high-minus-low differential,-0.14732183050264566,0.07779762251206113,0.058270863004000084,3356,142,0.2845955136239874,ok
household,mech,stackyear,farm-operation,rb_farmwork_shr,Farm-work share,none,high-instability total,-0.12535501632975588,0.07245015497096374,0.08359021415462034,3356,142,0.2845955136239874,ok
household,mech,provyear,farm-operation,rb_farmwork_shr,Farm-work share,none,low-instability DID,0.09564000569307682,0.04102984243217533,0.01975407554885354,3352,142,0.2845955136239874,ok
household,mech,provyear,farm-operation,rb_farmwork_shr,Farm-work share,none,high-minus-low differential,-0.08709442298315684,0.06457035418513879,0.1773916153919527,3352,142,0.2845955136239874,ok
household,mech,provyear,farm-operation,rb_farmwork_shr,Farm-work share,none,high-instability total,0.00854558270991998,0.0750145948564523,0.9093020558036858,3352,142,0.2845955136239874,ok
household,mech,stackyear,farm-operation,rb_farmwork_shr,Farm-work share,farm_income,low-instability DID,0.01611497870816452,0.03175410655343855,0.6118091254209178,2920,134,0.2845955136239874,ok
household,mech,stackyear,farm-operation,rb_farmwork_shr,Farm-work share,farm_income,high-minus-low differential,-0.09734981469842187,0.07109656556105627,0.1709174394615922,2920,134,0.2845955136239874,ok
household,mech,stackyear,farm-operation,rb_farmwork_shr,Farm-work share,farm_income,high-instability total,-0.08123483599025735,0.06371320442288658,0.2023064623848273,2920,134,0.2845955136239874,ok
household,mech,provyear,farm-operation,rb_farmwork_shr,Farm-work share,farm_income,low-instability DID,0.09051030932117789,0.03757224196653594,0.015997723074158657,2916,133,0.2845955136239874,ok
household,mech,provyear,farm-operation,rb_farmwork_shr,Farm-work share,farm_income,high-minus-low differential,-0.05897998888263629,0.07330443531598789,0.42105652513247693,2916,133,0.2845955136239874,ok
household,mech,provyear,farm-operation,rb_farmwork_shr,Farm-work share,farm_income,high-instability total,0.0315303204385416,0.08077301386382064,0.6962724967611684,2916,133,0.2845955136239874,ok
household,mech,stackyear,farm-operation,rb_farmwork_shr,Farm-work share,baseline_bundle,low-instability DID,0.008145921352935091,0.03404191487341255,0.8108800006046917,2654,132,0.2845955136239874,ok
household,mech,stackyear,farm-operation,rb_farmwork_shr,Farm-work share,baseline_bundle,high-minus-low differential,-0.07081861505178234,0.07033186084088149,0.31397282554233885,2654,132,0.2845955136239874,ok
household,mech,stackyear,farm-operation,rb_farmwork_shr,Farm-work share,baseline_bundle,high-instability total,-0.06267269369884726,0.06163100611935531,0.3092000494036167,2654,132,0.2845955136239874,ok
household,mech,provyear,farm-operation,rb_farmwork_shr,Farm-work share,baseline_bundle,low-instability DID,0.10287984115819429,0.04249175257243894,0.01547055574966311,2648,130,0.2845955136239874,ok
household,mech,provyear,farm-operation,rb_farmwork_shr,Farm-work share,baseline_bundle,high-minus-low differential,-0.02631457659357779,0.06991956021377113,0.7066529902260301,2648,130,0.2845955136239874,ok
household,mech,provyear,farm-operation,rb_farmwork_shr,Farm-work share,baseline_bundle,high-instability total,0.0765652645646165,0.08080915589854992,0.3433929473717361,2648,130,0.2845955136239874,ok
household,mech,stackyear,labor,ib_nonfarm_curr_n,Current nonfarm workers,none,low-instability DID,-0.1277507193024281,0.12068799129739465,0.289818185586198,3360,142,0.5052388563310247,ok
household,mech,stackyear,labor,ib_nonfarm_curr_n,Current nonfarm workers,none,high-minus-low differential,0.4959324322430592,0.17129671932471152,0.0037895811126904045,3360,142,0.5052388563310247,ok
household,mech,stackyear,labor,ib_nonfarm_curr_n,Current nonfarm workers,none,high-instability total,0.3681817129406311,0.12144247602504017,0.002431505255678765,3360,142,0.5052388563310247,ok
household,mech,provyear,labor,ib_nonfarm_curr_n,Current nonfarm workers,none,low-instability DID,0.12118448276752908,0.18264636717551958,0.5070152234005203,3356,142,0.5052388563310247,ok
household,mech,provyear,labor,ib_nonfarm_curr_n,Current nonfarm workers,none,high-minus-low differential,0.7092918903679193,0.19394258888564286,0.00025495950881847907,3356,142,0.5052388563310247,ok
household,mech,provyear,labor,ib_nonfarm_curr_n,Current nonfarm workers,none,high-instability total,0.8304763731354483,0.2629321081395079,0.0015857232296531108,3356,142,0.5052388563310247,ok
household,mech,stackyear,labor,ib_nonfarm_curr_n,Current nonfarm workers,farm_income,low-instability DID,-0.1736749300089558,0.13727780936033596,0.2058230200529123,2922,134,0.5052388563310247,ok
household,mech,stackyear,labor,ib_nonfarm_curr_n,Current nonfarm workers,farm_income,high-minus-low differential,0.5077099609118896,0.1770689371807369,0.004139889171422246,2922,134,0.5052388563310247,ok
household,mech,stackyear,labor,ib_nonfarm_curr_n,Current nonfarm workers,farm_income,high-instability total,0.33403503090293374,0.11178083244728546,0.002805310068921595,2922,134,0.5052388563310247,ok
household,mech,provyear,labor,ib_nonfarm_curr_n,Current nonfarm workers,farm_income,low-instability DID,0.1243385237453814,0.18491455306163992,0.5013222739307649,2918,133,0.5052388563310247,ok
household,mech,provyear,labor,ib_nonfarm_curr_n,Current nonfarm workers,farm_income,high-minus-low differential,0.7341083046266483,0.19945893204441822,0.0002327784084769311,2918,133,0.5052388563310247,ok
household,mech,provyear,labor,ib_nonfarm_curr_n,Current nonfarm workers,farm_income,high-instability total,0.8584468283720297,0.2694684723748414,0.0014440218670530058,2918,133,0.5052388563310247,ok
household,mech,stackyear,labor,ib_nonfarm_curr_n,Current nonfarm workers,baseline_bundle,low-instability DID,-0.0053173793442368965,0.09542291384116117,0.9555614053565396,2656,132,0.5052388563310247,ok
household,mech,stackyear,labor,ib_nonfarm_curr_n,Current nonfarm workers,baseline_bundle,high-minus-low differential,0.15662406049195843,0.12366733714002555,0.20533592898400477,2656,132,0.5052388563310247,ok
household,mech,stackyear,labor,ib_nonfarm_curr_n,Current nonfarm workers,baseline_bundle,high-instability total,0.15130668114772153,0.07990577630300774,0.05828293939243361,2656,132,0.5052388563310247,ok
household,mech,provyear,labor,ib_nonfarm_curr_n,Current nonfarm workers,baseline_bundle,low-instability DID,-0.02859593672066508,0.12040985996935676,0.8122779705501381,2650,130,0.5052388563310247,ok
household,mech,provyear,labor,ib_nonfarm_curr_n,Current nonfarm workers,baseline_bundle,high-minus-low differential,0.28767895106218244,0.13418172143716278,0.03203686378740922,2650,130,0.5052388563310247,ok
household,mech,provyear,labor,ib_nonfarm_curr_n,Current nonfarm workers,baseline_bundle,high-instability total,0.25908301434151737,0.18102231891965376,0.15236677596177056,2650,130,0.5052388563310247,ok
household,mech,stackyear,labor,ib_nonfarm_curr_ge2,At least two nonfarm workers,none,low-instability DID,-0.059956911009223304,0.060733543163250185,0.3235384910569875,3360,142,0.11276860237968389,ok
household,mech,stackyear,labor,ib_nonfarm_curr_ge2,At least two nonfarm workers,none,high-minus-low differential,0.16299255995319661,0.06782752110968213,0.016259203223580123,3360,142,0.11276860237968389,ok
household,mech,stackyear,labor,ib_nonfarm_curr_ge2,At least two nonfarm workers,none,high-instability total,0.10303564894397331,0.03037849635701526,0.000694529148472891,3360,142,0.11276860237968389,ok
household,mech,provyear,labor,ib_nonfarm_curr_ge2,At least two nonfarm workers,none,low-instability DID,0.026019847277248945,0.07569409965131582,0.7310343001923201,3356,142,0.11276860237968389,ok
household,mech,provyear,labor,ib_nonfarm_curr_ge2,At least two nonfarm workers,none,high-minus-low differential,0.24157022675065143,0.08636810958888959,0.0051582076320553965,3356,142,0.11276860237968389,ok
household,mech,provyear,labor,ib_nonfarm_curr_ge2,At least two nonfarm workers,none,high-instability total,0.26759007402790036,0.1163401189532905,0.02144442176308158,3356,142,0.11276860237968389,ok
household,mech,stackyear,labor,ib_nonfarm_curr_ge2,At least two nonfarm workers,farm_income,low-instability DID,-0.09128786987995235,0.06686888949263452,0.17219742577906494,2922,134,0.11276860237968389,ok
household,mech,stackyear,labor,ib_nonfarm_curr_ge2,At least two nonfarm workers,farm_income,high-minus-low differential,0.17410087291865575,0.07123114502632266,0.014518670975641931,2922,134,0.11276860237968389,ok
household,mech,stackyear,labor,ib_nonfarm_curr_ge2,At least two nonfarm workers,farm_income,high-instability total,0.0828130030387034,0.02438980980636953,0.0006853001541991427,2922,134,0.11276860237968389,ok
household,mech,provyear,labor,ib_nonfarm_curr_ge2,At least two nonfarm workers,farm_income,low-instability DID,0.02515267102704493,0.07660054260015872,0.7426383298276028,2918,133,0.11276860237968389,ok
household,mech,provyear,labor,ib_nonfarm_curr_ge2,At least two nonfarm workers,farm_income,high-minus-low differential,0.23834524158211048,0.09236782761523109,0.009868810176173403,2918,133,0.11276860237968389,ok
household,mech,provyear,labor,ib_nonfarm_curr_ge2,At least two nonfarm workers,farm_income,high-instability total,0.2634979126091554,0.1216199213870267,0.030267757668360585,2918,133,0.11276860237968389,ok
household,mech,stackyear,labor,ib_nonfarm_curr_ge2,At least two nonfarm workers,baseline_bundle,low-instability DID,-0.0212028938628309,0.04565304531415776,0.6423357775569554,2656,132,0.11276860237968389,ok
household,mech,stackyear,labor,ib_nonfarm_curr_ge2,At least two nonfarm workers,baseline_bundle,high-minus-low differential,0.04640004966307997,0.052488697952209104,0.3766957945313101,2656,132,0.11276860237968389,ok
household,mech,stackyear,labor,ib_nonfarm_curr_ge2,At least two nonfarm workers,baseline_bundle,high-instability total,0.02519715580024907,0.02635744431103736,0.33908298713149043,2656,132,0.11276860237968389,ok
household,mech,provyear,labor,ib_nonfarm_curr_ge2,At least two nonfarm workers,baseline_bundle,low-instability DID,-0.06134268326052724,0.06448014528820548,0.34143069142116667,2650,130,0.11276860237968389,ok
household,mech,provyear,labor,ib_nonfarm_curr_ge2,At least two nonfarm workers,baseline_bundle,high-minus-low differential,0.05724070916522071,0.06360363219696773,0.36814166898493805,2650,130,0.11276860237968389,ok
household,mech,provyear,labor,ib_nonfarm_curr_ge2,At least two nonfarm workers,baseline_bundle,high-instability total,-0.004101974095306528,0.0936583851270603,0.9650660669340042,2650,130,0.11276860237968389,ok
household,mech,stackyear,labor,ib_nonfarm_curr_shr,Current nonfarm worker share,none,low-instability DID,-0.02452516519225575,0.03937267653388794,0.5333514902371177,3204,141,0.31346683118712887,ok
household,mech,stackyear,labor,ib_nonfarm_curr_shr,Current nonfarm worker share,none,high-minus-low differential,0.17788866256542205,0.12739994806567617,0.16262390191071274,3204,141,0.31346683118712887,ok
household,mech,stackyear,labor,ib_nonfarm_curr_shr,Current nonfarm worker share,none,high-instability total,0.1533634973731663,0.12122718165062475,0.2058384695359885,3204,141,0.31346683118712887,ok
household,mech,provyear,labor,ib_nonfarm_curr_shr,Current nonfarm worker share,none,low-instability DID,0.04951364214194114,0.07042403279882886,0.4820066636840208,3200,141,0.31346683118712887,ok
household,mech,provyear,labor,ib_nonfarm_curr_shr,Current nonfarm worker share,none,high-minus-low differential,0.23488953946948168,0.13000572742144795,0.07079923836891792,3200,141,0.31346683118712887,ok
household,mech,provyear,labor,ib_nonfarm_curr_shr,Current nonfarm worker share,none,high-instability total,0.2844031816114228,0.14871255784086432,0.05582035248620404,3200,141,0.31346683118712887,ok
household,mech,stackyear,labor,ib_nonfarm_curr_shr,Current nonfarm worker share,farm_income,low-instability DID,-0.03386030993848455,0.04745541351256129,0.4755250415687664,2804,133,0.31346683118712887,ok
household,mech,stackyear,labor,ib_nonfarm_curr_shr,Current nonfarm worker share,farm_income,high-minus-low differential,0.20602721030870363,0.12700665361218363,0.10476555943147267,2804,133,0.31346683118712887,ok
household,mech,stackyear,labor,ib_nonfarm_curr_shr,Current nonfarm worker share,farm_income,high-instability total,0.1721669003702191,0.11830064006406044,0.14557691968799366,2804,133,0.31346683118712887,ok
household,mech,provyear,labor,ib_nonfarm_curr_shr,Current nonfarm worker share,farm_income,low-instability DID,0.049558991261525034,0.0801528977225504,0.5363738639419313,2800,132,0.31346683118712887,ok
household,mech,provyear,labor,ib_nonfarm_curr_shr,Current nonfarm worker share,farm_income,high-minus-low differential,0.2723095540447471,0.128704487830913,0.03436406975918754,2800,132,0.31346683118712887,ok
household,mech,provyear,labor,ib_nonfarm_curr_shr,Current nonfarm worker share,farm_income,high-instability total,0.3218685453062721,0.15169484762204472,0.03385319776189076,2800,132,0.31346683118712887,ok
household,mech,stackyear,labor,ib_nonfarm_curr_shr,Current nonfarm worker share,baseline_bundle,low-instability DID,0.008053086347666018,0.033015586541217966,0.8072945508020222,2550,132,0.31346683118712887,ok
household,mech,stackyear,labor,ib_nonfarm_curr_shr,Current nonfarm worker share,baseline_bundle,high-minus-low differential,0.10506356119638072,0.12626965707703525,0.4053767307704582,2550,132,0.31346683118712887,ok
household,mech,stackyear,labor,ib_nonfarm_curr_shr,Current nonfarm worker share,baseline_bundle,high-instability total,0.11311664754404674,0.12239889319194017,0.3554009493884205,2550,132,0.31346683118712887,ok
household,mech,provyear,labor,ib_nonfarm_curr_shr,Current nonfarm worker share,baseline_bundle,low-instability DID,0.01776668434307772,0.047512470371193556,0.7084509733398718,2544,130,0.31346683118712887,ok
household,mech,provyear,labor,ib_nonfarm_curr_shr,Current nonfarm worker share,baseline_bundle,high-minus-low differential,0.15307141351867126,0.12268065530845011,0.2121326998413119,2544,130,0.31346683118712887,ok
household,mech,provyear,labor,ib_nonfarm_curr_shr,Current nonfarm worker share,baseline_bundle,high-instability total,0.17083809786174897,0.13290288675692497,0.19864011841126705,2544,130,0.31346683118712887,ok
household,mech,stackyear,labor,ib_migrant_work_n,Migrant workers,none,low-instability DID,-0.03488251025201838,0.03961894620897347,0.3786154563843601,3360,142,0.07511987213638785,ok
household,mech,stackyear,labor,ib_migrant_work_n,Migrant workers,none,high-minus-low differential,0.11487973667502091,0.05505748362329146,0.0369295800285862,3360,142,0.07511987213638785,ok
household,mech,stackyear,labor,ib_migrant_work_n,Migrant workers,none,high-instability total,0.07999722642300253,0.03890095862614906,0.03974077002450787,3360,142,0.07511987213638785,ok
household,mech,provyear,labor,ib_migrant_work_n,Migrant workers,none,low-instability DID,-0.06205843214492542,0.10745461287178125,0.5635804129899709,3356,142,0.07511987213638785,ok
household,mech,provyear,labor,ib_migrant_work_n,Migrant workers,none,high-minus-low differential,0.1129720592384568,0.0558790928847446,0.043204954318665306,3356,142,0.07511987213638785,ok
household,mech,provyear,labor,ib_migrant_work_n,Migrant workers,none,high-instability total,0.05091362709353137,0.11818334054405684,0.6666122983335843,3356,142,0.07511987213638785,ok
household,mech,stackyear,labor,ib_migrant_work_n,Migrant workers,farm_income,low-instability DID,-0.03291316803693541,0.043885396751889925,0.45326677530599435,2922,134,0.07511987213638785,ok
household,mech,stackyear,labor,ib_migrant_work_n,Migrant workers,farm_income,high-minus-low differential,0.10526730181756493,0.049547526408247035,0.033622317793622625,2922,134,0.07511987213638785,ok
household,mech,stackyear,labor,ib_migrant_work_n,Migrant workers,farm_income,high-instability total,0.07235413378062952,0.024591186209286048,0.0032580611593077745,2922,134,0.07511987213638785,ok
household,mech,provyear,labor,ib_migrant_work_n,Migrant workers,farm_income,low-instability DID,-0.054729069047514095,0.1124830102745828,0.6265743627961409,2918,133,0.07511987213638785,ok
household,mech,provyear,labor,ib_migrant_work_n,Migrant workers,farm_income,high-minus-low differential,0.11967505430341671,0.05607569996486032,0.03282890001139592,2918,133,0.07511987213638785,ok
household,mech,provyear,labor,ib_migrant_work_n,Migrant workers,farm_income,high-instability total,0.06494598525590262,0.12293333180809735,0.5972894039056809,2918,133,0.07511987213638785,ok
household,mech,stackyear,labor,ib_migrant_work_n,Migrant workers,baseline_bundle,low-instability DID,0.015070868264161643,0.04645146563051623,0.7456024185538099,2656,132,0.07511987213638785,ok
household,mech,stackyear,labor,ib_migrant_work_n,Migrant workers,baseline_bundle,high-minus-low differential,0.03693107737519634,0.060305089302094196,0.5402705018382041,2656,132,0.07511987213638785,ok
household,mech,stackyear,labor,ib_migrant_work_n,Migrant workers,baseline_bundle,high-instability total,0.052001945639357984,0.039362562156657836,0.18646747445392764,2656,132,0.07511987213638785,ok
household,mech,provyear,labor,ib_migrant_work_n,Migrant workers,baseline_bundle,low-instability DID,-0.03187502286005879,0.05572083534135441,0.5672890861753183,2650,130,0.07511987213638785,ok
household,mech,provyear,labor,ib_migrant_work_n,Migrant workers,baseline_bundle,high-minus-low differential,0.05334290308138602,0.08077870301945068,0.5090237978227847,2650,130,0.07511987213638785,ok
household,mech,provyear,labor,ib_migrant_work_n,Migrant workers,baseline_bundle,high-instability total,0.02146788022132723,0.09710484994459169,0.8250306238015228,2650,130,0.07511987213638785,ok
household,mech,stackyear,labor,ib_migrant_work_any,Any migrant worker,none,low-instability DID,-0.0437418088281113,0.03839045311090785,0.25453932546753566,3360,142,0.06526371870005328,ok
household,mech,stackyear,labor,ib_migrant_work_any,Any migrant worker,none,high-minus-low differential,0.09620350979786299,0.0531541707702074,0.07031194943171061,3360,142,0.06526371870005328,ok
household,mech,stackyear,labor,ib_migrant_work_any,Any migrant worker,none,high-instability total,0.05246170096975169,0.037409523785781905,0.16080712390084606,3360,142,0.06526371870005328,ok
household,mech,provyear,labor,ib_migrant_work_any,Any migrant worker,none,low-instability DID,-0.08663539696576544,0.09132748723376123,0.34281215465538883,3356,142,0.06526371870005328,ok
household,mech,provyear,labor,ib_migrant_work_any,Any migrant worker,none,high-minus-low differential,0.09785019096679835,0.05273651424213045,0.06353138256726948,3356,142,0.06526371870005328,ok
household,mech,provyear,labor,ib_migrant_work_any,Any migrant worker,none,high-instability total,0.01121479400103291,0.10422322085092005,0.9143101394079418,3356,142,0.06526371870005328,ok
household,mech,stackyear,labor,ib_migrant_work_any,Any migrant worker,farm_income,low-instability DID,-0.043491534008854894,0.042133711735201064,0.30196602122476945,2922,134,0.06526371870005328,ok
household,mech,stackyear,labor,ib_migrant_work_any,Any migrant worker,farm_income,high-minus-low differential,0.08464791618784419,0.04768270008970814,0.0758593764037784,2922,134,0.06526371870005328,ok
household,mech,stackyear,labor,ib_migrant_work_any,Any migrant worker,farm_income,high-instability total,0.041156382178989294,0.023596530570153502,0.08112929234801988,2922,134,0.06526371870005328,ok
household,mech,provyear,labor,ib_migrant_work_any,Any migrant worker,farm_income,low-instability DID,-0.07732312645751417,0.09736113561869723,0.42708550981429294,2918,133,0.06526371870005328,ok
household,mech,provyear,labor,ib_migrant_work_any,Any migrant worker,farm_income,high-minus-low differential,0.11211632566916101,0.05178302754056481,0.030378708030746764,2918,133,0.06526371870005328,ok
household,mech,provyear,labor,ib_migrant_work_any,Any migrant worker,farm_income,high-instability total,0.034793199211646836,0.10914063009768597,0.7498839709034756,2918,133,0.06526371870005328,ok
household,mech,stackyear,labor,ib_migrant_work_any,Any migrant worker,baseline_bundle,low-instability DID,-0.007630324302966191,0.03916752343666671,0.8455397133380014,2656,132,0.06526371870005328,ok
household,mech,stackyear,labor,ib_migrant_work_any,Any migrant worker,baseline_bundle,high-minus-low differential,0.035054867283350624,0.04325734877814877,0.4177221147489071,2656,132,0.06526371870005328,ok
household,mech,stackyear,labor,ib_migrant_work_any,Any migrant worker,baseline_bundle,high-instability total,0.027424542980384433,0.019801165813784785,0.16605357414383515,2656,132,0.06526371870005328,ok
household,mech,provyear,labor,ib_migrant_work_any,Any migrant worker,baseline_bundle,low-instability DID,-0.034137941445771924,0.04059979270509637,0.4004374129744689,2650,130,0.06526371870005328,ok
household,mech,provyear,labor,ib_migrant_work_any,Any migrant worker,baseline_bundle,high-minus-low differential,0.0772142213875569,0.058286930029028204,0.18526199106571473,2650,130,0.06526371870005328,ok
household,mech,provyear,labor,ib_migrant_work_any,Any migrant worker,baseline_bundle,high-instability total,0.04307627994178498,0.07103641288018679,0.544251045349019,2650,130,0.06526371870005328,ok
household,mech,stackyear,labor,rb_nonfarm_any,Any broad nonfarm work,none,low-instability DID,0.01791488292660095,0.03288458984934908,0.5859044995138685,3360,142,0.766471319481442,ok
household,mech,stackyear,labor,rb_nonfarm_any,Any broad nonfarm work,none,high-minus-low differential,0.15425534237162195,0.10644496724969671,0.14729407606433292,3360,142,0.766471319481442,ok
household,mech,stackyear,labor,rb_nonfarm_any,Any broad nonfarm work,none,high-instability total,0.1721702252982229,0.10144272089042139,0.08965580085633734,3360,142,0.766471319481442,ok
household,mech,provyear,labor,rb_nonfarm_any,Any broad nonfarm work,none,low-instability DID,0.05180008256691693,0.034272554420211127,0.13068252914534745,3356,142,0.766471319481442,ok
household,mech,provyear,labor,rb_nonfarm_any,Any broad nonfarm work,none,high-minus-low differential,0.1191886272566928,0.09964674824188421,0.23165302796978748,3356,142,0.766471319481442,ok
household,mech,provyear,labor,rb_nonfarm_any,Any broad nonfarm work,none,high-instability total,0.17098870982360972,0.10343009684192572,0.0982939556241595,3356,142,0.766471319481442,ok
household,mech,stackyear,labor,rb_nonfarm_any,Any broad nonfarm work,farm_income,low-instability DID,0.026193151297754506,0.03334522299799286,0.43215205783382327,2922,134,0.766471319481442,ok
household,mech,stackyear,labor,rb_nonfarm_any,Any broad nonfarm work,farm_income,high-minus-low differential,0.11329353296964687,0.11128566106131542,0.3086577576034365,2922,134,0.766471319481442,ok
household,mech,stackyear,labor,rb_nonfarm_any,Any broad nonfarm work,farm_income,high-instability total,0.13948668426740138,0.1065869983492812,0.19064782042231299,2922,134,0.766471319481442,ok
household,mech,provyear,labor,rb_nonfarm_any,Any broad nonfarm work,farm_income,low-instability DID,0.05198611557641743,0.034271734889394244,0.1292969371647733,2918,133,0.766471319481442,ok
household,mech,provyear,labor,rb_nonfarm_any,Any broad nonfarm work,farm_income,high-minus-low differential,0.10535803101397251,0.1154385835287043,0.3614129410353121,2918,133,0.766471319481442,ok
household,mech,provyear,labor,rb_nonfarm_any,Any broad nonfarm work,farm_income,high-instability total,0.15734414659038992,0.11905810018688401,0.186309886731007,2918,133,0.766471319481442,ok
household,mech,stackyear,labor,rb_nonfarm_any,Any broad nonfarm work,baseline_bundle,low-instability DID,0.03732387099208055,0.03522191002410908,0.2892912721265596,2656,132,0.766471319481442,ok
household,mech,stackyear,labor,rb_nonfarm_any,Any broad nonfarm work,baseline_bundle,high-minus-low differential,0.07279850304108018,0.09036986238407443,0.4204955971983978,2656,132,0.766471319481442,ok
household,mech,stackyear,labor,rb_nonfarm_any,Any broad nonfarm work,baseline_bundle,high-instability total,0.11012237403316073,0.08391440824630488,0.18941291903912794,2656,132,0.766471319481442,ok
household,mech,provyear,labor,rb_nonfarm_any,Any broad nonfarm work,baseline_bundle,low-instability DID,0.03216177170317975,0.03920758917872798,0.41204821280480863,2650,130,0.766471319481442,ok
household,mech,provyear,labor,rb_nonfarm_any,Any broad nonfarm work,baseline_bundle,high-minus-low differential,0.06101337084028067,0.09409748689803782,0.5167224198454082,2650,130,0.766471319481442,ok
household,mech,provyear,labor,rb_nonfarm_any,Any broad nonfarm work,baseline_bundle,high-instability total,0.09317514254346042,0.10144337623812398,0.35836024646985154,2650,130,0.766471319481442,ok
household,mech,stackyear,labor,rb_nonfarm_n,Broad nonfarm workers,none,low-instability DID,-0.17858253988699366,0.10085752976308451,0.07662031625817083,3360,142,1.7048481619605753,ok
household,mech,stackyear,labor,rb_nonfarm_n,Broad nonfarm workers,none,high-minus-low differential,0.5912308123280652,0.25671202931808634,0.02127380071287739,3360,142,1.7048481619605753,ok
household,mech,stackyear,labor,rb_nonfarm_n,Broad nonfarm workers,none,high-instability total,0.4126482724410715,0.23550307878871382,0.07973958585277029,3360,142,1.7048481619605753,ok
household,mech,provyear,labor,rb_nonfarm_n,Broad nonfarm workers,none,low-instability DID,-0.40368343607268287,0.20339281101671752,0.047172536754749035,3356,142,1.7048481619605753,ok
household,mech,provyear,labor,rb_nonfarm_n,Broad nonfarm workers,none,high-minus-low differential,0.5166868858594207,0.2776333937864148,0.0627385105494553,3356,142,1.7048481619605753,ok
household,mech,provyear,labor,rb_nonfarm_n,Broad nonfarm workers,none,high-instability total,0.11300344978673782,0.3367740531070954,0.7372126610701073,3356,142,1.7048481619605753,ok
household,mech,stackyear,labor,rb_nonfarm_n,Broad nonfarm workers,farm_income,low-instability DID,-0.15766578052085017,0.10735807125013498,0.14194203006236314,2922,134,1.7048481619605753,ok
household,mech,stackyear,labor,rb_nonfarm_n,Broad nonfarm workers,farm_income,high-minus-low differential,0.5460765129265975,0.3178191400425451,0.08576033287874138,2922,134,1.7048481619605753,ok
household,mech,stackyear,labor,rb_nonfarm_n,Broad nonfarm workers,farm_income,high-instability total,0.38841073240574736,0.2998718363869225,0.19523200467447066,2922,134,1.7048481619605753,ok
household,mech,provyear,labor,rb_nonfarm_n,Broad nonfarm workers,farm_income,low-instability DID,-0.3601323312359855,0.20081024037750092,0.07290958743540274,2918,133,1.7048481619605753,ok
household,mech,provyear,labor,rb_nonfarm_n,Broad nonfarm workers,farm_income,high-minus-low differential,0.44190007233014694,0.3204415267995548,0.167883971157616,2918,133,1.7048481619605753,ok
household,mech,provyear,labor,rb_nonfarm_n,Broad nonfarm workers,farm_income,high-instability total,0.08176774109416146,0.3711435104417812,0.8256273945045269,2918,133,1.7048481619605753,ok
household,mech,stackyear,labor,rb_nonfarm_n,Broad nonfarm workers,baseline_bundle,low-instability DID,-0.0923300190864593,0.10994346762688205,0.4010231094273148,2656,132,1.7048481619605753,ok
household,mech,stackyear,labor,rb_nonfarm_n,Broad nonfarm workers,baseline_bundle,high-minus-low differential,0.45440190553724336,0.27580020451291043,0.09943962846601852,2656,132,1.7048481619605753,ok
household,mech,stackyear,labor,rb_nonfarm_n,Broad nonfarm workers,baseline_bundle,high-instability total,0.36207188645078403,0.25421282328896694,0.1543635605191258,2656,132,1.7048481619605753,ok
household,mech,provyear,labor,rb_nonfarm_n,Broad nonfarm workers,baseline_bundle,low-instability DID,-0.3614500577176326,0.23532706041461315,0.12455120737324528,2650,130,1.7048481619605753,ok
household,mech,provyear,labor,rb_nonfarm_n,Broad nonfarm workers,baseline_bundle,high-minus-low differential,0.3162234151131367,0.269483825887327,0.24061893681293656,2650,130,1.7048481619605753,ok
household,mech,provyear,labor,rb_nonfarm_n,Broad nonfarm workers,baseline_bundle,high-instability total,-0.04522664260449594,0.34908017317118206,0.8969149702873667,2650,130,1.7048481619605753,ok
household,mech,stackyear,co-occurrence,rentin_and_nonfarm_any,Rent-in and any nonfarm work,none,low-instability DID,-0.041747471069081506,0.01852939905179807,0.024256647997496467,3190,140,0.033327262793662354,ok
household,mech,stackyear,co-occurrence,rentin_and_nonfarm_any,Rent-in and any nonfarm work,none,high-minus-low differential,0.12364787425823338,0.05041219847301282,0.014177387526678376,3190,140,0.033327262793662354,ok
household,mech,stackyear,co-occurrence,rentin_and_nonfarm_any,Rent-in and any nonfarm work,none,high-instability total,0.08190040318915187,0.046885979552875524,0.08067213243321376,3190,140,0.033327262793662354,ok
household,mech,provyear,co-occurrence,rentin_and_nonfarm_any,Rent-in and any nonfarm work,none,low-instability DID,-0.05895838180423088,0.03030616094490019,0.051723774283262774,3184,139,0.033327262793662354,ok
household,mech,provyear,co-occurrence,rentin_and_nonfarm_any,Rent-in and any nonfarm work,none,high-minus-low differential,0.08237952277026821,0.04962293129333941,0.09689233243970274,3184,139,0.033327262793662354,ok
household,mech,provyear,co-occurrence,rentin_and_nonfarm_any,Rent-in and any nonfarm work,none,high-instability total,0.023421140966037327,0.05723837879614958,0.6824031971647692,3184,139,0.033327262793662354,ok
household,mech,stackyear,co-occurrence,rentin_and_nonfarm_any,Rent-in and any nonfarm work,farm_income,low-instability DID,-0.042043863736609656,0.022101636796058626,0.05713241828320035,2778,132,0.033327262793662354,ok
household,mech,stackyear,co-occurrence,rentin_and_nonfarm_any,Rent-in and any nonfarm work,farm_income,high-minus-low differential,0.07067866826192291,0.06108370866279898,0.24724014089786361,2778,132,0.033327262793662354,ok
household,mech,stackyear,co-occurrence,rentin_and_nonfarm_any,Rent-in and any nonfarm work,farm_income,high-instability total,0.028634804525313258,0.05691685323803609,0.6148947614303866,2778,132,0.033327262793662354,ok
household,mech,provyear,co-occurrence,rentin_and_nonfarm_any,Rent-in and any nonfarm work,farm_income,low-instability DID,-0.05482534148982511,0.028196895236899656,0.05185023218853434,2772,130,0.033327262793662354,ok
household,mech,provyear,co-occurrence,rentin_and_nonfarm_any,Rent-in and any nonfarm work,farm_income,high-minus-low differential,0.0461795477464645,0.06273530580288532,0.4616689780873042,2772,130,0.033327262793662354,ok
household,mech,provyear,co-occurrence,rentin_and_nonfarm_any,Rent-in and any nonfarm work,farm_income,high-instability total,-0.008645793743360608,0.06764916518124459,0.8983045543370775,2772,130,0.033327262793662354,ok
household,mech,stackyear,co-occurrence,rentin_and_nonfarm_any,Rent-in and any nonfarm work,baseline_bundle,low-instability DID,-0.05047760933586458,0.027638071276410884,0.06779310377528597,2540,131,0.033327262793662354,ok
household,mech,stackyear,co-occurrence,rentin_and_nonfarm_any,Rent-in and any nonfarm work,baseline_bundle,high-minus-low differential,0.07730141193850709,0.06982181732511056,0.26824030643953545,2540,131,0.033327262793662354,ok
household,mech,stackyear,co-occurrence,rentin_and_nonfarm_any,Rent-in and any nonfarm work,baseline_bundle,high-instability total,0.026823802602642513,0.06410205438486657,0.6756147385027196,2540,131,0.033327262793662354,ok
household,mech,provyear,co-occurrence,rentin_and_nonfarm_any,Rent-in and any nonfarm work,baseline_bundle,low-instability DID,-0.07692013893901294,0.0354283949870041,0.029920306540062027,2532,128,0.033327262793662354,ok
household,mech,provyear,co-occurrence,rentin_and_nonfarm_any,Rent-in and any nonfarm work,baseline_bundle,high-minus-low differential,0.05140353070510166,0.07101957135338194,0.4691922905986976,2532,128,0.033327262793662354,ok
household,mech,provyear,co-occurrence,rentin_and_nonfarm_any,Rent-in and any nonfarm work,baseline_bundle,high-instability total,-0.025516608233911275,0.07894760486417238,0.7465366602249601,2532,128,0.033327262793662354,ok
household,mech,stackyear,co-occurrence,rentin_and_nonfarm_ge2,Rent-in and >=2 nonfarm workers,none,low-instability DID,0.005769710811388462,0.005115022219854126,0.25932274723009396,3190,140,0.00801311236568931,ok
household,mech,stackyear,co-occurrence,rentin_and_nonfarm_ge2,Rent-in and >=2 nonfarm workers,none,high-minus-low differential,-0.0037665948319751,0.037560369540404134,0.9201211690906398,3190,140,0.00801311236568931,ok
household,mech,stackyear,co-occurrence,rentin_and_nonfarm_ge2,Rent-in and >=2 nonfarm workers,none,high-instability total,0.0020031159794133614,0.03708490464692451,0.9569237536265817,3190,140,0.00801311236568931,ok
household,mech,provyear,co-occurrence,rentin_and_nonfarm_ge2,Rent-in and >=2 nonfarm workers,none,low-instability DID,0.005444343601948276,0.014403950517205017,0.7054486291853128,3184,139,0.00801311236568931,ok
household,mech,provyear,co-occurrence,rentin_and_nonfarm_ge2,Rent-in and >=2 nonfarm workers,none,high-minus-low differential,-0.014731228281290018,0.04032225084055449,0.7148595268225175,3184,139,0.00801311236568931,ok
household,mech,provyear,co-occurrence,rentin_and_nonfarm_ge2,Rent-in and >=2 nonfarm workers,none,high-instability total,-0.009286884679341741,0.04268622737984055,0.8277706927935203,3184,139,0.00801311236568931,ok
household,mech,stackyear,co-occurrence,rentin_and_nonfarm_ge2,Rent-in and >=2 nonfarm workers,farm_income,low-instability DID,0.004622554095878884,0.00670576559115965,0.4906091774518604,2778,132,0.00801311236568931,ok
household,mech,stackyear,co-occurrence,rentin_and_nonfarm_ge2,Rent-in and >=2 nonfarm workers,farm_income,high-minus-low differential,0.0025905298978303516,0.047351665320893514,0.9563708436003526,2778,132,0.00801311236568931,ok
household,mech,stackyear,co-occurrence,rentin_and_nonfarm_ge2,Rent-in and >=2 nonfarm workers,farm_income,high-instability total,0.007213083993709235,0.04686656617102248,0.8776832094565636,2778,132,0.00801311236568931,ok
household,mech,provyear,co-occurrence,rentin_and_nonfarm_ge2,Rent-in and >=2 nonfarm workers,farm_income,low-instability DID,0.0092925208830967,0.015784751760472095,0.5560609430252087,2772,130,0.00801311236568931,ok
household,mech,provyear,co-occurrence,rentin_and_nonfarm_ge2,Rent-in and >=2 nonfarm workers,farm_income,high-minus-low differential,-0.0033083902293191817,0.04727878722090684,0.9442125967959947,2772,130,0.00801311236568931,ok
household,mech,provyear,co-occurrence,rentin_and_nonfarm_ge2,Rent-in and >=2 nonfarm workers,farm_income,high-instability total,0.005984130653777519,0.04947202734644258,0.9037228103156466,2772,130,0.00801311236568931,ok
household,mech,stackyear,co-occurrence,rentin_and_nonfarm_ge2,Rent-in and >=2 nonfarm workers,baseline_bundle,low-instability DID,0.01140021452684863,0.010567564047180636,0.2806799989494605,2540,131,0.00801311236568931,ok
household,mech,stackyear,co-occurrence,rentin_and_nonfarm_ge2,Rent-in and >=2 nonfarm workers,baseline_bundle,high-minus-low differential,-0.007806746800472802,0.050861689511010916,0.8780120915615103,2540,131,0.00801311236568931,ok
household,mech,stackyear,co-occurrence,rentin_and_nonfarm_ge2,Rent-in and >=2 nonfarm workers,baseline_bundle,high-instability total,0.003593467726375828,0.04974218456350521,0.942409436028639,2540,131,0.00801311236568931,ok
household,mech,provyear,co-occurrence,rentin_and_nonfarm_ge2,Rent-in and >=2 nonfarm workers,baseline_bundle,low-instability DID,0.005770325951275199,0.017039143088858826,0.7348725205960427,2532,128,0.00801311236568931,ok
household,mech,provyear,co-occurrence,rentin_and_nonfarm_ge2,Rent-in and >=2 nonfarm workers,baseline_bundle,high-minus-low differential,-0.016080328614682143,0.05012476645109937,0.748357370036757,2532,128,0.00801311236568931,ok
household,mech,provyear,co-occurrence,rentin_and_nonfarm_ge2,Rent-in and >=2 nonfarm workers,baseline_bundle,high-instability total,-0.010310002663406944,0.05353194769148616,0.8472759094213538,2532,128,0.00801311236568931,ok
household,mech,stackyear,co-occurrence,rentin_and_farm_any,Rent-in and own-farm production,none,low-instability DID,-0.04953850583453107,0.049897519438894145,0.32080500212663177,3188,140,0.12650273224043715,ok
household,mech,stackyear,co-occurrence,rentin_and_farm_any,Rent-in and own-farm production,none,high-minus-low differential,0.1680806121356193,0.06332739015166317,0.007950765729661668,3188,140,0.12650273224043715,ok
household,mech,stackyear,co-occurrence,rentin_and_farm_any,Rent-in and own-farm production,none,high-instability total,0.11854210630108825,0.039131744021502705,0.0024511462784083684,3188,140,0.12650273224043715,ok
household,mech,provyear,co-occurrence,rentin_and_farm_any,Rent-in and own-farm production,none,low-instability DID,-0.18155854788650755,0.09069110658222973,0.04529071768333133,3182,139,0.12650273224043715,ok
household,mech,provyear,co-occurrence,rentin_and_farm_any,Rent-in and own-farm production,none,high-minus-low differential,0.07730394182165953,0.05320062896010089,0.14620586470671465,3182,139,0.12650273224043715,ok
household,mech,provyear,co-occurrence,rentin_and_farm_any,Rent-in and own-farm production,none,high-instability total,-0.10425460606484802,0.10418636792947583,0.3169936482941058,3182,139,0.12650273224043715,ok
household,mech,stackyear,co-occurrence,rentin_and_farm_any,Rent-in and own-farm production,farm_income,low-instability DID,-0.0653278622598021,0.05420128741847137,0.22809426973504998,2776,132,0.12650273224043715,ok
household,mech,stackyear,co-occurrence,rentin_and_farm_any,Rent-in and own-farm production,farm_income,high-minus-low differential,0.15498568456039838,0.0638879710293311,0.015270572404455205,2776,132,0.12650273224043715,ok
household,mech,stackyear,co-occurrence,rentin_and_farm_any,Rent-in and own-farm production,farm_income,high-instability total,0.08965782230059628,0.034150176464924006,0.00865476068103742,2776,132,0.12650273224043715,ok
household,mech,provyear,co-occurrence,rentin_and_farm_any,Rent-in and own-farm production,farm_income,low-instability DID,-0.17949574951976027,0.09045889931170922,0.04722467785336002,2770,130,0.12650273224043715,ok
household,mech,provyear,co-occurrence,rentin_and_farm_any,Rent-in and own-farm production,farm_income,high-minus-low differential,0.09384373225414147,0.05851623534679046,0.10877550157686953,2770,130,0.12650273224043715,ok
household,mech,provyear,co-occurrence,rentin_and_farm_any,Rent-in and own-farm production,farm_income,high-instability total,-0.0856520172656188,0.1066056185797631,0.42171613231293803,2770,130,0.12650273224043715,ok
household,mech,stackyear,co-occurrence,rentin_and_farm_any,Rent-in and own-farm production,baseline_bundle,low-instability DID,-0.0703968536738817,0.0591824420507765,0.23424736443882843,2540,131,0.12650273224043715,ok
household,mech,stackyear,co-occurrence,rentin_and_farm_any,Rent-in and own-farm production,baseline_bundle,high-minus-low differential,0.1784200853480288,0.06950074862337668,0.010253297588132548,2540,131,0.12650273224043715,ok
household,mech,stackyear,co-occurrence,rentin_and_farm_any,Rent-in and own-farm production,baseline_bundle,high-instability total,0.10802323167414711,0.03666307532157412,0.00321520552670074,2540,131,0.12650273224043715,ok
household,mech,provyear,co-occurrence,rentin_and_farm_any,Rent-in and own-farm production,baseline_bundle,low-instability DID,-0.19313474182941248,0.09088099349560418,0.03357501783426285,2532,128,0.12650273224043715,ok
household,mech,provyear,co-occurrence,rentin_and_farm_any,Rent-in and own-farm production,baseline_bundle,high-minus-low differential,0.11630563600776256,0.0636530453813695,0.06767255751922797,2532,128,0.12650273224043715,ok
household,mech,provyear,co-occurrence,rentin_and_farm_any,Rent-in and own-farm production,baseline_bundle,high-instability total,-0.07682910582164992,0.11044898986086281,0.4866748942444836,2532,128,0.12650273224043715,ok
household,mech,stackyear,co-occurrence,rentin_no_abandon,Rent-in without abandonment,none,low-instability DID,-0.03696016340810049,0.050923707618319755,0.4679645604816701,3166,140,0.12641578370478626,ok
household,mech,stackyear,co-occurrence,rentin_no_abandon,Rent-in without abandonment,none,high-minus-low differential,0.18660483299446484,0.059214715454024035,0.0016253134119862663,3166,140,0.12641578370478626,ok
household,mech,stackyear,co-occurrence,rentin_no_abandon,Rent-in without abandonment,none,high-instability total,0.14964466958636435,0.03041794048914495,8.671295840075718e-07,3166,140,0.12641578370478626,ok
household,mech,provyear,co-occurrence,rentin_no_abandon,Rent-in without abandonment,none,low-instability DID,-0.14286052242618774,0.11137605492113929,0.1996020561948716,3160,139,0.12641578370478626,ok
household,mech,provyear,co-occurrence,rentin_no_abandon,Rent-in without abandonment,none,high-minus-low differential,0.1058852620503068,0.04921156902959289,0.031426229018076776,3160,139,0.12641578370478626,ok
household,mech,provyear,co-occurrence,rentin_no_abandon,Rent-in without abandonment,none,high-instability total,-0.03697526037588095,0.12124300571487048,0.7603903773163818,3160,139,0.12641578370478626,ok
household,mech,stackyear,co-occurrence,rentin_no_abandon,Rent-in without abandonment,farm_income,low-instability DID,-0.04724524652401837,0.055976392821577695,0.398657715995689,2756,132,0.12641578370478626,ok
household,mech,stackyear,co-occurrence,rentin_no_abandon,Rent-in without abandonment,farm_income,high-minus-low differential,0.16237235463443458,0.06470474860724065,0.01209245011474631,2756,132,0.12641578370478626,ok
household,mech,stackyear,co-occurrence,rentin_no_abandon,Rent-in without abandonment,farm_income,high-instability total,0.11512710811041621,0.03287909051008045,0.00046259560982837345,2756,132,0.12641578370478626,ok
household,mech,provyear,co-occurrence,rentin_no_abandon,Rent-in without abandonment,farm_income,low-instability DID,-0.14166083349715702,0.11164279352170553,0.20448538214396694,2750,130,0.12641578370478626,ok
household,mech,provyear,co-occurrence,rentin_no_abandon,Rent-in without abandonment,farm_income,high-minus-low differential,0.11141990381426825,0.058679399485485596,0.05759198748304097,2750,130,0.12641578370478626,ok
household,mech,provyear,co-occurrence,rentin_no_abandon,Rent-in without abandonment,farm_income,high-instability total,-0.030240929682888773,0.12475944915384496,0.8084749590706165,2750,130,0.12641578370478626,ok
household,mech,stackyear,co-occurrence,rentin_no_abandon,Rent-in without abandonment,baseline_bundle,low-instability DID,-0.045716490508792076,0.06147058878500202,0.4570499801408999,2528,131,0.12641578370478626,ok
household,mech,stackyear,co-occurrence,rentin_no_abandon,Rent-in without abandonment,baseline_bundle,high-minus-low differential,0.14681366438127794,0.06895031074302323,0.033232124760369824,2528,131,0.12641578370478626,ok
household,mech,stackyear,co-occurrence,rentin_no_abandon,Rent-in without abandonment,baseline_bundle,high-instability total,0.10109717387248586,0.031532692561435885,0.0013454413367436182,2528,131,0.12641578370478626,ok
household,mech,provyear,co-occurrence,rentin_no_abandon,Rent-in without abandonment,baseline_bundle,low-instability DID,-0.1530378343261871,0.11547454285299967,0.18507332655538367,2520,128,0.12641578370478626,ok
household,mech,provyear,co-occurrence,rentin_no_abandon,Rent-in without abandonment,baseline_bundle,high-minus-low differential,0.09687956238648907,0.06260620237631215,0.12175633307374117,2520,128,0.12641578370478626,ok
household,mech,provyear,co-occurrence,rentin_no_abandon,Rent-in without abandonment,baseline_bundle,high-instability total,-0.05615827193969802,0.13053122250754207,0.6670293214818481,2520,128,0.12641578370478626,ok
household,mech,stackyear,co-occurrence,nonfarm_ge2_no_rentin,>=2 nonfarm workers without rent-in,none,low-instability DID,-0.003187015130858375,0.029429602669775404,0.9137634053650588,3190,140,0.10407940265889637,ok
household,mech,stackyear,co-occurrence,nonfarm_ge2_no_rentin,>=2 nonfarm workers without rent-in,none,high-minus-low differential,0.08941803199084523,0.04639827561613026,0.05395665598015841,3190,140,0.10407940265889637,ok
household,mech,stackyear,co-occurrence,nonfarm_ge2_no_rentin,>=2 nonfarm workers without rent-in,none,high-instability total,0.08623101685998685,0.03584165824989824,0.016133208251986723,3190,140,0.10407940265889637,ok
household,mech,provyear,co-occurrence,nonfarm_ge2_no_rentin,>=2 nonfarm workers without rent-in,none,low-instability DID,0.022707674088209742,0.073034107478511,0.7558623828962451,3184,139,0.10407940265889637,ok
household,mech,provyear,co-occurrence,nonfarm_ge2_no_rentin,>=2 nonfarm workers without rent-in,none,high-minus-low differential,0.1448188034799846,0.05452303801241093,0.007904947181108016,3184,139,0.10407940265889637,ok
household,mech,provyear,co-occurrence,nonfarm_ge2_no_rentin,>=2 nonfarm workers without rent-in,none,high-instability total,0.16752647756819433,0.09136141608392422,0.06670333626002518,3184,139,0.10407940265889637,ok
household,mech,stackyear,co-occurrence,nonfarm_ge2_no_rentin,>=2 nonfarm workers without rent-in,farm_income,low-instability DID,-0.025208113337574726,0.032269917097286,0.4347057558847125,2778,132,0.10407940265889637,ok
household,mech,stackyear,co-occurrence,nonfarm_ge2_no_rentin,>=2 nonfarm workers without rent-in,farm_income,high-minus-low differential,0.087465286669743,0.05365550963494202,0.10307469097894974,2778,132,0.10407940265889637,ok
household,mech,stackyear,co-occurrence,nonfarm_ge2_no_rentin,>=2 nonfarm workers without rent-in,farm_income,high-instability total,0.06225717333216828,0.04297079586161152,0.14738639513754684,2778,132,0.10407940265889637,ok
household,mech,provyear,co-occurrence,nonfarm_ge2_no_rentin,>=2 nonfarm workers without rent-in,farm_income,low-instability DID,0.01867018116002048,0.07307508185393977,0.7983422514610898,2772,130,0.10407940265889637,ok
household,mech,provyear,co-occurrence,nonfarm_ge2_no_rentin,>=2 nonfarm workers without rent-in,farm_income,high-minus-low differential,0.12062048763727946,0.06311971057700146,0.05600718550683541,2772,130,0.10407940265889637,ok
household,mech,provyear,co-occurrence,nonfarm_ge2_no_rentin,>=2 nonfarm workers without rent-in,farm_income,high-instability total,0.13929066879729995,0.09767521517324351,0.15385116707849666,2772,130,0.10407940265889637,ok
household,mech,stackyear,co-occurrence,nonfarm_ge2_no_rentin,>=2 nonfarm workers without rent-in,baseline_bundle,low-instability DID,0.007271126896290731,0.0345013836152329,0.8330832543268354,2540,131,0.10407940265889637,ok
household,mech,stackyear,co-occurrence,nonfarm_ge2_no_rentin,>=2 nonfarm workers without rent-in,baseline_bundle,high-minus-low differential,0.021892666451997465,0.07844281671554544,0.7801751630269789,2540,131,0.10407940265889637,ok
household,mech,stackyear,co-occurrence,nonfarm_ge2_no_rentin,>=2 nonfarm workers without rent-in,baseline_bundle,high-instability total,0.029163793348288197,0.0703639654028292,0.678529510722083,2540,131,0.10407940265889637,ok
household,mech,provyear,co-occurrence,nonfarm_ge2_no_rentin,>=2 nonfarm workers without rent-in,baseline_bundle,low-instability DID,-0.06251649967201776,0.05704188287736224,0.27308954573509625,2532,128,0.10407940265889637,ok
household,mech,provyear,co-occurrence,nonfarm_ge2_no_rentin,>=2 nonfarm workers without rent-in,baseline_bundle,high-minus-low differential,0.020810039563894593,0.08654917488861665,0.8099877752524475,2532,128,0.10407940265889637,ok
household,mech,provyear,co-occurrence,nonfarm_ge2_no_rentin,>=2 nonfarm workers without rent-in,baseline_bundle,high-instability total,-0.04170646010812317,0.10536587817212556,0.6922340529212772,2532,128,0.10407940265889637,ok
household,adjacent,stackyear,land-reallocation,any_rentin,Any rented-in land,none,low-instability DID,-0.05528165456508859,0.051641764087815456,0.28440174774570104,2992,135,0.1260217152616811,ok
household,adjacent,stackyear,land-reallocation,any_rentin,Any rented-in land,none,high-minus-low differential,0.18625300277741397,0.06147246199569489,0.0024466647637467346,2992,135,0.1260217152616811,ok
household,adjacent,stackyear,land-reallocation,any_rentin,Any rented-in land,none,high-instability total,0.13097134821232537,0.033572884669341614,9.575460459215236e-05,2992,135,0.1260217152616811,ok
household,adjacent,provyear,land-reallocation,any_rentin,Any rented-in land,none,low-instability DID,-0.1549943373752042,0.1097108218183034,0.15772824212202707,2986,133,0.1260217152616811,ok
household,adjacent,provyear,land-reallocation,any_rentin,Any rented-in land,none,high-minus-low differential,0.1157730305632867,0.053886865867778445,0.031678328380115736,2986,133,0.1260217152616811,ok
household,adjacent,provyear,land-reallocation,any_rentin,Any rented-in land,none,high-instability total,-0.03922130681191752,0.12082915127788196,0.7454827979227407,2986,133,0.1260217152616811,ok
household,adjacent,stackyear,land-reallocation,any_rentin,Any rented-in land,farm_income,low-instability DID,-0.05546821218927514,0.05631064614170783,0.32460465612515477,2758,132,0.1260217152616811,ok
household,adjacent,stackyear,land-reallocation,any_rentin,Any rented-in land,farm_income,high-minus-low differential,0.17135718765223107,0.06721116879364317,0.010786686538833332,2758,132,0.1260217152616811,ok
household,adjacent,stackyear,land-reallocation,any_rentin,Any rented-in land,farm_income,high-instability total,0.11588897546295593,0.03722766033843442,0.0018520834262342098,2758,132,0.1260217152616811,ok
household,adjacent,provyear,land-reallocation,any_rentin,Any rented-in land,farm_income,low-instability DID,-0.15255729528500067,0.10931267019966107,0.16283351400840584,2752,130,0.1260217152616811,ok
household,adjacent,provyear,land-reallocation,any_rentin,Any rented-in land,farm_income,high-minus-low differential,0.117528452475995,0.06089201062693045,0.05359285599885997,2752,130,0.1260217152616811,ok
household,adjacent,provyear,land-reallocation,any_rentin,Any rented-in land,farm_income,high-instability total,-0.03502884280900567,0.12351548119464735,0.7767178533511354,2752,130,0.1260217152616811,ok
household,adjacent,stackyear,land-reallocation,any_rentin,Any rented-in land,baseline_bundle,low-instability DID,-0.05659147529455618,0.06085606574157125,0.3524107827385168,2520,131,0.1260217152616811,ok
household,adjacent,stackyear,land-reallocation,any_rentin,Any rented-in land,baseline_bundle,high-minus-low differential,0.16144796077416546,0.07057102829933114,0.022152834839787115,2520,131,0.1260217152616811,ok
household,adjacent,stackyear,land-reallocation,any_rentin,Any rented-in land,baseline_bundle,high-instability total,0.10485648547960927,0.03618412701429387,0.00375719880415726,2520,131,0.1260217152616811,ok
household,adjacent,provyear,land-reallocation,any_rentin,Any rented-in land,baseline_bundle,low-instability DID,-0.16318616113664486,0.11319611687216656,0.14940866775526918,2512,128,0.1260217152616811,ok
household,adjacent,provyear,land-reallocation,any_rentin,Any rented-in land,baseline_bundle,high-minus-low differential,0.10788312833093029,0.06456710831427125,0.09474771304219694,2512,128,0.1260217152616811,ok
household,adjacent,provyear,land-reallocation,any_rentin,Any rented-in land,baseline_bundle,high-instability total,-0.055303032805714566,0.12922253372157394,0.6686748492474239,2512,128,0.1260217152616811,ok
household,adjacent,stackyear,land-reallocation,asinh_rentin,asinh rented-in area,none,low-instability DID,-0.11276906338981287,0.09314864412622786,0.22603509931111876,2986,135,0.26419062794158865,ok
household,adjacent,stackyear,land-reallocation,asinh_rentin,asinh rented-in area,none,high-minus-low differential,0.3783330447773965,0.13725411945030377,0.0058433942089695205,2986,135,0.26419062794158865,ok
household,adjacent,stackyear,land-reallocation,asinh_rentin,asinh rented-in area,none,high-instability total,0.26556398138758364,0.1014110941816431,0.00882687251224967,2986,135,0.26419062794158865,ok
household,adjacent,provyear,land-reallocation,asinh_rentin,asinh rented-in area,none,low-instability DID,-0.16662498747769353,0.21689575620478574,0.4423528519481612,2980,133,0.26419062794158865,ok
household,adjacent,provyear,land-reallocation,asinh_rentin,asinh rented-in area,none,high-minus-low differential,0.24183235878620335,0.12331860214480271,0.04987469063198834,2980,133,0.26419062794158865,ok
household,adjacent,provyear,land-reallocation,asinh_rentin,asinh rented-in area,none,high-instability total,0.07520737130850982,0.24686593346681676,0.7606337691601652,2980,133,0.26419062794158865,ok
household,adjacent,stackyear,land-reallocation,asinh_rentin,asinh rented-in area,farm_income,low-instability DID,-0.12161579603581628,0.10166586619741805,0.23160667509954347,2752,132,0.26419062794158865,ok
household,adjacent,stackyear,land-reallocation,asinh_rentin,asinh rented-in area,farm_income,high-minus-low differential,0.3458761819874628,0.1345660836555017,0.010160834933419693,2752,132,0.26419062794158865,ok
household,adjacent,stackyear,land-reallocation,asinh_rentin,asinh rented-in area,farm_income,high-instability total,0.2242603859516465,0.08909003819461674,0.011828057337393979,2752,132,0.26419062794158865,ok
household,adjacent,provyear,land-reallocation,asinh_rentin,asinh rented-in area,farm_income,low-instability DID,-0.16465538133961313,0.21884742331933793,0.4518254357833559,2746,130,0.26419062794158865,ok
household,adjacent,provyear,land-reallocation,asinh_rentin,asinh rented-in area,farm_income,high-minus-low differential,0.23581902796749188,0.124219861436406,0.05764336404542801,2746,130,0.26419062794158865,ok
household,adjacent,provyear,land-reallocation,asinh_rentin,asinh rented-in area,farm_income,high-instability total,0.07116364662787875,0.24876241354635636,0.7748239449460699,2746,130,0.26419062794158865,ok
household,adjacent,stackyear,land-reallocation,asinh_rentin,asinh rented-in area,baseline_bundle,low-instability DID,-0.12375766105062427,0.1114416908790899,0.2667772000674584,2514,131,0.26419062794158865,ok
household,adjacent,stackyear,land-reallocation,asinh_rentin,asinh rented-in area,baseline_bundle,high-minus-low differential,0.3448126876901082,0.14681193091845385,0.018840627504428886,2514,131,0.26419062794158865,ok
household,adjacent,stackyear,land-reallocation,asinh_rentin,asinh rented-in area,baseline_bundle,high-instability total,0.22105502663948393,0.09632966472954009,0.021745950488654835,2514,131,0.26419062794158865,ok
household,adjacent,provyear,land-reallocation,asinh_rentin,asinh rented-in area,baseline_bundle,low-instability DID,-0.18000020131753863,0.23067986124266773,0.4352125128327602,2506,128,0.26419062794158865,ok
household,adjacent,provyear,land-reallocation,asinh_rentin,asinh rented-in area,baseline_bundle,high-minus-low differential,0.23418469579980178,0.13218642251263518,0.0764569211479015,2506,128,0.26419062794158865,ok
household,adjacent,provyear,land-reallocation,asinh_rentin,asinh rented-in area,baseline_bundle,high-instability total,0.054184494482263146,0.2654264167877697,0.838243079016444,2506,128,0.26419062794158865,ok
household,adjacent,stackyear,land-reallocation,rentin_mu,Rented-in area (mu),none,low-instability DID,-0.685493905399512,0.39616272580866996,0.08357058609087224,2986,135,1.0745384521335126,ok
household,adjacent,stackyear,land-reallocation,rentin_mu,Rented-in area (mu),none,high-minus-low differential,1.8895582601542185,0.88963504500598,0.03367264155678558,2986,135,1.0745384521335126,ok
household,adjacent,stackyear,land-reallocation,rentin_mu,Rented-in area (mu),none,high-instability total,1.2040643547547063,0.8260158320941785,0.14492956954776778,2986,135,1.0745384521335126,ok
household,adjacent,provyear,land-reallocation,rentin_mu,Rented-in area (mu),none,low-instability DID,-0.11981389063862452,0.5325522613899815,0.8219944199148408,2980,133,1.0745384521335126,ok
household,adjacent,provyear,land-reallocation,rentin_mu,Rented-in area (mu),none,high-minus-low differential,1.3214928888491226,0.7602085213831323,0.08215277352979689,2980,133,1.0745384521335126,ok
household,adjacent,provyear,land-reallocation,rentin_mu,Rented-in area (mu),none,high-instability total,1.201678998210498,0.8400810334745159,0.15259299932676984,2980,133,1.0745384521335126,ok
household,adjacent,stackyear,land-reallocation,rentin_mu,Rented-in area (mu),farm_income,low-instability DID,-0.7535852836066874,0.4305303229391082,0.08005532139846526,2752,132,1.0745384521335126,ok
household,adjacent,stackyear,land-reallocation,rentin_mu,Rented-in area (mu),farm_income,high-minus-low differential,1.2205389055464004,0.5567913255447594,0.028372722298304214,2752,132,1.0745384521335126,ok
household,adjacent,stackyear,land-reallocation,rentin_mu,Rented-in area (mu),farm_income,high-instability total,0.466953621939713,0.36276876869586566,0.19802683221646067,2752,132,1.0745384521335126,ok
household,adjacent,provyear,land-reallocation,rentin_mu,Rented-in area (mu),farm_income,low-instability DID,0.015343130980284558,0.48118680160209437,0.974562949051812,2746,130,1.0745384521335126,ok
household,adjacent,provyear,land-reallocation,rentin_mu,Rented-in area (mu),farm_income,high-minus-low differential,0.8439982440552614,0.5872565086340306,0.15066446717757725,2746,130,1.0745384521335126,ok
household,adjacent,provyear,land-reallocation,rentin_mu,Rented-in area (mu),farm_income,high-instability total,0.8593413750355459,0.7212136635594389,0.233449036331544,2746,130,1.0745384521335126,ok
household,adjacent,stackyear,land-reallocation,rentin_mu,Rented-in area (mu),baseline_bundle,low-instability DID,-0.7839852377816847,0.4527284179306021,0.08332878634027314,2514,131,1.0745384521335126,ok
household,adjacent,stackyear,land-reallocation,rentin_mu,Rented-in area (mu),baseline_bundle,high-minus-low differential,1.1802537777345905,0.5993478745769404,0.048926692498979435,2514,131,1.0745384521335126,ok
household,adjacent,stackyear,land-reallocation,rentin_mu,Rented-in area (mu),baseline_bundle,high-instability total,0.3962685399529058,0.39976462340861446,0.3215612535043981,2514,131,1.0745384521335126,ok
household,adjacent,provyear,land-reallocation,rentin_mu,Rented-in area (mu),baseline_bundle,low-instability DID,-0.04284952460610519,0.5393517191406862,0.936677604399052,2506,128,1.0745384521335126,ok
household,adjacent,provyear,land-reallocation,rentin_mu,Rented-in area (mu),baseline_bundle,high-minus-low differential,0.7961480146161451,0.5958733618788318,0.18151570381031357,2506,128,1.0745384521335126,ok
household,adjacent,provyear,land-reallocation,rentin_mu,Rented-in area (mu),baseline_bundle,high-instability total,0.75329849001004,0.7724965281341365,0.32948682244280814,2506,128,1.0745384521335126,ok
household,adjacent,stackyear,land-reallocation,any_abandon,Any abandoned/idle land,none,low-instability DID,-0.016090062036721784,0.031322482991835245,0.607468392982779,3014,136,0.13502983075611835,ok
household,adjacent,stackyear,land-reallocation,any_abandon,Any abandoned/idle land,none,high-minus-low differential,0.04149093409820575,0.050125186890151795,0.4078142361093051,3014,136,0.13502983075611835,ok
household,adjacent,stackyear,land-reallocation,any_abandon,Any abandoned/idle land,none,high-instability total,0.025400872061483965,0.039870055672412724,0.5240652695848375,3014,136,0.13502983075611835,ok
household,adjacent,provyear,land-reallocation,any_abandon,Any abandoned/idle land,none,low-instability DID,0.07421438920512965,0.08799989158736556,0.39903475588493875,3008,134,0.13502983075611835,ok
household,adjacent,provyear,land-reallocation,any_abandon,Any abandoned/idle land,none,high-minus-low differential,0.09321150375334024,0.05843394789274634,0.110676432597103,3008,134,0.13502983075611835,ok
household,adjacent,provyear,land-reallocation,any_abandon,Any abandoned/idle land,none,high-instability total,0.16742589295846988,0.10192744723872976,0.10046598864632793,3008,134,0.13502983075611835,ok
household,adjacent,stackyear,land-reallocation,any_abandon,Any abandoned/idle land,farm_income,low-instability DID,-0.0025102928558007652,0.03120721245174302,0.9358877048299601,2776,132,0.13502983075611835,ok
household,adjacent,stackyear,land-reallocation,any_abandon,Any abandoned/idle land,farm_income,high-minus-low differential,0.026101639444711045,0.05378935087345028,0.6274943118352976,2776,132,0.13502983075611835,ok
household,adjacent,stackyear,land-reallocation,any_abandon,Any abandoned/idle land,farm_income,high-instability total,0.02359134658891028,0.04463687714950244,0.5971405792238975,2776,132,0.13502983075611835,ok
household,adjacent,provyear,land-reallocation,any_abandon,Any abandoned/idle land,farm_income,low-instability DID,0.0855341841440777,0.08425158053315202,0.3099993028079747,2770,130,0.13502983075611835,ok
household,adjacent,provyear,land-reallocation,any_abandon,Any abandoned/idle land,farm_income,high-minus-low differential,0.08485847187225815,0.05157252711787008,0.09988321072277699,2770,130,0.13502983075611835,ok
household,adjacent,provyear,land-reallocation,any_abandon,Any abandoned/idle land,farm_income,high-instability total,0.17039265601633585,0.09585835822781348,0.07547842409061788,2770,130,0.13502983075611835,ok
household,adjacent,stackyear,land-reallocation,any_abandon,Any abandoned/idle land,baseline_bundle,low-instability DID,-0.013470364914769946,0.02943945274806633,0.647267392656933,2544,131,0.13502983075611835,ok
household,adjacent,stackyear,land-reallocation,any_abandon,Any abandoned/idle land,baseline_bundle,high-minus-low differential,0.03263010330449893,0.055332327630503865,0.555384164218404,2544,131,0.13502983075611835,ok
household,adjacent,stackyear,land-reallocation,any_abandon,Any abandoned/idle land,baseline_bundle,high-instability total,0.01915973838972898,0.047549153034666676,0.6869879908957166,2544,131,0.13502983075611835,ok
household,adjacent,provyear,land-reallocation,any_abandon,Any abandoned/idle land,baseline_bundle,low-instability DID,0.031810621824068325,0.0711131336346093,0.6546410348926581,2536,128,0.13502983075611835,ok
household,adjacent,provyear,land-reallocation,any_abandon,Any abandoned/idle land,baseline_bundle,high-minus-low differential,0.08163403728939397,0.05528912136489266,0.13981141537180575,2536,128,0.13502983075611835,ok
household,adjacent,provyear,land-reallocation,any_abandon,Any abandoned/idle land,baseline_bundle,high-instability total,0.1134446591134623,0.08905825701717726,0.20272534408299225,2536,128,0.13502983075611835,ok
household,adjacent,stackyear,land-reallocation,asinh_abandon,asinh abandoned/idle area,none,low-instability DID,-0.041654681101403926,0.05415667654619436,0.44180346495834855,3002,136,0.18626433175899682,ok
household,adjacent,stackyear,land-reallocation,asinh_abandon,asinh abandoned/idle area,none,high-minus-low differential,0.12592741786360653,0.10035796818277336,0.20955774280971506,3002,136,0.18626433175899682,ok
household,adjacent,stackyear,land-reallocation,asinh_abandon,asinh abandoned/idle area,none,high-instability total,0.08427273676220261,0.08577935570000095,0.32588504267361473,3002,136,0.18626433175899682,ok
household,adjacent,provyear,land-reallocation,asinh_abandon,asinh abandoned/idle area,none,low-instability DID,0.13522777006291584,0.14679106347551446,0.3569323547365084,2996,134,0.18626433175899682,ok
household,adjacent,provyear,land-reallocation,asinh_abandon,asinh abandoned/idle area,none,high-minus-low differential,0.18286190867332391,0.12957877584714886,0.15818487626659827,2996,134,0.18626433175899682,ok
household,adjacent,provyear,land-reallocation,asinh_abandon,asinh abandoned/idle area,none,high-instability total,0.3180896787362397,0.19218526688012944,0.09790015889122203,2996,134,0.18626433175899682,ok
household,adjacent,stackyear,land-reallocation,asinh_abandon,asinh abandoned/idle area,farm_income,low-instability DID,-0.01613754009776365,0.045602409103134796,0.7234327675804718,2766,132,0.18626433175899682,ok
household,adjacent,stackyear,land-reallocation,asinh_abandon,asinh abandoned/idle area,farm_income,high-minus-low differential,0.1017180203840165,0.11163490310895129,0.36220748015305715,2766,132,0.18626433175899682,ok
household,adjacent,stackyear,land-reallocation,asinh_abandon,asinh abandoned/idle area,farm_income,high-instability total,0.08558048028625286,0.10330147792158222,0.4074136675282285,2766,132,0.18626433175899682,ok
household,adjacent,provyear,land-reallocation,asinh_abandon,asinh abandoned/idle area,farm_income,low-instability DID,0.15157151653427187,0.1413255169885542,0.2834958329841938,2760,130,0.18626433175899682,ok
household,adjacent,provyear,land-reallocation,asinh_abandon,asinh abandoned/idle area,farm_income,high-minus-low differential,0.15921382127649356,0.11678045110041232,0.17276901227361408,2760,130,0.18626433175899682,ok
household,adjacent,provyear,land-reallocation,asinh_abandon,asinh abandoned/idle area,farm_income,high-instability total,0.31078533781076545,0.1827485302934028,0.08901484707006058,2760,130,0.18626433175899682,ok
household,adjacent,stackyear,land-reallocation,asinh_abandon,asinh abandoned/idle area,baseline_bundle,low-instability DID,-0.02410624462376258,0.04829586870256279,0.6176830248408598,2538,131,0.18626433175899682,ok
household,adjacent,stackyear,land-reallocation,asinh_abandon,asinh abandoned/idle area,baseline_bundle,high-minus-low differential,0.11406358217044753,0.11751410684560987,0.3317288959671545,2538,131,0.18626433175899682,ok
household,adjacent,stackyear,land-reallocation,asinh_abandon,asinh abandoned/idle area,baseline_bundle,high-instability total,0.08995733754668495,0.10833975309599872,0.40635436805088754,2538,131,0.18626433175899682,ok
household,adjacent,provyear,land-reallocation,asinh_abandon,asinh abandoned/idle area,baseline_bundle,low-instability DID,0.09535709929704556,0.12480057231468124,0.44482206240340916,2530,128,0.18626433175899682,ok
household,adjacent,provyear,land-reallocation,asinh_abandon,asinh abandoned/idle area,baseline_bundle,high-minus-low differential,0.17258148391381695,0.12602586694063256,0.17087015491464075,2530,128,0.18626433175899682,ok
household,adjacent,provyear,land-reallocation,asinh_abandon,asinh abandoned/idle area,baseline_bundle,high-instability total,0.2679385832108625,0.17734611253619695,0.13083355679072606,2530,128,0.18626433175899682,ok
household,adjacent,stackyear,land-state,expand_state,Rent-in without abandonment,none,low-instability DID,-0.04747907272076051,0.05167392059353889,0.35818931449893765,2968,135,0.11101591187270501,ok
household,adjacent,stackyear,land-state,expand_state,Rent-in without abandonment,none,high-minus-low differential,0.18565057098437576,0.06033251517520688,0.0020900902678686177,2968,135,0.11101591187270501,ok
household,adjacent,stackyear,land-state,expand_state,Rent-in without abandonment,none,high-instability total,0.13817149826361524,0.03140847195926939,1.0866104662313827e-05,2968,135,0.11101591187270501,ok
household,adjacent,provyear,land-state,expand_state,Rent-in without abandonment,none,low-instability DID,-0.1416899021831105,0.11106904919323195,0.2020644027680265,2962,133,0.11101591187270501,ok
household,adjacent,provyear,land-state,expand_state,Rent-in without abandonment,none,high-minus-low differential,0.12177578582150338,0.05324881456268686,0.022200485536920014,2962,133,0.11101591187270501,ok
household,adjacent,provyear,land-state,expand_state,Rent-in without abandonment,none,high-instability total,-0.01991411636160713,0.12264062858073155,0.8710083460692909,2962,133,0.11101591187270501,ok
household,adjacent,stackyear,land-state,expand_state,Rent-in without abandonment,farm_income,low-instability DID,-0.04724524652401859,0.05597669041293083,0.39866022336161655,2736,132,0.11101591187270501,ok
household,adjacent,stackyear,land-state,expand_state,Rent-in without abandonment,farm_income,high-minus-low differential,0.162372354634434,0.06470509260161772,0.012092906890185037,2736,132,0.11101591187270501,ok
household,adjacent,stackyear,land-state,expand_state,Rent-in without abandonment,farm_income,high-instability total,0.1151271081104154,0.03287926530727753,0.0004626279278786218,2736,132,0.11101591187270501,ok
household,adjacent,provyear,land-state,expand_state,Rent-in without abandonment,farm_income,low-instability DID,-0.14166083349715736,0.11164338966172788,0.20448779904749803,2730,130,0.11101591187270501,ok
household,adjacent,provyear,land-state,expand_state,Rent-in without abandonment,farm_income,high-minus-low differential,0.1114199038142688,0.05867971281547696,0.05759332110050397,2730,130,0.11101591187270501,ok
household,adjacent,provyear,land-state,expand_state,Rent-in without abandonment,farm_income,high-instability total,-0.03024092968288855,0.12476011533272392,0.8084759618801829,2730,130,0.11101591187270501,ok
household,adjacent,stackyear,land-state,expand_state,Rent-in without abandonment,baseline_bundle,low-instability DID,-0.045716490508792285,0.06147156296706762,0.4570571120725897,2508,131,0.11101591187270501,ok
household,adjacent,stackyear,land-state,expand_state,Rent-in without abandonment,baseline_bundle,high-minus-low differential,0.1468136643812769,0.06895140346320906,0.033234915079121664,2508,131,0.11101591187270501,ok
household,adjacent,stackyear,land-state,expand_state,Rent-in without abandonment,baseline_bundle,high-instability total,0.10109717387248462,0.03153319228950857,0.0013456789314446787,2508,131,0.11101591187270501,ok
household,adjacent,provyear,land-state,expand_state,Rent-in without abandonment,baseline_bundle,low-instability DID,-0.15303783432618734,0.11547638459888807,0.1850803345915727,2500,128,0.11101591187270501,ok
household,adjacent,provyear,land-state,expand_state,Rent-in without abandonment,baseline_bundle,high-minus-low differential,0.09687956238648884,0.0626072009050824,0.12176228041283088,2500,128,0.11101591187270501,ok
household,adjacent,provyear,land-state,expand_state,Rent-in without abandonment,baseline_bundle,high-instability total,-0.056158271939698495,0.13053330439793928,0.6670343124330766,2500,128,0.11101591187270501,ok
household,adjacent,stackyear,land-state,idle_state,Abandonment without rent-in,none,low-instability DID,-0.008948997051144186,0.03113888526806859,0.7738138939264467,2968,135,0.12031823745410036,ok
household,adjacent,stackyear,land-state,idle_state,Abandonment without rent-in,none,high-minus-low differential,0.03966096301498971,0.04984131766680133,0.4261804557480843,2968,135,0.12031823745410036,ok
household,adjacent,stackyear,land-state,idle_state,Abandonment without rent-in,none,high-instability total,0.030711965963845525,0.03952235481952098,0.43711255089482803,2968,135,0.12031823745410036,ok
household,adjacent,provyear,land-state,idle_state,Abandonment without rent-in,none,low-instability DID,0.08713269187155974,0.08923881571957419,0.3288667688638357,2962,133,0.12031823745410036,ok
household,adjacent,provyear,land-state,idle_state,Abandonment without rent-in,none,high-minus-low differential,0.09823747027233612,0.05791176232409758,0.08982336784582062,2962,133,0.12031823745410036,ok
household,adjacent,provyear,land-state,idle_state,Abandonment without rent-in,none,high-instability total,0.18537016214389584,0.10352064297986484,0.07334804667647235,2962,133,0.12031823745410036,ok
household,adjacent,stackyear,land-state,idle_state,Abandonment without rent-in,farm_income,low-instability DID,0.0048912740720884335,0.03088702411982338,0.8741730055447258,2736,132,0.12031823745410036,ok
household,adjacent,stackyear,land-state,idle_state,Abandonment without rent-in,farm_income,high-minus-low differential,0.018008393317942066,0.0572027013625036,0.7529004642900388,2736,132,0.12031823745410036,ok
household,adjacent,stackyear,land-state,idle_state,Abandonment without rent-in,farm_income,high-instability total,0.0228996673900305,0.04884941701800969,0.6392263456744631,2736,132,0.12031823745410036,ok
household,adjacent,provyear,land-state,idle_state,Abandonment without rent-in,farm_income,low-instability DID,0.0956279901574041,0.08675742889278787,0.27035493302055424,2730,130,0.12031823745410036,ok
household,adjacent,provyear,land-state,idle_state,Abandonment without rent-in,farm_income,high-minus-low differential,0.08317191870595453,0.05279862188746653,0.11519486270802759,2730,130,0.12031823745410036,ok
household,adjacent,provyear,land-state,idle_state,Abandonment without rent-in,farm_income,high-instability total,0.17879990886335861,0.09934742808176683,0.07190111572448156,2730,130,0.12031823745410036,ok
household,adjacent,stackyear,land-state,idle_state,Abandonment without rent-in,baseline_bundle,low-instability DID,-0.003984347265505079,0.029291038582482835,0.8918006068319256,2508,131,0.12031823745410036,ok
household,adjacent,stackyear,land-state,idle_state,Abandonment without rent-in,baseline_bundle,high-minus-low differential,0.019359421957303856,0.05909898714451802,0.7432321153620841,2508,131,0.12031823745410036,ok
household,adjacent,stackyear,land-state,idle_state,Abandonment without rent-in,baseline_bundle,high-instability total,0.015375074691798777,0.051933313478266095,0.7671887029691589,2508,131,0.12031823745410036,ok
household,adjacent,provyear,land-state,idle_state,Abandonment without rent-in,baseline_bundle,low-instability DID,0.03960217384634301,0.0741483944298535,0.593276862057885,2500,128,0.12031823745410036,ok
household,adjacent,provyear,land-state,idle_state,Abandonment without rent-in,baseline_bundle,high-minus-low differential,0.07529509725888774,0.057314151790752256,0.1889383935211617,2500,128,0.12031823745410036,ok
household,adjacent,provyear,land-state,idle_state,Abandonment without rent-in,baseline_bundle,high-instability total,0.11489727110523074,0.09274486731926705,0.21539988613874694,2500,128,0.12031823745410036,ok
household,adjacent,stackyear,land-state,mixed_state,Rent-in and abandonment both observed,none,low-instability DID,-0.007686359289818601,0.009858333888446359,0.43557844623889486,2968,135,0.014687882496940025,ok
household,adjacent,stackyear,land-state,mixed_state,Rent-in and abandonment both observed,none,high-minus-low differential,0.0032339386106380857,0.012830181730652417,0.8009969160618151,2968,135,0.014687882496940025,ok
household,adjacent,stackyear,land-state,mixed_state,Rent-in and abandonment both observed,none,high-instability total,-0.004452420679180515,0.008468427887975008,0.5990500437453086,2968,135,0.014687882496940025,ok
household,adjacent,provyear,land-state,mixed_state,Rent-in and abandonment both observed,none,low-instability DID,-0.011901760709619787,0.01620168506207239,0.46258303035390314,2962,133,0.014687882496940025,ok
household,adjacent,provyear,land-state,mixed_state,Rent-in and abandonment both observed,none,high-minus-low differential,-0.00549875712764548,0.010183394293867104,0.5892157095853596,2962,133,0.014687882496940025,ok
household,adjacent,provyear,land-state,mixed_state,Rent-in and abandonment both observed,none,high-instability total,-0.01740051783726527,0.018557379872712887,0.34841902705695993,2962,133,0.014687882496940025,ok
household,adjacent,stackyear,land-state,mixed_state,Rent-in and abandonment both observed,farm_income,low-instability DID,-0.008154396697148404,0.010741718512665867,0.4477727944513554,2736,132,0.014687882496940025,ok
household,adjacent,stackyear,land-state,mixed_state,Rent-in and abandonment both observed,farm_income,high-minus-low differential,0.009873024643865368,0.012830312772403785,0.44159196726634664,2736,132,0.014687882496940025,ok
household,adjacent,stackyear,land-state,mixed_state,Rent-in and abandonment both observed,farm_income,high-instability total,0.0017186279467169639,0.007542496183174402,0.8197556195469129,2736,132,0.014687882496940025,ok
household,adjacent,provyear,land-state,mixed_state,Rent-in and abandonment both observed,farm_income,low-instability DID,-0.009812710399711544,0.01560526557539633,0.5294749900583122,2730,130,0.014687882496940025,ok
household,adjacent,provyear,land-state,mixed_state,Rent-in and abandonment both observed,farm_income,high-minus-low differential,0.00455706624211798,0.01133236441811313,0.6875894892198555,2730,130,0.014687882496940025,ok
household,adjacent,provyear,land-state,mixed_state,Rent-in and abandonment both observed,farm_income,high-instability total,-0.0052556441575935635,0.017991580910143697,0.7701972746894011,2730,130,0.014687882496940025,ok
household,adjacent,stackyear,land-state,mixed_state,Rent-in and abandonment both observed,baseline_bundle,low-instability DID,-0.010884109154357087,0.011899181091152839,0.3603523125071961,2508,131,0.014687882496940025,ok
household,adjacent,stackyear,land-state,mixed_state,Rent-in and abandonment both observed,baseline_bundle,high-minus-low differential,0.016493717006980546,0.013405682510558186,0.218565076208874,2508,131,0.014687882496940025,ok
household,adjacent,stackyear,land-state,mixed_state,Rent-in and abandonment both observed,baseline_bundle,high-instability total,0.005609607852623459,0.006645435012948706,0.3985970347382256,2508,131,0.014687882496940025,ok
household,adjacent,provyear,land-state,mixed_state,Rent-in and abandonment both observed,baseline_bundle,low-instability DID,-0.009209899683316187,0.017465577173183124,0.5979733147455645,2500,128,0.014687882496940025,ok
household,adjacent,provyear,land-state,mixed_state,Rent-in and abandonment both observed,baseline_bundle,high-minus-low differential,0.010548854663283019,0.009695009718662556,0.2765639587393961,2500,128,0.014687882496940025,ok
household,adjacent,provyear,land-state,mixed_state,Rent-in and abandonment both observed,baseline_bundle,high-instability total,0.0013389549799668315,0.019508434843741224,0.9452804215729919,2500,128,0.014687882496940025,ok
household,adjacent,stackyear,land-state,expand_minus_idle,Expand minus idle state,none,low-instability DID,-0.03853007566961607,0.0662713035473606,0.5609715096776189,2968,135,-0.009302325581395349,ok
household,adjacent,stackyear,land-state,expand_minus_idle,Expand minus idle state,none,high-minus-low differential,0.14598960796938532,0.07607080626101778,0.05496814718589622,2968,135,-0.009302325581395349,ok
household,adjacent,stackyear,land-state,expand_minus_idle,Expand minus idle state,none,high-instability total,0.10745953229976925,0.038363762524500376,0.005093368338693377,2968,135,-0.009302325581395349,ok
household,adjacent,provyear,land-state,expand_minus_idle,Expand minus idle state,none,low-instability DID,-0.2288225940546693,0.04965337659602554,4.057804998813686e-06,2962,133,-0.009302325581395349,ok
household,adjacent,provyear,land-state,expand_minus_idle,Expand minus idle state,none,high-minus-low differential,0.02353831554916756,0.07608387179195625,0.7570376077642984,2962,133,-0.009302325581395349,ok
household,adjacent,provyear,land-state,expand_minus_idle,Expand minus idle state,none,high-instability total,-0.20528427850550174,0.08639838379242051,0.01750051934830128,2962,133,-0.009302325581395349,ok
household,adjacent,stackyear,land-state,expand_minus_idle,Expand minus idle state,farm_income,low-instability DID,-0.052136520596107086,0.06980956346931472,0.45516061233926286,2736,132,-0.009302325581395349,ok
household,adjacent,stackyear,land-state,expand_minus_idle,Expand minus idle state,farm_income,high-minus-low differential,0.1443639613164915,0.09906877841596583,0.14505856946295173,2736,132,-0.009302325581395349,ok
household,adjacent,stackyear,land-state,expand_minus_idle,Expand minus idle state,farm_income,high-instability total,0.09222744072038443,0.07127805255474165,0.19569623980250495,2736,132,-0.009302325581395349,ok
household,adjacent,provyear,land-state,expand_minus_idle,Expand minus idle state,farm_income,low-instability DID,-0.23728882365456153,0.053920858105115606,1.0790864583695181e-05,2730,130,-0.009302325581395349,ok
household,adjacent,provyear,land-state,expand_minus_idle,Expand minus idle state,farm_income,high-minus-low differential,0.02824798510831411,0.09043694877585212,0.7547745099734506,2730,130,-0.009302325581395349,ok
household,adjacent,provyear,land-state,expand_minus_idle,Expand minus idle state,farm_income,high-instability total,-0.20904083854624742,0.10174571256538677,0.03992326388007717,2730,130,-0.009302325581395349,ok
household,adjacent,stackyear,land-state,expand_minus_idle,Expand minus idle state,baseline_bundle,low-instability DID,-0.04173214324328725,0.0751197498583356,0.5785242894861385,2508,131,-0.009302325581395349,ok
household,adjacent,stackyear,land-state,expand_minus_idle,Expand minus idle state,baseline_bundle,high-minus-low differential,0.12745424242397305,0.10282721543188479,0.21516071667324632,2508,131,-0.009302325581395349,ok
household,adjacent,stackyear,land-state,expand_minus_idle,Expand minus idle state,baseline_bundle,high-instability total,0.0857220991806858,0.0710104029156879,0.22736412694106078,2508,131,-0.009302325581395349,ok
household,adjacent,provyear,land-state,expand_minus_idle,Expand minus idle state,baseline_bundle,low-instability DID,-0.19264000817253027,0.06788682607596722,0.004544498178464653,2500,128,-0.009302325581395349,ok
household,adjacent,provyear,land-state,expand_minus_idle,Expand minus idle state,baseline_bundle,high-minus-low differential,0.02158446512760097,0.0950934003662415,0.8204379438541753,2500,128,-0.009302325581395349,ok
household,adjacent,provyear,land-state,expand_minus_idle,Expand minus idle state,baseline_bundle,high-instability total,-0.17105554304492931,0.11380735617874843,0.13283205010173482,2500,128,-0.009302325581395349,ok
household,adjacent,stackyear,land-state,signed_asinh_net_rentin_abandon,signed asinh(rent-in minus abandonment),none,low-instability DID,-0.06665022840645693,0.09325149917815485,0.4747720233600098,2956,135,0.06559410222014327,ok
household,adjacent,stackyear,land-state,signed_asinh_net_rentin_abandon,signed asinh(rent-in minus abandonment),none,high-minus-low differential,0.20579678258803055,0.1222007804312769,0.09216479805032353,2956,135,0.06559410222014327,ok
household,adjacent,stackyear,land-state,signed_asinh_net_rentin_abandon,signed asinh(rent-in minus abandonment),none,high-instability total,0.13914655418157362,0.08039748879227022,0.0834994693856869,2956,135,0.06559410222014327,ok
household,adjacent,provyear,land-state,signed_asinh_net_rentin_abandon,signed asinh(rent-in minus abandonment),none,low-instability DID,-0.2373882334023461,0.0868888627233749,0.006293385792512527,2950,133,0.06559410222014327,ok
household,adjacent,provyear,land-state,signed_asinh_net_rentin_abandon,signed asinh(rent-in minus abandonment),none,high-minus-low differential,0.04814783962881157,0.1261199293395029,0.7026376534508464,2950,133,0.06559410222014327,ok
household,adjacent,provyear,land-state,signed_asinh_net_rentin_abandon,signed asinh(rent-in minus abandonment),none,high-instability total,-0.18924039377353452,0.1485971003656897,0.20283593193878036,2950,133,0.06559410222014327,ok
household,adjacent,stackyear,land-state,signed_asinh_net_rentin_abandon,signed asinh(rent-in minus abandonment),farm_income,low-instability DID,-0.09569350288775298,0.09577168593846978,0.3177057338857817,2726,132,0.06559410222014327,ok
household,adjacent,stackyear,land-state,signed_asinh_net_rentin_abandon,signed asinh(rent-in minus abandonment),farm_income,high-minus-low differential,0.19946533734565028,0.1479732753953135,0.17766411636013035,2726,132,0.06559410222014327,ok
household,adjacent,stackyear,land-state,signed_asinh_net_rentin_abandon,signed asinh(rent-in minus abandonment),farm_income,high-instability total,0.1037718344578973,0.11438759776775048,0.3643037904148744,2726,132,0.06559410222014327,ok
household,adjacent,provyear,land-state,signed_asinh_net_rentin_abandon,signed asinh(rent-in minus abandonment),farm_income,low-instability DID,-0.2482966822579913,0.09516505348103504,0.009077641280615844,2720,130,0.06559410222014327,ok
household,adjacent,provyear,land-state,signed_asinh_net_rentin_abandon,signed asinh(rent-in minus abandonment),farm_income,high-minus-low differential,0.05751891517206499,0.1445986018827778,0.6907898970300043,2720,130,0.06559410222014327,ok
household,adjacent,provyear,land-state,signed_asinh_net_rentin_abandon,signed asinh(rent-in minus abandonment),farm_income,high-instability total,-0.1907777670859263,0.17161938458170237,0.26629598848172265,2720,130,0.06559410222014327,ok
household,adjacent,stackyear,land-state,signed_asinh_net_rentin_abandon,signed asinh(rent-in minus abandonment),baseline_bundle,low-instability DID,-0.09183775418190346,0.10558135433895618,0.3843937038015355,2502,131,0.06559410222014327,ok
household,adjacent,stackyear,land-state,signed_asinh_net_rentin_abandon,signed asinh(rent-in minus abandonment),baseline_bundle,high-minus-low differential,0.19232309643534365,0.1575888883555633,0.22230938932356747,2502,131,0.06559410222014327,ok
household,adjacent,stackyear,land-state,signed_asinh_net_rentin_abandon,signed asinh(rent-in minus abandonment),baseline_bundle,high-instability total,0.10048534225344019,0.11833321701674293,0.39578517889597087,2502,131,0.06559410222014327,ok
household,adjacent,provyear,land-state,signed_asinh_net_rentin_abandon,signed asinh(rent-in minus abandonment),baseline_bundle,low-instability DID,-0.21549142474905048,0.10949832153297301,0.04906937436034757,2494,128,0.06559410222014327,ok
household,adjacent,provyear,land-state,signed_asinh_net_rentin_abandon,signed asinh(rent-in minus abandonment),baseline_bundle,high-minus-low differential,0.04912442381088222,0.15174626208875638,0.7461444201787256,2494,128,0.06559410222014327,ok
household,adjacent,provyear,land-state,signed_asinh_net_rentin_abandon,signed asinh(rent-in minus abandonment),baseline_bundle,high-instability total,-0.16636700093816825,0.18580749711829936,0.3705877725502196,2494,128,0.06559410222014327,ok
household,adjacent,stackyear,farm-operation,rb_farm_any,Any own-farm production,none,low-instability DID,-0.059066239186978134,0.042012799515866665,0.15975068028061057,3132,137,0.7550898203592814,ok
household,adjacent,stackyear,farm-operation,rb_farm_any,Any own-farm production,none,high-minus-low differential,-0.15149036892734516,0.13541859175524024,0.2632757391235051,3132,137,0.7550898203592814,ok
household,adjacent,stackyear,farm-operation,rb_farm_any,Any own-farm production,none,high-instability total,-0.2105566081143233,0.12956548442070312,0.10414168143723102,3132,137,0.7550898203592814,ok
household,adjacent,provyear,farm-operation,rb_farm_any,Any own-farm production,none,low-instability DID,-0.05852742202532901,0.10025592915346733,0.5593682303433389,3128,136,0.7550898203592814,ok
household,adjacent,provyear,farm-operation,rb_farm_any,Any own-farm production,none,high-minus-low differential,-0.2717512281155647,0.13239334531636462,0.04011091282942245,3128,136,0.7550898203592814,ok
household,adjacent,provyear,farm-operation,rb_farm_any,Any own-farm production,none,high-instability total,-0.3302786501408937,0.16939058191983786,0.051199332623677964,3128,136,0.7550898203592814,ok
household,adjacent,stackyear,farm-operation,rb_farm_any,Any own-farm production,farm_income,low-instability DID,-0.05483855915978655,0.044619462667567646,0.21906139049264617,2888,133,0.7550898203592814,ok
household,adjacent,stackyear,farm-operation,rb_farm_any,Any own-farm production,farm_income,high-minus-low differential,-0.15289292237517682,0.13720791997714174,0.2651438271440535,2888,133,0.7550898203592814,ok
household,adjacent,stackyear,farm-operation,rb_farm_any,Any own-farm production,farm_income,high-instability total,-0.20773148153496337,0.13087057057447898,0.11244363437965989,2888,133,0.7550898203592814,ok
household,adjacent,provyear,farm-operation,rb_farm_any,Any own-farm production,farm_income,low-instability DID,-0.07249624828009768,0.1006944781836182,0.4715480845262512,2884,132,0.7550898203592814,ok
household,adjacent,provyear,farm-operation,rb_farm_any,Any own-farm production,farm_income,high-minus-low differential,-0.27987873964312937,0.14355414681142717,0.0512191811700102,2884,132,0.7550898203592814,ok
household,adjacent,provyear,farm-operation,rb_farm_any,Any own-farm production,farm_income,high-instability total,-0.3523749879232271,0.17853553464311053,0.04841624550195125,2884,132,0.7550898203592814,ok
household,adjacent,stackyear,farm-operation,rb_farm_any,Any own-farm production,baseline_bundle,low-instability DID,-0.04442814470084989,0.04668728829886717,0.3412942182294706,2636,132,0.7550898203592814,ok
household,adjacent,stackyear,farm-operation,rb_farm_any,Any own-farm production,baseline_bundle,high-minus-low differential,-0.17794561605528375,0.13185317729873727,0.1771526781238948,2636,132,0.7550898203592814,ok
household,adjacent,stackyear,farm-operation,rb_farm_any,Any own-farm production,baseline_bundle,high-instability total,-0.22237376075613363,0.12419482257305119,0.07336977686053008,2636,132,0.7550898203592814,ok
household,adjacent,provyear,farm-operation,rb_farm_any,Any own-farm production,baseline_bundle,low-instability DID,-0.0791228405046908,0.11135822248163507,0.47737841381754775,2630,130,0.7550898203592814,ok
household,adjacent,provyear,farm-operation,rb_farm_any,Any own-farm production,baseline_bundle,high-minus-low differential,-0.30235413227499264,0.1370985882236506,0.027427620416512477,2630,130,0.7550898203592814,ok
household,adjacent,provyear,farm-operation,rb_farm_any,Any own-farm production,baseline_bundle,high-instability total,-0.38147697277968345,0.18167209227104303,0.035745511381325853,2630,130,0.7550898203592814,ok
household,adjacent,stackyear,farm-operation,asinh_rb_farm_cost_w99,asinh farm cost,none,low-instability DID,-0.03543963629441388,0.23015857013568905,0.8776261229871133,2076,123,8.054264442624712,ok
household,adjacent,stackyear,farm-operation,asinh_rb_farm_cost_w99,asinh farm cost,none,high-minus-low differential,-0.6844696879052978,0.3750461164115018,0.06799679438183746,2076,123,8.054264442624712,ok
household,adjacent,stackyear,farm-operation,asinh_rb_farm_cost_w99,asinh farm cost,none,high-instability total,-0.7199093241997117,0.3083672080907591,0.01956513368168384,2076,123,8.054264442624712,ok
household,adjacent,provyear,farm-operation,asinh_rb_farm_cost_w99,asinh farm cost,none,low-instability DID,-0.18042815546058882,0.40719219551046154,0.6576911073768721,2066,121,8.054264442624712,ok
household,adjacent,provyear,farm-operation,asinh_rb_farm_cost_w99,asinh farm cost,none,high-minus-low differential,-0.6637446655026786,0.3841891550066431,0.08405086586529935,2066,121,8.054264442624712,ok
household,adjacent,provyear,farm-operation,asinh_rb_farm_cost_w99,asinh farm cost,none,high-instability total,-0.8441728209632675,0.5244758064983476,0.10749497043312983,2066,121,8.054264442624712,ok
household,adjacent,stackyear,farm-operation,asinh_rb_farm_cost_w99,asinh farm cost,farm_income,low-instability DID,-0.07637819884338641,0.18770388347498798,0.6840756108087547,1966,117,8.054264442624712,ok
household,adjacent,stackyear,farm-operation,asinh_rb_farm_cost_w99,asinh farm cost,farm_income,high-minus-low differential,-0.36800816267752895,0.3575946951251803,0.3034228816628314,1966,117,8.054264442624712,ok
household,adjacent,stackyear,farm-operation,asinh_rb_farm_cost_w99,asinh farm cost,farm_income,high-instability total,-0.4443863615209154,0.3153001832207375,0.15871478397598038,1966,117,8.054264442624712,ok
household,adjacent,provyear,farm-operation,asinh_rb_farm_cost_w99,asinh farm cost,farm_income,low-instability DID,-0.4971260902985388,0.41510217963711116,0.23107303887137576,1956,116,8.054264442624712,ok
household,adjacent,provyear,farm-operation,asinh_rb_farm_cost_w99,asinh farm cost,farm_income,high-minus-low differential,-0.617507363047705,0.3990753054670226,0.12177996463642775,1956,116,8.054264442624712,ok
household,adjacent,provyear,farm-operation,asinh_rb_farm_cost_w99,asinh farm cost,farm_income,high-instability total,-1.1146334533462439,0.5424606764957262,0.03990095274229038,1956,116,8.054264442624712,ok
household,adjacent,stackyear,farm-operation,asinh_rb_farm_cost_w99,asinh farm cost,baseline_bundle,low-instability DID,0.010301637794451536,0.20323079294393975,0.9595730592878805,1798,117,8.054264442624712,ok
household,adjacent,stackyear,farm-operation,asinh_rb_farm_cost_w99,asinh farm cost,baseline_bundle,high-minus-low differential,-0.4325140907533498,0.3571648371964276,0.2259088471935624,1798,117,8.054264442624712,ok
household,adjacent,stackyear,farm-operation,asinh_rb_farm_cost_w99,asinh farm cost,baseline_bundle,high-instability total,-0.42221245295889825,0.3057267196355639,0.16727508555641413,1798,117,8.054264442624712,ok
household,adjacent,provyear,farm-operation,asinh_rb_farm_cost_w99,asinh farm cost,baseline_bundle,low-instability DID,-0.06950832362040807,0.47554137616013237,0.8837897762145949,1786,115,8.054264442624712,ok
household,adjacent,provyear,farm-operation,asinh_rb_farm_cost_w99,asinh farm cost,baseline_bundle,high-minus-low differential,-0.49455405918656886,0.42439617724264816,0.2438926270707018,1786,115,8.054264442624712,ok
household,adjacent,provyear,farm-operation,asinh_rb_farm_cost_w99,asinh farm cost,baseline_bundle,high-instability total,-0.564062382806977,0.627587045077765,0.3687701111090046,1786,115,8.054264442624712,ok
household,adjacent,stackyear,farm-operation,asinh_rb_inc_farm_w99,asinh farm income,none,low-instability DID,-1.3862949131268316,0.46708606421519683,0.0029977883420064747,3088,138,6.3600797353934455,ok
household,adjacent,stackyear,farm-operation,asinh_rb_inc_farm_w99,asinh farm income,none,high-minus-low differential,-0.22742775459505438,0.655555242265883,0.7286485214671128,3088,138,6.3600797353934455,ok
household,adjacent,stackyear,farm-operation,asinh_rb_inc_farm_w99,asinh farm income,none,high-instability total,-1.6137226677218859,0.4732493565047895,0.000649918955797833,3088,138,6.3600797353934455,ok
household,adjacent,provyear,farm-operation,asinh_rb_inc_farm_w99,asinh farm income,none,low-instability DID,-0.5687024427881929,0.8692585587572919,0.5129581408900505,3084,137,6.3600797353934455,ok
household,adjacent,provyear,farm-operation,asinh_rb_inc_farm_w99,asinh farm income,none,high-minus-low differential,-0.3818710690636141,0.678734766111391,0.5736923506541167,3084,137,6.3600797353934455,ok
household,adjacent,provyear,farm-operation,asinh_rb_inc_farm_w99,asinh farm income,none,high-instability total,-0.950573511851807,1.0818391326061851,0.37958327681527826,3084,137,6.3600797353934455,ok
household,adjacent,stackyear,farm-operation,asinh_rb_inc_farm_w99,asinh farm income,farm_income,low-instability DID,-1.2715482727001475,0.6838307574004739,0.06296355192794088,2868,134,6.3600797353934455,ok
household,adjacent,stackyear,farm-operation,asinh_rb_inc_farm_w99,asinh farm income,farm_income,high-minus-low differential,0.7997608775828621,0.9360280717145865,0.39287245284638583,2868,134,6.3600797353934455,ok
household,adjacent,stackyear,farm-operation,asinh_rb_inc_farm_w99,asinh farm income,farm_income,high-instability total,-0.4717873951172854,0.6481606743881825,0.46668307687910093,2868,134,6.3600797353934455,ok
household,adjacent,provyear,farm-operation,asinh_rb_inc_farm_w99,asinh farm income,farm_income,low-instability DID,-1.0372834762426753,1.257805511811185,0.40955490254151294,2864,133,6.3600797353934455,ok
household,adjacent,provyear,farm-operation,asinh_rb_inc_farm_w99,asinh farm income,farm_income,high-minus-low differential,0.026356765209341937,0.8299658338945461,0.9746662801369442,2864,133,6.3600797353934455,ok
household,adjacent,provyear,farm-operation,asinh_rb_inc_farm_w99,asinh farm income,farm_income,high-instability total,-1.0109267110333333,1.5413796240230218,0.5119152628499204,2864,133,6.3600797353934455,ok
household,adjacent,stackyear,farm-operation,asinh_rb_inc_farm_w99,asinh farm income,baseline_bundle,low-instability DID,-1.314027735204685,0.6852346490289248,0.055157718347739144,2602,132,6.3600797353934455,ok
household,adjacent,stackyear,farm-operation,asinh_rb_inc_farm_w99,asinh farm income,baseline_bundle,high-minus-low differential,0.4552573024630021,0.9334321245892621,0.6257453095944567,2602,132,6.3600797353934455,ok
household,adjacent,stackyear,farm-operation,asinh_rb_inc_farm_w99,asinh farm income,baseline_bundle,high-instability total,-0.8587704327416829,0.6419349669542798,0.18096680577013113,2602,132,6.3600797353934455,ok
household,adjacent,provyear,farm-operation,asinh_rb_inc_farm_w99,asinh farm income,baseline_bundle,low-instability DID,-1.1464501216181981,1.3502957133423574,0.395861075086928,2596,130,6.3600797353934455,ok
household,adjacent,provyear,farm-operation,asinh_rb_inc_farm_w99,asinh farm income,baseline_bundle,high-minus-low differential,0.0021951876326655184,0.7738002730185006,0.9977364908854336,2596,130,6.3600797353934455,ok
household,adjacent,provyear,farm-operation,asinh_rb_inc_farm_w99,asinh farm income,baseline_bundle,high-instability total,-1.1442549339855326,1.5940710594623901,0.4728687263189143,2596,130,6.3600797353934455,ok
household,adjacent,stackyear,farm-operation,asinh_rb_farm_partsum_w99,asinh farm partsum,none,low-instability DID,0.15985772482105828,0.1687945938300218,0.3436108719825125,1340,104,9.313065291208357,ok
household,adjacent,stackyear,farm-operation,asinh_rb_farm_partsum_w99,asinh farm partsum,none,high-minus-low differential,-0.31862696836845966,0.21947523044065154,0.14656631195074168,1340,104,9.313065291208357,ok
household,adjacent,stackyear,farm-operation,asinh_rb_farm_partsum_w99,asinh farm partsum,none,high-instability total,-0.15876924354740138,0.14952218031261305,0.2883064701034165,1340,104,9.313065291208357,ok
household,adjacent,provyear,farm-operation,asinh_rb_farm_partsum_w99,asinh farm partsum,none,low-instability DID,0.4201910400002711,0.12614547694961112,0.0008653347798414238,1330,100,9.313065291208357,ok
household,adjacent,provyear,farm-operation,asinh_rb_farm_partsum_w99,asinh farm partsum,none,high-minus-low differential,-0.29799514136429217,0.25042753006921564,0.23406776814206764,1330,100,9.313065291208357,ok
household,adjacent,provyear,farm-operation,asinh_rb_farm_partsum_w99,asinh farm partsum,none,high-instability total,0.1221958986359789,0.2777697864333281,0.6599965774492232,1330,100,9.313065291208357,ok
household,adjacent,stackyear,farm-operation,asinh_rb_farm_partsum_w99,asinh farm partsum,farm_income,low-instability DID,0.17144946570238873,0.17122460683352048,0.316675394274498,1262,101,9.313065291208357,ok
household,adjacent,stackyear,farm-operation,asinh_rb_farm_partsum_w99,asinh farm partsum,farm_income,high-minus-low differential,-0.2966080616805364,0.22296861759506928,0.1834299205352361,1262,101,9.313065291208357,ok
household,adjacent,stackyear,farm-operation,asinh_rb_farm_partsum_w99,asinh farm partsum,farm_income,high-instability total,-0.12515859597814766,0.1535975837502853,0.4151596492208368,1262,101,9.313065291208357,ok
household,adjacent,provyear,farm-operation,asinh_rb_farm_partsum_w99,asinh farm partsum,farm_income,low-instability DID,0.39225677221926136,0.1270471077738102,0.00201854042209012,1252,97,9.313065291208357,ok
household,adjacent,provyear,farm-operation,asinh_rb_farm_partsum_w99,asinh farm partsum,farm_income,high-minus-low differential,-0.2565015507224149,0.25444347299072284,0.31341195585840576,1252,97,9.313065291208357,ok
household,adjacent,provyear,farm-operation,asinh_rb_farm_partsum_w99,asinh farm partsum,farm_income,high-instability total,0.1357552214968465,0.2796462904055253,0.6273548140333423,1252,97,9.313065291208357,ok
household,adjacent,stackyear,farm-operation,asinh_rb_farm_partsum_w99,asinh farm partsum,baseline_bundle,low-instability DID,0.21353745507903327,0.17917571169716118,0.23334877767218387,1146,99,9.313065291208357,ok
household,adjacent,stackyear,farm-operation,asinh_rb_farm_partsum_w99,asinh farm partsum,baseline_bundle,high-minus-low differential,-0.2654950585843795,0.23479403192704262,0.258157269247578,1146,99,9.313065291208357,ok
household,adjacent,stackyear,farm-operation,asinh_rb_farm_partsum_w99,asinh farm partsum,baseline_bundle,high-instability total,-0.05195760350534623,0.1603108749905588,0.7458583179410109,1146,99,9.313065291208357,ok
household,adjacent,provyear,farm-operation,asinh_rb_farm_partsum_w99,asinh farm partsum,baseline_bundle,low-instability DID,0.6124277169406569,0.13457943486802887,5.347324609513892e-06,1134,94,9.313065291208357,ok
household,adjacent,provyear,farm-operation,asinh_rb_farm_partsum_w99,asinh farm partsum,baseline_bundle,high-minus-low differential,-0.17774464108693672,0.2622172212162043,0.4978651178049478,1134,94,9.313065291208357,ok
household,adjacent,provyear,farm-operation,asinh_rb_farm_partsum_w99,asinh farm partsum,baseline_bundle,high-instability total,0.4346830758537202,0.3078247673786295,0.1579169592374814,1134,94,9.313065291208357,ok
household,adjacent,stackyear,farm-operation,rb_farmwork_n,Farm workers,none,low-instability DID,0.07956159240957195,0.17445194432638608,0.6483425516488801,3148,138,1.1382297104888468,ok
household,adjacent,stackyear,farm-operation,rb_farmwork_n,Farm workers,none,high-minus-low differential,-0.5523324262722524,0.2664384581850507,0.03817035763730497,3148,138,1.1382297104888468,ok
household,adjacent,stackyear,farm-operation,rb_farmwork_n,Farm workers,none,high-instability total,-0.4727708338626805,0.20179594119605604,0.0191388002936571,3148,138,1.1382297104888468,ok
household,adjacent,provyear,farm-operation,rb_farmwork_n,Farm workers,none,low-instability DID,0.6503632327012382,0.241778623715551,0.007147085300976714,3144,137,1.1382297104888468,ok
household,adjacent,provyear,farm-operation,rb_farmwork_n,Farm workers,none,high-minus-low differential,-0.2978352979265466,0.23818029213027558,0.21113099160029047,3144,137,1.1382297104888468,ok
household,adjacent,provyear,farm-operation,rb_farmwork_n,Farm workers,none,high-instability total,0.3525279347746916,0.33195204983067567,0.28824271760759324,3144,137,1.1382297104888468,ok
household,adjacent,stackyear,farm-operation,rb_farmwork_n,Farm workers,farm_income,low-instability DID,0.08253981431011323,0.17590533623942045,0.6389062460680347,2902,134,1.1382297104888468,ok
household,adjacent,stackyear,farm-operation,rb_farmwork_n,Farm workers,farm_income,high-minus-low differential,-0.44082121002775654,0.25321706750904754,0.08170414324624496,2902,134,1.1382297104888468,ok
household,adjacent,stackyear,farm-operation,rb_farmwork_n,Farm workers,farm_income,high-instability total,-0.3582813957176433,0.1823523828461709,0.04944028956446225,2902,134,1.1382297104888468,ok
household,adjacent,provyear,farm-operation,rb_farmwork_n,Farm workers,farm_income,low-instability DID,0.6277217764576416,0.22215356274215065,0.004718905857738728,2898,133,1.1382297104888468,ok
household,adjacent,provyear,farm-operation,rb_farmwork_n,Farm workers,farm_income,high-minus-low differential,-0.1707407318393577,0.23994463058290477,0.47672249047149373,2898,133,1.1382297104888468,ok
household,adjacent,provyear,farm-operation,rb_farmwork_n,Farm workers,farm_income,high-instability total,0.4569810446182839,0.3173152647721518,0.14982544162660438,2898,133,1.1382297104888468,ok
household,adjacent,stackyear,farm-operation,rb_farmwork_n,Farm workers,baseline_bundle,low-instability DID,0.08846873417699816,0.18354866524871766,0.6298126127055397,2636,132,1.1382297104888468,ok
household,adjacent,stackyear,farm-operation,rb_farmwork_n,Farm workers,baseline_bundle,high-minus-low differential,-0.3797672363995889,0.25360270892999937,0.13426609705968442,2636,132,1.1382297104888468,ok
household,adjacent,stackyear,farm-operation,rb_farmwork_n,Farm workers,baseline_bundle,high-instability total,-0.2912985022225908,0.1754207144645205,0.09679969348881898,2636,132,1.1382297104888468,ok
household,adjacent,provyear,farm-operation,rb_farmwork_n,Farm workers,baseline_bundle,low-instability DID,0.6671345090646049,0.23815641402142132,0.0050905825197810435,2630,130,1.1382297104888468,ok
household,adjacent,provyear,farm-operation,rb_farmwork_n,Farm workers,baseline_bundle,high-minus-low differential,-0.09829928940714126,0.2270191573292975,0.6650147881187469,2630,130,1.1382297104888468,ok
household,adjacent,provyear,farm-operation,rb_farmwork_n,Farm workers,baseline_bundle,high-instability total,0.5688352196574636,0.3220449805638001,0.07734179820648679,2630,130,1.1382297104888468,ok
household,adjacent,stackyear,farm-operation,rb_farmwork_shr,Farm-work share,none,low-instability DID,0.020524029248377908,0.030674056951247503,0.5034313210296936,3144,138,0.2679490424235205,ok
household,adjacent,stackyear,farm-operation,rb_farmwork_shr,Farm-work share,none,high-minus-low differential,-0.131323234963169,0.07108162359612312,0.06467483977903311,3144,138,0.2679490424235205,ok
household,adjacent,stackyear,farm-operation,rb_farmwork_shr,Farm-work share,none,high-instability total,-0.1107992057147911,0.06413635741649475,0.08406769862253681,3144,138,0.2679490424235205,ok
household,adjacent,provyear,farm-operation,rb_farmwork_shr,Farm-work share,none,low-instability DID,0.09525757058049247,0.04098218027810128,0.020105906945314705,3140,137,0.2679490424235205,ok
household,adjacent,provyear,farm-operation,rb_farmwork_shr,Farm-work share,none,high-minus-low differential,-0.09463105653566556,0.07253667857772593,0.19203047072859214,3140,137,0.2679490424235205,ok
household,adjacent,provyear,farm-operation,rb_farmwork_shr,Farm-work share,none,high-instability total,0.0006265140448269146,0.08185940581390613,0.9938934200866255,3140,137,0.2679490424235205,ok
household,adjacent,stackyear,farm-operation,rb_farmwork_shr,Farm-work share,farm_income,low-instability DID,0.016114978708164734,0.0317542568592871,0.6118108104913552,2900,134,0.2679490424235205,ok
household,adjacent,stackyear,farm-operation,rb_farmwork_shr,Farm-work share,farm_income,high-minus-low differential,-0.09734981469842155,0.07109690209191412,0.17091946470918618,2900,134,0.2679490424235205,ok
household,adjacent,stackyear,farm-operation,rb_farmwork_shr,Farm-work share,farm_income,high-instability total,-0.08123483599025681,0.0637135060051107,0.2023085984991717,2900,134,0.2679490424235205,ok
household,adjacent,provyear,farm-operation,rb_farmwork_shr,Farm-work share,farm_income,low-instability DID,0.09051030932117791,0.03757242030271177,0.01599822427849101,2896,133,0.2679490424235205,ok
household,adjacent,provyear,farm-operation,rb_farmwork_shr,Farm-work share,farm_income,high-minus-low differential,-0.05897998888263633,0.07330478325454716,0.4210587296420967,2896,133,0.2679490424235205,ok
household,adjacent,provyear,farm-operation,rb_farmwork_shr,Farm-work share,farm_income,high-instability total,0.031530320438541586,0.08077339725187246,0.6962738666456033,2896,133,0.2679490424235205,ok
household,adjacent,stackyear,farm-operation,rb_farmwork_shr,Farm-work share,baseline_bundle,low-instability DID,0.008145921352935476,0.03404240406082339,0.8108826667734607,2634,132,0.2679490424235205,ok
household,adjacent,stackyear,farm-operation,rb_farmwork_shr,Farm-work share,baseline_bundle,high-minus-low differential,-0.07081861505178386,0.07033287152034344,0.3139797794724426,2634,132,0.2679490424235205,ok
household,adjacent,stackyear,farm-operation,rb_farmwork_shr,Farm-work share,baseline_bundle,high-instability total,-0.06267269369884838,0.061631891766231184,0.3092070016917884,2634,132,0.2679490424235205,ok
household,adjacent,provyear,farm-operation,rb_farmwork_shr,Farm-work share,baseline_bundle,low-instability DID,0.10287984115819448,0.04249236597257501,0.015472043341817315,2628,130,0.2679490424235205,ok
household,adjacent,provyear,farm-operation,rb_farmwork_shr,Farm-work share,baseline_bundle,high-minus-low differential,-0.026314576593577783,0.06992056955481789,0.7066570286673357,2628,130,0.2679490424235205,ok
household,adjacent,provyear,farm-operation,rb_farmwork_shr,Farm-work share,baseline_bundle,high-instability total,0.07656526456461671,0.08081032243898928,0.3433999137803143,2628,130,0.2679490424235205,ok
household,adjacent,stackyear,labor,ib_nonfarm_curr_n,Current nonfarm workers,none,low-instability DID,-0.15020856911140298,0.12564168373073606,0.23187950345701225,3148,138,0.5472235405790223,ok
household,adjacent,stackyear,labor,ib_nonfarm_curr_n,Current nonfarm workers,none,high-minus-low differential,0.5676170247030947,0.16805239565281865,0.0007311621394579486,3148,138,0.5472235405790223,ok
household,adjacent,stackyear,labor,ib_nonfarm_curr_n,Current nonfarm workers,none,high-instability total,0.4174084555916917,0.11091321336097591,0.00016763286844479969,3148,138,0.5472235405790223,ok
household,adjacent,provyear,labor,ib_nonfarm_curr_n,Current nonfarm workers,none,low-instability DID,0.12413578005701986,0.18340496845838367,0.4985076102415852,3144,137,0.5472235405790223,ok
household,adjacent,provyear,labor,ib_nonfarm_curr_n,Current nonfarm workers,none,high-minus-low differential,0.7849399765601637,0.1944789967675653,5.434313344781528e-05,3144,137,0.5472235405790223,ok
household,adjacent,provyear,labor,ib_nonfarm_curr_n,Current nonfarm workers,none,high-instability total,0.9090757566171835,0.2640108268327873,0.0005746028945376142,3144,137,0.5472235405790223,ok
household,adjacent,stackyear,labor,ib_nonfarm_curr_n,Current nonfarm workers,farm_income,low-instability DID,-0.17367493000895698,0.1372784582624769,0.20582516342130053,2902,134,0.5472235405790223,ok
household,adjacent,stackyear,labor,ib_nonfarm_curr_n,Current nonfarm workers,farm_income,high-minus-low differential,0.5077099609118929,0.1770697741726462,0.0041400664845529225,2902,134,0.5472235405790223,ok
household,adjacent,stackyear,labor,ib_nonfarm_curr_n,Current nonfarm workers,farm_income,high-instability total,0.33403503090293596,0.11178136082721278,0.002805439737686745,2902,134,0.5472235405790223,ok
household,adjacent,provyear,labor,ib_nonfarm_curr_n,Current nonfarm workers,farm_income,low-instability DID,0.12433852374538176,0.18491542954798187,0.5013243023934667,2898,133,0.5472235405790223,ok
household,adjacent,provyear,labor,ib_nonfarm_curr_n,Current nonfarm workers,farm_income,high-minus-low differential,0.7341083046266477,0.19945987746817812,0.0002327943356986771,2898,133,0.5472235405790223,ok
household,adjacent,provyear,labor,ib_nonfarm_curr_n,Current nonfarm workers,farm_income,high-instability total,0.8584468283720295,0.2694697496417721,0.0014440972308950712,2898,133,0.5472235405790223,ok
household,adjacent,stackyear,labor,ib_nonfarm_curr_n,Current nonfarm workers,baseline_bundle,low-instability DID,-0.005317379344237934,0.09542428300584738,0.955562042309753,2636,132,0.5472235405790223,ok
household,adjacent,stackyear,labor,ib_nonfarm_curr_n,Current nonfarm workers,baseline_bundle,high-minus-low differential,0.15662406049196043,0.12366911156661033,0.20534243086600168,2636,132,0.5472235405790223,ok
household,adjacent,stackyear,labor,ib_nonfarm_curr_n,Current nonfarm workers,baseline_bundle,high-instability total,0.1513066811477225,0.07990692282195912,0.05828654873742182,2636,132,0.5472235405790223,ok
household,adjacent,provyear,labor,ib_nonfarm_curr_n,Current nonfarm workers,baseline_bundle,low-instability DID,-0.028595936720664895,0.1204115955360063,0.8122806258174022,2630,130,0.5472235405790223,ok
household,adjacent,provyear,labor,ib_nonfarm_curr_n,Current nonfarm workers,baseline_bundle,high-minus-low differential,0.2876789510621823,0.13418365552015254,0.032039340196189134,2630,130,0.5472235405790223,ok
household,adjacent,provyear,labor,ib_nonfarm_curr_n,Current nonfarm workers,baseline_bundle,high-instability total,0.25908301434151737,0.1810249281514559,0.15237268646312258,2630,130,0.5472235405790223,ok
household,adjacent,stackyear,labor,ib_nonfarm_curr_ge2,At least two nonfarm workers,none,low-instability DID,-0.07985342710409427,0.062375405803583535,0.20047236745332186,3148,138,0.12482202183198861,ok
household,adjacent,stackyear,labor,ib_nonfarm_curr_ge2,At least two nonfarm workers,none,high-minus-low differential,0.1898083818645787,0.06948654675818448,0.006303055399123378,3148,138,0.12482202183198861,ok
household,adjacent,stackyear,labor,ib_nonfarm_curr_ge2,At least two nonfarm workers,none,high-instability total,0.10995495476048445,0.03034034100831903,0.0002900239490679083,3148,138,0.12482202183198861,ok
household,adjacent,provyear,labor,ib_nonfarm_curr_ge2,At least two nonfarm workers,none,low-instability DID,0.027710959447190306,0.07600059782236777,0.7153988017707613,3144,137,0.12482202183198861,ok
household,adjacent,provyear,labor,ib_nonfarm_curr_ge2,At least two nonfarm workers,none,high-minus-low differential,0.2579980334288181,0.09278086370093867,0.0054237721024218725,3144,137,0.12482202183198861,ok
household,adjacent,provyear,labor,ib_nonfarm_curr_ge2,At least two nonfarm workers,none,high-instability total,0.2857089928760084,0.12155449381064509,0.0187502156508441,3144,137,0.12482202183198861,ok
household,adjacent,stackyear,labor,ib_nonfarm_curr_ge2,At least two nonfarm workers,farm_income,low-instability DID,-0.09128786987995301,0.06686920557693293,0.17219945350190657,2902,134,0.12482202183198861,ok
household,adjacent,stackyear,labor,ib_nonfarm_curr_ge2,At least two nonfarm workers,farm_income,high-minus-low differential,0.17410087291865736,0.07123148173064327,0.014519135946553418,2902,134,0.12482202183198861,ok
household,adjacent,stackyear,labor,ib_nonfarm_curr_ge2,At least two nonfarm workers,farm_income,high-instability total,0.08281300303870436,0.024389925095206395,0.0006853403327226837,2902,134,0.12482202183198861,ok
household,adjacent,provyear,labor,ib_nonfarm_curr_ge2,At least two nonfarm workers,farm_income,low-instability DID,0.025152671027044937,0.07660090568309542,0.742639506488378,2898,133,0.12482202183198861,ok
household,adjacent,provyear,labor,ib_nonfarm_curr_ge2,At least two nonfarm workers,farm_income,high-minus-low differential,0.23834524158211,0.09236826543384079,0.009869159755290905,2898,133,0.12482202183198861,ok
household,adjacent,provyear,labor,ib_nonfarm_curr_ge2,At least two nonfarm workers,farm_income,high-instability total,0.26349791260915495,0.12162049785963058,0.03026854145127278,2898,133,0.12482202183198861,ok
household,adjacent,stackyear,labor,ib_nonfarm_curr_ge2,At least two nonfarm workers,baseline_bundle,low-instability DID,-0.02120289386283131,0.04565370036161306,0.6423405509167605,2636,132,0.12482202183198861,ok
household,adjacent,stackyear,labor,ib_nonfarm_curr_ge2,At least two nonfarm workers,baseline_bundle,high-minus-low differential,0.04640004966308062,0.05248945108025525,0.3767026415359075,2636,132,0.12482202183198861,ok
household,adjacent,stackyear,labor,ib_nonfarm_curr_ge2,At least two nonfarm workers,baseline_bundle,high-instability total,0.025197155800249307,0.02635782249784911,0.3390899172097448,2636,132,0.12482202183198861,ok
household,adjacent,provyear,labor,ib_nonfarm_curr_ge2,At least two nonfarm workers,baseline_bundle,low-instability DID,-0.06134268326052724,0.06448107469391393,0.3414376500421715,2630,130,0.12482202183198861,ok
household,adjacent,provyear,labor,ib_nonfarm_curr_ge2,At least two nonfarm workers,baseline_bundle,high-minus-low differential,0.05724070916522056,0.06360454897057019,0.3681485724331701,2630,130,0.12482202183198861,ok
household,adjacent,provyear,labor,ib_nonfarm_curr_ge2,At least two nonfarm workers,baseline_bundle,high-instability total,-0.0041019740953066805,0.09365973510424085,0.965066570137079,2630,130,0.12482202183198861,ok
household,adjacent,stackyear,labor,ib_nonfarm_curr_shr,Current nonfarm worker share,none,low-instability DID,-0.027134393061322086,0.041194010174376114,0.5100900146063446,3010,135,0.33371413420972895,ok
household,adjacent,stackyear,labor,ib_nonfarm_curr_shr,Current nonfarm worker share,none,high-minus-low differential,0.21600569687741186,0.12487687686149351,0.08367506695767565,3010,135,0.33371413420972895,ok
household,adjacent,stackyear,labor,ib_nonfarm_curr_shr,Current nonfarm worker share,none,high-instability total,0.18887130381608977,0.11818725586227359,0.11002778370604205,3010,135,0.33371413420972895,ok
household,adjacent,provyear,labor,ib_nonfarm_curr_shr,Current nonfarm worker share,none,low-instability DID,0.04892619713572686,0.07027788872525788,0.4863148943280421,3004,133,0.33371413420972895,ok
household,adjacent,provyear,labor,ib_nonfarm_curr_shr,Current nonfarm worker share,none,high-minus-low differential,0.2697885571737245,0.13149793997108422,0.040203091179235845,3004,133,0.33371413420972895,ok
household,adjacent,provyear,labor,ib_nonfarm_curr_shr,Current nonfarm worker share,none,high-instability total,0.3187147543094514,0.1499149385870722,0.033505706278492996,3004,133,0.33371413420972895,ok
household,adjacent,stackyear,labor,ib_nonfarm_curr_shr,Current nonfarm worker share,farm_income,low-instability DID,-0.03386030993848424,0.047455657199919725,0.4755273079830702,2784,133,0.33371413420972895,ok
household,adjacent,stackyear,labor,ib_nonfarm_curr_shr,Current nonfarm worker share,farm_income,high-minus-low differential,0.20602721030870308,0.12700730580152683,0.10476734251854541,2784,133,0.33371413420972895,ok
household,adjacent,stackyear,labor,ib_nonfarm_curr_shr,Current nonfarm worker share,farm_income,high-instability total,0.17216690037021884,0.11830124754733219,0.14557898760451904,2784,133,0.33371413420972895,ok
household,adjacent,provyear,labor,ib_nonfarm_curr_shr,Current nonfarm worker share,farm_income,low-instability DID,0.049558991261525014,0.08015331049644756,0.5363759624888194,2780,132,0.33371413420972895,ok
household,adjacent,provyear,labor,ib_nonfarm_curr_shr,Current nonfarm worker share,farm_income,high-minus-low differential,0.27230955404474794,0.12870515063750956,0.03436499690064556,2780,132,0.33371413420972895,ok
household,adjacent,provyear,labor,ib_nonfarm_curr_shr,Current nonfarm worker share,farm_income,high-instability total,0.32186854530627296,0.15169562882501494,0.03385411572325999,2780,132,0.33371413420972895,ok
household,adjacent,stackyear,labor,ib_nonfarm_curr_shr,Current nonfarm worker share,baseline_bundle,low-instability DID,0.008053086347665708,0.0330161007241044,0.8072974928928743,2530,132,0.33371413420972895,ok
household,adjacent,stackyear,labor,ib_nonfarm_curr_shr,Current nonfarm worker share,baseline_bundle,high-minus-low differential,0.10506356119638055,0.12627162359374927,0.40538404472475065,2530,132,0.33371413420972895,ok
household,adjacent,stackyear,labor,ib_nonfarm_curr_shr,Current nonfarm worker share,baseline_bundle,high-instability total,0.11311664754404625,0.12240079942550541,0.35540844182254683,2530,132,0.33371413420972895,ok
household,adjacent,provyear,labor,ib_nonfarm_curr_shr,Current nonfarm worker share,baseline_bundle,low-instability DID,0.017766684343077994,0.04751321384453909,0.7084553267221401,2524,130,0.33371413420972895,ok
household,adjacent,provyear,labor,ib_nonfarm_curr_shr,Current nonfarm worker share,baseline_bundle,high-minus-low differential,0.15307141351867043,0.12268257501148555,0.21213985233065324,2524,130,0.33371413420972895,ok
household,adjacent,provyear,labor,ib_nonfarm_curr_shr,Current nonfarm worker share,baseline_bundle,high-instability total,0.17083809786174842,0.13290496641666205,0.19864714338963618,2524,130,0.33371413420972895,ok
household,adjacent,stackyear,labor,ib_migrant_work_n,Migrant workers,none,low-instability DID,-0.022807787853759268,0.04223837533878048,0.5892122957010615,3148,138,0.08020882771713336,ok
household,adjacent,stackyear,labor,ib_migrant_work_n,Migrant workers,none,high-minus-low differential,0.10997741016229119,0.04818780206374067,0.022473606430522347,3148,138,0.08020882771713336,ok
household,adjacent,stackyear,labor,ib_migrant_work_n,Migrant workers,none,high-instability total,0.08716962230853192,0.024807151235532374,0.0004415941886697167,3148,138,0.08020882771713336,ok
household,adjacent,provyear,labor,ib_migrant_work_n,Migrant workers,none,low-instability DID,-0.06159800162593312,0.1076080067322846,0.5670310090662276,3144,137,0.08020882771713336,ok
household,adjacent,provyear,labor,ib_migrant_work_n,Migrant workers,none,high-minus-low differential,0.12554146065948515,0.05303249827179695,0.017920567964257294,3144,137,0.08020882771713336,ok
household,adjacent,provyear,labor,ib_migrant_work_n,Migrant workers,none,high-instability total,0.06394345903355203,0.11693337349206184,0.5844909332030249,3144,137,0.08020882771713336,ok
household,adjacent,stackyear,labor,ib_migrant_work_n,Migrant workers,farm_income,low-instability DID,-0.03291316803693557,0.04388560419489941,0.4532689104551728,2902,134,0.08020882771713336,ok
household,adjacent,stackyear,labor,ib_migrant_work_n,Migrant workers,farm_income,high-minus-low differential,0.10526730181756502,0.04954776061573258,0.033623156542823246,2902,134,0.08020882771713336,ok
household,adjacent,stackyear,labor,ib_migrant_work_n,Migrant workers,farm_income,high-instability total,0.07235413378062945,0.024591302450005546,0.003258207499800729,2902,134,0.08020882771713336,ok
household,adjacent,provyear,labor,ib_migrant_work_n,Migrant workers,farm_income,low-instability DID,-0.054729069047514234,0.11248354343884331,0.6265759974927013,2898,133,0.08020882771713336,ok
household,adjacent,provyear,labor,ib_migrant_work_n,Migrant workers,farm_income,high-minus-low differential,0.11967505430341656,0.05607596576022343,0.032829727778466544,2898,133,0.08020882771713336,ok
household,adjacent,provyear,labor,ib_migrant_work_n,Migrant workers,farm_income,high-instability total,0.06494598525590232,0.12293391450607424,0.5972911416594793,2898,133,0.08020882771713336,ok
household,adjacent,stackyear,labor,ib_migrant_work_n,Migrant workers,baseline_bundle,low-instability DID,0.015070868264161453,0.046452132134041986,0.7456059424115491,2636,132,0.08020882771713336,ok
household,adjacent,stackyear,labor,ib_migrant_work_n,Migrant workers,baseline_bundle,high-minus-low differential,0.036931077375197,0.06030595458275195,0.5402763139964947,2636,132,0.08020882771713336,ok
household,adjacent,stackyear,labor,ib_migrant_work_n,Migrant workers,baseline_bundle,high-instability total,0.05200194563935845,0.03936312694586244,0.1864737940507728,2636,132,0.08020882771713336,ok
household,adjacent,provyear,labor,ib_migrant_work_n,Migrant workers,baseline_bundle,low-instability DID,-0.03187502286005874,0.05572163849195244,0.5672946720079362,2630,130,0.08020882771713336,ok
household,adjacent,provyear,labor,ib_migrant_work_n,Migrant workers,baseline_bundle,high-minus-low differential,0.053342903081385805,0.0807798673501923,0.5090299044625654,2630,130,0.08020882771713336,ok
household,adjacent,provyear,labor,ib_migrant_work_n,Migrant workers,baseline_bundle,high-instability total,0.021467880221327063,0.09710624959764713,0.8250331049249144,2630,130,0.08020882771713336,ok
household,adjacent,stackyear,labor,ib_migrant_work_any,Any migrant worker,none,low-instability DID,-0.03228672244196695,0.040746378427662905,0.42813760531190526,3148,138,0.06881822496440437,ok
household,adjacent,stackyear,labor,ib_migrant_work_any,Any migrant worker,none,high-minus-low differential,0.08768009279021885,0.04598209114606347,0.05654243068457129,3148,138,0.06881822496440437,ok
household,adjacent,stackyear,labor,ib_migrant_work_any,Any migrant worker,none,high-instability total,0.0553933703482519,0.02258694469371703,0.0141886785399486,3148,138,0.06881822496440437,ok
household,adjacent,provyear,labor,ib_migrant_work_any,Any migrant worker,none,low-instability DID,-0.0864994729883151,0.09135803976029777,0.343731324330139,3144,137,0.06881822496440437,ok
household,adjacent,provyear,labor,ib_migrant_work_any,Any migrant worker,none,high-minus-low differential,0.1091990521046314,0.04931883709813225,0.026818812131543395,3144,137,0.06881822496440437,ok
household,adjacent,provyear,labor,ib_migrant_work_any,Any migrant worker,none,high-instability total,0.0226995791163163,0.10257635045373002,0.8248631554935675,3144,137,0.06881822496440437,ok
household,adjacent,stackyear,labor,ib_migrant_work_any,Any migrant worker,farm_income,low-instability DID,-0.04349153400885506,0.042133910898094,0.3019683064250186,2902,134,0.06881822496440437,ok
household,adjacent,stackyear,labor,ib_migrant_work_any,Any migrant worker,farm_income,high-minus-low differential,0.08464791618784452,0.04768292548231412,0.07586076139216179,2902,134,0.06881822496440437,ok
household,adjacent,stackyear,labor,ib_migrant_work_any,Any migrant worker,farm_income,high-instability total,0.04115638217898946,0.023596642109292746,0.08113072955295601,2902,134,0.06881822496440437,ok
household,adjacent,provyear,labor,ib_migrant_work_any,Any migrant worker,farm_income,low-instability DID,-0.07732312645751438,0.09736159710597667,0.427087700973683,2898,133,0.06881822496440437,ok
household,adjacent,provyear,labor,ib_migrant_work_any,Any migrant worker,farm_income,high-minus-low differential,0.112116325669161,0.051783272989236365,0.0303794937534092,2898,133,0.06881822496440437,ok
household,adjacent,provyear,labor,ib_migrant_work_any,Any migrant worker,farm_income,high-instability total,0.034793199211646614,0.10914114741901498,0.7498851168162988,2898,133,0.06881822496440437,ok
household,adjacent,stackyear,labor,ib_migrant_work_any,Any migrant worker,baseline_bundle,low-instability DID,-0.007630324302966382,0.03916808542736325,0.8455419016673826,2636,132,0.06881822496440437,ok
household,adjacent,stackyear,labor,ib_migrant_work_any,Any migrant worker,baseline_bundle,high-minus-low differential,0.035054867283351165,0.04325796945125873,0.4177287954726312,2636,132,0.06881822496440437,ok
household,adjacent,stackyear,labor,ib_migrant_work_any,Any migrant worker,baseline_bundle,high-instability total,0.027424542980384783,0.019801449928564648,0.1660596506846821,2636,132,0.06881822496440437,ok
household,adjacent,provyear,labor,ib_migrant_work_any,Any migrant worker,baseline_bundle,low-instability DID,-0.03413794144577184,0.040600377903611706,0.4004442034960968,2630,130,0.06881822496440437,ok
household,adjacent,provyear,labor,ib_migrant_work_any,Any migrant worker,baseline_bundle,high-minus-low differential,0.0772142213875569,0.058287770166787496,0.18526832645294844,2630,130,0.06881822496440437,ok
household,adjacent,provyear,labor,ib_migrant_work_any,Any migrant worker,baseline_bundle,high-instability total,0.04307627994178506,0.07103743678691189,0.5442568479491803,2630,130,0.06881822496440437,ok
household,adjacent,stackyear,labor,rb_nonfarm_any,Any broad nonfarm work,none,low-instability DID,0.021702890131265945,0.03296857411305032,0.5103516567566759,3148,138,0.794969150450878,ok
household,adjacent,stackyear,labor,rb_nonfarm_any,Any broad nonfarm work,none,high-minus-low differential,0.1249927083553201,0.10208181243308723,0.22078756572583058,3148,138,0.794969150450878,ok
household,adjacent,stackyear,labor,rb_nonfarm_any,Any broad nonfarm work,none,high-instability total,0.14669559848658603,0.09681815678748526,0.12973032093343215,3148,138,0.794969150450878,ok
household,adjacent,provyear,labor,rb_nonfarm_any,Any broad nonfarm work,none,low-instability DID,0.05286961570287412,0.034030319207768694,0.120279075311562,3144,137,0.794969150450878,ok
household,adjacent,provyear,labor,rb_nonfarm_any,Any broad nonfarm work,none,high-minus-low differential,0.10298944426419712,0.10714728173204761,0.3364540698961829,3144,137,0.794969150450878,ok
household,adjacent,provyear,labor,rb_nonfarm_any,Any broad nonfarm work,none,high-instability total,0.15585905996707125,0.11054186007450309,0.1585529396839207,3144,137,0.794969150450878,ok
household,adjacent,stackyear,labor,rb_nonfarm_any,Any broad nonfarm work,farm_income,low-instability DID,0.0261931512977545,0.03334538061853063,0.432154233964524,2902,134,0.794969150450878,ok
household,adjacent,stackyear,labor,rb_nonfarm_any,Any broad nonfarm work,farm_income,high-minus-low differential,0.11329353296964806,0.11128618710065635,0.3086600444146216,2902,134,0.794969150450878,ok
household,adjacent,stackyear,labor,rb_nonfarm_any,Any broad nonfarm work,farm_income,high-instability total,0.13948668426740257,0.10658750217828032,0.19064991675356224,2902,134,0.794969150450878,ok
household,adjacent,provyear,labor,rb_nonfarm_any,Any broad nonfarm work,farm_income,low-instability DID,0.05198611557641761,0.03427189733584413,0.129298752789802,2898,133,0.794969150450878,ok
household,adjacent,provyear,labor,rb_nonfarm_any,Any broad nonfarm work,farm_income,high-minus-low differential,0.10535803101397234,0.11543913070252765,0.36141521692420786,2898,133,0.794969150450878,ok
household,adjacent,provyear,labor,rb_nonfarm_any,Any broad nonfarm work,farm_income,high-instability total,0.15734414659038995,0.11905866451693904,0.18631197384027243,2898,133,0.794969150450878,ok
household,adjacent,stackyear,labor,rb_nonfarm_any,Any broad nonfarm work,baseline_bundle,low-instability DID,0.03732387099208071,0.03522241540171103,0.2892981916458116,2636,132,0.794969150450878,ok
household,adjacent,stackyear,labor,rb_nonfarm_any,Any broad nonfarm work,baseline_bundle,high-minus-low differential,0.07279850304107995,0.0903711590458159,0.4205022641063755,2636,132,0.794969150450878,ok
household,adjacent,stackyear,labor,rb_nonfarm_any,Any broad nonfarm work,baseline_bundle,high-instability total,0.11012237403316066,0.08391561228263268,0.1894192696435255,2636,132,0.794969150450878,ok
household,adjacent,provyear,labor,rb_nonfarm_any,Any broad nonfarm work,baseline_bundle,low-instability DID,0.032161771703179895,0.03920815431029411,0.4120549514166607,2630,130,0.794969150450878,ok
household,adjacent,provyear,labor,rb_nonfarm_any,Any broad nonfarm work,baseline_bundle,high-minus-low differential,0.061013370840280474,0.094098843204086,0.5167284630390458,2630,130,0.794969150450878,ok
household,adjacent,provyear,labor,rb_nonfarm_any,Any broad nonfarm work,baseline_bundle,high-instability total,0.09317514254346038,0.1014448384262936,0.35836717434656384,2630,130,0.794969150450878,ok
household,adjacent,stackyear,labor,rb_nonfarm_n,Broad nonfarm workers,none,low-instability DID,-0.20077393100588653,0.09974850136985391,0.044135518357383795,3148,138,1.8082581869957286,ok
household,adjacent,stackyear,labor,rb_nonfarm_n,Broad nonfarm workers,none,high-minus-low differential,0.6295476792611978,0.288510885792652,0.029105203093743634,3148,138,1.8082581869957286,ok
household,adjacent,stackyear,labor,rb_nonfarm_n,Broad nonfarm workers,none,high-instability total,0.4287737482553113,0.27075132509857514,0.11327472415989409,3148,138,1.8082581869957286,ok
household,adjacent,provyear,labor,rb_nonfarm_n,Broad nonfarm workers,none,low-instability DID,-0.3998102874942018,0.20248774190635888,0.04832590418569164,3144,137,1.8082581869957286,ok
household,adjacent,provyear,labor,rb_nonfarm_n,Broad nonfarm workers,none,high-minus-low differential,0.532494757617531,0.3066952368542039,0.08252243332679965,3144,137,1.8082581869957286,ok
household,adjacent,provyear,labor,rb_nonfarm_n,Broad nonfarm workers,none,high-instability total,0.13268447012332918,0.36044069032748216,0.7127857378128195,3144,137,1.8082581869957286,ok
household,adjacent,stackyear,labor,rb_nonfarm_n,Broad nonfarm workers,farm_income,low-instability DID,-0.15766578052085137,0.10735857872333461,0.1419439140712084,2902,134,1.8082581869957286,ok
household,adjacent,stackyear,labor,rb_nonfarm_n,Broad nonfarm workers,farm_income,high-minus-low differential,0.5460765129266024,0.31782064234960244,0.08576181379125972,2902,134,1.8082581869957286,ok
household,adjacent,stackyear,labor,rb_nonfarm_n,Broad nonfarm workers,farm_income,high-instability total,0.3884107324057511,0.29987325385843455,0.19523411606566976,2902,134,1.8082581869957286,ok
household,adjacent,provyear,labor,rb_nonfarm_n,Broad nonfarm workers,farm_income,low-instability DID,-0.360132331235986,0.2008111922087245,0.07291094570970269,2898,133,1.8082581869957286,ok
household,adjacent,provyear,labor,rb_nonfarm_n,Broad nonfarm workers,farm_income,high-minus-low differential,0.44190007233014594,0.32044304567615417,0.1678859864213884,2898,133,1.8082581869957286,ok
household,adjacent,provyear,labor,rb_nonfarm_n,Broad nonfarm workers,farm_income,high-instability total,0.08176774109415996,0.37114526964403705,0.8256282077323562,2898,133,1.8082581869957286,ok
household,adjacent,stackyear,labor,rb_nonfarm_n,Broad nonfarm workers,baseline_bundle,low-instability DID,-0.09233001908645888,0.10994504513794903,0.4010298666470451,2636,132,1.8082581869957286,ok
household,adjacent,stackyear,labor,rb_nonfarm_n,Broad nonfarm workers,baseline_bundle,high-minus-low differential,0.4544019055372418,0.2758041618003366,0.09944448294856721,2636,132,1.8082581869957286,ok
household,adjacent,stackyear,labor,rb_nonfarm_n,Broad nonfarm workers,baseline_bundle,high-instability total,0.3620718864507829,0.25421647083230214,0.15436947392051348,2636,132,1.8082581869957286,ok
household,adjacent,provyear,labor,rb_nonfarm_n,Broad nonfarm workers,baseline_bundle,low-instability DID,-0.36145005771763244,0.23533045237855088,0.12455663759092701,2630,130,1.8082581869957286,ok
household,adjacent,provyear,labor,rb_nonfarm_n,Broad nonfarm workers,baseline_bundle,high-minus-low differential,0.3162234151131372,0.26948771018074463,0.2406257159557802,2630,130,1.8082581869957286,ok
household,adjacent,provyear,labor,rb_nonfarm_n,Broad nonfarm workers,baseline_bundle,high-instability total,-0.04522664260449527,0.34908520475390437,0.8969164478214112,2630,130,1.8082581869957286,ok
household,adjacent,stackyear,co-occurrence,rentin_and_nonfarm_any,Rent-in and any nonfarm work,none,low-instability DID,-0.04421464425768299,0.019815652543964526,0.025661334717817137,2992,135,0.034158838599487616,ok
household,adjacent,stackyear,co-occurrence,rentin_and_nonfarm_any,Rent-in and any nonfarm work,none,high-minus-low differential,0.1039128600247054,0.0543522201256882,0.05589645625424315,2992,135,0.034158838599487616,ok
household,adjacent,stackyear,co-occurrence,rentin_and_nonfarm_any,Rent-in and any nonfarm work,none,high-instability total,0.05969821576702241,0.0506295982829175,0.23835162374824648,2992,135,0.034158838599487616,ok
household,adjacent,provyear,co-occurrence,rentin_and_nonfarm_any,Rent-in and any nonfarm work,none,low-instability DID,-0.058765509555023056,0.030299660078657115,0.05244321936572591,2986,133,0.034158838599487616,ok
household,adjacent,provyear,co-occurrence,rentin_and_nonfarm_any,Rent-in and any nonfarm work,none,high-minus-low differential,0.06943354729647247,0.055359867283498426,0.209761431706468,2986,133,0.034158838599487616,ok
household,adjacent,provyear,co-occurrence,rentin_and_nonfarm_any,Rent-in and any nonfarm work,none,high-instability total,0.010668037741449414,0.06216310009216141,0.8637412598454216,2986,133,0.034158838599487616,ok
household,adjacent,stackyear,co-occurrence,rentin_and_nonfarm_any,Rent-in and any nonfarm work,farm_income,low-instability DID,-0.04204386373660953,0.022101752434201562,0.05713371874975231,2758,132,0.034158838599487616,ok
household,adjacent,stackyear,co-occurrence,rentin_and_nonfarm_any,Rent-in and any nonfarm work,farm_income,high-minus-low differential,0.07067866826192178,0.06108402825932932,0.24724261407580883,2758,132,0.034158838599487616,ok
household,adjacent,stackyear,co-occurrence,rentin_and_nonfarm_any,Rent-in and any nonfarm work,farm_income,high-instability total,0.028634804525312245,0.05691715103316634,0.6148966120038281,2758,132,0.034158838599487616,ok
household,adjacent,provyear,co-occurrence,rentin_and_nonfarm_any,Rent-in and any nonfarm work,farm_income,low-instability DID,-0.054825341489825104,0.02819704340852234,0.05185146342142414,2752,130,0.034158838599487616,ok
household,adjacent,provyear,co-occurrence,rentin_and_nonfarm_any,Rent-in and any nonfarm work,farm_income,high-minus-low differential,0.04617954774646464,0.06273563546950497,0.4616713319373744,2752,130,0.034158838599487616,ok
household,adjacent,provyear,co-occurrence,rentin_and_nonfarm_any,Rent-in and any nonfarm work,farm_income,high-instability total,-0.008645793743360462,0.06764952066981943,0.8983050858289332,2752,130,0.034158838599487616,ok
household,adjacent,stackyear,co-occurrence,rentin_and_nonfarm_any,Rent-in and any nonfarm work,baseline_bundle,low-instability DID,-0.05047760933586437,0.027638505127734365,0.06779741935322439,2520,131,0.034158838599487616,ok
household,adjacent,stackyear,co-occurrence,rentin_and_nonfarm_any,Rent-in and any nonfarm work,baseline_bundle,high-minus-low differential,0.07730141193850654,0.06982291335995765,0.2682478192842327,2520,131,0.034158838599487616,ok
household,adjacent,stackyear,co-occurrence,rentin_and_nonfarm_any,Rent-in and any nonfarm work,baseline_bundle,high-instability total,0.026823802602642166,0.06410306063319181,0.6756195401698053,2520,131,0.034158838599487616,ok
household,adjacent,provyear,co-occurrence,rentin_and_nonfarm_any,Rent-in and any nonfarm work,baseline_bundle,low-instability DID,-0.07692013893901295,0.035428954670075744,0.02992289848524226,2512,128,0.034158838599487616,ok
household,adjacent,provyear,co-occurrence,rentin_and_nonfarm_any,Rent-in and any nonfarm work,baseline_bundle,high-minus-low differential,0.05140353070510161,0.07102069329093108,0.46919931132379433,2512,128,0.034158838599487616,ok
household,adjacent,provyear,co-occurrence,rentin_and_nonfarm_any,Rent-in and any nonfarm work,baseline_bundle,high-instability total,-0.025516608233911338,0.07894885204566923,0.7465405267792087,2512,128,0.034158838599487616,ok
household,adjacent,stackyear,co-occurrence,rentin_and_nonfarm_ge2,Rent-in and >=2 nonfarm workers,none,low-instability DID,0.005068483262060863,0.005587118648164098,0.36431531208812384,2992,135,0.00878370135415396,ok
household,adjacent,stackyear,co-occurrence,rentin_and_nonfarm_ge2,Rent-in and >=2 nonfarm workers,none,high-minus-low differential,-0.0028959401619583144,0.044087036806520374,0.9476271132980763,2992,135,0.00878370135415396,ok
household,adjacent,stackyear,co-occurrence,rentin_and_nonfarm_ge2,Rent-in and >=2 nonfarm workers,none,high-instability total,0.0021725431001025485,0.04368427567680203,0.9603352861607224,2992,135,0.00878370135415396,ok
household,adjacent,provyear,co-occurrence,rentin_and_nonfarm_ge2,Rent-in and >=2 nonfarm workers,none,low-instability DID,0.005567826336351155,0.014435724747189885,0.6997205405859117,2986,133,0.00878370135415396,ok
household,adjacent,provyear,co-occurrence,rentin_and_nonfarm_ge2,Rent-in and >=2 nonfarm workers,none,high-minus-low differential,-0.015244211799745935,0.04554970721891386,0.7378725222935223,2986,133,0.00878370135415396,ok
household,adjacent,provyear,co-occurrence,rentin_and_nonfarm_ge2,Rent-in and >=2 nonfarm workers,none,high-instability total,-0.00967638546339478,0.04763697652677659,0.8390352874059609,2986,133,0.00878370135415396,ok
household,adjacent,stackyear,co-occurrence,rentin_and_nonfarm_ge2,Rent-in and >=2 nonfarm workers,farm_income,low-instability DID,0.004622554095878953,0.006705800676463937,0.49061144659895717,2758,132,0.00878370135415396,ok
household,adjacent,stackyear,co-occurrence,rentin_and_nonfarm_ge2,Rent-in and >=2 nonfarm workers,farm_income,high-minus-low differential,0.002590529897830283,0.04735191306995345,0.956371071644002,2758,132,0.00878370135415396,ok
household,adjacent,stackyear,co-occurrence,rentin_and_nonfarm_ge2,Rent-in and >=2 nonfarm workers,farm_income,high-instability total,0.007213083993709237,0.04686681138198952,0.877683844390869,2758,132,0.00878370135415396,ok
household,adjacent,provyear,co-occurrence,rentin_and_nonfarm_ge2,Rent-in and >=2 nonfarm workers,farm_income,low-instability DID,0.009292520883096676,0.015784834707615544,0.5560630186116113,2752,130,0.00878370135415396,ok
household,adjacent,provyear,co-occurrence,rentin_and_nonfarm_ge2,Rent-in and >=2 nonfarm workers,farm_income,high-minus-low differential,-0.003308390229319221,0.047279035665732556,0.9442128894729417,2752,130,0.00878370135415396,ok
household,adjacent,provyear,co-occurrence,rentin_and_nonfarm_ge2,Rent-in and >=2 nonfarm workers,farm_income,high-instability total,0.005984130653777455,0.049472287316512646,0.9037233137764382,2752,130,0.00878370135415396,ok
household,adjacent,stackyear,co-occurrence,rentin_and_nonfarm_ge2,Rent-in and >=2 nonfarm workers,baseline_bundle,low-instability DID,0.011400214526848668,0.010567729932564803,0.2806875497645177,2520,131,0.00878370135415396,ok
household,adjacent,stackyear,co-occurrence,rentin_and_nonfarm_ge2,Rent-in and >=2 nonfarm workers,baseline_bundle,high-minus-low differential,-0.007806746800472816,0.05086248791741404,0.8780139914585768,2520,131,0.00878370135415396,ok
household,adjacent,stackyear,co-occurrence,rentin_and_nonfarm_ge2,Rent-in and >=2 nonfarm workers,baseline_bundle,high-instability total,0.0035934677263758513,0.0497429653963654,0.9424103384764927,2520,131,0.00878370135415396,ok
household,adjacent,provyear,co-occurrence,rentin_and_nonfarm_ge2,Rent-in and >=2 nonfarm workers,baseline_bundle,low-instability DID,0.005770325951275356,0.017039412266189827,0.7348765512310502,2512,128,0.00878370135415396,ok
household,adjacent,provyear,co-occurrence,rentin_and_nonfarm_ge2,Rent-in and >=2 nonfarm workers,baseline_bundle,high-minus-low differential,-0.01608032861468216,0.05012555830141793,0.7483612108112206,2512,128,0.00878370135415396,ok
household,adjacent,provyear,co-occurrence,rentin_and_nonfarm_ge2,Rent-in and >=2 nonfarm workers,baseline_bundle,high-instability total,-0.010310002663406804,0.05353279336704593,0.8472782923726279,2512,128,0.00878370135415396,ok
household,adjacent,stackyear,co-occurrence,rentin_and_farm_any,Rent-in and own-farm production,none,low-instability DID,-0.058045906565119154,0.051013105454683356,0.2551778459542059,2990,135,0.1099450884685784,ok
household,adjacent,stackyear,co-occurrence,rentin_and_farm_any,Rent-in and own-farm production,none,high-minus-low differential,0.1334194648496464,0.059211913451824534,0.02424315535715466,2990,135,0.1099450884685784,ok
household,adjacent,stackyear,co-occurrence,rentin_and_farm_any,Rent-in and own-farm production,none,high-instability total,0.07537355828452724,0.030114281180758772,0.012317428813581431,2990,135,0.1099450884685784,ok
household,adjacent,provyear,co-occurrence,rentin_and_farm_any,Rent-in and own-farm production,none,low-instability DID,-0.1812421533065671,0.09063029266812493,0.04552222930066145,2984,133,0.1099450884685784,ok
household,adjacent,provyear,co-occurrence,rentin_and_farm_any,Rent-in and own-farm production,none,high-minus-low differential,0.06313661013970956,0.05428117329872906,0.2447726587771858,2984,133,0.1099450884685784,ok
household,adjacent,provyear,co-occurrence,rentin_and_farm_any,Rent-in and own-farm production,none,high-instability total,-0.11810554316685754,0.10462847771602436,0.25897851253254933,2984,133,0.1099450884685784,ok
household,adjacent,stackyear,co-occurrence,rentin_and_farm_any,Rent-in and own-farm production,farm_income,low-instability DID,-0.06532786225980212,0.05420157141612789,0.22809670688565487,2756,132,0.1099450884685784,ok
household,adjacent,stackyear,co-occurrence,rentin_and_farm_any,Rent-in and own-farm production,farm_income,high-minus-low differential,0.15498568456039938,0.06388830578207567,0.015271107233377454,2756,132,0.1099450884685784,ok
household,adjacent,stackyear,co-occurrence,rentin_and_farm_any,Rent-in and own-farm production,farm_income,high-instability total,0.08965782230059725,0.03415035540094573,0.008655110393522998,2756,132,0.1099450884685784,ok
household,adjacent,provyear,co-occurrence,rentin_and_farm_any,Rent-in and own-farm production,farm_income,low-instability DID,-0.17949574951976036,0.09045937535322945,0.04722584131108797,2750,130,0.1099450884685784,ok
household,adjacent,provyear,co-occurrence,rentin_and_farm_any,Rent-in and own-farm production,farm_income,high-minus-low differential,0.09384373225414164,0.05851654328856888,0.10877736270419472,2750,130,0.1099450884685784,ok
household,adjacent,provyear,co-occurrence,rentin_and_farm_any,Rent-in and own-farm production,farm_income,high-instability total,-0.08565201726561872,0.10660617959336872,0.4217185752637167,2750,130,0.1099450884685784,ok
household,adjacent,stackyear,co-occurrence,rentin_and_farm_any,Rent-in and own-farm production,baseline_bundle,low-instability DID,-0.07039685367388145,0.05918337107297333,0.23425470777749358,2520,131,0.1099450884685784,ok
household,adjacent,stackyear,co-occurrence,rentin_and_farm_any,Rent-in and own-farm production,baseline_bundle,high-minus-low differential,0.17842008534802792,0.06950183961818134,0.010254489287517248,2520,131,0.1099450884685784,ok
household,adjacent,stackyear,co-occurrence,rentin_and_farm_any,Rent-in and own-farm production,baseline_bundle,high-instability total,0.10802323167414647,0.03666365084377055,0.0032156863656202165,2520,131,0.1099450884685784,ok
household,adjacent,provyear,co-occurrence,rentin_and_farm_any,Rent-in and own-farm production,baseline_bundle,low-instability DID,-0.19313474182941312,0.09088242919584517,0.03357781838188437,2512,128,0.1099450884685784,ok
household,adjacent,provyear,co-occurrence,rentin_and_farm_any,Rent-in and own-farm production,baseline_bundle,high-minus-low differential,0.11630563600776248,0.06365405094525789,0.06767689613312046,2512,128,0.1099450884685784,ok
household,adjacent,provyear,co-occurrence,rentin_and_farm_any,Rent-in and own-farm production,baseline_bundle,high-instability total,-0.07682910582165065,0.1104507346882068,0.4866817778935163,2512,128,0.1099450884685784,ok
household,adjacent,stackyear,co-occurrence,rentin_no_abandon,Rent-in without abandonment,none,low-instability DID,-0.04747907272076051,0.05167392059353889,0.35818931449893765,2968,135,0.11101591187270501,ok
household,adjacent,stackyear,co-occurrence,rentin_no_abandon,Rent-in without abandonment,none,high-minus-low differential,0.18565057098437576,0.06033251517520688,0.0020900902678686177,2968,135,0.11101591187270501,ok
household,adjacent,stackyear,co-occurrence,rentin_no_abandon,Rent-in without abandonment,none,high-instability total,0.13817149826361524,0.03140847195926939,1.0866104662313827e-05,2968,135,0.11101591187270501,ok
household,adjacent,provyear,co-occurrence,rentin_no_abandon,Rent-in without abandonment,none,low-instability DID,-0.1416899021831105,0.11106904919323195,0.2020644027680265,2962,133,0.11101591187270501,ok
household,adjacent,provyear,co-occurrence,rentin_no_abandon,Rent-in without abandonment,none,high-minus-low differential,0.12177578582150338,0.05324881456268686,0.022200485536920014,2962,133,0.11101591187270501,ok
household,adjacent,provyear,co-occurrence,rentin_no_abandon,Rent-in without abandonment,none,high-instability total,-0.01991411636160713,0.12264062858073155,0.8710083460692909,2962,133,0.11101591187270501,ok
household,adjacent,stackyear,co-occurrence,rentin_no_abandon,Rent-in without abandonment,farm_income,low-instability DID,-0.04724524652401859,0.05597669041293083,0.39866022336161655,2736,132,0.11101591187270501,ok
household,adjacent,stackyear,co-occurrence,rentin_no_abandon,Rent-in without abandonment,farm_income,high-minus-low differential,0.162372354634434,0.06470509260161772,0.012092906890185037,2736,132,0.11101591187270501,ok
household,adjacent,stackyear,co-occurrence,rentin_no_abandon,Rent-in without abandonment,farm_income,high-instability total,0.1151271081104154,0.03287926530727753,0.0004626279278786218,2736,132,0.11101591187270501,ok
household,adjacent,provyear,co-occurrence,rentin_no_abandon,Rent-in without abandonment,farm_income,low-instability DID,-0.14166083349715736,0.11164338966172788,0.20448779904749803,2730,130,0.11101591187270501,ok
household,adjacent,provyear,co-occurrence,rentin_no_abandon,Rent-in without abandonment,farm_income,high-minus-low differential,0.1114199038142688,0.05867971281547696,0.05759332110050397,2730,130,0.11101591187270501,ok
household,adjacent,provyear,co-occurrence,rentin_no_abandon,Rent-in without abandonment,farm_income,high-instability total,-0.03024092968288855,0.12476011533272392,0.8084759618801829,2730,130,0.11101591187270501,ok
household,adjacent,stackyear,co-occurrence,rentin_no_abandon,Rent-in without abandonment,baseline_bundle,low-instability DID,-0.045716490508792285,0.06147156296706762,0.4570571120725897,2508,131,0.11101591187270501,ok
household,adjacent,stackyear,co-occurrence,rentin_no_abandon,Rent-in without abandonment,baseline_bundle,high-minus-low differential,0.1468136643812769,0.06895140346320906,0.033234915079121664,2508,131,0.11101591187270501,ok
household,adjacent,stackyear,co-occurrence,rentin_no_abandon,Rent-in without abandonment,baseline_bundle,high-instability total,0.10109717387248462,0.03153319228950857,0.0013456789314446787,2508,131,0.11101591187270501,ok
household,adjacent,provyear,co-occurrence,rentin_no_abandon,Rent-in without abandonment,baseline_bundle,low-instability DID,-0.15303783432618734,0.11547638459888807,0.1850803345915727,2500,128,0.11101591187270501,ok
household,adjacent,provyear,co-occurrence,rentin_no_abandon,Rent-in without abandonment,baseline_bundle,high-minus-low differential,0.09687956238648884,0.0626072009050824,0.12176228041283088,2500,128,0.11101591187270501,ok
household,adjacent,provyear,co-occurrence,rentin_no_abandon,Rent-in without abandonment,baseline_bundle,high-instability total,-0.056158271939698495,0.13053330439793928,0.6670343124330766,2500,128,0.11101591187270501,ok
household,adjacent,stackyear,co-occurrence,nonfarm_ge2_no_rentin,>=2 nonfarm workers without rent-in,none,low-instability DID,-0.02069232574791817,0.02952700483822264,0.48343204978140375,2992,135,0.11504208856898865,ok
household,adjacent,stackyear,co-occurrence,nonfarm_ge2_no_rentin,>=2 nonfarm workers without rent-in,none,high-minus-low differential,0.11129519660183194,0.05029394608915076,0.026904920092263935,2992,135,0.11504208856898865,ok
household,adjacent,stackyear,co-occurrence,nonfarm_ge2_no_rentin,>=2 nonfarm workers without rent-in,none,high-instability total,0.09060287085391378,0.040632900297767775,0.0257613285810226,2992,135,0.11504208856898865,ok
household,adjacent,provyear,co-occurrence,nonfarm_ge2_no_rentin,>=2 nonfarm workers without rent-in,none,low-instability DID,0.02429579127117783,0.07335098539553428,0.7404733934144212,2986,133,0.11504208856898865,ok
household,adjacent,provyear,co-occurrence,nonfarm_ge2_no_rentin,>=2 nonfarm workers without rent-in,none,high-minus-low differential,0.15217343680495932,0.061297354702925966,0.013044761796325435,2986,133,0.11504208856898865,ok
household,adjacent,provyear,co-occurrence,nonfarm_ge2_no_rentin,>=2 nonfarm workers without rent-in,none,high-instability total,0.17646922807613716,0.09594056049448997,0.06586225533119436,2986,133,0.11504208856898865,ok
household,adjacent,stackyear,co-occurrence,nonfarm_ge2_no_rentin,>=2 nonfarm workers without rent-in,farm_income,low-instability DID,-0.02520811333757478,0.03227008593691554,0.4347081594192649,2758,132,0.11504208856898865,ok
household,adjacent,stackyear,co-occurrence,nonfarm_ge2_no_rentin,>=2 nonfarm workers without rent-in,farm_income,high-minus-low differential,0.08746528666974251,0.0536557903662603,0.10307649320991444,2758,132,0.11504208856898865,ok
household,adjacent,stackyear,co-occurrence,nonfarm_ge2_no_rentin,>=2 nonfarm workers without rent-in,farm_income,high-instability total,0.06225717333216774,0.04297102068945428,0.14738851262224525,2758,132,0.11504208856898865,ok
household,adjacent,provyear,co-occurrence,nonfarm_ge2_no_rentin,>=2 nonfarm workers without rent-in,farm_income,low-instability DID,0.018670181160020623,0.0730754658554582,0.798343288287479,2752,130,0.11504208856898865,ok
household,adjacent,provyear,co-occurrence,nonfarm_ge2_no_rentin,>=2 nonfarm workers without rent-in,farm_income,high-minus-low differential,0.12062048763727964,0.06312004226426478,0.056008476054576026,2752,130,0.11504208856898865,ok
household,adjacent,provyear,co-occurrence,nonfarm_ge2_no_rentin,>=2 nonfarm workers without rent-in,farm_income,high-instability total,0.13929066879730026,0.09767572844591164,0.1538533300009773,2752,130,0.11504208856898865,ok
household,adjacent,stackyear,co-occurrence,nonfarm_ge2_no_rentin,>=2 nonfarm workers without rent-in,baseline_bundle,low-instability DID,0.007271126896290956,0.0345019252040834,0.8330858359164084,2520,131,0.11504208856898865,ok
household,adjacent,stackyear,co-occurrence,nonfarm_ge2_no_rentin,>=2 nonfarm workers without rent-in,baseline_bundle,high-minus-low differential,0.02189266645199696,0.07844404807939725,0.7801785250311817,2520,131,0.11504208856898865,ok
household,adjacent,stackyear,co-occurrence,nonfarm_ge2_no_rentin,>=2 nonfarm workers without rent-in,baseline_bundle,high-instability total,0.029163793348287913,0.07036506994814676,0.6785342745705977,2520,131,0.11504208856898865,ok
household,adjacent,provyear,co-occurrence,nonfarm_ge2_no_rentin,>=2 nonfarm workers without rent-in,baseline_bundle,low-instability DID,-0.06251649967201695,0.05704278400132296,0.2730971227786344,2512,128,0.11504208856898865,ok
household,adjacent,provyear,co-occurrence,nonfarm_ge2_no_rentin,>=2 nonfarm workers without rent-in,baseline_bundle,high-minus-low differential,0.02081003956389455,0.08655054215749144,0.809990719542528,2512,128,0.11504208856898865,ok
household,adjacent,provyear,co-occurrence,nonfarm_ge2_no_rentin,>=2 nonfarm workers without rent-in,baseline_bundle,high-instability total,-0.041706460108122394,0.10536754269930154,0.6922386661595483,2512,128,0.11504208856898865,ok
