scope,anchor,outcome,outcome_label,family,modifier,modifier_label,modifier_type,paper_role,subset,fe,controls,term,b,se,p,N,clusters,mean_y,status
adjacent,completed_t,any_rentin,Any rented-in land,rent-in,farmdep_continuous,"Baseline farm-dependence, continuous winsorized z",continuous,continuous farm-dependence interaction,all,stackyear,none,DID at mean modifier,-0.03668756445923601,0.04936888057288724,0.4574021415327636,2740,135,0.1260217152616811,ok
adjacent,completed_t,any_rentin,Any rented-in land,rent-in,farmdep_continuous,"Baseline farm-dependence, continuous winsorized z",continuous,continuous farm-dependence interaction,all,stackyear,none,heterogeneity slope,0.0502376596874757,0.034082603811917626,0.1404823679665466,2740,135,0.1260217152616811,ok
adjacent,completed_t,any_rentin,Any rented-in land,rent-in,farmdep_continuous,"Baseline farm-dependence, continuous winsorized z",continuous,continuous farm-dependence interaction,all,stackyear,none,DID at +1 SD,0.01355009522823969,0.057346525014317126,0.813211910440449,2740,135,0.1260217152616811,ok
adjacent,completed_t,any_rentin,Any rented-in land,rent-in,farmdep_continuous,"Baseline farm-dependence, continuous winsorized z",continuous,continuous farm-dependence interaction,all,stackyear,none,DID at -1 SD,-0.08692522414671171,0.06252356813252576,0.1644440733165181,2740,135,0.1260217152616811,ok
adjacent,completed_t,any_rentin,Any rented-in land,rent-in,farmdep_continuous,"Baseline farm-dependence, continuous winsorized z",continuous,continuous farm-dependence interaction,all,stackyear,farm_income_only,DID at mean modifier,-0.036041131592462784,0.0504204927718711,0.4747257301177119,2740,135,0.1260217152616811,ok
adjacent,completed_t,any_rentin,Any rented-in land,rent-in,farmdep_continuous,"Baseline farm-dependence, continuous winsorized z",continuous,continuous farm-dependence interaction,all,stackyear,farm_income_only,heterogeneity slope,0.049574363740740444,0.03437064429812419,0.1492047695254065,2740,135,0.1260217152616811,ok
adjacent,completed_t,any_rentin,Any rented-in land,rent-in,farmdep_continuous,"Baseline farm-dependence, continuous winsorized z",continuous,continuous farm-dependence interaction,all,stackyear,farm_income_only,DID at +1 SD,0.01353323214827766,0.05735519464307903,0.8134677623085602,2740,135,0.1260217152616811,ok
adjacent,completed_t,any_rentin,Any rented-in land,rent-in,farmdep_continuous,"Baseline farm-dependence, continuous winsorized z",continuous,continuous farm-dependence interaction,all,stackyear,farm_income_only,DID at -1 SD,-0.08561549533320323,0.06447880433993393,0.18424142503724317,2740,135,0.1260217152616811,ok
adjacent,completed_t,any_rentin,Any rented-in land,rent-in,farmdep_continuous,"Baseline farm-dependence, continuous winsorized z",continuous,continuous farm-dependence interaction,all,stackyear,other_baseline,DID at mean modifier,-0.04464445174361401,0.05088067230006812,0.3802507399422581,2560,135,0.1260217152616811,ok
adjacent,completed_t,any_rentin,Any rented-in land,rent-in,farmdep_continuous,"Baseline farm-dependence, continuous winsorized z",continuous,continuous farm-dependence interaction,all,stackyear,other_baseline,heterogeneity slope,0.054753271854809056,0.03592058896938664,0.12743713704765558,2560,135,0.1260217152616811,ok
adjacent,completed_t,any_rentin,Any rented-in land,rent-in,farmdep_continuous,"Baseline farm-dependence, continuous winsorized z",continuous,continuous farm-dependence interaction,all,stackyear,other_baseline,DID at +1 SD,0.010108820111195044,0.061001344819515205,0.8683814699253669,2560,135,0.1260217152616811,ok
adjacent,completed_t,any_rentin,Any rented-in land,rent-in,farmdep_continuous,"Baseline farm-dependence, continuous winsorized z",continuous,continuous farm-dependence interaction,all,stackyear,other_baseline,DID at -1 SD,-0.09939772359842307,0.06353816948448929,0.11772879051403067,2560,135,0.1260217152616811,ok
adjacent,completed_t,any_rentin,Any rented-in land,rent-in,farmdep_continuous,"Baseline farm-dependence, continuous winsorized z",continuous,continuous farm-dependence interaction,all,provyear,none,DID at mean modifier,-0.17216556554153412,0.09656156558708168,0.07459255093571952,2734,133,0.1260217152616811,ok
adjacent,completed_t,any_rentin,Any rented-in land,rent-in,farmdep_continuous,"Baseline farm-dependence, continuous winsorized z",continuous,continuous farm-dependence interaction,all,provyear,none,heterogeneity slope,0.023099695150278952,0.028079701800046583,0.4107085055710241,2734,133,0.1260217152616811,ok
adjacent,completed_t,any_rentin,Any rented-in land,rent-in,farmdep_continuous,"Baseline farm-dependence, continuous winsorized z",continuous,continuous farm-dependence interaction,all,provyear,none,DID at +1 SD,-0.14906587039125516,0.10387946900537905,0.1512903006543011,2734,133,0.1260217152616811,ok
adjacent,completed_t,any_rentin,Any rented-in land,rent-in,farmdep_continuous,"Baseline farm-dependence, continuous winsorized z",continuous,continuous farm-dependence interaction,all,provyear,none,DID at -1 SD,-0.19526526069181308,0.09713015557887326,0.04439453690064601,2734,133,0.1260217152616811,ok
adjacent,completed_t,any_rentin,Any rented-in land,rent-in,farmdep_continuous,"Baseline farm-dependence, continuous winsorized z",continuous,continuous farm-dependence interaction,all,provyear,farm_income_only,DID at mean modifier,-0.17477268206756183,0.09892274672506299,0.07726854868579759,2734,133,0.1260217152616811,ok
adjacent,completed_t,any_rentin,Any rented-in land,rent-in,farmdep_continuous,"Baseline farm-dependence, continuous winsorized z",continuous,continuous farm-dependence interaction,all,provyear,farm_income_only,heterogeneity slope,0.019673551633871172,0.02750031478198713,0.4743658112063359,2734,133,0.1260217152616811,ok
adjacent,completed_t,any_rentin,Any rented-in land,rent-in,farmdep_continuous,"Baseline farm-dependence, continuous winsorized z",continuous,continuous farm-dependence interaction,all,provyear,farm_income_only,DID at +1 SD,-0.15509913043369067,0.10512888632106406,0.1401255558157716,2734,133,0.1260217152616811,ok
adjacent,completed_t,any_rentin,Any rented-in land,rent-in,farmdep_continuous,"Baseline farm-dependence, continuous winsorized z",continuous,continuous farm-dependence interaction,all,provyear,farm_income_only,DID at -1 SD,-0.194446233701433,0.10015923085952423,0.05221328411328128,2734,133,0.1260217152616811,ok
adjacent,completed_t,any_rentin,Any rented-in land,rent-in,farmdep_continuous,"Baseline farm-dependence, continuous winsorized z",continuous,continuous farm-dependence interaction,all,provyear,other_baseline,DID at mean modifier,-0.1744687024277484,0.09928552993504887,0.07887657049067327,2552,132,0.1260217152616811,ok
adjacent,completed_t,any_rentin,Any rented-in land,rent-in,farmdep_continuous,"Baseline farm-dependence, continuous winsorized z",continuous,continuous farm-dependence interaction,all,provyear,other_baseline,heterogeneity slope,0.027070699453791293,0.029355059648761634,0.3564337954714788,2552,132,0.1260217152616811,ok
adjacent,completed_t,any_rentin,Any rented-in land,rent-in,farmdep_continuous,"Baseline farm-dependence, continuous winsorized z",continuous,continuous farm-dependence interaction,all,provyear,other_baseline,DID at +1 SD,-0.1473980029739571,0.10671503930774535,0.16720828439019497,2552,132,0.1260217152616811,ok
adjacent,completed_t,any_rentin,Any rented-in land,rent-in,farmdep_continuous,"Baseline farm-dependence, continuous winsorized z",continuous,continuous farm-dependence interaction,all,provyear,other_baseline,DID at -1 SD,-0.20153940188153968,0.10025254285292738,0.04439763747598958,2552,132,0.1260217152616811,ok
adjacent,completed_t,any_rentin,Any rented-in land,rent-in,farmdep_top_tercile,Top tercile baseline farm-dependence,binary_top,top-third split,all,stackyear,none,lower/rest DID,-0.060801033360650306,0.05540387187553571,0.2724600720103474,2740,135,0.1260217152616811,ok
adjacent,completed_t,any_rentin,Any rented-in land,rent-in,farmdep_top_tercile,Top tercile baseline farm-dependence,binary_top,top-third split,all,stackyear,none,top-minus-rest differential,0.0722184193242856,0.06296560285119152,0.25140214749103573,2740,135,0.1260217152616811,ok
adjacent,completed_t,any_rentin,Any rented-in land,rent-in,farmdep_top_tercile,Top tercile baseline farm-dependence,binary_top,top-third split,all,stackyear,none,top group DID,0.011417385963635299,0.06509519580384474,0.8607690989767904,2740,135,0.1260217152616811,ok
adjacent,completed_t,any_rentin,Any rented-in land,rent-in,farmdep_top_tercile,Top tercile baseline farm-dependence,binary_top,top-third split,all,stackyear,farm_income_only,lower/rest DID,-0.05937378351510058,0.05766987603189428,0.30322322985577943,2740,135,0.1260217152616811,ok
adjacent,completed_t,any_rentin,Any rented-in land,rent-in,farmdep_top_tercile,Top tercile baseline farm-dependence,binary_top,top-third split,all,stackyear,farm_income_only,top-minus-rest differential,0.07086952576235432,0.06410050720541127,0.26889965607540256,2740,135,0.1260217152616811,ok
adjacent,completed_t,any_rentin,Any rented-in land,rent-in,farmdep_top_tercile,Top tercile baseline farm-dependence,binary_top,top-third split,all,stackyear,farm_income_only,top group DID,0.011495742247253742,0.06522715481642603,0.8601040905689884,2740,135,0.1260217152616811,ok
adjacent,completed_t,any_rentin,Any rented-in land,rent-in,farmdep_top_tercile,Top tercile baseline farm-dependence,binary_top,top-third split,all,stackyear,other_baseline,lower/rest DID,-0.07690157459856575,0.056775060953079735,0.17557829179174678,2560,135,0.1260217152616811,ok
adjacent,completed_t,any_rentin,Any rented-in land,rent-in,farmdep_top_tercile,Top tercile baseline farm-dependence,binary_top,top-third split,all,stackyear,other_baseline,top-minus-rest differential,0.09312741984193251,0.07071020537043432,0.18782876763390055,2560,135,0.1260217152616811,ok
adjacent,completed_t,any_rentin,Any rented-in land,rent-in,farmdep_top_tercile,Top tercile baseline farm-dependence,binary_top,top-third split,all,stackyear,other_baseline,top group DID,0.01622584524336676,0.07076822358625948,0.818650122734965,2560,135,0.1260217152616811,ok
adjacent,completed_t,any_rentin,Any rented-in land,rent-in,farmdep_top_tercile,Top tercile baseline farm-dependence,binary_top,top-third split,all,provyear,none,lower/rest DID,-0.18271178027379595,0.09590927760929385,0.056773828135795394,2734,133,0.1260217152616811,ok
adjacent,completed_t,any_rentin,Any rented-in land,rent-in,farmdep_top_tercile,Top tercile baseline farm-dependence,binary_top,top-third split,all,provyear,none,top-minus-rest differential,0.005858875200914489,0.049181801261632026,0.9051748245215402,2734,133,0.1260217152616811,ok
adjacent,completed_t,any_rentin,Any rented-in land,rent-in,farmdep_top_tercile,Top tercile baseline farm-dependence,binary_top,top-third split,all,provyear,none,top group DID,-0.17685290507288146,0.11155262337513801,0.11288082238422707,2734,133,0.1260217152616811,ok
adjacent,completed_t,any_rentin,Any rented-in land,rent-in,farmdep_top_tercile,Top tercile baseline farm-dependence,binary_top,top-third split,all,provyear,farm_income_only,lower/rest DID,-0.18287448926293062,0.0990152048880342,0.06475679294114439,2734,133,0.1260217152616811,ok
adjacent,completed_t,any_rentin,Any rented-in land,rent-in,farmdep_top_tercile,Top tercile baseline farm-dependence,binary_top,top-third split,all,provyear,farm_income_only,top-minus-rest differential,-0.0005699204614953799,0.04804897458837602,0.9905363209386148,2734,133,0.1260217152616811,ok
adjacent,completed_t,any_rentin,Any rented-in land,rent-in,farmdep_top_tercile,Top tercile baseline farm-dependence,binary_top,top-third split,all,provyear,farm_income_only,top group DID,-0.183444409724426,0.11253387941503634,0.10307485649623593,2734,133,0.1260217152616811,ok
adjacent,completed_t,any_rentin,Any rented-in land,rent-in,farmdep_top_tercile,Top tercile baseline farm-dependence,binary_top,top-third split,all,provyear,other_baseline,lower/rest DID,-0.18933835283447878,0.0995740003757844,0.057238666890646286,2552,132,0.1260217152616811,ok
adjacent,completed_t,any_rentin,Any rented-in land,rent-in,farmdep_top_tercile,Top tercile baseline farm-dependence,binary_top,top-third split,all,provyear,other_baseline,top-minus-rest differential,0.025955392892623965,0.05732307392439024,0.6506989820196374,2552,132,0.1260217152616811,ok
adjacent,completed_t,any_rentin,Any rented-in land,rent-in,farmdep_top_tercile,Top tercile baseline farm-dependence,binary_top,top-third split,all,provyear,other_baseline,top group DID,-0.1633829599418548,0.11700282728771261,0.16259352999404908,2552,132,0.1260217152616811,ok
adjacent,completed_t,any_rentin,Any rented-in land,rent-in,farmdep_top_vs_bottom,Top versus bottom tercile baseline farm-dependence,binary_top_bottom,clean top-minus-bottom contrast,top_bottom_farmdep,stackyear,none,bottom group DID,-0.1870777413548721,0.10545810772113219,0.07607090169690152,1854,129,0.13966123362096516,ok
adjacent,completed_t,any_rentin,Any rented-in land,rent-in,farmdep_top_vs_bottom,Top versus bottom tercile baseline farm-dependence,binary_top_bottom,clean top-minus-bottom contrast,top_bottom_farmdep,stackyear,none,top-minus-bottom differential,0.19967104851745124,0.10992134929843059,0.06929521721364112,1854,129,0.13966123362096516,ok
adjacent,completed_t,any_rentin,Any rented-in land,rent-in,farmdep_top_vs_bottom,Top versus bottom tercile baseline farm-dependence,binary_top_bottom,clean top-minus-bottom contrast,top_bottom_farmdep,stackyear,none,top group DID,0.012593307162579143,0.06509114943749807,0.8465894251816086,1854,129,0.13966123362096516,ok
adjacent,completed_t,any_rentin,Any rented-in land,rent-in,farmdep_top_vs_bottom,Top versus bottom tercile baseline farm-dependence,binary_top_bottom,clean top-minus-bottom contrast,top_bottom_farmdep,stackyear,farm_income_only,bottom group DID,-0.1843246321564509,0.10579706456116801,0.08146521021488728,1854,129,0.13966123362096516,ok
adjacent,completed_t,any_rentin,Any rented-in land,rent-in,farmdep_top_vs_bottom,Top versus bottom tercile baseline farm-dependence,binary_top_bottom,clean top-minus-bottom contrast,top_bottom_farmdep,stackyear,farm_income_only,top-minus-bottom differential,0.1966316849966306,0.10990926128511389,0.07360893035447354,1854,129,0.13966123362096516,ok
adjacent,completed_t,any_rentin,Any rented-in land,rent-in,farmdep_top_vs_bottom,Top versus bottom tercile baseline farm-dependence,binary_top_bottom,clean top-minus-bottom contrast,top_bottom_farmdep,stackyear,farm_income_only,top group DID,0.012307052840179716,0.06477918578950276,0.8493211359993608,1854,129,0.13966123362096516,ok
adjacent,completed_t,any_rentin,Any rented-in land,rent-in,farmdep_top_vs_bottom,Top versus bottom tercile baseline farm-dependence,binary_top_bottom,clean top-minus-bottom contrast,top_bottom_farmdep,stackyear,other_baseline,bottom group DID,-0.18502918131722587,0.10341800972698031,0.0735924531759918,1740,129,0.13966123362096516,ok
adjacent,completed_t,any_rentin,Any rented-in land,rent-in,farmdep_top_vs_bottom,Top versus bottom tercile baseline farm-dependence,binary_top_bottom,clean top-minus-bottom contrast,top_bottom_farmdep,stackyear,other_baseline,top-minus-bottom differential,0.20658152083246278,0.1098268148080482,0.05997528520447733,1740,129,0.13966123362096516,ok
adjacent,completed_t,any_rentin,Any rented-in land,rent-in,farmdep_top_vs_bottom,Top versus bottom tercile baseline farm-dependence,binary_top_bottom,clean top-minus-bottom contrast,top_bottom_farmdep,stackyear,other_baseline,top group DID,0.021552339515236912,0.07028041538395971,0.7591005832155205,1740,129,0.13966123362096516,ok
adjacent,completed_t,any_rentin,Any rented-in land,rent-in,farmdep_top_vs_bottom,Top versus bottom tercile baseline farm-dependence,binary_top_bottom,clean top-minus-bottom contrast,top_bottom_farmdep,provyear,none,bottom group DID,-0.2990137213159218,0.10400201518684044,0.004039299681001643,1848,127,0.13966123362096516,ok
adjacent,completed_t,any_rentin,Any rented-in land,rent-in,farmdep_top_vs_bottom,Top versus bottom tercile baseline farm-dependence,binary_top_bottom,clean top-minus-bottom contrast,top_bottom_farmdep,provyear,none,top-minus-bottom differential,0.06261621944599043,0.10958628119639782,0.5677370734429092,1848,127,0.13966123362096516,ok
adjacent,completed_t,any_rentin,Any rented-in land,rent-in,farmdep_top_vs_bottom,Top versus bottom tercile baseline farm-dependence,binary_top_bottom,clean top-minus-bottom contrast,top_bottom_farmdep,provyear,none,top group DID,-0.23639750186993136,0.1376828284657228,0.08598436703650303,1848,127,0.13966123362096516,ok
adjacent,completed_t,any_rentin,Any rented-in land,rent-in,farmdep_top_vs_bottom,Top versus bottom tercile baseline farm-dependence,binary_top_bottom,clean top-minus-bottom contrast,top_bottom_farmdep,provyear,farm_income_only,bottom group DID,-0.29792233590544087,0.10395630494278184,0.004159018778588535,1848,127,0.13966123362096516,ok
adjacent,completed_t,any_rentin,Any rented-in land,rent-in,farmdep_top_vs_bottom,Top versus bottom tercile baseline farm-dependence,binary_top_bottom,clean top-minus-bottom contrast,top_bottom_farmdep,provyear,farm_income_only,top-minus-bottom differential,0.0625967070747688,0.1097462935821716,0.5684223633240117,1848,127,0.13966123362096516,ok
adjacent,completed_t,any_rentin,Any rented-in land,rent-in,farmdep_top_vs_bottom,Top versus bottom tercile baseline farm-dependence,binary_top_bottom,clean top-minus-bottom contrast,top_bottom_farmdep,provyear,farm_income_only,top group DID,-0.23532562883067207,0.13769673984120126,0.08744839296575183,1848,127,0.13966123362096516,ok
adjacent,completed_t,any_rentin,Any rented-in land,rent-in,farmdep_top_vs_bottom,Top versus bottom tercile baseline farm-dependence,binary_top_bottom,clean top-minus-bottom contrast,top_bottom_farmdep,provyear,other_baseline,bottom group DID,-0.3030922127419432,0.10861798740555312,0.005263610195789222,1732,126,0.13966123362096516,ok
adjacent,completed_t,any_rentin,Any rented-in land,rent-in,farmdep_top_vs_bottom,Top versus bottom tercile baseline farm-dependence,binary_top_bottom,clean top-minus-bottom contrast,top_bottom_farmdep,provyear,other_baseline,top-minus-bottom differential,0.06407937217816644,0.11048162140515093,0.5619144239204306,1732,126,0.13966123362096516,ok
adjacent,completed_t,any_rentin,Any rented-in land,rent-in,farmdep_top_vs_bottom,Top versus bottom tercile baseline farm-dependence,binary_top_bottom,clean top-minus-bottom contrast,top_bottom_farmdep,provyear,other_baseline,top group DID,-0.23901284056377675,0.14317251600735256,0.09503724511617874,1732,126,0.13966123362096516,ok
adjacent,completed_t,any_rentin,Any rented-in land,rent-in,farmdep_ordered_tercile,Ordered tercile score of baseline farm-dependence,continuous,ordered farm-dependence gradient,all,stackyear,none,DID at mean modifier,-0.04086549230455764,0.047440858069076164,0.38901850530154014,2740,135,0.1260217152616811,ok
adjacent,completed_t,any_rentin,Any rented-in land,rent-in,farmdep_ordered_tercile,Ordered tercile score of baseline farm-dependence,continuous,ordered farm-dependence gradient,all,stackyear,none,heterogeneity slope,0.0755831279252418,0.043613858770798514,0.08309440270496109,2740,135,0.1260217152616811,ok
adjacent,completed_t,any_rentin,Any rented-in land,rent-in,farmdep_ordered_tercile,Ordered tercile score of baseline farm-dependence,continuous,ordered farm-dependence gradient,all,stackyear,none,DID at +1 SD,0.03471763562068416,0.05441301952230536,0.5234482086932397,2740,135,0.1260217152616811,ok
adjacent,completed_t,any_rentin,Any rented-in land,rent-in,farmdep_ordered_tercile,Ordered tercile score of baseline farm-dependence,continuous,ordered farm-dependence gradient,all,stackyear,none,DID at -1 SD,-0.11644862022979943,0.07310834896839068,0.11120002513604031,2740,135,0.1260217152616811,ok
adjacent,completed_t,any_rentin,Any rented-in land,rent-in,farmdep_ordered_tercile,Ordered tercile score of baseline farm-dependence,continuous,ordered farm-dependence gradient,all,stackyear,farm_income_only,DID at mean modifier,-0.04050777855867803,0.04808001639402882,0.399503895136854,2740,135,0.1260217152616811,ok
adjacent,completed_t,any_rentin,Any rented-in land,rent-in,farmdep_ordered_tercile,Ordered tercile score of baseline farm-dependence,continuous,ordered farm-dependence gradient,all,stackyear,farm_income_only,heterogeneity slope,0.07577402139882734,0.04390563615957304,0.08437653633346605,2740,135,0.1260217152616811,ok
adjacent,completed_t,any_rentin,Any rented-in land,rent-in,farmdep_ordered_tercile,Ordered tercile score of baseline farm-dependence,continuous,ordered farm-dependence gradient,all,stackyear,farm_income_only,DID at +1 SD,0.035266242840149314,0.054478610478352556,0.5174112164450648,2740,135,0.1260217152616811,ok
adjacent,completed_t,any_rentin,Any rented-in land,rent-in,farmdep_ordered_tercile,Ordered tercile score of baseline farm-dependence,continuous,ordered farm-dependence gradient,all,stackyear,farm_income_only,DID at -1 SD,-0.11628179995750537,0.07423521217321137,0.11725574798277759,2740,135,0.1260217152616811,ok
adjacent,completed_t,any_rentin,Any rented-in land,rent-in,farmdep_ordered_tercile,Ordered tercile score of baseline farm-dependence,continuous,ordered farm-dependence gradient,all,stackyear,other_baseline,DID at mean modifier,-0.048128942662206194,0.04779891301309055,0.31398064863960284,2560,135,0.1260217152616811,ok
adjacent,completed_t,any_rentin,Any rented-in land,rent-in,farmdep_ordered_tercile,Ordered tercile score of baseline farm-dependence,continuous,ordered farm-dependence gradient,all,stackyear,other_baseline,heterogeneity slope,0.08092564454373846,0.04429839282254369,0.06772529439221624,2560,135,0.1260217152616811,ok
adjacent,completed_t,any_rentin,Any rented-in land,rent-in,farmdep_ordered_tercile,Ordered tercile score of baseline farm-dependence,continuous,ordered farm-dependence gradient,all,stackyear,other_baseline,DID at +1 SD,0.03279670188153227,0.056953430277470324,0.5647157544674456,2560,135,0.1260217152616811,ok
adjacent,completed_t,any_rentin,Any rented-in land,rent-in,farmdep_ordered_tercile,Ordered tercile score of baseline farm-dependence,continuous,ordered farm-dependence gradient,all,stackyear,other_baseline,DID at -1 SD,-0.12905458720594465,0.0724601556955,0.07490557484354998,2560,135,0.1260217152616811,ok
adjacent,completed_t,any_rentin,Any rented-in land,rent-in,farmdep_ordered_tercile,Ordered tercile score of baseline farm-dependence,continuous,ordered farm-dependence gradient,all,provyear,none,DID at mean modifier,-0.1611697871699915,0.09391219532789888,0.08612996803719067,2734,133,0.1260217152616811,ok
adjacent,completed_t,any_rentin,Any rented-in land,rent-in,farmdep_ordered_tercile,Ordered tercile score of baseline farm-dependence,continuous,ordered farm-dependence gradient,all,provyear,none,heterogeneity slope,0.04431546463151452,0.03468938961608857,0.20142812586508108,2734,133,0.1260217152616811,ok
adjacent,completed_t,any_rentin,Any rented-in land,rent-in,farmdep_ordered_tercile,Ordered tercile score of baseline farm-dependence,continuous,ordered farm-dependence gradient,all,provyear,none,DID at +1 SD,-0.11685432253847698,0.10747855141231603,0.2769334610711218,2734,133,0.1260217152616811,ok
adjacent,completed_t,any_rentin,Any rented-in land,rent-in,farmdep_ordered_tercile,Ordered tercile score of baseline farm-dependence,continuous,ordered farm-dependence gradient,all,provyear,none,DID at -1 SD,-0.205485251801506,0.09216327551033865,0.02577544266384985,2734,133,0.1260217152616811,ok
adjacent,completed_t,any_rentin,Any rented-in land,rent-in,farmdep_ordered_tercile,Ordered tercile score of baseline farm-dependence,continuous,ordered farm-dependence gradient,all,provyear,farm_income_only,DID at mean modifier,-0.161667853271878,0.09553737640303107,0.09060883425920882,2734,133,0.1260217152616811,ok
adjacent,completed_t,any_rentin,Any rented-in land,rent-in,farmdep_ordered_tercile,Ordered tercile score of baseline farm-dependence,continuous,ordered farm-dependence gradient,all,provyear,farm_income_only,heterogeneity slope,0.04312189923388916,0.03469895898855106,0.21396243777741664,2734,133,0.1260217152616811,ok
adjacent,completed_t,any_rentin,Any rented-in land,rent-in,farmdep_ordered_tercile,Ordered tercile score of baseline farm-dependence,continuous,ordered farm-dependence gradient,all,provyear,farm_income_only,DID at +1 SD,-0.11854595403798883,0.10845838073544778,0.27438997869189197,2734,133,0.1260217152616811,ok
adjacent,completed_t,any_rentin,Any rented-in land,rent-in,farmdep_ordered_tercile,Ordered tercile score of baseline farm-dependence,continuous,ordered farm-dependence gradient,all,provyear,farm_income_only,DID at -1 SD,-0.20478975250576714,0.09433766871177082,0.029945058444145443,2734,133,0.1260217152616811,ok
adjacent,completed_t,any_rentin,Any rented-in land,rent-in,farmdep_ordered_tercile,Ordered tercile score of baseline farm-dependence,continuous,ordered farm-dependence gradient,all,provyear,other_baseline,DID at mean modifier,-0.1585326432490499,0.09641397447776692,0.1001160802088423,2552,132,0.1260217152616811,ok
adjacent,completed_t,any_rentin,Any rented-in land,rent-in,farmdep_ordered_tercile,Ordered tercile score of baseline farm-dependence,continuous,ordered farm-dependence gradient,all,provyear,other_baseline,heterogeneity slope,0.05308203507963238,0.03719505056496024,0.15354349151917104,2552,132,0.1260217152616811,ok
adjacent,completed_t,any_rentin,Any rented-in land,rent-in,farmdep_ordered_tercile,Ordered tercile score of baseline farm-dependence,continuous,ordered farm-dependence gradient,all,provyear,other_baseline,DID at +1 SD,-0.10545060816941751,0.1118554425399759,0.3458138703176826,2552,132,0.1260217152616811,ok
adjacent,completed_t,any_rentin,Any rented-in land,rent-in,farmdep_ordered_tercile,Ordered tercile score of baseline farm-dependence,continuous,ordered farm-dependence gradient,all,provyear,other_baseline,DID at -1 SD,-0.21161467832868228,0.09405643250966429,0.02445724438385543,2552,132,0.1260217152616811,ok
adjacent,completed_t,any_rentin,Any rented-in land,rent-in,farm_orientation_continuous,"Pre-specified farm-orientation index, continuous z",continuous,pre-specified index interaction,all,stackyear,none,DID at mean modifier,-0.04407208009027451,0.04971332750036912,0.3753349873649814,2822,136,0.1260217152616811,ok
adjacent,completed_t,any_rentin,Any rented-in land,rent-in,farm_orientation_continuous,"Pre-specified farm-orientation index, continuous z",continuous,pre-specified index interaction,all,stackyear,none,heterogeneity slope,0.07376499492833884,0.04975854192627743,0.13821822322519883,2822,136,0.1260217152616811,ok
adjacent,completed_t,any_rentin,Any rented-in land,rent-in,farm_orientation_continuous,"Pre-specified farm-orientation index, continuous z",continuous,pre-specified index interaction,all,stackyear,none,DID at +1 SD,0.029692914838064327,0.060048006090318996,0.6209627972195249,2822,136,0.1260217152616811,ok
adjacent,completed_t,any_rentin,Any rented-in land,rent-in,farm_orientation_continuous,"Pre-specified farm-orientation index, continuous z",continuous,pre-specified index interaction,all,stackyear,none,DID at -1 SD,-0.11783707501861335,0.07930253347878077,0.13730076823304965,2822,136,0.1260217152616811,ok
adjacent,completed_t,any_rentin,Any rented-in land,rent-in,farm_orientation_continuous,"Pre-specified farm-orientation index, continuous z",continuous,pre-specified index interaction,all,stackyear,farm_income_only,DID at mean modifier,-0.04407208009027451,0.04971332750036912,0.3753349873649814,2822,136,0.1260217152616811,ok
adjacent,completed_t,any_rentin,Any rented-in land,rent-in,farm_orientation_continuous,"Pre-specified farm-orientation index, continuous z",continuous,pre-specified index interaction,all,stackyear,farm_income_only,heterogeneity slope,0.07376499492833884,0.04975854192627743,0.13821822322519883,2822,136,0.1260217152616811,ok
adjacent,completed_t,any_rentin,Any rented-in land,rent-in,farm_orientation_continuous,"Pre-specified farm-orientation index, continuous z",continuous,pre-specified index interaction,all,stackyear,farm_income_only,DID at +1 SD,0.029692914838064327,0.060048006090318996,0.6209627972195249,2822,136,0.1260217152616811,ok
adjacent,completed_t,any_rentin,Any rented-in land,rent-in,farm_orientation_continuous,"Pre-specified farm-orientation index, continuous z",continuous,pre-specified index interaction,all,stackyear,farm_income_only,DID at -1 SD,-0.11783707501861335,0.07930253347878077,0.13730076823304965,2822,136,0.1260217152616811,ok
adjacent,completed_t,any_rentin,Any rented-in land,rent-in,farm_orientation_continuous,"Pre-specified farm-orientation index, continuous z",continuous,pre-specified index interaction,all,stackyear,other_baseline,DID at mean modifier,-0.04407208009027451,0.04971332750036912,0.3753349873649814,2822,136,0.1260217152616811,ok
adjacent,completed_t,any_rentin,Any rented-in land,rent-in,farm_orientation_continuous,"Pre-specified farm-orientation index, continuous z",continuous,pre-specified index interaction,all,stackyear,other_baseline,heterogeneity slope,0.07376499492833884,0.04975854192627743,0.13821822322519883,2822,136,0.1260217152616811,ok
adjacent,completed_t,any_rentin,Any rented-in land,rent-in,farm_orientation_continuous,"Pre-specified farm-orientation index, continuous z",continuous,pre-specified index interaction,all,stackyear,other_baseline,DID at +1 SD,0.029692914838064327,0.060048006090318996,0.6209627972195249,2822,136,0.1260217152616811,ok
adjacent,completed_t,any_rentin,Any rented-in land,rent-in,farm_orientation_continuous,"Pre-specified farm-orientation index, continuous z",continuous,pre-specified index interaction,all,stackyear,other_baseline,DID at -1 SD,-0.11783707501861335,0.07930253347878077,0.13730076823304965,2822,136,0.1260217152616811,ok
adjacent,completed_t,any_rentin,Any rented-in land,rent-in,farm_orientation_continuous,"Pre-specified farm-orientation index, continuous z",continuous,pre-specified index interaction,all,provyear,none,DID at mean modifier,-0.18273812274611553,0.093607270709442,0.05091698868602593,2816,134,0.1260217152616811,ok
adjacent,completed_t,any_rentin,Any rented-in land,rent-in,farm_orientation_continuous,"Pre-specified farm-orientation index, continuous z",continuous,pre-specified index interaction,all,provyear,none,heterogeneity slope,0.047941610439778064,0.0375478433458975,0.20166793686626117,2816,134,0.1260217152616811,ok
adjacent,completed_t,any_rentin,Any rented-in land,rent-in,farm_orientation_continuous,"Pre-specified farm-orientation index, continuous z",continuous,pre-specified index interaction,all,provyear,none,DID at +1 SD,-0.13479651230633746,0.10314684644978578,0.19126676888452965,2816,134,0.1260217152616811,ok
adjacent,completed_t,any_rentin,Any rented-in land,rent-in,farm_orientation_continuous,"Pre-specified farm-orientation index, continuous z",continuous,pre-specified index interaction,all,provyear,none,DID at -1 SD,-0.2306797331858936,0.09851421931204625,0.019201888495165634,2816,134,0.1260217152616811,ok
adjacent,completed_t,any_rentin,Any rented-in land,rent-in,farm_orientation_continuous,"Pre-specified farm-orientation index, continuous z",continuous,pre-specified index interaction,all,provyear,farm_income_only,DID at mean modifier,-0.18273812274611553,0.093607270709442,0.05091698868602593,2816,134,0.1260217152616811,ok
adjacent,completed_t,any_rentin,Any rented-in land,rent-in,farm_orientation_continuous,"Pre-specified farm-orientation index, continuous z",continuous,pre-specified index interaction,all,provyear,farm_income_only,heterogeneity slope,0.047941610439778064,0.0375478433458975,0.20166793686626117,2816,134,0.1260217152616811,ok
adjacent,completed_t,any_rentin,Any rented-in land,rent-in,farm_orientation_continuous,"Pre-specified farm-orientation index, continuous z",continuous,pre-specified index interaction,all,provyear,farm_income_only,DID at +1 SD,-0.13479651230633746,0.10314684644978578,0.19126676888452965,2816,134,0.1260217152616811,ok
adjacent,completed_t,any_rentin,Any rented-in land,rent-in,farm_orientation_continuous,"Pre-specified farm-orientation index, continuous z",continuous,pre-specified index interaction,all,provyear,farm_income_only,DID at -1 SD,-0.2306797331858936,0.09851421931204625,0.019201888495165634,2816,134,0.1260217152616811,ok
adjacent,completed_t,any_rentin,Any rented-in land,rent-in,farm_orientation_continuous,"Pre-specified farm-orientation index, continuous z",continuous,pre-specified index interaction,all,provyear,other_baseline,DID at mean modifier,-0.18273812274611553,0.093607270709442,0.05091698868602593,2816,134,0.1260217152616811,ok
adjacent,completed_t,any_rentin,Any rented-in land,rent-in,farm_orientation_continuous,"Pre-specified farm-orientation index, continuous z",continuous,pre-specified index interaction,all,provyear,other_baseline,heterogeneity slope,0.047941610439778064,0.0375478433458975,0.20166793686626117,2816,134,0.1260217152616811,ok
adjacent,completed_t,any_rentin,Any rented-in land,rent-in,farm_orientation_continuous,"Pre-specified farm-orientation index, continuous z",continuous,pre-specified index interaction,all,provyear,other_baseline,DID at +1 SD,-0.13479651230633746,0.10314684644978578,0.19126676888452965,2816,134,0.1260217152616811,ok
adjacent,completed_t,any_rentin,Any rented-in land,rent-in,farm_orientation_continuous,"Pre-specified farm-orientation index, continuous z",continuous,pre-specified index interaction,all,provyear,other_baseline,DID at -1 SD,-0.2306797331858936,0.09851421931204625,0.019201888495165634,2816,134,0.1260217152616811,ok
adjacent,completed_t,any_rentin,Any rented-in land,rent-in,farm_orientation_top_tercile,Top tercile pre-specified farm-orientation index,binary_top,pre-specified index top-third split,all,stackyear,none,lower/rest DID,-0.08992817727886368,0.04965663766832536,0.07014083152626015,2822,136,0.1260217152616811,ok
adjacent,completed_t,any_rentin,Any rented-in land,rent-in,farm_orientation_top_tercile,Top tercile pre-specified farm-orientation index,binary_top,pre-specified index top-third split,all,stackyear,none,top-minus-rest differential,0.14134639121547143,0.06562414315419549,0.031249749031464054,2822,136,0.1260217152616811,ok
adjacent,completed_t,any_rentin,Any rented-in land,rent-in,farm_orientation_top_tercile,Top tercile pre-specified farm-orientation index,binary_top,pre-specified index top-third split,all,stackyear,none,top group DID,0.051418213936607754,0.07020281097700688,0.46390989875172506,2822,136,0.1260217152616811,ok
adjacent,completed_t,any_rentin,Any rented-in land,rent-in,farm_orientation_top_tercile,Top tercile pre-specified farm-orientation index,binary_top,pre-specified index top-third split,all,stackyear,farm_income_only,lower/rest DID,-0.08992817727886368,0.04965663766832536,0.07014083152626015,2822,136,0.1260217152616811,ok
adjacent,completed_t,any_rentin,Any rented-in land,rent-in,farm_orientation_top_tercile,Top tercile pre-specified farm-orientation index,binary_top,pre-specified index top-third split,all,stackyear,farm_income_only,top-minus-rest differential,0.14134639121547143,0.06562414315419549,0.031249749031464054,2822,136,0.1260217152616811,ok
adjacent,completed_t,any_rentin,Any rented-in land,rent-in,farm_orientation_top_tercile,Top tercile pre-specified farm-orientation index,binary_top,pre-specified index top-third split,all,stackyear,farm_income_only,top group DID,0.051418213936607754,0.07020281097700688,0.46390989875172506,2822,136,0.1260217152616811,ok
adjacent,completed_t,any_rentin,Any rented-in land,rent-in,farm_orientation_top_tercile,Top tercile pre-specified farm-orientation index,binary_top,pre-specified index top-third split,all,stackyear,other_baseline,lower/rest DID,-0.08992817727886368,0.04965663766832536,0.07014083152626015,2822,136,0.1260217152616811,ok
adjacent,completed_t,any_rentin,Any rented-in land,rent-in,farm_orientation_top_tercile,Top tercile pre-specified farm-orientation index,binary_top,pre-specified index top-third split,all,stackyear,other_baseline,top-minus-rest differential,0.14134639121547143,0.06562414315419549,0.031249749031464054,2822,136,0.1260217152616811,ok
adjacent,completed_t,any_rentin,Any rented-in land,rent-in,farm_orientation_top_tercile,Top tercile pre-specified farm-orientation index,binary_top,pre-specified index top-third split,all,stackyear,other_baseline,top group DID,0.051418213936607754,0.07020281097700688,0.46390989875172506,2822,136,0.1260217152616811,ok
adjacent,completed_t,any_rentin,Any rented-in land,rent-in,farm_orientation_top_tercile,Top tercile pre-specified farm-orientation index,binary_top,pre-specified index top-third split,all,provyear,none,lower/rest DID,-0.20861277678590467,0.09684510396558005,0.031233352002708926,2816,134,0.1260217152616811,ok
adjacent,completed_t,any_rentin,Any rented-in land,rent-in,farm_orientation_top_tercile,Top tercile pre-specified farm-orientation index,binary_top,pre-specified index top-third split,all,provyear,none,top-minus-rest differential,0.09573317108000373,0.06294318320112753,0.1282734354360208,2816,134,0.1260217152616811,ok
adjacent,completed_t,any_rentin,Any rented-in land,rent-in,farm_orientation_top_tercile,Top tercile pre-specified farm-orientation index,binary_top,pre-specified index top-third split,all,provyear,none,top group DID,-0.11287960570590094,0.12114293860466017,0.35144580202248477,2816,134,0.1260217152616811,ok
adjacent,completed_t,any_rentin,Any rented-in land,rent-in,farm_orientation_top_tercile,Top tercile pre-specified farm-orientation index,binary_top,pre-specified index top-third split,all,provyear,farm_income_only,lower/rest DID,-0.20861277678590467,0.09684510396558005,0.031233352002708926,2816,134,0.1260217152616811,ok
adjacent,completed_t,any_rentin,Any rented-in land,rent-in,farm_orientation_top_tercile,Top tercile pre-specified farm-orientation index,binary_top,pre-specified index top-third split,all,provyear,farm_income_only,top-minus-rest differential,0.09573317108000373,0.06294318320112753,0.1282734354360208,2816,134,0.1260217152616811,ok
adjacent,completed_t,any_rentin,Any rented-in land,rent-in,farm_orientation_top_tercile,Top tercile pre-specified farm-orientation index,binary_top,pre-specified index top-third split,all,provyear,farm_income_only,top group DID,-0.11287960570590094,0.12114293860466017,0.35144580202248477,2816,134,0.1260217152616811,ok
adjacent,completed_t,any_rentin,Any rented-in land,rent-in,farm_orientation_top_tercile,Top tercile pre-specified farm-orientation index,binary_top,pre-specified index top-third split,all,provyear,other_baseline,lower/rest DID,-0.20861277678590467,0.09684510396558005,0.031233352002708926,2816,134,0.1260217152616811,ok
adjacent,completed_t,any_rentin,Any rented-in land,rent-in,farm_orientation_top_tercile,Top tercile pre-specified farm-orientation index,binary_top,pre-specified index top-third split,all,provyear,other_baseline,top-minus-rest differential,0.09573317108000373,0.06294318320112753,0.1282734354360208,2816,134,0.1260217152616811,ok
adjacent,completed_t,any_rentin,Any rented-in land,rent-in,farm_orientation_top_tercile,Top tercile pre-specified farm-orientation index,binary_top,pre-specified index top-third split,all,provyear,other_baseline,top group DID,-0.11287960570590094,0.12114293860466017,0.35144580202248477,2816,134,0.1260217152616811,ok
adjacent,completed_t,any_rentin,Any rented-in land,rent-in,bottom_farmdep,Bottom tercile baseline farm-dependence,binary_bottom,exit-side low farm-dependence check,all,stackyear,none,lower/rest DID,0.018523385520362222,0.042023473632629225,0.6593674702474357,2740,135,0.1260217152616811,ok
adjacent,completed_t,any_rentin,Any rented-in land,rent-in,bottom_farmdep,Bottom tercile baseline farm-dependence,binary_bottom,exit-side low farm-dependence check,all,stackyear,none,bottom-minus-rest differential,-0.2053722832497118,0.10771320234426285,0.0565648358144528,2740,135,0.1260217152616811,ok
adjacent,completed_t,any_rentin,Any rented-in land,rent-in,bottom_farmdep,Bottom tercile baseline farm-dependence,binary_bottom,exit-side low farm-dependence check,all,stackyear,none,bottom group DID,-0.18684889772934957,0.10571113733107124,0.0771374658232894,2740,135,0.1260217152616811,ok
adjacent,completed_t,any_rentin,Any rented-in land,rent-in,bottom_farmdep,Bottom tercile baseline farm-dependence,binary_bottom,exit-side low farm-dependence check,all,stackyear,farm_income_only,lower/rest DID,0.018886466417679187,0.04191537796682826,0.6522882352324932,2740,135,0.1260217152616811,ok
adjacent,completed_t,any_rentin,Any rented-in land,rent-in,bottom_farmdep,Bottom tercile baseline farm-dependence,binary_bottom,exit-side low farm-dependence check,all,stackyear,farm_income_only,bottom-minus-rest differential,-0.20216076971010027,0.10748879647062888,0.06000439532907976,2740,135,0.1260217152616811,ok
adjacent,completed_t,any_rentin,Any rented-in land,rent-in,bottom_farmdep,Bottom tercile baseline farm-dependence,binary_bottom,exit-side low farm-dependence check,all,stackyear,farm_income_only,bottom group DID,-0.1832743032924211,0.10591294777612618,0.08355455475729594,2740,135,0.1260217152616811,ok
adjacent,completed_t,any_rentin,Any rented-in land,rent-in,bottom_farmdep,Bottom tercile baseline farm-dependence,binary_bottom,exit-side low farm-dependence check,all,stackyear,other_baseline,lower/rest DID,0.013523744129195242,0.042489296272161615,0.7502680747842168,2560,135,0.1260217152616811,ok
adjacent,completed_t,any_rentin,Any rented-in land,rent-in,bottom_farmdep,Bottom tercile baseline farm-dependence,binary_bottom,exit-side low farm-dependence check,all,stackyear,other_baseline,bottom-minus-rest differential,-0.1983581154566506,0.10586248018013227,0.06096711412190672,2560,135,0.1260217152616811,ok
adjacent,completed_t,any_rentin,Any rented-in land,rent-in,bottom_farmdep,Bottom tercile baseline farm-dependence,binary_bottom,exit-side low farm-dependence check,all,stackyear,other_baseline,bottom group DID,-0.18483437132745537,0.10455736007038846,0.07709775154256478,2560,135,0.1260217152616811,ok
adjacent,completed_t,any_rentin,Any rented-in land,rent-in,bottom_farmdep,Bottom tercile baseline farm-dependence,binary_bottom,exit-side low farm-dependence check,all,provyear,none,lower/rest DID,-0.1004571490268254,0.08920319668633439,0.2600974356386937,2734,133,0.1260217152616811,ok
adjacent,completed_t,any_rentin,Any rented-in land,rent-in,bottom_farmdep,Bottom tercile baseline farm-dependence,binary_bottom,exit-side low farm-dependence check,all,provyear,none,bottom-minus-rest differential,-0.16696039597209147,0.0986446764138203,0.09054241251012878,2734,133,0.1260217152616811,ok
adjacent,completed_t,any_rentin,Any rented-in land,rent-in,bottom_farmdep,Bottom tercile baseline farm-dependence,binary_bottom,exit-side low farm-dependence check,all,provyear,none,bottom group DID,-0.2674175449989169,0.09632389548588036,0.00549928394347722,2734,133,0.1260217152616811,ok
adjacent,completed_t,any_rentin,Any rented-in land,rent-in,bottom_farmdep,Bottom tercile baseline farm-dependence,binary_bottom,exit-side low farm-dependence check,all,provyear,farm_income_only,lower/rest DID,-0.09881294102611647,0.08972644211540011,0.270779638487877,2734,133,0.1260217152616811,ok
adjacent,completed_t,any_rentin,Any rented-in land,rent-in,bottom_farmdep,Bottom tercile baseline farm-dependence,binary_bottom,exit-side low farm-dependence check,all,provyear,farm_income_only,bottom-minus-rest differential,-0.1661612355594413,0.09883032089340647,0.09270894613232447,2734,133,0.1260217152616811,ok
adjacent,completed_t,any_rentin,Any rented-in land,rent-in,bottom_farmdep,Bottom tercile baseline farm-dependence,binary_bottom,exit-side low farm-dependence check,all,provyear,farm_income_only,bottom group DID,-0.2649741765855578,0.09613851396908628,0.005848242783094176,2734,133,0.1260217152616811,ok
adjacent,completed_t,any_rentin,Any rented-in land,rent-in,bottom_farmdep,Bottom tercile baseline farm-dependence,binary_bottom,exit-side low farm-dependence check,all,provyear,other_baseline,lower/rest DID,-0.09937070701353237,0.09352049092674013,0.28798360069397266,2552,132,0.1260217152616811,ok
adjacent,completed_t,any_rentin,Any rented-in land,rent-in,bottom_farmdep,Bottom tercile baseline farm-dependence,binary_bottom,exit-side low farm-dependence check,all,provyear,other_baseline,bottom-minus-rest differential,-0.16657356992477054,0.09993187540237074,0.09554000903774322,2552,132,0.1260217152616811,ok
adjacent,completed_t,any_rentin,Any rented-in land,rent-in,bottom_farmdep,Bottom tercile baseline farm-dependence,binary_bottom,exit-side low farm-dependence check,all,provyear,other_baseline,bottom group DID,-0.2659442769383029,0.09761888528561358,0.006443565071140256,2552,132,0.1260217152616811,ok
adjacent,completed_t,any_rentin,Any rented-in land,rent-in,nonfarm_orientation_top,Top tercile baseline nonfarm orientation,binary_top,exit-side nonfarm orientation check,all,stackyear,none,lower/rest DID,-0.0385180038644652,0.07059680099962262,0.5853371335617581,2824,136,0.1260217152616811,ok
adjacent,completed_t,any_rentin,Any rented-in land,rent-in,nonfarm_orientation_top,Top tercile baseline nonfarm orientation,binary_top,exit-side nonfarm orientation check,all,stackyear,none,top-minus-rest differential,-0.0026872885327509097,0.06765162080427228,0.9683143984808225,2824,136,0.1260217152616811,ok
adjacent,completed_t,any_rentin,Any rented-in land,rent-in,nonfarm_orientation_top,Top tercile baseline nonfarm orientation,binary_top,exit-side nonfarm orientation check,all,stackyear,none,top group DID,-0.04120529239721611,0.049753775156432,0.40756616851035776,2824,136,0.1260217152616811,ok
adjacent,completed_t,any_rentin,Any rented-in land,rent-in,nonfarm_orientation_top,Top tercile baseline nonfarm orientation,binary_top,exit-side nonfarm orientation check,all,stackyear,farm_income_only,lower/rest DID,-0.03873347421142611,0.07317253070775906,0.5965665145062553,2800,136,0.1260217152616811,ok
adjacent,completed_t,any_rentin,Any rented-in land,rent-in,nonfarm_orientation_top,Top tercile baseline nonfarm orientation,binary_top,exit-side nonfarm orientation check,all,stackyear,farm_income_only,top-minus-rest differential,-0.001973456230256042,0.06886630153815125,0.9771386767736353,2800,136,0.1260217152616811,ok
adjacent,completed_t,any_rentin,Any rented-in land,rent-in,nonfarm_orientation_top,Top tercile baseline nonfarm orientation,binary_top,exit-side nonfarm orientation check,all,stackyear,farm_income_only,top group DID,-0.04070693044168215,0.05075290528465299,0.42251762229835776,2800,136,0.1260217152616811,ok
adjacent,completed_t,any_rentin,Any rented-in land,rent-in,nonfarm_orientation_top,Top tercile baseline nonfarm orientation,binary_top,exit-side nonfarm orientation check,all,stackyear,other_baseline,lower/rest DID,-0.03746486644058327,0.06695492829502857,0.5757840095729632,2560,135,0.1260217152616811,ok
adjacent,completed_t,any_rentin,Any rented-in land,rent-in,nonfarm_orientation_top,Top tercile baseline nonfarm orientation,binary_top,exit-side nonfarm orientation check,all,stackyear,other_baseline,top-minus-rest differential,-0.01225568263172985,0.06492667299758896,0.8502794286039498,2560,135,0.1260217152616811,ok
adjacent,completed_t,any_rentin,Any rented-in land,rent-in,nonfarm_orientation_top,Top tercile baseline nonfarm orientation,binary_top,exit-side nonfarm orientation check,all,stackyear,other_baseline,top group DID,-0.04972054907231312,0.05633506875756033,0.3774599371385897,2560,135,0.1260217152616811,ok
adjacent,completed_t,any_rentin,Any rented-in land,rent-in,nonfarm_orientation_top,Top tercile baseline nonfarm orientation,binary_top,exit-side nonfarm orientation check,all,provyear,none,lower/rest DID,-0.18125741369089832,0.09130788731216428,0.047130756150699296,2818,134,0.1260217152616811,ok
adjacent,completed_t,any_rentin,Any rented-in land,rent-in,nonfarm_orientation_top,Top tercile baseline nonfarm orientation,binary_top,exit-side nonfarm orientation check,all,provyear,none,top-minus-rest differential,-0.02865053134703434,0.06400068925087433,0.6543987878954493,2818,134,0.1260217152616811,ok
adjacent,completed_t,any_rentin,Any rented-in land,rent-in,nonfarm_orientation_top,Top tercile baseline nonfarm orientation,binary_top,exit-side nonfarm orientation check,all,provyear,none,top group DID,-0.20990794503793264,0.11470966632595435,0.0672639460787862,2818,134,0.1260217152616811,ok
adjacent,completed_t,any_rentin,Any rented-in land,rent-in,nonfarm_orientation_top,Top tercile baseline nonfarm orientation,binary_top,exit-side nonfarm orientation check,all,provyear,farm_income_only,lower/rest DID,-0.18737079014819238,0.09513914913124177,0.04890265340787428,2794,134,0.1260217152616811,ok
adjacent,completed_t,any_rentin,Any rented-in land,rent-in,nonfarm_orientation_top,Top tercile baseline nonfarm orientation,binary_top,exit-side nonfarm orientation check,all,provyear,farm_income_only,top-minus-rest differential,-0.026391151112841918,0.06382601328907653,0.6792507131821566,2794,134,0.1260217152616811,ok
adjacent,completed_t,any_rentin,Any rented-in land,rent-in,nonfarm_orientation_top,Top tercile baseline nonfarm orientation,binary_top,exit-side nonfarm orientation check,all,provyear,farm_income_only,top group DID,-0.21376194126103432,0.11817245028804352,0.07046680874964759,2794,134,0.1260217152616811,ok
adjacent,completed_t,any_rentin,Any rented-in land,rent-in,nonfarm_orientation_top,Top tercile baseline nonfarm orientation,binary_top,exit-side nonfarm orientation check,all,provyear,other_baseline,lower/rest DID,-0.1646623341149393,0.09101739069262813,0.07043073753685368,2552,132,0.1260217152616811,ok
adjacent,completed_t,any_rentin,Any rented-in land,rent-in,nonfarm_orientation_top,Top tercile baseline nonfarm orientation,binary_top,exit-side nonfarm orientation check,all,provyear,other_baseline,top-minus-rest differential,-0.03933202482820736,0.06319918057008649,0.5337115963508816,2552,132,0.1260217152616811,ok
adjacent,completed_t,any_rentin,Any rented-in land,rent-in,nonfarm_orientation_top,Top tercile baseline nonfarm orientation,binary_top,exit-side nonfarm orientation check,all,provyear,other_baseline,top group DID,-0.20399435894314666,0.11973788656237365,0.08844195379409589,2552,132,0.1260217152616811,ok
adjacent,completed_t,asinh_rentin,asinh rented-in area,rent-in,farmdep_continuous,"Baseline farm-dependence, continuous winsorized z",continuous,continuous farm-dependence interaction,all,stackyear,none,DID at mean modifier,-0.07064425671038516,0.08637312396577143,0.41341641514456484,2734,135,0.26419062794158865,ok
adjacent,completed_t,asinh_rentin,asinh rented-in area,rent-in,farmdep_continuous,"Baseline farm-dependence, continuous winsorized z",continuous,continuous farm-dependence interaction,all,stackyear,none,heterogeneity slope,0.08489422490865321,0.059017663303703165,0.15030513111857188,2734,135,0.26419062794158865,ok
adjacent,completed_t,asinh_rentin,asinh rented-in area,rent-in,farmdep_continuous,"Baseline farm-dependence, continuous winsorized z",continuous,continuous farm-dependence interaction,all,stackyear,none,DID at +1 SD,0.014249968198268056,0.09947152660338833,0.886087407343052,2734,135,0.26419062794158865,ok
adjacent,completed_t,asinh_rentin,asinh rented-in area,rent-in,farmdep_continuous,"Baseline farm-dependence, continuous winsorized z",continuous,continuous farm-dependence interaction,all,stackyear,none,DID at -1 SD,-0.15553848161903838,0.10950898431664402,0.1555127315367231,2734,135,0.26419062794158865,ok
adjacent,completed_t,asinh_rentin,asinh rented-in area,rent-in,farmdep_continuous,"Baseline farm-dependence, continuous winsorized z",continuous,continuous farm-dependence interaction,all,stackyear,farm_income_only,DID at mean modifier,-0.06950270443945629,0.08801298346356703,0.42971061471381866,2734,135,0.26419062794158865,ok
adjacent,completed_t,asinh_rentin,asinh rented-in area,rent-in,farmdep_continuous,"Baseline farm-dependence, continuous winsorized z",continuous,continuous farm-dependence interaction,all,stackyear,farm_income_only,heterogeneity slope,0.08373575986775039,0.0592278139375693,0.1574232294014355,2734,135,0.26419062794158865,ok
adjacent,completed_t,asinh_rentin,asinh rented-in area,rent-in,farmdep_continuous,"Baseline farm-dependence, continuous winsorized z",continuous,continuous farm-dependence interaction,all,stackyear,farm_income_only,DID at +1 SD,0.014233055428294103,0.09948788647964102,0.8862402678547323,2734,135,0.26419062794158865,ok
adjacent,completed_t,asinh_rentin,asinh rented-in area,rent-in,farmdep_continuous,"Baseline farm-dependence, continuous winsorized z",continuous,continuous farm-dependence interaction,all,stackyear,farm_income_only,DID at -1 SD,-0.15323846430720667,0.11229692269949772,0.17238417149359986,2734,135,0.26419062794158865,ok
adjacent,completed_t,asinh_rentin,asinh rented-in area,rent-in,farmdep_continuous,"Baseline farm-dependence, continuous winsorized z",continuous,continuous farm-dependence interaction,all,stackyear,other_baseline,DID at mean modifier,-0.08022941126829287,0.0913674715139492,0.37989162351383976,2554,135,0.26419062794158865,ok
adjacent,completed_t,asinh_rentin,asinh rented-in area,rent-in,farmdep_continuous,"Baseline farm-dependence, continuous winsorized z",continuous,continuous farm-dependence interaction,all,stackyear,other_baseline,heterogeneity slope,0.09151999324469462,0.06289091674773732,0.14560892295313752,2554,135,0.26419062794158865,ok
adjacent,completed_t,asinh_rentin,asinh rented-in area,rent-in,farmdep_continuous,"Baseline farm-dependence, continuous winsorized z",continuous,continuous farm-dependence interaction,all,stackyear,other_baseline,DID at +1 SD,0.011290581976401745,0.10711124869733686,0.9160505906768515,2554,135,0.26419062794158865,ok
adjacent,completed_t,asinh_rentin,asinh rented-in area,rent-in,farmdep_continuous,"Baseline farm-dependence, continuous winsorized z",continuous,continuous farm-dependence interaction,all,stackyear,other_baseline,DID at -1 SD,-0.17174940451298748,0.11460255199140873,0.13396379750157963,2554,135,0.26419062794158865,ok
adjacent,completed_t,asinh_rentin,asinh rented-in area,rent-in,farmdep_continuous,"Baseline farm-dependence, continuous winsorized z",continuous,continuous farm-dependence interaction,all,provyear,none,DID at mean modifier,-0.2133929583542014,0.19409407173198703,0.27158029725604704,2728,133,0.26419062794158865,ok
adjacent,completed_t,asinh_rentin,asinh rented-in area,rent-in,farmdep_continuous,"Baseline farm-dependence, continuous winsorized z",continuous,continuous farm-dependence interaction,all,provyear,none,heterogeneity slope,0.03514402399140629,0.049757600863326076,0.4799987132029526,2728,133,0.26419062794158865,ok
adjacent,completed_t,asinh_rentin,asinh rented-in area,rent-in,farmdep_continuous,"Baseline farm-dependence, continuous winsorized z",continuous,continuous farm-dependence interaction,all,provyear,none,DID at +1 SD,-0.17824893436279513,0.21164169812715836,0.39966465332537005,2728,133,0.26419062794158865,ok
adjacent,completed_t,asinh_rentin,asinh rented-in area,rent-in,farmdep_continuous,"Baseline farm-dependence, continuous winsorized z",continuous,continuous farm-dependence interaction,all,provyear,none,DID at -1 SD,-0.2485369823456077,0.18842623666624658,0.18716418687893976,2728,133,0.26419062794158865,ok
adjacent,completed_t,asinh_rentin,asinh rented-in area,rent-in,farmdep_continuous,"Baseline farm-dependence, continuous winsorized z",continuous,continuous farm-dependence interaction,all,provyear,farm_income_only,DID at mean modifier,-0.21852429574798835,0.1990040969072277,0.2721654395154409,2728,133,0.26419062794158865,ok
adjacent,completed_t,asinh_rentin,asinh rented-in area,rent-in,farmdep_continuous,"Baseline farm-dependence, continuous winsorized z",continuous,continuous farm-dependence interaction,all,provyear,farm_income_only,heterogeneity slope,0.028566892303436613,0.04845970747126361,0.5555273686878006,2728,133,0.26419062794158865,ok
adjacent,completed_t,asinh_rentin,asinh rented-in area,rent-in,farmdep_continuous,"Baseline farm-dependence, continuous winsorized z",continuous,continuous farm-dependence interaction,all,provyear,farm_income_only,DID at +1 SD,-0.18995740344455173,0.21500917230921943,0.3769742210538134,2728,133,0.26419062794158865,ok
adjacent,completed_t,asinh_rentin,asinh rented-in area,rent-in,farmdep_continuous,"Baseline farm-dependence, continuous winsorized z",continuous,continuous farm-dependence interaction,all,provyear,farm_income_only,DID at -1 SD,-0.24709118805142496,0.19409534639199316,0.20300375989481478,2728,133,0.26419062794158865,ok
adjacent,completed_t,asinh_rentin,asinh rented-in area,rent-in,farmdep_continuous,"Baseline farm-dependence, continuous winsorized z",continuous,continuous farm-dependence interaction,all,provyear,other_baseline,DID at mean modifier,-0.2190963510195748,0.20192601139524236,0.27790711627360165,2546,132,0.26419062794158865,ok
adjacent,completed_t,asinh_rentin,asinh rented-in area,rent-in,farmdep_continuous,"Baseline farm-dependence, continuous winsorized z",continuous,continuous farm-dependence interaction,all,provyear,other_baseline,heterogeneity slope,0.035886521206294056,0.05271828874730017,0.49604714584180076,2546,132,0.26419062794158865,ok
adjacent,completed_t,asinh_rentin,asinh rented-in area,rent-in,farmdep_continuous,"Baseline farm-dependence, continuous winsorized z",continuous,continuous farm-dependence interaction,all,provyear,other_baseline,DID at +1 SD,-0.18320982981328077,0.22060764752072265,0.4062684995821373,2546,132,0.26419062794158865,ok
adjacent,completed_t,asinh_rentin,asinh rented-in area,rent-in,farmdep_continuous,"Baseline farm-dependence, continuous winsorized z",continuous,continuous farm-dependence interaction,all,provyear,other_baseline,DID at -1 SD,-0.25498287222586885,0.19605848603986287,0.19341426366130454,2546,132,0.26419062794158865,ok
adjacent,completed_t,asinh_rentin,asinh rented-in area,rent-in,farmdep_top_tercile,Top tercile baseline farm-dependence,binary_top,top-third split,all,stackyear,none,lower/rest DID,-0.11528543158625226,0.10018037938205472,0.24982335201469386,2734,135,0.26419062794158865,ok
adjacent,completed_t,asinh_rentin,asinh rented-in area,rent-in,farmdep_top_tercile,Top tercile baseline farm-dependence,binary_top,top-third split,all,stackyear,none,top-minus-rest differential,0.13297771130200936,0.11953519850170291,0.26594191357835806,2734,135,0.26419062794158865,ok
adjacent,completed_t,asinh_rentin,asinh rented-in area,rent-in,farmdep_top_tercile,Top tercile baseline farm-dependence,binary_top,top-third split,all,stackyear,none,top group DID,0.017692279715757098,0.11465649697800923,0.8773678182511061,2734,135,0.26419062794158865,ok
adjacent,completed_t,asinh_rentin,asinh rented-in area,rent-in,farmdep_top_tercile,Top tercile baseline farm-dependence,binary_top,top-third split,all,stackyear,farm_income_only,lower/rest DID,-0.11340439932196052,0.1028108589010924,0.27001017702459784,2734,135,0.26419062794158865,ok
adjacent,completed_t,asinh_rentin,asinh rented-in area,rent-in,farmdep_top_tercile,Top tercile baseline farm-dependence,binary_top,top-third split,all,stackyear,farm_income_only,top-minus-rest differential,0.13120047800226248,0.12050163792593198,0.2762483339324532,2734,135,0.26419062794158865,ok
adjacent,completed_t,asinh_rentin,asinh rented-in area,rent-in,farmdep_top_tercile,Top tercile baseline farm-dependence,binary_top,top-third split,all,stackyear,farm_income_only,top group DID,0.01779607868030196,0.1147563200503005,0.8767605259756993,2734,135,0.26419062794158865,ok
adjacent,completed_t,asinh_rentin,asinh rented-in area,rent-in,farmdep_top_tercile,Top tercile baseline farm-dependence,binary_top,top-third split,all,stackyear,other_baseline,lower/rest DID,-0.13902027761993757,0.10551010646158647,0.18763707343475744,2554,135,0.26419062794158865,ok
adjacent,completed_t,asinh_rentin,asinh rented-in area,rent-in,farmdep_top_tercile,Top tercile baseline farm-dependence,binary_top,top-third split,all,stackyear,other_baseline,top-minus-rest differential,0.16833115427214293,0.1320143166358411,0.2022746559700861,2554,135,0.26419062794158865,ok
adjacent,completed_t,asinh_rentin,asinh rented-in area,rent-in,farmdep_top_tercile,Top tercile baseline farm-dependence,binary_top,top-third split,all,stackyear,other_baseline,top group DID,0.02931087665220536,0.12426761381811116,0.8135343312160317,2554,135,0.26419062794158865,ok
adjacent,completed_t,asinh_rentin,asinh rented-in area,rent-in,farmdep_top_tercile,Top tercile baseline farm-dependence,binary_top,top-third split,all,provyear,none,lower/rest DID,-0.23127597089196586,0.1885397895982988,0.2199469125565522,2728,133,0.26419062794158865,ok
adjacent,completed_t,asinh_rentin,asinh rented-in area,rent-in,farmdep_top_tercile,Top tercile baseline farm-dependence,binary_top,top-third split,all,provyear,none,top-minus-rest differential,0.017110589666994525,0.10669919468604601,0.8725952322114212,2728,133,0.26419062794158865,ok
adjacent,completed_t,asinh_rentin,asinh rented-in area,rent-in,farmdep_top_tercile,Top tercile baseline farm-dependence,binary_top,top-third split,all,provyear,none,top group DID,-0.21416538122497134,0.2298310604763624,0.35142010572570537,2728,133,0.26419062794158865,ok
adjacent,completed_t,asinh_rentin,asinh rented-in area,rent-in,farmdep_top_tercile,Top tercile baseline farm-dependence,binary_top,top-third split,all,provyear,farm_income_only,lower/rest DID,-0.23163203181131226,0.19401112616830546,0.23251275561512497,2728,133,0.26419062794158865,ok
adjacent,completed_t,asinh_rentin,asinh rented-in area,rent-in,farmdep_top_tercile,Top tercile baseline farm-dependence,binary_top,top-third split,all,provyear,farm_income_only,top-minus-rest differential,0.005761100698882429,0.10485254746080222,0.9561824523072797,2728,133,0.26419062794158865,ok
adjacent,completed_t,asinh_rentin,asinh rented-in area,rent-in,farmdep_top_tercile,Top tercile baseline farm-dependence,binary_top,top-third split,all,provyear,farm_income_only,top group DID,-0.22587093111242984,0.23247044697297423,0.3312439204111972,2728,133,0.26419062794158865,ok
adjacent,completed_t,asinh_rentin,asinh rented-in area,rent-in,farmdep_top_tercile,Top tercile baseline farm-dependence,binary_top,top-third split,all,provyear,other_baseline,lower/rest DID,-0.24091767681600607,0.19683076866439125,0.22095832997263232,2546,132,0.26419062794158865,ok
adjacent,completed_t,asinh_rentin,asinh rented-in area,rent-in,farmdep_top_tercile,Top tercile baseline farm-dependence,binary_top,top-third split,all,provyear,other_baseline,top-minus-rest differential,0.04072027071442295,0.11914136189512141,0.732515602480878,2546,132,0.26419062794158865,ok
adjacent,completed_t,asinh_rentin,asinh rented-in area,rent-in,farmdep_top_tercile,Top tercile baseline farm-dependence,binary_top,top-third split,all,provyear,other_baseline,top group DID,-0.20019740610158313,0.24183489280485354,0.4077685932396312,2546,132,0.26419062794158865,ok
adjacent,completed_t,asinh_rentin,asinh rented-in area,rent-in,farmdep_top_vs_bottom,Top versus bottom tercile baseline farm-dependence,binary_top_bottom,clean top-minus-bottom contrast,top_bottom_farmdep,stackyear,none,bottom group DID,-0.35136447300665336,0.17626916202542658,0.046224166083369836,1852,129,0.28184885014866345,ok
adjacent,completed_t,asinh_rentin,asinh rented-in area,rent-in,farmdep_top_vs_bottom,Top versus bottom tercile baseline farm-dependence,binary_top_bottom,clean top-minus-bottom contrast,top_bottom_farmdep,stackyear,none,top-minus-bottom differential,0.37078731592022224,0.1836232753819625,0.04345783780380303,1852,129,0.28184885014866345,ok
adjacent,completed_t,asinh_rentin,asinh rented-in area,rent-in,farmdep_top_vs_bottom,Top versus bottom tercile baseline farm-dependence,binary_top_bottom,clean top-minus-bottom contrast,top_bottom_farmdep,stackyear,none,top group DID,0.019422842913568883,0.11461635181544746,0.8654351350377852,1852,129,0.28184885014866345,ok
adjacent,completed_t,asinh_rentin,asinh rented-in area,rent-in,farmdep_top_vs_bottom,Top versus bottom tercile baseline farm-dependence,binary_top_bottom,clean top-minus-bottom contrast,top_bottom_farmdep,stackyear,farm_income_only,bottom group DID,-0.3497882573647446,0.17823962844276847,0.04970887741542413,1852,129,0.28184885014866345,ok
adjacent,completed_t,asinh_rentin,asinh rented-in area,rent-in,farmdep_top_vs_bottom,Top versus bottom tercile baseline farm-dependence,binary_top_bottom,clean top-minus-bottom contrast,top_bottom_farmdep,stackyear,farm_income_only,top-minus-bottom differential,0.36904826069300883,0.18520338120688684,0.046298163036310805,1852,129,0.28184885014866345,ok
adjacent,completed_t,asinh_rentin,asinh rented-in area,rent-in,farmdep_top_vs_bottom,Top versus bottom tercile baseline farm-dependence,binary_top_bottom,clean top-minus-bottom contrast,top_bottom_farmdep,stackyear,farm_income_only,top group DID,0.01926000332826422,0.11449412217338398,0.8664115671948203,1852,129,0.28184885014866345,ok
adjacent,completed_t,asinh_rentin,asinh rented-in area,rent-in,farmdep_top_vs_bottom,Top versus bottom tercile baseline farm-dependence,binary_top_bottom,clean top-minus-bottom contrast,top_bottom_farmdep,stackyear,other_baseline,bottom group DID,-0.34758166908734206,0.17844001218993186,0.051428023487249654,1738,129,0.28184885014866345,ok
adjacent,completed_t,asinh_rentin,asinh rented-in area,rent-in,farmdep_top_vs_bottom,Top versus bottom tercile baseline farm-dependence,binary_top_bottom,clean top-minus-bottom contrast,top_bottom_farmdep,stackyear,other_baseline,top-minus-bottom differential,0.3840590058974224,0.18770102554367246,0.040744469548807616,1738,129,0.28184885014866345,ok
adjacent,completed_t,asinh_rentin,asinh rented-in area,rent-in,farmdep_top_vs_bottom,Top versus bottom tercile baseline farm-dependence,binary_top_bottom,clean top-minus-bottom contrast,top_bottom_farmdep,stackyear,other_baseline,top group DID,0.03647733681008036,0.12323076198860852,0.7672236904729559,1738,129,0.28184885014866345,ok
adjacent,completed_t,asinh_rentin,asinh rented-in area,rent-in,farmdep_top_vs_bottom,Top versus bottom tercile baseline farm-dependence,binary_top_bottom,clean top-minus-bottom contrast,top_bottom_farmdep,provyear,none,bottom group DID,-0.4315809452041097,0.1802464637059394,0.01664788141067835,1846,127,0.28184885014866345,ok
adjacent,completed_t,asinh_rentin,asinh rented-in area,rent-in,farmdep_top_vs_bottom,Top versus bottom tercile baseline farm-dependence,binary_top_bottom,clean top-minus-bottom contrast,top_bottom_farmdep,provyear,none,top-minus-bottom differential,0.16738176382944522,0.19614015118364728,0.3934495087343939,1846,127,0.28184885014866345,ok
adjacent,completed_t,asinh_rentin,asinh rented-in area,rent-in,farmdep_top_vs_bottom,Top versus bottom tercile baseline farm-dependence,binary_top_bottom,clean top-minus-bottom contrast,top_bottom_farmdep,provyear,none,top group DID,-0.26419918137466447,0.29704526286233846,0.37377525945498946,1846,127,0.28184885014866345,ok
adjacent,completed_t,asinh_rentin,asinh rented-in area,rent-in,farmdep_top_vs_bottom,Top versus bottom tercile baseline farm-dependence,binary_top_bottom,clean top-minus-bottom contrast,top_bottom_farmdep,provyear,farm_income_only,bottom group DID,-0.4316121746452878,0.180793011770801,0.016971353477523484,1846,127,0.28184885014866345,ok
adjacent,completed_t,asinh_rentin,asinh rented-in area,rent-in,farmdep_top_vs_bottom,Top versus bottom tercile baseline farm-dependence,binary_top_bottom,clean top-minus-bottom contrast,top_bottom_farmdep,provyear,farm_income_only,top-minus-bottom differential,0.16738253284874824,0.1962184746223328,0.39363620332071314,1846,127,0.28184885014866345,ok
adjacent,completed_t,asinh_rentin,asinh rented-in area,rent-in,farmdep_top_vs_bottom,Top versus bottom tercile baseline farm-dependence,binary_top_bottom,clean top-minus-bottom contrast,top_bottom_farmdep,provyear,farm_income_only,top group DID,-0.2642296417965395,0.29671666182215584,0.37319121987365333,1846,127,0.28184885014866345,ok
adjacent,completed_t,asinh_rentin,asinh rented-in area,rent-in,farmdep_top_vs_bottom,Top versus bottom tercile baseline farm-dependence,binary_top_bottom,clean top-minus-bottom contrast,top_bottom_farmdep,provyear,other_baseline,bottom group DID,-0.426814442510029,0.18522311524031615,0.021204349829105986,1730,126,0.28184885014866345,ok
adjacent,completed_t,asinh_rentin,asinh rented-in area,rent-in,farmdep_top_vs_bottom,Top versus bottom tercile baseline farm-dependence,binary_top_bottom,clean top-minus-bottom contrast,top_bottom_farmdep,provyear,other_baseline,top-minus-bottom differential,0.15643800789926726,0.20078640779487736,0.43590521073037913,1730,126,0.28184885014866345,ok
adjacent,completed_t,asinh_rentin,asinh rented-in area,rent-in,farmdep_top_vs_bottom,Top versus bottom tercile baseline farm-dependence,binary_top_bottom,clean top-minus-bottom contrast,top_bottom_farmdep,provyear,other_baseline,top group DID,-0.2703764346107617,0.3073542786041075,0.37902735756833283,1730,126,0.28184885014866345,ok
adjacent,completed_t,asinh_rentin,asinh rented-in area,rent-in,farmdep_ordered_tercile,Ordered tercile score of baseline farm-dependence,continuous,ordered farm-dependence gradient,all,stackyear,none,DID at mean modifier,-0.07897311004945701,0.08252198604510157,0.3385698887111559,2734,135,0.26419062794158865,ok
adjacent,completed_t,asinh_rentin,asinh rented-in area,rent-in,farmdep_ordered_tercile,Ordered tercile score of baseline farm-dependence,continuous,ordered farm-dependence gradient,all,stackyear,none,heterogeneity slope,0.14012318929363798,0.07329017338683617,0.055889534929516003,2734,135,0.26419062794158865,ok
adjacent,completed_t,asinh_rentin,asinh rented-in area,rent-in,farmdep_ordered_tercile,Ordered tercile score of baseline farm-dependence,continuous,ordered farm-dependence gradient,all,stackyear,none,DID at +1 SD,0.06115007924418098,0.0933183740382308,0.5122846317376732,2734,135,0.26419062794158865,ok
adjacent,completed_t,asinh_rentin,asinh rented-in area,rent-in,farmdep_ordered_tercile,Ordered tercile score of baseline farm-dependence,continuous,ordered farm-dependence gradient,all,stackyear,none,DID at -1 SD,-0.219096299343095,0.1251172908061142,0.07992399057677625,2734,135,0.26419062794158865,ok
adjacent,completed_t,asinh_rentin,asinh rented-in area,rent-in,farmdep_ordered_tercile,Ordered tercile score of baseline farm-dependence,continuous,ordered farm-dependence gradient,all,stackyear,farm_income_only,DID at mean modifier,-0.07835937151539192,0.08348822125465204,0.3479525969951186,2734,135,0.26419062794158865,ok
adjacent,completed_t,asinh_rentin,asinh rented-in area,rent-in,farmdep_ordered_tercile,Ordered tercile score of baseline farm-dependence,continuous,ordered farm-dependence gradient,all,stackyear,farm_income_only,heterogeneity slope,0.1404554399655862,0.07368205507942902,0.05661949841129515,2734,135,0.26419062794158865,ok
adjacent,completed_t,asinh_rentin,asinh rented-in area,rent-in,farmdep_ordered_tercile,Ordered tercile score of baseline farm-dependence,continuous,ordered farm-dependence gradient,all,stackyear,farm_income_only,DID at +1 SD,0.06209606845019429,0.09343076950145839,0.5062928177050842,2734,135,0.26419062794158865,ok
adjacent,completed_t,asinh_rentin,asinh rented-in area,rent-in,farmdep_ordered_tercile,Ordered tercile score of baseline farm-dependence,continuous,ordered farm-dependence gradient,all,stackyear,farm_income_only,DID at -1 SD,-0.21881481148097814,0.126764931934478,0.08432110561420439,2734,135,0.26419062794158865,ok
adjacent,completed_t,asinh_rentin,asinh rented-in area,rent-in,farmdep_ordered_tercile,Ordered tercile score of baseline farm-dependence,continuous,ordered farm-dependence gradient,all,stackyear,other_baseline,DID at mean modifier,-0.08703319673767422,0.08577758565606886,0.31027842517241,2554,135,0.26419062794158865,ok
adjacent,completed_t,asinh_rentin,asinh rented-in area,rent-in,farmdep_ordered_tercile,Ordered tercile score of baseline farm-dependence,continuous,ordered farm-dependence gradient,all,stackyear,other_baseline,heterogeneity slope,0.14921123905027667,0.0755684450893535,0.048322896834694734,2554,135,0.26419062794158865,ok
adjacent,completed_t,asinh_rentin,asinh rented-in area,rent-in,farmdep_ordered_tercile,Ordered tercile score of baseline farm-dependence,continuous,ordered farm-dependence gradient,all,stackyear,other_baseline,DID at +1 SD,0.06217804231260245,0.09906390733644899,0.5302294044896662,2554,135,0.26419062794158865,ok
adjacent,completed_t,asinh_rentin,asinh rented-in area,rent-in,farmdep_ordered_tercile,Ordered tercile score of baseline farm-dependence,continuous,ordered farm-dependence gradient,all,stackyear,other_baseline,DID at -1 SD,-0.2362444357879509,0.12776192880372922,0.06444354023778724,2554,135,0.26419062794158865,ok
adjacent,completed_t,asinh_rentin,asinh rented-in area,rent-in,farmdep_ordered_tercile,Ordered tercile score of baseline farm-dependence,continuous,ordered farm-dependence gradient,all,provyear,none,DID at mean modifier,-0.18664842948141894,0.19380351930764114,0.3355070252816642,2728,133,0.26419062794158865,ok
adjacent,completed_t,asinh_rentin,asinh rented-in area,rent-in,farmdep_ordered_tercile,Ordered tercile score of baseline farm-dependence,continuous,ordered farm-dependence gradient,all,provyear,none,heterogeneity slope,0.08780817618134865,0.05984111537385469,0.1422794349538911,2728,133,0.26419062794158865,ok
adjacent,completed_t,asinh_rentin,asinh rented-in area,rent-in,farmdep_ordered_tercile,Ordered tercile score of baseline farm-dependence,continuous,ordered farm-dependence gradient,all,provyear,none,DID at +1 SD,-0.09884025330007029,0.22767610057185797,0.6641965043685596,2728,133,0.26419062794158865,ok
adjacent,completed_t,asinh_rentin,asinh rented-in area,rent-in,farmdep_ordered_tercile,Ordered tercile score of baseline farm-dependence,continuous,ordered farm-dependence gradient,all,provyear,none,DID at -1 SD,-0.2744566056627676,0.17448529909084506,0.1157304566512426,2728,133,0.26419062794158865,ok
adjacent,completed_t,asinh_rentin,asinh rented-in area,rent-in,farmdep_ordered_tercile,Ordered tercile score of baseline farm-dependence,continuous,ordered farm-dependence gradient,all,provyear,farm_income_only,DID at mean modifier,-0.1875625743749845,0.19686106284411445,0.34070852372148763,2728,133,0.26419062794158865,ok
adjacent,completed_t,asinh_rentin,asinh rented-in area,rent-in,farmdep_ordered_tercile,Ordered tercile score of baseline farm-dependence,continuous,ordered farm-dependence gradient,all,provyear,farm_income_only,heterogeneity slope,0.08569873167188721,0.059646353775750637,0.1507803077384917,2728,133,0.26419062794158865,ok
adjacent,completed_t,asinh_rentin,asinh rented-in area,rent-in,farmdep_ordered_tercile,Ordered tercile score of baseline farm-dependence,continuous,ordered farm-dependence gradient,all,provyear,farm_income_only,DID at +1 SD,-0.10186384270309728,0.22992664675776142,0.6577457959349094,2728,133,0.26419062794158865,ok
adjacent,completed_t,asinh_rentin,asinh rented-in area,rent-in,farmdep_ordered_tercile,Ordered tercile score of baseline farm-dependence,continuous,ordered farm-dependence gradient,all,provyear,farm_income_only,DID at -1 SD,-0.2732613060468717,0.17820681321555681,0.1251787400060532,2728,133,0.26419062794158865,ok
adjacent,completed_t,asinh_rentin,asinh rented-in area,rent-in,farmdep_ordered_tercile,Ordered tercile score of baseline farm-dependence,continuous,ordered farm-dependence gradient,all,provyear,other_baseline,DID at mean modifier,-0.18459215938785367,0.20234601113880166,0.3616318987258835,2546,132,0.26419062794158865,ok
adjacent,completed_t,asinh_rentin,asinh rented-in area,rent-in,farmdep_ordered_tercile,Ordered tercile score of baseline farm-dependence,continuous,ordered farm-dependence gradient,all,provyear,other_baseline,heterogeneity slope,0.09643420874358975,0.0642580447530586,0.13342447115295597,2546,132,0.26419062794158865,ok
adjacent,completed_t,asinh_rentin,asinh rented-in area,rent-in,farmdep_ordered_tercile,Ordered tercile score of baseline farm-dependence,continuous,ordered farm-dependence gradient,all,provyear,other_baseline,DID at +1 SD,-0.08815795064426392,0.2400626598133038,0.7134482710128947,2546,132,0.26419062794158865,ok
adjacent,completed_t,asinh_rentin,asinh rented-in area,rent-in,farmdep_ordered_tercile,Ordered tercile score of baseline farm-dependence,continuous,ordered farm-dependence gradient,all,provyear,other_baseline,DID at -1 SD,-0.28102636813144344,0.1803217359108497,0.1191214113176578,2546,132,0.26419062794158865,ok
adjacent,completed_t,asinh_rentin,asinh rented-in area,rent-in,farm_orientation_continuous,"Pre-specified farm-orientation index, continuous z",continuous,pre-specified index interaction,all,stackyear,none,DID at mean modifier,-0.08014165257559949,0.08864116044324163,0.3659353237609848,2816,136,0.26419062794158865,ok
adjacent,completed_t,asinh_rentin,asinh rented-in area,rent-in,farm_orientation_continuous,"Pre-specified farm-orientation index, continuous z",continuous,pre-specified index interaction,all,stackyear,none,heterogeneity slope,0.18364939619914877,0.10733570559229073,0.08708454583855292,2816,136,0.26419062794158865,ok
adjacent,completed_t,asinh_rentin,asinh rented-in area,rent-in,farm_orientation_continuous,"Pre-specified farm-orientation index, continuous z",continuous,pre-specified index interaction,all,stackyear,none,DID at +1 SD,0.10350774362354928,0.1262619021037348,0.4123380956194127,2816,136,0.26419062794158865,ok
adjacent,completed_t,asinh_rentin,asinh rented-in area,rent-in,farm_orientation_continuous,"Pre-specified farm-orientation index, continuous z",continuous,pre-specified index interaction,all,stackyear,none,DID at -1 SD,-0.26379104877474824,0.15104419921528175,0.08073289497976047,2816,136,0.26419062794158865,ok
adjacent,completed_t,asinh_rentin,asinh rented-in area,rent-in,farm_orientation_continuous,"Pre-specified farm-orientation index, continuous z",continuous,pre-specified index interaction,all,stackyear,farm_income_only,DID at mean modifier,-0.08014165257559949,0.08864116044324163,0.3659353237609848,2816,136,0.26419062794158865,ok
adjacent,completed_t,asinh_rentin,asinh rented-in area,rent-in,farm_orientation_continuous,"Pre-specified farm-orientation index, continuous z",continuous,pre-specified index interaction,all,stackyear,farm_income_only,heterogeneity slope,0.18364939619914877,0.10733570559229073,0.08708454583855292,2816,136,0.26419062794158865,ok
adjacent,completed_t,asinh_rentin,asinh rented-in area,rent-in,farm_orientation_continuous,"Pre-specified farm-orientation index, continuous z",continuous,pre-specified index interaction,all,stackyear,farm_income_only,DID at +1 SD,0.10350774362354928,0.1262619021037348,0.4123380956194127,2816,136,0.26419062794158865,ok
adjacent,completed_t,asinh_rentin,asinh rented-in area,rent-in,farm_orientation_continuous,"Pre-specified farm-orientation index, continuous z",continuous,pre-specified index interaction,all,stackyear,farm_income_only,DID at -1 SD,-0.26379104877474824,0.15104419921528175,0.08073289497976047,2816,136,0.26419062794158865,ok
adjacent,completed_t,asinh_rentin,asinh rented-in area,rent-in,farm_orientation_continuous,"Pre-specified farm-orientation index, continuous z",continuous,pre-specified index interaction,all,stackyear,other_baseline,DID at mean modifier,-0.08014165257559949,0.08864116044324163,0.3659353237609848,2816,136,0.26419062794158865,ok
adjacent,completed_t,asinh_rentin,asinh rented-in area,rent-in,farm_orientation_continuous,"Pre-specified farm-orientation index, continuous z",continuous,pre-specified index interaction,all,stackyear,other_baseline,heterogeneity slope,0.18364939619914877,0.10733570559229073,0.08708454583855292,2816,136,0.26419062794158865,ok
adjacent,completed_t,asinh_rentin,asinh rented-in area,rent-in,farm_orientation_continuous,"Pre-specified farm-orientation index, continuous z",continuous,pre-specified index interaction,all,stackyear,other_baseline,DID at +1 SD,0.10350774362354928,0.1262619021037348,0.4123380956194127,2816,136,0.26419062794158865,ok
adjacent,completed_t,asinh_rentin,asinh rented-in area,rent-in,farm_orientation_continuous,"Pre-specified farm-orientation index, continuous z",continuous,pre-specified index interaction,all,stackyear,other_baseline,DID at -1 SD,-0.26379104877474824,0.15104419921528175,0.08073289497976047,2816,136,0.26419062794158865,ok
adjacent,completed_t,asinh_rentin,asinh rented-in area,rent-in,farm_orientation_continuous,"Pre-specified farm-orientation index, continuous z",continuous,pre-specified index interaction,all,provyear,none,DID at mean modifier,-0.23574828488914232,0.18716174157289606,0.20781493897073622,2810,134,0.26419062794158865,ok
adjacent,completed_t,asinh_rentin,asinh rented-in area,rent-in,farm_orientation_continuous,"Pre-specified farm-orientation index, continuous z",continuous,pre-specified index interaction,all,provyear,none,heterogeneity slope,0.13207309596110853,0.08819405443630111,0.13425583705913285,2810,134,0.26419062794158865,ok
adjacent,completed_t,asinh_rentin,asinh rented-in area,rent-in,farm_orientation_continuous,"Pre-specified farm-orientation index, continuous z",continuous,pre-specified index interaction,all,provyear,none,DID at +1 SD,-0.10367518892803379,0.22244371047701186,0.6411626649462712,2810,134,0.26419062794158865,ok
adjacent,completed_t,asinh_rentin,asinh rented-in area,rent-in,farm_orientation_continuous,"Pre-specified farm-orientation index, continuous z",continuous,pre-specified index interaction,all,provyear,none,DID at -1 SD,-0.36782138085025085,0.19009001331538922,0.05299209997739888,2810,134,0.26419062794158865,ok
adjacent,completed_t,asinh_rentin,asinh rented-in area,rent-in,farm_orientation_continuous,"Pre-specified farm-orientation index, continuous z",continuous,pre-specified index interaction,all,provyear,farm_income_only,DID at mean modifier,-0.23574828488914232,0.18716174157289606,0.20781493897073622,2810,134,0.26419062794158865,ok
adjacent,completed_t,asinh_rentin,asinh rented-in area,rent-in,farm_orientation_continuous,"Pre-specified farm-orientation index, continuous z",continuous,pre-specified index interaction,all,provyear,farm_income_only,heterogeneity slope,0.13207309596110853,0.08819405443630111,0.13425583705913285,2810,134,0.26419062794158865,ok
adjacent,completed_t,asinh_rentin,asinh rented-in area,rent-in,farm_orientation_continuous,"Pre-specified farm-orientation index, continuous z",continuous,pre-specified index interaction,all,provyear,farm_income_only,DID at +1 SD,-0.10367518892803379,0.22244371047701186,0.6411626649462712,2810,134,0.26419062794158865,ok
adjacent,completed_t,asinh_rentin,asinh rented-in area,rent-in,farm_orientation_continuous,"Pre-specified farm-orientation index, continuous z",continuous,pre-specified index interaction,all,provyear,farm_income_only,DID at -1 SD,-0.36782138085025085,0.19009001331538922,0.05299209997739888,2810,134,0.26419062794158865,ok
adjacent,completed_t,asinh_rentin,asinh rented-in area,rent-in,farm_orientation_continuous,"Pre-specified farm-orientation index, continuous z",continuous,pre-specified index interaction,all,provyear,other_baseline,DID at mean modifier,-0.23574828488914232,0.18716174157289606,0.20781493897073622,2810,134,0.26419062794158865,ok
adjacent,completed_t,asinh_rentin,asinh rented-in area,rent-in,farm_orientation_continuous,"Pre-specified farm-orientation index, continuous z",continuous,pre-specified index interaction,all,provyear,other_baseline,heterogeneity slope,0.13207309596110853,0.08819405443630111,0.13425583705913285,2810,134,0.26419062794158865,ok
adjacent,completed_t,asinh_rentin,asinh rented-in area,rent-in,farm_orientation_continuous,"Pre-specified farm-orientation index, continuous z",continuous,pre-specified index interaction,all,provyear,other_baseline,DID at +1 SD,-0.10367518892803379,0.22244371047701186,0.6411626649462712,2810,134,0.26419062794158865,ok
adjacent,completed_t,asinh_rentin,asinh rented-in area,rent-in,farm_orientation_continuous,"Pre-specified farm-orientation index, continuous z",continuous,pre-specified index interaction,all,provyear,other_baseline,DID at -1 SD,-0.36782138085025085,0.19009001331538922,0.05299209997739888,2810,134,0.26419062794158865,ok
adjacent,completed_t,asinh_rentin,asinh rented-in area,rent-in,farm_orientation_top_tercile,Top tercile pre-specified farm-orientation index,binary_top,pre-specified index top-third split,all,stackyear,none,lower/rest DID,-0.15486049846252084,0.09326851960454198,0.09683950997952145,2816,136,0.26419062794158865,ok
adjacent,completed_t,asinh_rentin,asinh rented-in area,rent-in,farm_orientation_top_tercile,Top tercile pre-specified farm-orientation index,binary_top,pre-specified index top-third split,all,stackyear,none,top-minus-rest differential,0.23222523962226405,0.12473901121940466,0.06264694613184009,2816,136,0.26419062794158865,ok
adjacent,completed_t,asinh_rentin,asinh rented-in area,rent-in,farm_orientation_top_tercile,Top tercile pre-specified farm-orientation index,binary_top,pre-specified index top-third split,all,stackyear,none,top group DID,0.0773647411597432,0.12470482449182559,0.5350057251613666,2816,136,0.26419062794158865,ok
adjacent,completed_t,asinh_rentin,asinh rented-in area,rent-in,farm_orientation_top_tercile,Top tercile pre-specified farm-orientation index,binary_top,pre-specified index top-third split,all,stackyear,farm_income_only,lower/rest DID,-0.15486049846252084,0.09326851960454198,0.09683950997952145,2816,136,0.26419062794158865,ok
adjacent,completed_t,asinh_rentin,asinh rented-in area,rent-in,farm_orientation_top_tercile,Top tercile pre-specified farm-orientation index,binary_top,pre-specified index top-third split,all,stackyear,farm_income_only,top-minus-rest differential,0.23222523962226405,0.12473901121940466,0.06264694613184009,2816,136,0.26419062794158865,ok
adjacent,completed_t,asinh_rentin,asinh rented-in area,rent-in,farm_orientation_top_tercile,Top tercile pre-specified farm-orientation index,binary_top,pre-specified index top-third split,all,stackyear,farm_income_only,top group DID,0.0773647411597432,0.12470482449182559,0.5350057251613666,2816,136,0.26419062794158865,ok
adjacent,completed_t,asinh_rentin,asinh rented-in area,rent-in,farm_orientation_top_tercile,Top tercile pre-specified farm-orientation index,binary_top,pre-specified index top-third split,all,stackyear,other_baseline,lower/rest DID,-0.15486049846252084,0.09326851960454198,0.09683950997952145,2816,136,0.26419062794158865,ok
adjacent,completed_t,asinh_rentin,asinh rented-in area,rent-in,farm_orientation_top_tercile,Top tercile pre-specified farm-orientation index,binary_top,pre-specified index top-third split,all,stackyear,other_baseline,top-minus-rest differential,0.23222523962226405,0.12473901121940466,0.06264694613184009,2816,136,0.26419062794158865,ok
adjacent,completed_t,asinh_rentin,asinh rented-in area,rent-in,farm_orientation_top_tercile,Top tercile pre-specified farm-orientation index,binary_top,pre-specified index top-third split,all,stackyear,other_baseline,top group DID,0.0773647411597432,0.12470482449182559,0.5350057251613666,2816,136,0.26419062794158865,ok
adjacent,completed_t,asinh_rentin,asinh rented-in area,rent-in,farm_orientation_top_tercile,Top tercile pre-specified farm-orientation index,binary_top,pre-specified index top-third split,all,provyear,none,lower/rest DID,-0.2914646425492197,0.19475733621500804,0.1345096518390416,2810,134,0.26419062794158865,ok
adjacent,completed_t,asinh_rentin,asinh rented-in area,rent-in,farm_orientation_top_tercile,Top tercile pre-specified farm-orientation index,binary_top,pre-specified index top-third split,all,provyear,none,top-minus-rest differential,0.16059256888239704,0.1234718412276189,0.19338128341008998,2810,134,0.26419062794158865,ok
adjacent,completed_t,asinh_rentin,asinh rented-in area,rent-in,farm_orientation_top_tercile,Top tercile pre-specified farm-orientation index,binary_top,pre-specified index top-third split,all,provyear,none,top group DID,-0.13087207366682269,0.23946548588102357,0.5847102760755816,2810,134,0.26419062794158865,ok
adjacent,completed_t,asinh_rentin,asinh rented-in area,rent-in,farm_orientation_top_tercile,Top tercile pre-specified farm-orientation index,binary_top,pre-specified index top-third split,all,provyear,farm_income_only,lower/rest DID,-0.2914646425492197,0.19475733621500804,0.1345096518390416,2810,134,0.26419062794158865,ok
adjacent,completed_t,asinh_rentin,asinh rented-in area,rent-in,farm_orientation_top_tercile,Top tercile pre-specified farm-orientation index,binary_top,pre-specified index top-third split,all,provyear,farm_income_only,top-minus-rest differential,0.16059256888239704,0.1234718412276189,0.19338128341008998,2810,134,0.26419062794158865,ok
adjacent,completed_t,asinh_rentin,asinh rented-in area,rent-in,farm_orientation_top_tercile,Top tercile pre-specified farm-orientation index,binary_top,pre-specified index top-third split,all,provyear,farm_income_only,top group DID,-0.13087207366682269,0.23946548588102357,0.5847102760755816,2810,134,0.26419062794158865,ok
adjacent,completed_t,asinh_rentin,asinh rented-in area,rent-in,farm_orientation_top_tercile,Top tercile pre-specified farm-orientation index,binary_top,pre-specified index top-third split,all,provyear,other_baseline,lower/rest DID,-0.2914646425492197,0.19475733621500804,0.1345096518390416,2810,134,0.26419062794158865,ok
adjacent,completed_t,asinh_rentin,asinh rented-in area,rent-in,farm_orientation_top_tercile,Top tercile pre-specified farm-orientation index,binary_top,pre-specified index top-third split,all,provyear,other_baseline,top-minus-rest differential,0.16059256888239704,0.1234718412276189,0.19338128341008998,2810,134,0.26419062794158865,ok
adjacent,completed_t,asinh_rentin,asinh rented-in area,rent-in,farm_orientation_top_tercile,Top tercile pre-specified farm-orientation index,binary_top,pre-specified index top-third split,all,provyear,other_baseline,top group DID,-0.13087207366682269,0.23946548588102357,0.5847102760755816,2810,134,0.26419062794158865,ok
adjacent,completed_t,asinh_rentin,asinh rented-in area,rent-in,bottom_farmdep,Bottom tercile baseline farm-dependence,binary_bottom,exit-side low farm-dependence check,all,stackyear,none,lower/rest DID,0.030854203011168042,0.0722904227960504,0.6695184512055972,2734,135,0.26419062794158865,ok
adjacent,completed_t,asinh_rentin,asinh rented-in area,rent-in,bottom_farmdep,Bottom tercile baseline farm-dependence,binary_bottom,exit-side low farm-dependence check,all,stackyear,none,bottom-minus-rest differential,-0.3820517392282122,0.1789044069152116,0.032719561585088854,2734,135,0.26419062794158865,ok
adjacent,completed_t,asinh_rentin,asinh rented-in area,rent-in,bottom_farmdep,Bottom tercile baseline farm-dependence,binary_bottom,exit-side low farm-dependence check,all,stackyear,none,bottom group DID,-0.35119753621704414,0.17665037652773982,0.04680130576345685,2734,135,0.26419062794158865,ok
adjacent,completed_t,asinh_rentin,asinh rented-in area,rent-in,bottom_farmdep,Bottom tercile baseline farm-dependence,binary_bottom,exit-side low farm-dependence check,all,stackyear,farm_income_only,lower/rest DID,0.031317252287510165,0.07235529191794285,0.6651411760703911,2734,135,0.26419062794158865,ok
adjacent,completed_t,asinh_rentin,asinh rented-in area,rent-in,bottom_farmdep,Bottom tercile baseline farm-dependence,binary_bottom,exit-side low farm-dependence check,all,stackyear,farm_income_only,bottom-minus-rest differential,-0.37812355914388546,0.17975079891107112,0.035413461516525094,2734,135,0.26419062794158865,ok
adjacent,completed_t,asinh_rentin,asinh rented-in area,rent-in,bottom_farmdep,Bottom tercile baseline farm-dependence,binary_bottom,exit-side low farm-dependence check,all,stackyear,farm_income_only,bottom group DID,-0.3468063068563753,0.17809464760774585,0.05149702981223691,2734,135,0.26419062794158865,ok
adjacent,completed_t,asinh_rentin,asinh rented-in area,rent-in,bottom_farmdep,Bottom tercile baseline farm-dependence,binary_bottom,exit-side low farm-dependence check,all,stackyear,other_baseline,lower/rest DID,0.027559890504396667,0.07650017763934305,0.7186533297529778,2554,135,0.26419062794158865,ok
adjacent,completed_t,asinh_rentin,asinh rented-in area,rent-in,bottom_farmdep,Bottom tercile baseline farm-dependence,binary_bottom,exit-side low farm-dependence check,all,stackyear,other_baseline,bottom-minus-rest differential,-0.3729213441972172,0.18102535845755396,0.0393937323254978,2554,135,0.26419062794158865,ok
adjacent,completed_t,asinh_rentin,asinh rented-in area,rent-in,bottom_farmdep,Bottom tercile baseline farm-dependence,binary_bottom,exit-side low farm-dependence check,all,stackyear,other_baseline,bottom group DID,-0.3453614536928205,0.17951806047522617,0.05437643815345223,2554,135,0.26419062794158865,ok
adjacent,completed_t,asinh_rentin,asinh rented-in area,rent-in,bottom_farmdep,Bottom tercile baseline farm-dependence,binary_bottom,exit-side low farm-dependence check,all,provyear,none,lower/rest DID,-0.06730251896113104,0.1938193694618979,0.7284083826706598,2728,133,0.26419062794158865,ok
adjacent,completed_t,asinh_rentin,asinh rented-in area,rent-in,bottom_farmdep,Bottom tercile baseline farm-dependence,binary_bottom,exit-side low farm-dependence check,all,provyear,none,bottom-minus-rest differential,-0.32685579754507865,0.1645890234975628,0.04704547074022075,2728,133,0.26419062794158865,ok
adjacent,completed_t,asinh_rentin,asinh rented-in area,rent-in,bottom_farmdep,Bottom tercile baseline farm-dependence,binary_bottom,exit-side low farm-dependence check,all,provyear,none,bottom group DID,-0.3941583165062097,0.15854459780407154,0.012915031342918933,2728,133,0.26419062794158865,ok
adjacent,completed_t,asinh_rentin,asinh rented-in area,rent-in,bottom_farmdep,Bottom tercile baseline farm-dependence,binary_bottom,exit-side low farm-dependence check,all,provyear,farm_income_only,lower/rest DID,-0.06576101238533517,0.19413156804760295,0.734802169952005,2728,133,0.26419062794158865,ok
adjacent,completed_t,asinh_rentin,asinh rented-in area,rent-in,bottom_farmdep,Bottom tercile baseline farm-dependence,binary_bottom,exit-side low farm-dependence check,all,provyear,farm_income_only,bottom-minus-rest differential,-0.32615315550462504,0.16513629403809385,0.048261980809277245,2728,133,0.26419062794158865,ok
adjacent,completed_t,asinh_rentin,asinh rented-in area,rent-in,bottom_farmdep,Bottom tercile baseline farm-dependence,binary_bottom,exit-side low farm-dependence check,all,provyear,farm_income_only,bottom group DID,-0.3919141678899602,0.15903280252148197,0.013725795481411325,2728,133,0.26419062794158865,ok
adjacent,completed_t,asinh_rentin,asinh rented-in area,rent-in,bottom_farmdep,Bottom tercile baseline farm-dependence,binary_bottom,exit-side low farm-dependence check,all,provyear,other_baseline,lower/rest DID,-0.06921141555258277,0.20821189750241442,0.7395807810802368,2546,132,0.26419062794158865,ok
adjacent,completed_t,asinh_rentin,asinh rented-in area,rent-in,bottom_farmdep,Bottom tercile baseline farm-dependence,binary_bottom,exit-side low farm-dependence check,all,provyear,other_baseline,bottom-minus-rest differential,-0.3165954576281132,0.17093465308063863,0.06400526060554255,2546,132,0.26419062794158865,ok
adjacent,completed_t,asinh_rentin,asinh rented-in area,rent-in,bottom_farmdep,Bottom tercile baseline farm-dependence,binary_bottom,exit-side low farm-dependence check,all,provyear,other_baseline,bottom group DID,-0.38580687318069595,0.16404905389139976,0.018683947527010324,2546,132,0.26419062794158865,ok
adjacent,completed_t,asinh_rentin,asinh rented-in area,rent-in,nonfarm_orientation_top,Top tercile baseline nonfarm orientation,binary_top,exit-side nonfarm orientation check,all,stackyear,none,lower/rest DID,-0.06882728751069685,0.11827010956328443,0.5606003758625446,2818,136,0.26419062794158865,ok
adjacent,completed_t,asinh_rentin,asinh rented-in area,rent-in,nonfarm_orientation_top,Top tercile baseline nonfarm orientation,binary_top,exit-side nonfarm orientation check,all,stackyear,none,top-minus-rest differential,-0.005962852635455536,0.13631619162945988,0.9651094181243799,2818,136,0.26419062794158865,ok
adjacent,completed_t,asinh_rentin,asinh rented-in area,rent-in,nonfarm_orientation_top,Top tercile baseline nonfarm orientation,binary_top,exit-side nonfarm orientation check,all,stackyear,none,top group DID,-0.07479014014615239,0.10781434305570516,0.4878742618859394,2818,136,0.26419062794158865,ok
adjacent,completed_t,asinh_rentin,asinh rented-in area,rent-in,nonfarm_orientation_top,Top tercile baseline nonfarm orientation,binary_top,exit-side nonfarm orientation check,all,stackyear,farm_income_only,lower/rest DID,-0.06943377726763013,0.122730564789736,0.5715695003383362,2794,136,0.26419062794158865,ok
adjacent,completed_t,asinh_rentin,asinh rented-in area,rent-in,nonfarm_orientation_top,Top tercile baseline nonfarm orientation,binary_top,exit-side nonfarm orientation check,all,stackyear,farm_income_only,top-minus-rest differential,-0.014116271048836657,0.13823619649488614,0.9186637766626136,2794,136,0.26419062794158865,ok
adjacent,completed_t,asinh_rentin,asinh rented-in area,rent-in,nonfarm_orientation_top,Top tercile baseline nonfarm orientation,binary_top,exit-side nonfarm orientation check,all,stackyear,farm_income_only,top group DID,-0.08355004831646679,0.10827236843557234,0.4403125856991541,2794,136,0.26419062794158865,ok
adjacent,completed_t,asinh_rentin,asinh rented-in area,rent-in,nonfarm_orientation_top,Top tercile baseline nonfarm orientation,binary_top,exit-side nonfarm orientation check,all,stackyear,other_baseline,lower/rest DID,-0.06077796564033495,0.11465468605393757,0.5960455223521404,2554,135,0.26419062794158865,ok
adjacent,completed_t,asinh_rentin,asinh rented-in area,rent-in,nonfarm_orientation_top,Top tercile baseline nonfarm orientation,binary_top,exit-side nonfarm orientation check,all,stackyear,other_baseline,top-minus-rest differential,-0.03660289551594612,0.13782761125302892,0.7905702987993399,2554,135,0.26419062794158865,ok
adjacent,completed_t,asinh_rentin,asinh rented-in area,rent-in,nonfarm_orientation_top,Top tercile baseline nonfarm orientation,binary_top,exit-side nonfarm orientation check,all,stackyear,other_baseline,top group DID,-0.09738086115628107,0.12004604776211968,0.41725318263984457,2554,135,0.26419062794158865,ok
adjacent,completed_t,asinh_rentin,asinh rented-in area,rent-in,nonfarm_orientation_top,Top tercile baseline nonfarm orientation,binary_top,exit-side nonfarm orientation check,all,provyear,none,lower/rest DID,-0.24235201771576262,0.1912191353761157,0.20501064475699204,2812,134,0.26419062794158865,ok
adjacent,completed_t,asinh_rentin,asinh rented-in area,rent-in,nonfarm_orientation_top,Top tercile baseline nonfarm orientation,binary_top,exit-side nonfarm orientation check,all,provyear,none,top-minus-rest differential,-0.051233028961163184,0.12625454997123922,0.6848957712190721,2812,134,0.26419062794158865,ok
adjacent,completed_t,asinh_rentin,asinh rented-in area,rent-in,nonfarm_orientation_top,Top tercile baseline nonfarm orientation,binary_top,exit-side nonfarm orientation check,all,provyear,none,top group DID,-0.2935850466769258,0.22977865525988272,0.20136004722790934,2812,134,0.26419062794158865,ok
adjacent,completed_t,asinh_rentin,asinh rented-in area,rent-in,nonfarm_orientation_top,Top tercile baseline nonfarm orientation,binary_top,exit-side nonfarm orientation check,all,provyear,farm_income_only,lower/rest DID,-0.25085123346815374,0.19891451126581652,0.20727256108854542,2788,134,0.26419062794158865,ok
adjacent,completed_t,asinh_rentin,asinh rented-in area,rent-in,nonfarm_orientation_top,Top tercile baseline nonfarm orientation,binary_top,exit-side nonfarm orientation check,all,provyear,farm_income_only,top-minus-rest differential,-0.051150973907235525,0.1250261755972102,0.6824500445790159,2788,134,0.26419062794158865,ok
adjacent,completed_t,asinh_rentin,asinh rented-in area,rent-in,nonfarm_orientation_top,Top tercile baseline nonfarm orientation,binary_top,exit-side nonfarm orientation check,all,provyear,farm_income_only,top group DID,-0.3020022073753893,0.23593497169232688,0.20053702154966557,2788,134,0.26419062794158865,ok
adjacent,completed_t,asinh_rentin,asinh rented-in area,rent-in,nonfarm_orientation_top,Top tercile baseline nonfarm orientation,binary_top,exit-side nonfarm orientation check,all,provyear,other_baseline,lower/rest DID,-0.19779142956835208,0.18637830861807633,0.28858251928715795,2546,132,0.26419062794158865,ok
adjacent,completed_t,asinh_rentin,asinh rented-in area,rent-in,nonfarm_orientation_top,Top tercile baseline nonfarm orientation,binary_top,exit-side nonfarm orientation check,all,provyear,other_baseline,top-minus-rest differential,-0.0706550832104855,0.12898653537933555,0.5838491549297062,2546,132,0.26419062794158865,ok
adjacent,completed_t,asinh_rentin,asinh rented-in area,rent-in,nonfarm_orientation_top,Top tercile baseline nonfarm orientation,binary_top,exit-side nonfarm orientation check,all,provyear,other_baseline,top group DID,-0.2684465127788376,0.2355178090598759,0.25436377018012135,2546,132,0.26419062794158865,ok
adjacent,completed_t,rentin_mu,Rented-in area (mu),rent-in,farmdep_continuous,"Baseline farm-dependence, continuous winsorized z",continuous,continuous farm-dependence interaction,all,stackyear,none,DID at mean modifier,-0.5236686290429674,0.3391581097693547,0.12258225590018076,2734,135,1.0745384521335126,ok
adjacent,completed_t,rentin_mu,Rented-in area (mu),rent-in,farmdep_continuous,"Baseline farm-dependence, continuous winsorized z",continuous,continuous farm-dependence interaction,all,stackyear,none,heterogeneity slope,0.1093908560331569,0.32552330344022046,0.7368360579837039,2734,135,1.0745384521335126,ok
adjacent,completed_t,rentin_mu,Rented-in area (mu),rent-in,farmdep_continuous,"Baseline farm-dependence, continuous winsorized z",continuous,continuous farm-dependence interaction,all,stackyear,none,DID at +1 SD,-0.4142777730098105,0.4809093637925476,0.38899207791620516,2734,135,1.0745384521335126,ok
adjacent,completed_t,rentin_mu,Rented-in area (mu),rent-in,farmdep_continuous,"Baseline farm-dependence, continuous winsorized z",continuous,continuous farm-dependence interaction,all,stackyear,none,DID at -1 SD,-0.6330594850761243,0.45903537208646356,0.16786136956837838,2734,135,1.0745384521335126,ok
adjacent,completed_t,rentin_mu,Rented-in area (mu),rent-in,farmdep_continuous,"Baseline farm-dependence, continuous winsorized z",continuous,continuous farm-dependence interaction,all,stackyear,farm_income_only,DID at mean modifier,-0.517645171740473,0.3417218138830469,0.12981937767063206,2734,135,1.0745384521335126,ok
adjacent,completed_t,rentin_mu,Rented-in area (mu),rent-in,farmdep_continuous,"Baseline farm-dependence, continuous winsorized z",continuous,continuous farm-dependence interaction,all,stackyear,farm_income_only,heterogeneity slope,0.10327815765918921,0.32589654886325503,0.7513158932485517,2734,135,1.0745384521335126,ok
adjacent,completed_t,rentin_mu,Rented-in area (mu),rent-in,farmdep_continuous,"Baseline farm-dependence, continuous winsorized z",continuous,continuous farm-dependence interaction,all,stackyear,farm_income_only,DID at +1 SD,-0.41436701408128374,0.48074468261055436,0.3887274703006899,2734,135,1.0745384521335126,ok
adjacent,completed_t,rentin_mu,Rented-in area (mu),rent-in,farmdep_continuous,"Baseline farm-dependence, continuous winsorized z",continuous,continuous farm-dependence interaction,all,stackyear,farm_income_only,DID at -1 SD,-0.6209233293996622,0.46351835716687295,0.18037953755481495,2734,135,1.0745384521335126,ok
adjacent,completed_t,rentin_mu,Rented-in area (mu),rent-in,farmdep_continuous,"Baseline farm-dependence, continuous winsorized z",continuous,continuous farm-dependence interaction,all,stackyear,other_baseline,DID at mean modifier,-0.5653593391236518,0.3640544096405617,0.12043439530460537,2554,135,1.0745384521335126,ok
adjacent,completed_t,rentin_mu,Rented-in area (mu),rent-in,farmdep_continuous,"Baseline farm-dependence, continuous winsorized z",continuous,continuous farm-dependence interaction,all,stackyear,other_baseline,heterogeneity slope,0.10841011525722284,0.3416716773903594,0.7510211024488406,2554,135,1.0745384521335126,ok
adjacent,completed_t,rentin_mu,Rented-in area (mu),rent-in,farmdep_continuous,"Baseline farm-dependence, continuous winsorized z",continuous,continuous farm-dependence interaction,all,stackyear,other_baseline,DID at +1 SD,-0.45694922386642894,0.5099640500862468,0.3702303147831213,2554,135,1.0745384521335126,ok
adjacent,completed_t,rentin_mu,Rented-in area (mu),rent-in,farmdep_continuous,"Baseline farm-dependence, continuous winsorized z",continuous,continuous farm-dependence interaction,all,stackyear,other_baseline,DID at -1 SD,-0.6737694543808747,0.488351271359655,0.16768458019531718,2554,135,1.0745384521335126,ok
adjacent,completed_t,rentin_mu,Rented-in area (mu),rent-in,farmdep_continuous,"Baseline farm-dependence, continuous winsorized z",continuous,continuous farm-dependence interaction,all,provyear,none,DID at mean modifier,-0.40032250236864675,0.5332815896986017,0.45284675387498385,2728,133,1.0745384521335126,ok
adjacent,completed_t,rentin_mu,Rented-in area (mu),rent-in,farmdep_continuous,"Baseline farm-dependence, continuous winsorized z",continuous,continuous farm-dependence interaction,all,provyear,none,heterogeneity slope,-0.10220426187949093,0.27264594741851594,0.7077640376968359,2728,133,1.0745384521335126,ok
adjacent,completed_t,rentin_mu,Rented-in area (mu),rent-in,farmdep_continuous,"Baseline farm-dependence, continuous winsorized z",continuous,continuous farm-dependence interaction,all,provyear,none,DID at +1 SD,-0.5025267642481377,0.6802782129369284,0.4600844999957723,2728,133,1.0745384521335126,ok
adjacent,completed_t,rentin_mu,Rented-in area (mu),rent-in,farmdep_continuous,"Baseline farm-dependence, continuous winsorized z",continuous,continuous farm-dependence interaction,all,provyear,none,DID at -1 SD,-0.2981182404891558,0.5046500630275946,0.5546929661325066,2728,133,1.0745384521335126,ok
adjacent,completed_t,rentin_mu,Rented-in area (mu),rent-in,farmdep_continuous,"Baseline farm-dependence, continuous winsorized z",continuous,continuous farm-dependence interaction,all,provyear,farm_income_only,DID at mean modifier,-0.4201069626945247,0.5456226917401391,0.4413243654129867,2728,133,1.0745384521335126,ok
adjacent,completed_t,rentin_mu,Rented-in area (mu),rent-in,farmdep_continuous,"Baseline farm-dependence, continuous winsorized z",continuous,continuous farm-dependence interaction,all,provyear,farm_income_only,heterogeneity slope,-0.1275631480630994,0.2735851955456911,0.6410259670982885,2728,133,1.0745384521335126,ok
adjacent,completed_t,rentin_mu,Rented-in area (mu),rent-in,farmdep_continuous,"Baseline farm-dependence, continuous winsorized z",continuous,continuous farm-dependence interaction,all,provyear,farm_income_only,DID at +1 SD,-0.5476701107576241,0.6906095986687368,0.42776373504292375,2728,133,1.0745384521335126,ok
adjacent,completed_t,rentin_mu,Rented-in area (mu),rent-in,farmdep_continuous,"Baseline farm-dependence, continuous winsorized z",continuous,continuous farm-dependence interaction,all,provyear,farm_income_only,DID at -1 SD,-0.2925438146314253,0.5178458691093943,0.5721251238776747,2728,133,1.0745384521335126,ok
adjacent,completed_t,rentin_mu,Rented-in area (mu),rent-in,farmdep_continuous,"Baseline farm-dependence, continuous winsorized z",continuous,continuous farm-dependence interaction,all,provyear,other_baseline,DID at mean modifier,-0.4000539343004774,0.5687861715744972,0.4818396511064744,2546,132,1.0745384521335126,ok
adjacent,completed_t,rentin_mu,Rented-in area (mu),rent-in,farmdep_continuous,"Baseline farm-dependence, continuous winsorized z",continuous,continuous farm-dependence interaction,all,provyear,other_baseline,heterogeneity slope,-0.1372669342085362,0.29204476876751345,0.6383406014275489,2546,132,1.0745384521335126,ok
adjacent,completed_t,rentin_mu,Rented-in area (mu),rent-in,farmdep_continuous,"Baseline farm-dependence, continuous winsorized z",continuous,continuous farm-dependence interaction,all,provyear,other_baseline,DID at +1 SD,-0.5373208685090136,0.7347699473050535,0.4646095557805051,2546,132,1.0745384521335126,ok
adjacent,completed_t,rentin_mu,Rented-in area (mu),rent-in,farmdep_continuous,"Baseline farm-dependence, continuous winsorized z",continuous,continuous farm-dependence interaction,all,provyear,other_baseline,DID at -1 SD,-0.2627870000919412,0.5269998447960079,0.6180279432104224,2546,132,1.0745384521335126,ok
adjacent,completed_t,rentin_mu,Rented-in area (mu),rent-in,farmdep_top_tercile,Top tercile baseline farm-dependence,binary_top,top-third split,all,stackyear,none,lower/rest DID,-0.5726151436895854,0.3963832706494727,0.14857036432540985,2734,135,1.0745384521335126,ok
adjacent,completed_t,rentin_mu,Rented-in area (mu),rent-in,farmdep_top_tercile,Top tercile baseline farm-dependence,binary_top,top-third split,all,stackyear,none,top-minus-rest differential,0.15687369058071146,0.6522871528305065,0.8099442909040406,2734,135,1.0745384521335126,ok
adjacent,completed_t,rentin_mu,Rented-in area (mu),rent-in,farmdep_top_tercile,Top tercile baseline farm-dependence,binary_top,top-third split,all,stackyear,none,top group DID,-0.415741453108874,0.5636143329926273,0.4607365022852967,2734,135,1.0745384521335126,ok
adjacent,completed_t,rentin_mu,Rented-in area (mu),rent-in,farmdep_top_tercile,Top tercile baseline farm-dependence,binary_top,top-third split,all,stackyear,farm_income_only,lower/rest DID,-0.566014712020306,0.399618303336093,0.1566618309681743,2734,135,1.0745384521335126,ok
adjacent,completed_t,rentin_mu,Rented-in area (mu),rent-in,farmdep_top_tercile,Top tercile baseline farm-dependence,binary_top,top-third split,all,stackyear,farm_income_only,top-minus-rest differential,0.15063748337787114,0.653887932504135,0.8178027018595899,2734,135,1.0745384521335126,ok
adjacent,completed_t,rentin_mu,Rented-in area (mu),rent-in,farmdep_top_tercile,Top tercile baseline farm-dependence,binary_top,top-third split,all,stackyear,farm_income_only,top group DID,-0.4153772286424348,0.5633413616260737,0.4609122576160607,2734,135,1.0745384521335126,ok
adjacent,completed_t,rentin_mu,Rented-in area (mu),rent-in,farmdep_top_tercile,Top tercile baseline farm-dependence,binary_top,top-third split,all,stackyear,other_baseline,lower/rest DID,-0.6366131840474492,0.42783742460990326,0.13675638204537635,2554,135,1.0745384521335126,ok
adjacent,completed_t,rentin_mu,Rented-in area (mu),rent-in,farmdep_top_tercile,Top tercile baseline farm-dependence,binary_top,top-third split,all,stackyear,other_baseline,top-minus-rest differential,0.20694011074251592,0.6982560491125128,0.7669497582105361,2554,135,1.0745384521335126,ok
adjacent,completed_t,rentin_mu,Rented-in area (mu),rent-in,farmdep_top_tercile,Top tercile baseline farm-dependence,binary_top,top-third split,all,stackyear,other_baseline,top group DID,-0.4296730733049332,0.5977701442152222,0.47226839088431005,2554,135,1.0745384521335126,ok
adjacent,completed_t,rentin_mu,Rented-in area (mu),rent-in,farmdep_top_tercile,Top tercile baseline farm-dependence,binary_top,top-third split,all,provyear,none,lower/rest DID,-0.31820235366734967,0.4944484175115356,0.5198671841525178,2728,133,1.0745384521335126,ok
adjacent,completed_t,rentin_mu,Rented-in area (mu),rent-in,farmdep_top_tercile,Top tercile baseline farm-dependence,binary_top,top-third split,all,provyear,none,top-minus-rest differential,-0.28272842346217564,0.5562066393768911,0.6112321426607517,2728,133,1.0745384521335126,ok
adjacent,completed_t,rentin_mu,Rented-in area (mu),rent-in,farmdep_top_tercile,Top tercile baseline farm-dependence,binary_top,top-third split,all,provyear,none,top group DID,-0.6009307771295254,0.7219533887823008,0.4052013534003528,2728,133,1.0745384521335126,ok
adjacent,completed_t,rentin_mu,Rented-in area (mu),rent-in,farmdep_top_tercile,Top tercile baseline farm-dependence,binary_top,top-third split,all,provyear,farm_income_only,lower/rest DID,-0.3193748086473282,0.5053219096067509,0.5273721852127846,2728,133,1.0745384521335126,ok
adjacent,completed_t,rentin_mu,Rented-in area (mu),rent-in,farmdep_top_tercile,Top tercile baseline farm-dependence,binary_top,top-third split,all,provyear,farm_income_only,top-minus-rest differential,-0.3201005812528935,0.5571565167730704,0.5656123046090609,2728,133,1.0745384521335126,ok
adjacent,completed_t,rentin_mu,Rented-in area (mu),rent-in,farmdep_top_tercile,Top tercile baseline farm-dependence,binary_top,top-third split,all,provyear,farm_income_only,top group DID,-0.6394753899002217,0.7288878751646628,0.3803072801905184,2728,133,1.0745384521335126,ok
adjacent,completed_t,rentin_mu,Rented-in area (mu),rent-in,farmdep_top_tercile,Top tercile baseline farm-dependence,binary_top,top-third split,all,provyear,other_baseline,lower/rest DID,-0.29749559930484293,0.5197964462729586,0.5670977786486987,2546,132,1.0745384521335126,ok
adjacent,completed_t,rentin_mu,Rented-in area (mu),rent-in,farmdep_top_tercile,Top tercile baseline farm-dependence,binary_top,top-third split,all,provyear,other_baseline,top-minus-rest differential,-0.311189263476566,0.6056240139992752,0.6073691469265485,2546,132,1.0745384521335126,ok
adjacent,completed_t,rentin_mu,Rented-in area (mu),rent-in,farmdep_top_tercile,Top tercile baseline farm-dependence,binary_top,top-third split,all,provyear,other_baseline,top group DID,-0.608684862781409,0.7855345650688973,0.43841821537051207,2546,132,1.0745384521335126,ok
adjacent,completed_t,rentin_mu,Rented-in area (mu),rent-in,farmdep_top_vs_bottom,Top versus bottom tercile baseline farm-dependence,binary_top_bottom,clean top-minus-bottom contrast,top_bottom_farmdep,stackyear,none,bottom group DID,-1.0382297457300673,0.6224234473079308,0.09530697693155861,1852,129,0.9948193156379916,ok
adjacent,completed_t,rentin_mu,Rented-in area (mu),rent-in,farmdep_top_vs_bottom,Top versus bottom tercile baseline farm-dependence,binary_top_bottom,clean top-minus-bottom contrast,top_bottom_farmdep,stackyear,none,top-minus-bottom differential,0.6291534753554708,0.8177625822761015,0.44167987784426677,1852,129,0.9948193156379916,ok
adjacent,completed_t,rentin_mu,Rented-in area (mu),rent-in,farmdep_top_vs_bottom,Top versus bottom tercile baseline farm-dependence,binary_top_bottom,clean top-minus-bottom contrast,top_bottom_farmdep,stackyear,none,top group DID,-0.4090762703745965,0.5648606516864875,0.4689384091717266,1852,129,0.9948193156379916,ok
adjacent,completed_t,rentin_mu,Rented-in area (mu),rent-in,farmdep_top_vs_bottom,Top versus bottom tercile baseline farm-dependence,binary_top_bottom,clean top-minus-bottom contrast,top_bottom_farmdep,stackyear,farm_income_only,bottom group DID,-1.0399351338524472,0.6286064025106604,0.09805637672155516,1852,129,0.9948193156379916,ok
adjacent,completed_t,rentin_mu,Rented-in area (mu),rent-in,farmdep_top_vs_bottom,Top versus bottom tercile baseline farm-dependence,binary_top_bottom,clean top-minus-bottom contrast,top_bottom_farmdep,stackyear,farm_income_only,top-minus-bottom differential,0.6310350479333671,0.8165106288974575,0.4396149219065758,1852,129,0.9948193156379916,ok
adjacent,completed_t,rentin_mu,Rented-in area (mu),rent-in,farmdep_top_vs_bottom,Top versus bottom tercile baseline farm-dependence,binary_top_bottom,clean top-minus-bottom contrast,top_bottom_farmdep,stackyear,farm_income_only,top group DID,-0.4089000859190801,0.5640495258601224,0.46849099091254576,1852,129,0.9948193156379916,ok
adjacent,completed_t,rentin_mu,Rented-in area (mu),rent-in,farmdep_top_vs_bottom,Top versus bottom tercile baseline farm-dependence,binary_top_bottom,clean top-minus-bottom contrast,top_bottom_farmdep,stackyear,other_baseline,bottom group DID,-1.0453041283909792,0.6405832503239216,0.1027215001630138,1738,129,0.9948193156379916,ok
adjacent,completed_t,rentin_mu,Rented-in area (mu),rent-in,farmdep_top_vs_bottom,Top versus bottom tercile baseline farm-dependence,binary_top_bottom,clean top-minus-bottom contrast,top_bottom_farmdep,stackyear,other_baseline,top-minus-bottom differential,0.6008590272773608,0.8436336714376492,0.47632396437336766,1738,129,0.9948193156379916,ok
adjacent,completed_t,rentin_mu,Rented-in area (mu),rent-in,farmdep_top_vs_bottom,Top versus bottom tercile baseline farm-dependence,binary_top_bottom,clean top-minus-bottom contrast,top_bottom_farmdep,stackyear,other_baseline,top group DID,-0.44444510111361835,0.60450736512908,0.4622063302589954,1738,129,0.9948193156379916,ok
adjacent,completed_t,rentin_mu,Rented-in area (mu),rent-in,farmdep_top_vs_bottom,Top versus bottom tercile baseline farm-dependence,binary_top_bottom,clean top-minus-bottom contrast,top_bottom_farmdep,provyear,none,bottom group DID,-0.8620307939656462,0.4042039362833687,0.032952378233557136,1846,127,0.9948193156379916,ok
adjacent,completed_t,rentin_mu,Rented-in area (mu),rent-in,farmdep_top_vs_bottom,Top versus bottom tercile baseline farm-dependence,binary_top_bottom,clean top-minus-bottom contrast,top_bottom_farmdep,provyear,none,top-minus-bottom differential,0.24240505017227332,0.7473703350646229,0.7456776456258338,1846,127,0.9948193156379916,ok
adjacent,completed_t,rentin_mu,Rented-in area (mu),rent-in,farmdep_top_vs_bottom,Top versus bottom tercile baseline farm-dependence,binary_top_bottom,clean top-minus-bottom contrast,top_bottom_farmdep,provyear,none,top group DID,-0.6196257437933729,0.860252787280703,0.4713505652636023,1846,127,0.9948193156379916,ok
adjacent,completed_t,rentin_mu,Rented-in area (mu),rent-in,farmdep_top_vs_bottom,Top versus bottom tercile baseline farm-dependence,binary_top_bottom,clean top-minus-bottom contrast,top_bottom_farmdep,provyear,farm_income_only,bottom group DID,-0.8636951176030836,0.4046030618031286,0.0327877529961272,1846,127,0.9948193156379916,ok
adjacent,completed_t,rentin_mu,Rented-in area (mu),rent-in,farmdep_top_vs_bottom,Top versus bottom tercile baseline farm-dependence,binary_top_bottom,clean top-minus-bottom contrast,top_bottom_farmdep,provyear,farm_income_only,top-minus-bottom differential,0.24244603383878705,0.7475466902912979,0.7456940668530255,1846,127,0.9948193156379916,ok
adjacent,completed_t,rentin_mu,Rented-in area (mu),rent-in,farmdep_top_vs_bottom,Top versus bottom tercile baseline farm-dependence,binary_top_bottom,clean top-minus-bottom contrast,top_bottom_farmdep,provyear,farm_income_only,top group DID,-0.6212490837642966,0.8598073137577946,0.46995974912554805,1846,127,0.9948193156379916,ok
adjacent,completed_t,rentin_mu,Rented-in area (mu),rent-in,farmdep_top_vs_bottom,Top versus bottom tercile baseline farm-dependence,binary_top_bottom,clean top-minus-bottom contrast,top_bottom_farmdep,provyear,other_baseline,bottom group DID,-0.7952835314912239,0.4237915683698713,0.06057414322350452,1730,126,0.9948193156379916,ok
adjacent,completed_t,rentin_mu,Rented-in area (mu),rent-in,farmdep_top_vs_bottom,Top versus bottom tercile baseline farm-dependence,binary_top_bottom,clean top-minus-bottom contrast,top_bottom_farmdep,provyear,other_baseline,top-minus-bottom differential,0.2510878266165697,0.7948179912693052,0.7520738058049549,1730,126,0.9948193156379916,ok
adjacent,completed_t,rentin_mu,Rented-in area (mu),rent-in,farmdep_top_vs_bottom,Top versus bottom tercile baseline farm-dependence,binary_top_bottom,clean top-minus-bottom contrast,top_bottom_farmdep,provyear,other_baseline,top group DID,-0.5441957048746542,0.9187237984178784,0.553623773556463,1730,126,0.9948193156379916,ok
adjacent,completed_t,rentin_mu,Rented-in area (mu),rent-in,farmdep_ordered_tercile,Ordered tercile score of baseline farm-dependence,continuous,ordered farm-dependence gradient,all,stackyear,none,DID at mean modifier,-0.5396999376781101,0.33524789683319145,0.10742988306252858,2734,135,1.0745384521335126,ok
adjacent,completed_t,rentin_mu,Rented-in area (mu),rent-in,farmdep_ordered_tercile,Ordered tercile score of baseline farm-dependence,continuous,ordered farm-dependence gradient,all,stackyear,none,heterogeneity slope,0.23177652614272587,0.3366786363073642,0.491187922649696,2734,135,1.0745384521335126,ok
adjacent,completed_t,rentin_mu,Rented-in area (mu),rent-in,farmdep_ordered_tercile,Ordered tercile score of baseline farm-dependence,continuous,ordered farm-dependence gradient,all,stackyear,none,DID at +1 SD,-0.3079234115353842,0.47700013708297695,0.5185762962849679,2734,135,1.0745384521335126,ok
adjacent,completed_t,rentin_mu,Rented-in area (mu),rent-in,farmdep_ordered_tercile,Ordered tercile score of baseline farm-dependence,continuous,ordered farm-dependence gradient,all,stackyear,none,DID at -1 SD,-0.771476463820836,0.47324220244664406,0.10306056196901046,2734,135,1.0745384521335126,ok
adjacent,completed_t,rentin_mu,Rented-in area (mu),rent-in,farmdep_ordered_tercile,Ordered tercile score of baseline farm-dependence,continuous,ordered farm-dependence gradient,all,stackyear,farm_income_only,DID at mean modifier,-0.5367963041949384,0.3368999255169987,0.11108382016778208,2734,135,1.0745384521335126,ok
adjacent,completed_t,rentin_mu,Rented-in area (mu),rent-in,farmdep_ordered_tercile,Ordered tercile score of baseline farm-dependence,continuous,ordered farm-dependence gradient,all,stackyear,farm_income_only,heterogeneity slope,0.23334842381955082,0.33648579904686354,0.48800417429524845,2734,135,1.0745384521335126,ok
adjacent,completed_t,rentin_mu,Rented-in area (mu),rent-in,farmdep_ordered_tercile,Ordered tercile score of baseline farm-dependence,continuous,ordered farm-dependence gradient,all,stackyear,farm_income_only,DID at +1 SD,-0.3034478803753876,0.47618514894125397,0.5239635261672755,2734,135,1.0745384521335126,ok
adjacent,completed_t,rentin_mu,Rented-in area (mu),rent-in,farmdep_ordered_tercile,Ordered tercile score of baseline farm-dependence,continuous,ordered farm-dependence gradient,all,stackyear,farm_income_only,DID at -1 SD,-0.7701447280144892,0.4761262537131583,0.10576563358450065,2734,135,1.0745384521335126,ok
adjacent,completed_t,rentin_mu,Rented-in area (mu),rent-in,farmdep_ordered_tercile,Ordered tercile score of baseline farm-dependence,continuous,ordered farm-dependence gradient,all,stackyear,other_baseline,DID at mean modifier,-0.5805021649990498,0.3590181042079372,0.10589638531536469,2554,135,1.0745384521335126,ok
adjacent,completed_t,rentin_mu,Rented-in area (mu),rent-in,farmdep_ordered_tercile,Ordered tercile score of baseline farm-dependence,continuous,ordered farm-dependence gradient,all,stackyear,other_baseline,heterogeneity slope,0.2373143263200146,0.3468181505052726,0.4938100200086929,2554,135,1.0745384521335126,ok
adjacent,completed_t,rentin_mu,Rented-in area (mu),rent-in,farmdep_ordered_tercile,Ordered tercile score of baseline farm-dependence,continuous,ordered farm-dependence gradient,all,stackyear,other_baseline,DID at +1 SD,-0.34318783867903524,0.506055833928056,0.4976689805676011,2554,135,1.0745384521335126,ok
adjacent,completed_t,rentin_mu,Rented-in area (mu),rent-in,farmdep_ordered_tercile,Ordered tercile score of baseline farm-dependence,continuous,ordered farm-dependence gradient,all,stackyear,other_baseline,DID at -1 SD,-0.8178164913190644,0.49220031520235563,0.09660260457629112,2554,135,1.0745384521335126,ok
adjacent,completed_t,rentin_mu,Rented-in area (mu),rent-in,farmdep_ordered_tercile,Ordered tercile score of baseline farm-dependence,continuous,ordered farm-dependence gradient,all,provyear,none,DID at mean modifier,-0.316665740445748,0.5666460894837814,0.5762694274395563,2728,133,1.0745384521335126,ok
adjacent,completed_t,rentin_mu,Rented-in area (mu),rent-in,farmdep_ordered_tercile,Ordered tercile score of baseline farm-dependence,continuous,ordered farm-dependence gradient,all,provyear,none,heterogeneity slope,0.09430593247472795,0.2934783437733185,0.7479537757308529,2728,133,1.0745384521335126,ok
adjacent,completed_t,rentin_mu,Rented-in area (mu),rent-in,farmdep_ordered_tercile,Ordered tercile score of baseline farm-dependence,continuous,ordered farm-dependence gradient,all,provyear,none,DID at +1 SD,-0.22235980797102006,0.7681783957571782,0.7722265075293423,2728,133,1.0745384521335126,ok
adjacent,completed_t,rentin_mu,Rented-in area (mu),rent-in,farmdep_ordered_tercile,Ordered tercile score of baseline farm-dependence,continuous,ordered farm-dependence gradient,all,provyear,none,DID at -1 SD,-0.410971672920476,0.4736418586593793,0.38556710395970684,2728,133,1.0745384521335126,ok
adjacent,completed_t,rentin_mu,Rented-in area (mu),rent-in,farmdep_ordered_tercile,Ordered tercile score of baseline farm-dependence,continuous,ordered farm-dependence gradient,all,provyear,farm_income_only,DID at mean modifier,-0.32007724511378255,0.5748412046608886,0.5776573530718749,2728,133,1.0745384521335126,ok
adjacent,completed_t,rentin_mu,Rented-in area (mu),rent-in,farmdep_ordered_tercile,Ordered tercile score of baseline farm-dependence,continuous,ordered farm-dependence gradient,all,provyear,farm_income_only,heterogeneity slope,0.08643367957297542,0.2947783337309752,0.7693571700092497,2728,133,1.0745384521335126,ok
adjacent,completed_t,rentin_mu,Rented-in area (mu),rent-in,farmdep_ordered_tercile,Ordered tercile score of baseline farm-dependence,continuous,ordered farm-dependence gradient,all,provyear,farm_income_only,DID at +1 SD,-0.23364356554080712,0.7764353812064376,0.7634768438828595,2728,133,1.0745384521335126,ok
adjacent,completed_t,rentin_mu,Rented-in area (mu),rent-in,farmdep_ordered_tercile,Ordered tercile score of baseline farm-dependence,continuous,ordered farm-dependence gradient,all,provyear,farm_income_only,DID at -1 SD,-0.406510924686758,0.48147840246183155,0.3985032834941056,2728,133,1.0745384521335126,ok
adjacent,completed_t,rentin_mu,Rented-in area (mu),rent-in,farmdep_ordered_tercile,Ordered tercile score of baseline farm-dependence,continuous,ordered farm-dependence gradient,all,provyear,other_baseline,DID at mean modifier,-0.29209033536487233,0.6076398976663756,0.630732261974783,2546,132,1.0745384521335126,ok
adjacent,completed_t,rentin_mu,Rented-in area (mu),rent-in,farmdep_ordered_tercile,Ordered tercile score of baseline farm-dependence,continuous,ordered farm-dependence gradient,all,provyear,other_baseline,heterogeneity slope,0.09602102352131232,0.31589170442471637,0.7611521406065389,2546,132,1.0745384521335126,ok
adjacent,completed_t,rentin_mu,Rented-in area (mu),rent-in,farmdep_ordered_tercile,Ordered tercile score of baseline farm-dependence,continuous,ordered farm-dependence gradient,all,provyear,other_baseline,DID at +1 SD,-0.19606931184356002,0.8345440417701995,0.8142538754957941,2546,132,1.0745384521335126,ok
adjacent,completed_t,rentin_mu,Rented-in area (mu),rent-in,farmdep_ordered_tercile,Ordered tercile score of baseline farm-dependence,continuous,ordered farm-dependence gradient,all,provyear,other_baseline,DID at -1 SD,-0.38811135888618464,0.49149147568047513,0.42972611961388874,2546,132,1.0745384521335126,ok
adjacent,completed_t,rentin_mu,Rented-in area (mu),rent-in,farm_orientation_continuous,"Pre-specified farm-orientation index, continuous z",continuous,pre-specified index interaction,all,stackyear,none,DID at mean modifier,-0.35365200947732023,0.519712288383337,0.49620278399937556,2816,136,1.0745384521335126,ok
adjacent,completed_t,rentin_mu,Rented-in area (mu),rent-in,farm_orientation_continuous,"Pre-specified farm-orientation index, continuous z",continuous,pre-specified index interaction,all,stackyear,none,heterogeneity slope,5.30740369644772,3.7376914608052134,0.15561688611933808,2816,136,1.0745384521335126,ok
adjacent,completed_t,rentin_mu,Rented-in area (mu),rent-in,farm_orientation_continuous,"Pre-specified farm-orientation index, continuous z",continuous,pre-specified index interaction,all,stackyear,none,DID at +1 SD,4.953751686970399,3.9130108894769724,0.2055240708748698,2816,136,1.0745384521335126,ok
adjacent,completed_t,rentin_mu,Rented-in area (mu),rent-in,farm_orientation_continuous,"Pre-specified farm-orientation index, continuous z",continuous,pre-specified index interaction,all,stackyear,none,DID at -1 SD,-5.66105570592504,3.6289423275357158,0.11876602370464177,2816,136,1.0745384521335126,ok
adjacent,completed_t,rentin_mu,Rented-in area (mu),rent-in,farm_orientation_continuous,"Pre-specified farm-orientation index, continuous z",continuous,pre-specified index interaction,all,stackyear,farm_income_only,DID at mean modifier,-0.35365200947732023,0.519712288383337,0.49620278399937556,2816,136,1.0745384521335126,ok
adjacent,completed_t,rentin_mu,Rented-in area (mu),rent-in,farm_orientation_continuous,"Pre-specified farm-orientation index, continuous z",continuous,pre-specified index interaction,all,stackyear,farm_income_only,heterogeneity slope,5.30740369644772,3.7376914608052134,0.15561688611933808,2816,136,1.0745384521335126,ok
adjacent,completed_t,rentin_mu,Rented-in area (mu),rent-in,farm_orientation_continuous,"Pre-specified farm-orientation index, continuous z",continuous,pre-specified index interaction,all,stackyear,farm_income_only,DID at +1 SD,4.953751686970399,3.9130108894769724,0.2055240708748698,2816,136,1.0745384521335126,ok
adjacent,completed_t,rentin_mu,Rented-in area (mu),rent-in,farm_orientation_continuous,"Pre-specified farm-orientation index, continuous z",continuous,pre-specified index interaction,all,stackyear,farm_income_only,DID at -1 SD,-5.66105570592504,3.6289423275357158,0.11876602370464177,2816,136,1.0745384521335126,ok
adjacent,completed_t,rentin_mu,Rented-in area (mu),rent-in,farm_orientation_continuous,"Pre-specified farm-orientation index, continuous z",continuous,pre-specified index interaction,all,stackyear,other_baseline,DID at mean modifier,-0.35365200947732023,0.519712288383337,0.49620278399937556,2816,136,1.0745384521335126,ok
adjacent,completed_t,rentin_mu,Rented-in area (mu),rent-in,farm_orientation_continuous,"Pre-specified farm-orientation index, continuous z",continuous,pre-specified index interaction,all,stackyear,other_baseline,heterogeneity slope,5.30740369644772,3.7376914608052134,0.15561688611933808,2816,136,1.0745384521335126,ok
adjacent,completed_t,rentin_mu,Rented-in area (mu),rent-in,farm_orientation_continuous,"Pre-specified farm-orientation index, continuous z",continuous,pre-specified index interaction,all,stackyear,other_baseline,DID at +1 SD,4.953751686970399,3.9130108894769724,0.2055240708748698,2816,136,1.0745384521335126,ok
adjacent,completed_t,rentin_mu,Rented-in area (mu),rent-in,farm_orientation_continuous,"Pre-specified farm-orientation index, continuous z",continuous,pre-specified index interaction,all,stackyear,other_baseline,DID at -1 SD,-5.66105570592504,3.6289423275357158,0.11876602370464177,2816,136,1.0745384521335126,ok
adjacent,completed_t,rentin_mu,Rented-in area (mu),rent-in,farm_orientation_continuous,"Pre-specified farm-orientation index, continuous z",continuous,pre-specified index interaction,all,provyear,none,DID at mean modifier,0.7721706912155892,1.3743460385744002,0.5742210139874799,2810,134,1.0745384521335126,ok
adjacent,completed_t,rentin_mu,Rented-in area (mu),rent-in,farm_orientation_continuous,"Pre-specified farm-orientation index, continuous z",continuous,pre-specified index interaction,all,provyear,none,heterogeneity slope,5.9075839304248055,3.653068769830417,0.10584450201434686,2810,134,1.0745384521335126,ok
adjacent,completed_t,rentin_mu,Rented-in area (mu),rent-in,farm_orientation_continuous,"Pre-specified farm-orientation index, continuous z",continuous,pre-specified index interaction,all,provyear,none,DID at +1 SD,6.679754621640395,4.609224736412273,0.14727773181404508,2810,134,1.0745384521335126,ok
adjacent,completed_t,rentin_mu,Rented-in area (mu),rent-in,farm_orientation_continuous,"Pre-specified farm-orientation index, continuous z",continuous,pre-specified index interaction,all,provyear,none,DID at -1 SD,-5.135413239209216,3.036860923874543,0.09083168239568591,2810,134,1.0745384521335126,ok
adjacent,completed_t,rentin_mu,Rented-in area (mu),rent-in,farm_orientation_continuous,"Pre-specified farm-orientation index, continuous z",continuous,pre-specified index interaction,all,provyear,farm_income_only,DID at mean modifier,0.7721706912155892,1.3743460385744002,0.5742210139874799,2810,134,1.0745384521335126,ok
adjacent,completed_t,rentin_mu,Rented-in area (mu),rent-in,farm_orientation_continuous,"Pre-specified farm-orientation index, continuous z",continuous,pre-specified index interaction,all,provyear,farm_income_only,heterogeneity slope,5.9075839304248055,3.653068769830417,0.10584450201434686,2810,134,1.0745384521335126,ok
adjacent,completed_t,rentin_mu,Rented-in area (mu),rent-in,farm_orientation_continuous,"Pre-specified farm-orientation index, continuous z",continuous,pre-specified index interaction,all,provyear,farm_income_only,DID at +1 SD,6.679754621640395,4.609224736412273,0.14727773181404508,2810,134,1.0745384521335126,ok
adjacent,completed_t,rentin_mu,Rented-in area (mu),rent-in,farm_orientation_continuous,"Pre-specified farm-orientation index, continuous z",continuous,pre-specified index interaction,all,provyear,farm_income_only,DID at -1 SD,-5.135413239209216,3.036860923874543,0.09083168239568591,2810,134,1.0745384521335126,ok
adjacent,completed_t,rentin_mu,Rented-in area (mu),rent-in,farm_orientation_continuous,"Pre-specified farm-orientation index, continuous z",continuous,pre-specified index interaction,all,provyear,other_baseline,DID at mean modifier,0.7721706912155892,1.3743460385744002,0.5742210139874799,2810,134,1.0745384521335126,ok
adjacent,completed_t,rentin_mu,Rented-in area (mu),rent-in,farm_orientation_continuous,"Pre-specified farm-orientation index, continuous z",continuous,pre-specified index interaction,all,provyear,other_baseline,heterogeneity slope,5.9075839304248055,3.653068769830417,0.10584450201434686,2810,134,1.0745384521335126,ok
adjacent,completed_t,rentin_mu,Rented-in area (mu),rent-in,farm_orientation_continuous,"Pre-specified farm-orientation index, continuous z",continuous,pre-specified index interaction,all,provyear,other_baseline,DID at +1 SD,6.679754621640395,4.609224736412273,0.14727773181404508,2810,134,1.0745384521335126,ok
adjacent,completed_t,rentin_mu,Rented-in area (mu),rent-in,farm_orientation_continuous,"Pre-specified farm-orientation index, continuous z",continuous,pre-specified index interaction,all,provyear,other_baseline,DID at -1 SD,-5.135413239209216,3.036860923874543,0.09083168239568591,2810,134,1.0745384521335126,ok
adjacent,completed_t,rentin_mu,Rented-in area (mu),rent-in,farm_orientation_top_tercile,Top tercile pre-specified farm-orientation index,binary_top,pre-specified index top-third split,all,stackyear,none,lower/rest DID,-0.43639072749121005,0.3053796782579938,0.15300125247066393,2816,136,1.0745384521335126,ok
adjacent,completed_t,rentin_mu,Rented-in area (mu),rent-in,farm_orientation_top_tercile,Top tercile pre-specified farm-orientation index,binary_top,pre-specified index top-third split,all,stackyear,none,top-minus-rest differential,0.5303794102748045,1.0912328136519556,0.6269410061763789,2816,136,1.0745384521335126,ok
adjacent,completed_t,rentin_mu,Rented-in area (mu),rent-in,farm_orientation_top_tercile,Top tercile pre-specified farm-orientation index,binary_top,pre-specified index top-third split,all,stackyear,none,top group DID,0.09398868278359446,1.09537191763776,0.9316212173392666,2816,136,1.0745384521335126,ok
adjacent,completed_t,rentin_mu,Rented-in area (mu),rent-in,farm_orientation_top_tercile,Top tercile pre-specified farm-orientation index,binary_top,pre-specified index top-third split,all,stackyear,farm_income_only,lower/rest DID,-0.43639072749121005,0.3053796782579938,0.15300125247066393,2816,136,1.0745384521335126,ok
adjacent,completed_t,rentin_mu,Rented-in area (mu),rent-in,farm_orientation_top_tercile,Top tercile pre-specified farm-orientation index,binary_top,pre-specified index top-third split,all,stackyear,farm_income_only,top-minus-rest differential,0.5303794102748045,1.0912328136519556,0.6269410061763789,2816,136,1.0745384521335126,ok
adjacent,completed_t,rentin_mu,Rented-in area (mu),rent-in,farm_orientation_top_tercile,Top tercile pre-specified farm-orientation index,binary_top,pre-specified index top-third split,all,stackyear,farm_income_only,top group DID,0.09398868278359446,1.09537191763776,0.9316212173392666,2816,136,1.0745384521335126,ok
adjacent,completed_t,rentin_mu,Rented-in area (mu),rent-in,farm_orientation_top_tercile,Top tercile pre-specified farm-orientation index,binary_top,pre-specified index top-third split,all,stackyear,other_baseline,lower/rest DID,-0.43639072749121005,0.3053796782579938,0.15300125247066393,2816,136,1.0745384521335126,ok
adjacent,completed_t,rentin_mu,Rented-in area (mu),rent-in,farm_orientation_top_tercile,Top tercile pre-specified farm-orientation index,binary_top,pre-specified index top-third split,all,stackyear,other_baseline,top-minus-rest differential,0.5303794102748045,1.0912328136519556,0.6269410061763789,2816,136,1.0745384521335126,ok
adjacent,completed_t,rentin_mu,Rented-in area (mu),rent-in,farm_orientation_top_tercile,Top tercile pre-specified farm-orientation index,binary_top,pre-specified index top-third split,all,stackyear,other_baseline,top group DID,0.09398868278359446,1.09537191763776,0.9316212173392666,2816,136,1.0745384521335126,ok
adjacent,completed_t,rentin_mu,Rented-in area (mu),rent-in,farm_orientation_top_tercile,Top tercile pre-specified farm-orientation index,binary_top,pre-specified index top-third split,all,provyear,none,lower/rest DID,-0.7669817693046228,0.6329381857059123,0.22559664566148707,2810,134,1.0745384521335126,ok
adjacent,completed_t,rentin_mu,Rented-in area (mu),rent-in,farm_orientation_top_tercile,Top tercile pre-specified farm-orientation index,binary_top,pre-specified index top-third split,all,provyear,none,top-minus-rest differential,0.888018629244604,1.1275877853107932,0.43096678510090847,2810,134,1.0745384521335126,ok
adjacent,completed_t,rentin_mu,Rented-in area (mu),rent-in,farm_orientation_top_tercile,Top tercile pre-specified farm-orientation index,binary_top,pre-specified index top-third split,all,provyear,none,top group DID,0.12103685993998115,1.0719978110733333,0.910103692688459,2810,134,1.0745384521335126,ok
adjacent,completed_t,rentin_mu,Rented-in area (mu),rent-in,farm_orientation_top_tercile,Top tercile pre-specified farm-orientation index,binary_top,pre-specified index top-third split,all,provyear,farm_income_only,lower/rest DID,-0.7669817693046228,0.6329381857059123,0.22559664566148707,2810,134,1.0745384521335126,ok
adjacent,completed_t,rentin_mu,Rented-in area (mu),rent-in,farm_orientation_top_tercile,Top tercile pre-specified farm-orientation index,binary_top,pre-specified index top-third split,all,provyear,farm_income_only,top-minus-rest differential,0.888018629244604,1.1275877853107932,0.43096678510090847,2810,134,1.0745384521335126,ok
adjacent,completed_t,rentin_mu,Rented-in area (mu),rent-in,farm_orientation_top_tercile,Top tercile pre-specified farm-orientation index,binary_top,pre-specified index top-third split,all,provyear,farm_income_only,top group DID,0.12103685993998115,1.0719978110733333,0.910103692688459,2810,134,1.0745384521335126,ok
adjacent,completed_t,rentin_mu,Rented-in area (mu),rent-in,farm_orientation_top_tercile,Top tercile pre-specified farm-orientation index,binary_top,pre-specified index top-third split,all,provyear,other_baseline,lower/rest DID,-0.7669817693046228,0.6329381857059123,0.22559664566148707,2810,134,1.0745384521335126,ok
adjacent,completed_t,rentin_mu,Rented-in area (mu),rent-in,farm_orientation_top_tercile,Top tercile pre-specified farm-orientation index,binary_top,pre-specified index top-third split,all,provyear,other_baseline,top-minus-rest differential,0.888018629244604,1.1275877853107932,0.43096678510090847,2810,134,1.0745384521335126,ok
adjacent,completed_t,rentin_mu,Rented-in area (mu),rent-in,farm_orientation_top_tercile,Top tercile pre-specified farm-orientation index,binary_top,pre-specified index top-third split,all,provyear,other_baseline,top group DID,0.12103685993998115,1.0719978110733333,0.910103692688459,2810,134,1.0745384521335126,ok
adjacent,completed_t,rentin_mu,Rented-in area (mu),rent-in,bottom_farmdep,Bottom tercile baseline farm-dependence,binary_bottom,exit-side low farm-dependence check,all,stackyear,none,lower/rest DID,-0.3408327996646209,0.3799413737113531,0.36968326281327235,2734,135,1.0745384521335126,ok
adjacent,completed_t,rentin_mu,Rented-in area (mu),rent-in,bottom_farmdep,Bottom tercile baseline farm-dependence,binary_bottom,exit-side low farm-dependence check,all,stackyear,none,bottom-minus-rest differential,-0.6955163741043248,0.7188275410031734,0.33325888080722965,2734,135,1.0745384521335126,ok
adjacent,completed_t,rentin_mu,Rented-in area (mu),rent-in,bottom_farmdep,Bottom tercile baseline farm-dependence,binary_bottom,exit-side low farm-dependence check,all,stackyear,none,bottom group DID,-1.0363491737689456,0.6255741075807858,0.09759289975750166,2734,135,1.0745384521335126,ok
adjacent,completed_t,rentin_mu,Rented-in area (mu),rent-in,bottom_farmdep,Bottom tercile baseline farm-dependence,binary_bottom,exit-side low farm-dependence check,all,stackyear,farm_income_only,lower/rest DID,-0.33939225002955986,0.38132610057211436,0.3734489599168982,2734,135,1.0745384521335126,ok
adjacent,completed_t,rentin_mu,Rented-in area (mu),rent-in,bottom_farmdep,Bottom tercile baseline farm-dependence,binary_bottom,exit-side low farm-dependence check,all,stackyear,farm_income_only,bottom-minus-rest differential,-0.6832957775587479,0.7197057922756589,0.34241219602990336,2734,135,1.0745384521335126,ok
adjacent,completed_t,rentin_mu,Rented-in area (mu),rent-in,bottom_farmdep,Bottom tercile baseline farm-dependence,binary_bottom,exit-side low farm-dependence check,all,stackyear,farm_income_only,bottom group DID,-1.0226880275883077,0.6297846054344186,0.10440365802709053,2734,135,1.0745384521335126,ok
adjacent,completed_t,rentin_mu,Rented-in area (mu),rent-in,bottom_farmdep,Bottom tercile baseline farm-dependence,binary_bottom,exit-side low farm-dependence check,all,stackyear,other_baseline,lower/rest DID,-0.3798538722429481,0.41364427011342625,0.3584563371277336,2554,135,1.0745384521335126,ok
adjacent,completed_t,rentin_mu,Rented-in area (mu),rent-in,bottom_farmdep,Bottom tercile baseline farm-dependence,binary_bottom,exit-side low farm-dependence check,all,stackyear,other_baseline,bottom-minus-rest differential,-0.6410800007132604,0.7390624349041336,0.3857101018348492,2554,135,1.0745384521335126,ok
adjacent,completed_t,rentin_mu,Rented-in area (mu),rent-in,bottom_farmdep,Bottom tercile baseline farm-dependence,binary_bottom,exit-side low farm-dependence check,all,stackyear,other_baseline,bottom group DID,-1.0209338729562085,0.6388597149879576,0.11003041988779724,2554,135,1.0745384521335126,ok
adjacent,completed_t,rentin_mu,Rented-in area (mu),rent-in,bottom_farmdep,Bottom tercile baseline farm-dependence,binary_bottom,exit-side low farm-dependence check,all,provyear,none,lower/rest DID,0.033618157268477,0.6511711903709709,0.9588257310989877,2728,133,1.0745384521335126,ok
adjacent,completed_t,rentin_mu,Rented-in area (mu),rent-in,bottom_farmdep,Bottom tercile baseline farm-dependence,binary_bottom,exit-side low farm-dependence check,all,provyear,none,bottom-minus-rest differential,-0.7945063047937044,0.5675921503317856,0.16157806633108718,2728,133,1.0745384521335126,ok
adjacent,completed_t,rentin_mu,Rented-in area (mu),rent-in,bottom_farmdep,Bottom tercile baseline farm-dependence,binary_bottom,exit-side low farm-dependence check,all,provyear,none,bottom group DID,-0.7608881475252274,0.3900723301238215,0.051100661321724875,2728,133,1.0745384521335126,ok
adjacent,completed_t,rentin_mu,Rented-in area (mu),rent-in,bottom_farmdep,Bottom tercile baseline farm-dependence,binary_bottom,exit-side low farm-dependence check,all,provyear,farm_income_only,lower/rest DID,0.03905296480139242,0.6519909085271469,0.9522368564824051,2728,133,1.0745384521335126,ok
adjacent,completed_t,rentin_mu,Rented-in area (mu),rent-in,bottom_farmdep,Bottom tercile baseline farm-dependence,binary_bottom,exit-side low farm-dependence check,all,provyear,farm_income_only,bottom-minus-rest differential,-0.79202903722031,0.5692202932521434,0.16409568785083373,2728,133,1.0745384521335126,ok
adjacent,completed_t,rentin_mu,Rented-in area (mu),rent-in,bottom_farmdep,Bottom tercile baseline farm-dependence,binary_bottom,exit-side low farm-dependence check,all,provyear,farm_income_only,bottom group DID,-0.7529760724189176,0.39123643480107917,0.05427864178557364,2728,133,1.0745384521335126,ok
adjacent,completed_t,rentin_mu,Rented-in area (mu),rent-in,bottom_farmdep,Bottom tercile baseline farm-dependence,binary_bottom,exit-side low farm-dependence check,all,provyear,other_baseline,lower/rest DID,0.07127208203082552,0.7078666019448876,0.919799921140994,2546,132,1.0745384521335126,ok
adjacent,completed_t,rentin_mu,Rented-in area (mu),rent-in,bottom_farmdep,Bottom tercile baseline farm-dependence,binary_bottom,exit-side low farm-dependence check,all,provyear,other_baseline,bottom-minus-rest differential,-0.791304688018397,0.6133720300532114,0.19701965728183313,2546,132,1.0745384521335126,ok
adjacent,completed_t,rentin_mu,Rented-in area (mu),rent-in,bottom_farmdep,Bottom tercile baseline farm-dependence,binary_bottom,exit-side low farm-dependence check,all,provyear,other_baseline,bottom group DID,-0.7200326059875715,0.4107868726874848,0.07963409619365981,2546,132,1.0745384521335126,ok
adjacent,completed_t,rentin_mu,Rented-in area (mu),rent-in,nonfarm_orientation_top,Top tercile baseline nonfarm orientation,binary_top,exit-side nonfarm orientation check,all,stackyear,none,lower/rest DID,-0.41721933551068424,0.40978677373792155,0.30861255352165207,2818,136,1.0745384521335126,ok
adjacent,completed_t,rentin_mu,Rented-in area (mu),rent-in,nonfarm_orientation_top,Top tercile baseline nonfarm orientation,binary_top,exit-side nonfarm orientation check,all,stackyear,none,top-minus-rest differential,0.43524891053686127,0.9230133573624115,0.6372465053096852,2818,136,1.0745384521335126,ok
adjacent,completed_t,rentin_mu,Rented-in area (mu),rent-in,nonfarm_orientation_top,Top tercile baseline nonfarm orientation,binary_top,exit-side nonfarm orientation check,all,stackyear,none,top group DID,0.018029575026177025,0.8784516918594488,0.9836251557417239,2818,136,1.0745384521335126,ok
adjacent,completed_t,rentin_mu,Rented-in area (mu),rent-in,nonfarm_orientation_top,Top tercile baseline nonfarm orientation,binary_top,exit-side nonfarm orientation check,all,stackyear,farm_income_only,lower/rest DID,-0.4602504055872367,0.41768233823069384,0.2704986560481658,2794,136,1.0745384521335126,ok
adjacent,completed_t,rentin_mu,Rented-in area (mu),rent-in,nonfarm_orientation_top,Top tercile baseline nonfarm orientation,binary_top,exit-side nonfarm orientation check,all,stackyear,farm_income_only,top-minus-rest differential,-0.18338446109043696,0.6673445924305468,0.7834720083445366,2794,136,1.0745384521335126,ok
adjacent,completed_t,rentin_mu,Rented-in area (mu),rent-in,nonfarm_orientation_top,Top tercile baseline nonfarm orientation,binary_top,exit-side nonfarm orientation check,all,stackyear,farm_income_only,top group DID,-0.6436348666776737,0.545722683406516,0.23823198194306072,2794,136,1.0745384521335126,ok
adjacent,completed_t,rentin_mu,Rented-in area (mu),rent-in,nonfarm_orientation_top,Top tercile baseline nonfarm orientation,binary_top,exit-side nonfarm orientation check,all,stackyear,other_baseline,lower/rest DID,-0.4262484903677544,0.41823333233677934,0.3081249618239904,2554,135,1.0745384521335126,ok
adjacent,completed_t,rentin_mu,Rented-in area (mu),rent-in,nonfarm_orientation_top,Top tercile baseline nonfarm orientation,binary_top,exit-side nonfarm orientation check,all,stackyear,other_baseline,top-minus-rest differential,-0.30688808035461873,0.7152546110849392,0.6678786076176586,2554,135,1.0745384521335126,ok
adjacent,completed_t,rentin_mu,Rented-in area (mu),rent-in,nonfarm_orientation_top,Top tercile baseline nonfarm orientation,binary_top,exit-side nonfarm orientation check,all,stackyear,other_baseline,top group DID,-0.7331365707223731,0.6060602027343608,0.22640318631902534,2554,135,1.0745384521335126,ok
adjacent,completed_t,rentin_mu,Rented-in area (mu),rent-in,nonfarm_orientation_top,Top tercile baseline nonfarm orientation,binary_top,exit-side nonfarm orientation check,all,provyear,none,lower/rest DID,-0.5608172526545747,0.7535756009504543,0.45675043877387034,2812,134,1.0745384521335126,ok
adjacent,completed_t,rentin_mu,Rented-in area (mu),rent-in,nonfarm_orientation_top,Top tercile baseline nonfarm orientation,binary_top,exit-side nonfarm orientation check,all,provyear,none,top-minus-rest differential,-0.022232427274623767,0.8346518371144254,0.9787494471005705,2812,134,1.0745384521335126,ok
adjacent,completed_t,rentin_mu,Rented-in area (mu),rent-in,nonfarm_orientation_top,Top tercile baseline nonfarm orientation,binary_top,exit-side nonfarm orientation check,all,provyear,none,top group DID,-0.5830496799291984,0.799247822021596,0.4656970966611106,2812,134,1.0745384521335126,ok
adjacent,completed_t,rentin_mu,Rented-in area (mu),rent-in,nonfarm_orientation_top,Top tercile baseline nonfarm orientation,binary_top,exit-side nonfarm orientation check,all,provyear,farm_income_only,lower/rest DID,-0.2969381431344952,0.6923096729964824,0.6679891416580825,2788,134,1.0745384521335126,ok
adjacent,completed_t,rentin_mu,Rented-in area (mu),rent-in,nonfarm_orientation_top,Top tercile baseline nonfarm orientation,binary_top,exit-side nonfarm orientation check,all,provyear,farm_income_only,top-minus-rest differential,-0.5884617529255548,0.5781685942372181,0.30877156698052544,2788,134,1.0745384521335126,ok
adjacent,completed_t,rentin_mu,Rented-in area (mu),rent-in,nonfarm_orientation_top,Top tercile baseline nonfarm orientation,binary_top,exit-side nonfarm orientation check,all,provyear,farm_income_only,top group DID,-0.88539989606005,0.7379987869109865,0.23024389602681106,2788,134,1.0745384521335126,ok
adjacent,completed_t,rentin_mu,Rented-in area (mu),rent-in,nonfarm_orientation_top,Top tercile baseline nonfarm orientation,binary_top,exit-side nonfarm orientation check,all,provyear,other_baseline,lower/rest DID,-0.06524882638534883,0.571071596706986,0.9090342084864579,2546,132,1.0745384521335126,ok
adjacent,completed_t,rentin_mu,Rented-in area (mu),rent-in,nonfarm_orientation_top,Top tercile baseline nonfarm orientation,binary_top,exit-side nonfarm orientation check,all,provyear,other_baseline,top-minus-rest differential,-0.7093641379957729,0.6288075644816554,0.25927344195977664,2546,132,1.0745384521335126,ok
adjacent,completed_t,rentin_mu,Rented-in area (mu),rent-in,nonfarm_orientation_top,Top tercile baseline nonfarm orientation,binary_top,exit-side nonfarm orientation check,all,provyear,other_baseline,top group DID,-0.7746129643811217,0.6899217801562167,0.26154166289245784,2546,132,1.0745384521335126,ok
adjacent,completed_t,rentin_and_farm_any,Rent-in and own-farm production,rent-in,farmdep_continuous,"Baseline farm-dependence, continuous winsorized z",continuous,continuous farm-dependence interaction,all,stackyear,none,DID at mean modifier,-0.05107291103796101,0.044909519869261484,0.2554378889133758,2738,135,0.1099450884685784,ok
adjacent,completed_t,rentin_and_farm_any,Rent-in and own-farm production,rent-in,farmdep_continuous,"Baseline farm-dependence, continuous winsorized z",continuous,continuous farm-dependence interaction,all,stackyear,none,heterogeneity slope,0.05827909218327078,0.03313830883875585,0.07863489596623381,2738,135,0.1099450884685784,ok
adjacent,completed_t,rentin_and_farm_any,Rent-in and own-farm production,rent-in,farmdep_continuous,"Baseline farm-dependence, continuous winsorized z",continuous,continuous farm-dependence interaction,all,stackyear,none,DID at +1 SD,0.00720618114530977,0.055106114279326,0.8959579077178097,2738,135,0.1099450884685784,ok
adjacent,completed_t,rentin_and_farm_any,Rent-in and own-farm production,rent-in,farmdep_continuous,"Baseline farm-dependence, continuous winsorized z",continuous,continuous farm-dependence interaction,all,stackyear,none,DID at -1 SD,-0.10935200322123179,0.056509655318313305,0.052977658146017875,2738,135,0.1099450884685784,ok
adjacent,completed_t,rentin_and_farm_any,Rent-in and own-farm production,rent-in,farmdep_continuous,"Baseline farm-dependence, continuous winsorized z",continuous,continuous farm-dependence interaction,all,stackyear,farm_income_only,DID at mean modifier,-0.05030846371952803,0.046124189611617156,0.2753971797743491,2738,135,0.1099450884685784,ok
adjacent,completed_t,rentin_and_farm_any,Rent-in and own-farm production,rent-in,farmdep_continuous,"Baseline farm-dependence, continuous winsorized z",continuous,continuous farm-dependence interaction,all,stackyear,farm_income_only,heterogeneity slope,0.05749904769789143,0.03341125472947172,0.08526017506784171,2738,135,0.1099450884685784,ok
adjacent,completed_t,rentin_and_farm_any,Rent-in and own-farm production,rent-in,farmdep_continuous,"Baseline farm-dependence, continuous winsorized z",continuous,continuous farm-dependence interaction,all,stackyear,farm_income_only,DID at +1 SD,0.007190583978363398,0.05510861910621297,0.8961865135068707,2738,135,0.1099450884685784,ok
adjacent,completed_t,rentin_and_farm_any,Rent-in and own-farm production,rent-in,farmdep_continuous,"Baseline farm-dependence, continuous winsorized z",continuous,continuous farm-dependence interaction,all,stackyear,farm_income_only,DID at -1 SD,-0.10780751141741945,0.05874134591630035,0.0664624630464149,2738,135,0.1099450884685784,ok
adjacent,completed_t,rentin_and_farm_any,Rent-in and own-farm production,rent-in,farmdep_continuous,"Baseline farm-dependence, continuous winsorized z",continuous,continuous farm-dependence interaction,all,stackyear,other_baseline,DID at mean modifier,-0.05356900703493707,0.049690308433813016,0.2810081202544503,2560,135,0.1099450884685784,ok
adjacent,completed_t,rentin_and_farm_any,Rent-in and own-farm production,rent-in,farmdep_continuous,"Baseline farm-dependence, continuous winsorized z",continuous,continuous farm-dependence interaction,all,stackyear,other_baseline,heterogeneity slope,0.06063271325929507,0.03479436284406549,0.08140322585954504,2560,135,0.1099450884685784,ok
adjacent,completed_t,rentin_and_farm_any,Rent-in and own-farm production,rent-in,farmdep_continuous,"Baseline farm-dependence, continuous winsorized z",continuous,continuous farm-dependence interaction,all,stackyear,other_baseline,DID at +1 SD,0.007063706224358,0.06080965974385095,0.9075250056957003,2560,135,0.1099450884685784,ok
adjacent,completed_t,rentin_and_farm_any,Rent-in and own-farm production,rent-in,farmdep_continuous,"Baseline farm-dependence, continuous winsorized z",continuous,continuous farm-dependence interaction,all,stackyear,other_baseline,DID at -1 SD,-0.11420172029423215,0.06051226452365654,0.059126821214543046,2560,135,0.1099450884685784,ok
adjacent,completed_t,rentin_and_farm_any,Rent-in and own-farm production,rent-in,farmdep_continuous,"Baseline farm-dependence, continuous winsorized z",continuous,continuous farm-dependence interaction,all,provyear,none,DID at mean modifier,-0.1898175070586409,0.08007750113847333,0.017767770505577263,2732,133,0.1099450884685784,ok
adjacent,completed_t,rentin_and_farm_any,Rent-in and own-farm production,rent-in,farmdep_continuous,"Baseline farm-dependence, continuous winsorized z",continuous,continuous farm-dependence interaction,all,provyear,none,heterogeneity slope,0.03053776060456992,0.0287022331225434,0.28735104015431734,2732,133,0.1099450884685784,ok
adjacent,completed_t,rentin_and_farm_any,Rent-in and own-farm production,rent-in,farmdep_continuous,"Baseline farm-dependence, continuous winsorized z",continuous,continuous farm-dependence interaction,all,provyear,none,DID at +1 SD,-0.15927974645407098,0.09072968147663069,0.07916668087326995,2732,133,0.1099450884685784,ok
adjacent,completed_t,rentin_and_farm_any,Rent-in and own-farm production,rent-in,farmdep_continuous,"Baseline farm-dependence, continuous winsorized z",continuous,continuous farm-dependence interaction,all,provyear,none,DID at -1 SD,-0.2203552676632108,0.07899730152831291,0.005280539899471799,2732,133,0.1099450884685784,ok
adjacent,completed_t,rentin_and_farm_any,Rent-in and own-farm production,rent-in,farmdep_continuous,"Baseline farm-dependence, continuous winsorized z",continuous,continuous farm-dependence interaction,all,provyear,farm_income_only,DID at mean modifier,-0.19288568429901926,0.08292368818880094,0.020015214881630192,2732,133,0.1099450884685784,ok
adjacent,completed_t,rentin_and_farm_any,Rent-in and own-farm production,rent-in,farmdep_continuous,"Baseline farm-dependence, continuous winsorized z",continuous,continuous farm-dependence interaction,all,provyear,farm_income_only,heterogeneity slope,0.02639532137519504,0.02794383548132851,0.34487090607266124,2732,133,0.1099450884685784,ok
adjacent,completed_t,rentin_and_farm_any,Rent-in and own-farm production,rent-in,farmdep_continuous,"Baseline farm-dependence, continuous winsorized z",continuous,continuous farm-dependence interaction,all,provyear,farm_income_only,DID at +1 SD,-0.16649036292382421,0.09206426303686785,0.07054198799570248,2732,133,0.1099450884685784,ok
adjacent,completed_t,rentin_and_farm_any,Rent-in and own-farm production,rent-in,farmdep_continuous,"Baseline farm-dependence, continuous winsorized z",continuous,continuous farm-dependence interaction,all,provyear,farm_income_only,DID at -1 SD,-0.2192810056742143,0.08269560738008087,0.008009608782800453,2732,133,0.1099450884685784,ok
adjacent,completed_t,rentin_and_farm_any,Rent-in and own-farm production,rent-in,farmdep_continuous,"Baseline farm-dependence, continuous winsorized z",continuous,continuous farm-dependence interaction,all,provyear,other_baseline,DID at mean modifier,-0.19693775847065415,0.08142566462604689,0.015579496716927871,2552,132,0.1099450884685784,ok
adjacent,completed_t,rentin_and_farm_any,Rent-in and own-farm production,rent-in,farmdep_continuous,"Baseline farm-dependence, continuous winsorized z",continuous,continuous farm-dependence interaction,all,provyear,other_baseline,heterogeneity slope,0.027868041519337024,0.028930408243287024,0.3354077579467952,2552,132,0.1099450884685784,ok
adjacent,completed_t,rentin_and_farm_any,Rent-in and own-farm production,rent-in,farmdep_continuous,"Baseline farm-dependence, continuous winsorized z",continuous,continuous farm-dependence interaction,all,provyear,other_baseline,DID at +1 SD,-0.16906971695131712,0.09121125119082359,0.06379555725135225,2552,132,0.1099450884685784,ok
adjacent,completed_t,rentin_and_farm_any,Rent-in and own-farm production,rent-in,farmdep_continuous,"Baseline farm-dependence, continuous winsorized z",continuous,continuous farm-dependence interaction,all,provyear,other_baseline,DID at -1 SD,-0.22480579998999117,0.08133094379163389,0.005708232698076284,2552,132,0.1099450884685784,ok
adjacent,completed_t,rentin_and_farm_any,Rent-in and own-farm production,rent-in,farmdep_top_tercile,Top tercile baseline farm-dependence,binary_top,top-third split,all,stackyear,none,lower/rest DID,-0.08290806116248196,0.04980840176526811,0.09600462817065178,2738,135,0.1099450884685784,ok
adjacent,completed_t,rentin_and_farm_any,Rent-in and own-farm production,rent-in,farmdep_top_tercile,Top tercile baseline farm-dependence,binary_top,top-third split,all,stackyear,none,top-minus-rest differential,0.09400010804453007,0.06472684252640323,0.14642973854812458,2738,135,0.1099450884685784,ok
adjacent,completed_t,rentin_and_farm_any,Rent-in and own-farm production,rent-in,farmdep_top_tercile,Top tercile baseline farm-dependence,binary_top,top-third split,all,stackyear,none,top group DID,0.01109204688204811,0.06488742917130234,0.8642686447935947,2738,135,0.1099450884685784,ok
adjacent,completed_t,rentin_and_farm_any,Rent-in and own-farm production,rent-in,farmdep_top_tercile,Top tercile baseline farm-dependence,binary_top,top-third split,all,stackyear,farm_income_only,lower/rest DID,-0.08110503232643834,0.05245894838261092,0.12208846408814285,2738,135,0.1099450884685784,ok
adjacent,completed_t,rentin_and_farm_any,Rent-in and own-farm production,rent-in,farmdep_top_tercile,Top tercile baseline farm-dependence,binary_top,top-third split,all,stackyear,farm_income_only,top-minus-rest differential,0.09229682598847334,0.06570190740925025,0.1600862531123467,2738,135,0.1099450884685784,ok
adjacent,completed_t,rentin_and_farm_any,Rent-in and own-farm production,rent-in,farmdep_top_tercile,Top tercile baseline farm-dependence,binary_top,top-third split,all,stackyear,farm_income_only,top group DID,0.011191793662035002,0.06505301862395478,0.8634052081399644,2738,135,0.1099450884685784,ok
adjacent,completed_t,rentin_and_farm_any,Rent-in and own-farm production,rent-in,farmdep_top_tercile,Top tercile baseline farm-dependence,binary_top,top-third split,all,stackyear,other_baseline,lower/rest DID,-0.08932289589450731,0.05509085679301688,0.10493740256769447,2560,135,0.1099450884685784,ok
adjacent,completed_t,rentin_and_farm_any,Rent-in and own-farm production,rent-in,farmdep_top_tercile,Top tercile baseline farm-dependence,binary_top,top-third split,all,stackyear,other_baseline,top-minus-rest differential,0.10326605932670417,0.069636820013321,0.13809480390359227,2560,135,0.1099450884685784,ok
adjacent,completed_t,rentin_and_farm_any,Rent-in and own-farm production,rent-in,farmdep_top_tercile,Top tercile baseline farm-dependence,binary_top,top-third split,all,stackyear,other_baseline,top group DID,0.013943163432196856,0.07033873512200102,0.8428660512413254,2560,135,0.1099450884685784,ok
adjacent,completed_t,rentin_and_farm_any,Rent-in and own-farm production,rent-in,farmdep_top_tercile,Top tercile baseline farm-dependence,binary_top,top-third split,all,provyear,none,lower/rest DID,-0.20582454690314,0.07880641364207339,0.009007376070903877,2732,133,0.1099450884685784,ok
adjacent,completed_t,rentin_and_farm_any,Rent-in and own-farm production,rent-in,farmdep_top_tercile,Top tercile baseline farm-dependence,binary_top,top-third split,all,provyear,none,top-minus-rest differential,0.026881825461768812,0.05658639301310986,0.6347455482266386,2732,133,0.1099450884685784,ok
adjacent,completed_t,rentin_and_farm_any,Rent-in and own-farm production,rent-in,farmdep_top_tercile,Top tercile baseline farm-dependence,binary_top,top-third split,all,provyear,none,top group DID,-0.1789427214413712,0.10074825701939923,0.07571031540018545,2732,133,0.1099450884685784,ok
adjacent,completed_t,rentin_and_farm_any,Rent-in and own-farm production,rent-in,farmdep_top_tercile,Top tercile baseline farm-dependence,binary_top,top-third split,all,provyear,farm_income_only,lower/rest DID,-0.2059368960965042,0.08271387949526873,0.01278329153534453,2732,133,0.1099450884685784,ok
adjacent,completed_t,rentin_and_farm_any,Rent-in and own-farm production,rent-in,farmdep_top_tercile,Top tercile baseline farm-dependence,binary_top,top-third split,all,provyear,farm_income_only,top-minus-rest differential,0.01890868478249173,0.05484236958147035,0.7302579520712318,2732,133,0.1099450884685784,ok
adjacent,completed_t,rentin_and_farm_any,Rent-in and own-farm production,rent-in,farmdep_top_tercile,Top tercile baseline farm-dependence,binary_top,top-third split,all,provyear,farm_income_only,top group DID,-0.18702821131401248,0.10166332051377645,0.06581489363374683,2732,133,0.1099450884685784,ok
adjacent,completed_t,rentin_and_farm_any,Rent-in and own-farm production,rent-in,farmdep_top_tercile,Top tercile baseline farm-dependence,binary_top,top-third split,all,provyear,other_baseline,lower/rest DID,-0.2115839645554451,0.08098475333694242,0.008984602016995238,2552,132,0.1099450884685784,ok
adjacent,completed_t,rentin_and_farm_any,Rent-in and own-farm production,rent-in,farmdep_top_tercile,Top tercile baseline farm-dependence,binary_top,top-third split,all,provyear,other_baseline,top-minus-rest differential,0.02525717215516505,0.05663278197121869,0.6556106208528318,2552,132,0.1099450884685784,ok
adjacent,completed_t,rentin_and_farm_any,Rent-in and own-farm production,rent-in,farmdep_top_tercile,Top tercile baseline farm-dependence,binary_top,top-third split,all,provyear,other_baseline,top group DID,-0.18632679240028005,0.10083860304194157,0.06463526827021733,2552,132,0.1099450884685784,ok
adjacent,completed_t,rentin_and_farm_any,Rent-in and own-farm production,rent-in,farmdep_top_vs_bottom,Top versus bottom tercile baseline farm-dependence,binary_top_bottom,clean top-minus-bottom contrast,top_bottom_farmdep,stackyear,none,bottom group DID,-0.19012554586106717,0.10471334930713938,0.06942004279149368,1854,129,0.12372122762148338,ok
adjacent,completed_t,rentin_and_farm_any,Rent-in and own-farm production,rent-in,farmdep_top_vs_bottom,Top versus bottom tercile baseline farm-dependence,binary_top_bottom,clean top-minus-bottom contrast,top_bottom_farmdep,stackyear,none,top-minus-bottom differential,0.2010244192766759,0.10942158157899239,0.06618699837055612,1854,129,0.12372122762148338,ok
adjacent,completed_t,rentin_and_farm_any,Rent-in and own-farm production,rent-in,farmdep_top_vs_bottom,Top versus bottom tercile baseline farm-dependence,binary_top_bottom,clean top-minus-bottom contrast,top_bottom_farmdep,stackyear,none,top group DID,0.010898873415608717,0.06481817130857677,0.8664689413838329,1854,129,0.12372122762148338,ok
adjacent,completed_t,rentin_and_farm_any,Rent-in and own-farm production,rent-in,farmdep_top_vs_bottom,Top versus bottom tercile baseline farm-dependence,binary_top_bottom,clean top-minus-bottom contrast,top_bottom_farmdep,stackyear,farm_income_only,bottom group DID,-0.1869885338742408,0.10451847728280125,0.07360714546593003,1854,129,0.12372122762148338,ok
adjacent,completed_t,rentin_and_farm_any,Rent-in and own-farm production,rent-in,farmdep_top_vs_bottom,Top versus bottom tercile baseline farm-dependence,binary_top_bottom,clean top-minus-bottom contrast,top_bottom_farmdep,stackyear,farm_income_only,top-minus-bottom differential,0.1975612367038259,0.10881967555120528,0.0694483536056219,1854,129,0.12372122762148338,ok
adjacent,completed_t,rentin_and_farm_any,Rent-in and own-farm production,rent-in,farmdep_top_vs_bottom,Top versus bottom tercile baseline farm-dependence,binary_top_bottom,clean top-minus-bottom contrast,top_bottom_farmdep,stackyear,farm_income_only,top group DID,0.010572702829585084,0.06446938876938267,0.8697345253474181,1854,129,0.12372122762148338,ok
adjacent,completed_t,rentin_and_farm_any,Rent-in and own-farm production,rent-in,farmdep_top_vs_bottom,Top versus bottom tercile baseline farm-dependence,binary_top_bottom,clean top-minus-bottom contrast,top_bottom_farmdep,stackyear,other_baseline,bottom group DID,-0.1877405825358041,0.10295617780238148,0.06822770837199396,1740,129,0.12372122762148338,ok
adjacent,completed_t,rentin_and_farm_any,Rent-in and own-farm production,rent-in,farmdep_top_vs_bottom,Top versus bottom tercile baseline farm-dependence,binary_top_bottom,clean top-minus-bottom contrast,top_bottom_farmdep,stackyear,other_baseline,top-minus-bottom differential,0.20546349848476886,0.1094599017454254,0.06050900036859785,1740,129,0.12372122762148338,ok
adjacent,completed_t,rentin_and_farm_any,Rent-in and own-farm production,rent-in,farmdep_top_vs_bottom,Top versus bottom tercile baseline farm-dependence,binary_top_bottom,clean top-minus-bottom contrast,top_bottom_farmdep,stackyear,other_baseline,top group DID,0.017722915948964746,0.06979188202087054,0.7995422945709642,1740,129,0.12372122762148338,ok
adjacent,completed_t,rentin_and_farm_any,Rent-in and own-farm production,rent-in,farmdep_top_vs_bottom,Top versus bottom tercile baseline farm-dependence,binary_top_bottom,clean top-minus-bottom contrast,top_bottom_farmdep,provyear,none,bottom group DID,-0.3024629891713779,0.09756433605020169,0.0019342993853259905,1848,127,0.12372122762148338,ok
adjacent,completed_t,rentin_and_farm_any,Rent-in and own-farm production,rent-in,farmdep_top_vs_bottom,Top versus bottom tercile baseline farm-dependence,binary_top_bottom,clean top-minus-bottom contrast,top_bottom_farmdep,provyear,none,top-minus-bottom differential,0.06919663513314447,0.10962299892832157,0.527894266855387,1848,127,0.12372122762148338,ok
adjacent,completed_t,rentin_and_farm_any,Rent-in and own-farm production,rent-in,farmdep_top_vs_bottom,Top versus bottom tercile baseline farm-dependence,binary_top_bottom,clean top-minus-bottom contrast,top_bottom_farmdep,provyear,none,top group DID,-0.23326635403823345,0.13332177491823363,0.0801788421893809,1848,127,0.12372122762148338,ok
adjacent,completed_t,rentin_and_farm_any,Rent-in and own-farm production,rent-in,farmdep_top_vs_bottom,Top versus bottom tercile baseline farm-dependence,binary_top_bottom,clean top-minus-bottom contrast,top_bottom_farmdep,provyear,farm_income_only,bottom group DID,-0.3005956574965257,0.09727567142893273,0.002000606863145033,1848,127,0.12372122762148338,ok
adjacent,completed_t,rentin_and_farm_any,Rent-in and own-farm production,rent-in,farmdep_top_vs_bottom,Top versus bottom tercile baseline farm-dependence,binary_top_bottom,clean top-minus-bottom contrast,top_bottom_farmdep,provyear,farm_income_only,top-minus-bottom differential,0.06916324998021547,0.10987570946524519,0.5290426709704541,1848,127,0.12372122762148338,ok
adjacent,completed_t,rentin_and_farm_any,Rent-in and own-farm production,rent-in,farmdep_top_vs_bottom,Top versus bottom tercile baseline farm-dependence,binary_top_bottom,clean top-minus-bottom contrast,top_bottom_farmdep,provyear,farm_income_only,top group DID,-0.23143240751631025,0.13364466601026634,0.08332707144650134,1848,127,0.12372122762148338,ok
adjacent,completed_t,rentin_and_farm_any,Rent-in and own-farm production,rent-in,farmdep_top_vs_bottom,Top versus bottom tercile baseline farm-dependence,binary_top_bottom,clean top-minus-bottom contrast,top_bottom_farmdep,provyear,other_baseline,bottom group DID,-0.3049385644304438,0.10101757848317415,0.0025388831851422423,1732,126,0.12372122762148338,ok
adjacent,completed_t,rentin_and_farm_any,Rent-in and own-farm production,rent-in,farmdep_top_vs_bottom,Top versus bottom tercile baseline farm-dependence,binary_top_bottom,clean top-minus-bottom contrast,top_bottom_farmdep,provyear,other_baseline,top-minus-bottom differential,0.06796198362034153,0.11007580323939745,0.5369638368763205,1732,126,0.12372122762148338,ok
adjacent,completed_t,rentin_and_farm_any,Rent-in and own-farm production,rent-in,farmdep_top_vs_bottom,Top versus bottom tercile baseline farm-dependence,binary_top_bottom,clean top-minus-bottom contrast,top_bottom_farmdep,provyear,other_baseline,top group DID,-0.23697658081010228,0.13772618558876204,0.08531696545714924,1732,126,0.12372122762148338,ok
adjacent,completed_t,rentin_and_farm_any,Rent-in and own-farm production,rent-in,farmdep_ordered_tercile,Ordered tercile score of baseline farm-dependence,continuous,ordered farm-dependence gradient,all,stackyear,none,DID at mean modifier,-0.055155878230980795,0.04314935386901503,0.2011595216664881,2738,135,0.1099450884685784,ok
adjacent,completed_t,rentin_and_farm_any,Rent-in and own-farm production,rent-in,farmdep_ordered_tercile,Ordered tercile score of baseline farm-dependence,continuous,ordered farm-dependence gradient,all,stackyear,none,heterogeneity slope,0.07932116815741046,0.04284103691177097,0.06409433904952179,2738,135,0.1099450884685784,ok
adjacent,completed_t,rentin_and_farm_any,Rent-in and own-farm production,rent-in,farmdep_ordered_tercile,Ordered tercile score of baseline farm-dependence,continuous,ordered farm-dependence gradient,all,stackyear,none,DID at +1 SD,0.02416528992642966,0.05204972023042235,0.6424520257972176,2738,135,0.1099450884685784,ok
adjacent,completed_t,rentin_and_farm_any,Rent-in and own-farm production,rent-in,farmdep_ordered_tercile,Ordered tercile score of baseline farm-dependence,continuous,ordered farm-dependence gradient,all,stackyear,none,DID at -1 SD,-0.13447704638839125,0.06844902475501877,0.049457011338391046,2738,135,0.1099450884685784,ok
adjacent,completed_t,rentin_and_farm_any,Rent-in and own-farm production,rent-in,farmdep_ordered_tercile,Ordered tercile score of baseline farm-dependence,continuous,ordered farm-dependence gradient,all,stackyear,farm_income_only,DID at mean modifier,-0.054685865445292636,0.043927337042707695,0.21316245546057566,2738,135,0.1099450884685784,ok
adjacent,completed_t,rentin_and_farm_any,Rent-in and own-farm production,rent-in,farmdep_ordered_tercile,Ordered tercile score of baseline farm-dependence,continuous,ordered farm-dependence gradient,all,stackyear,farm_income_only,heterogeneity slope,0.07956755811462773,0.04315356797441758,0.06520888237399347,2738,135,0.1099450884685784,ok
adjacent,completed_t,rentin_and_farm_any,Rent-in and own-farm production,rent-in,farmdep_ordered_tercile,Ordered tercile score of baseline farm-dependence,continuous,ordered farm-dependence gradient,all,stackyear,farm_income_only,DID at +1 SD,0.024881692669335098,0.05210988893171277,0.633016767490044,2738,135,0.1099450884685784,ok
adjacent,completed_t,rentin_and_farm_any,Rent-in and own-farm production,rent-in,farmdep_ordered_tercile,Ordered tercile score of baseline farm-dependence,continuous,ordered farm-dependence gradient,all,stackyear,farm_income_only,DID at -1 SD,-0.13425342355992037,0.06977278991625026,0.05433558704507488,2738,135,0.1099450884685784,ok
adjacent,completed_t,rentin_and_farm_any,Rent-in and own-farm production,rent-in,farmdep_ordered_tercile,Ordered tercile score of baseline farm-dependence,continuous,ordered farm-dependence gradient,all,stackyear,other_baseline,DID at mean modifier,-0.05694487007230107,0.04664989147206791,0.2222049252103313,2560,135,0.1099450884685784,ok
adjacent,completed_t,rentin_and_farm_any,Rent-in and own-farm production,rent-in,farmdep_ordered_tercile,Ordered tercile score of baseline farm-dependence,continuous,ordered farm-dependence gradient,all,stackyear,other_baseline,heterogeneity slope,0.08264564110356877,0.04377499265832639,0.05903068889401639,2560,135,0.1099450884685784,ok
adjacent,completed_t,rentin_and_farm_any,Rent-in and own-farm production,rent-in,farmdep_ordered_tercile,Ordered tercile score of baseline farm-dependence,continuous,ordered farm-dependence gradient,all,stackyear,other_baseline,DID at +1 SD,0.0257007710312677,0.05717190270653738,0.6530457688988477,2560,135,0.1099450884685784,ok
adjacent,completed_t,rentin_and_farm_any,Rent-in and own-farm production,rent-in,farmdep_ordered_tercile,Ordered tercile score of baseline farm-dependence,continuous,ordered farm-dependence gradient,all,stackyear,other_baseline,DID at -1 SD,-0.13959051117586985,0.0701163194563057,0.04649826419851207,2560,135,0.1099450884685784,ok
adjacent,completed_t,rentin_and_farm_any,Rent-in and own-farm production,rent-in,farmdep_ordered_tercile,Ordered tercile score of baseline farm-dependence,continuous,ordered farm-dependence gradient,all,provyear,none,DID at mean modifier,-0.1810970224215474,0.0757392123105064,0.016799794212305486,2732,133,0.1099450884685784,ok
adjacent,completed_t,rentin_and_farm_any,Rent-in and own-farm production,rent-in,farmdep_ordered_tercile,Ordered tercile score of baseline farm-dependence,continuous,ordered farm-dependence gradient,all,provyear,none,heterogeneity slope,0.04710807625032226,0.035567251666836525,0.18534402850758336,2732,133,0.1099450884685784,ok
adjacent,completed_t,rentin_and_farm_any,Rent-in and own-farm production,rent-in,farmdep_ordered_tercile,Ordered tercile score of baseline farm-dependence,continuous,ordered farm-dependence gradient,all,provyear,none,DID at +1 SD,-0.13398894617122514,0.09077469725318195,0.13992764812949018,2732,133,0.1099450884685784,ok
adjacent,completed_t,rentin_and_farm_any,Rent-in and own-farm production,rent-in,farmdep_ordered_tercile,Ordered tercile score of baseline farm-dependence,continuous,ordered farm-dependence gradient,all,provyear,none,DID at -1 SD,-0.22820509867186967,0.07591356719117644,0.0026460677470807607,2732,133,0.1099450884685784,ok
adjacent,completed_t,rentin_and_farm_any,Rent-in and own-farm production,rent-in,farmdep_ordered_tercile,Ordered tercile score of baseline farm-dependence,continuous,ordered farm-dependence gradient,all,provyear,farm_income_only,DID at mean modifier,-0.18168374890818215,0.07771305664270632,0.019393508739546615,2732,133,0.1099450884685784,ok
adjacent,completed_t,rentin_and_farm_any,Rent-in and own-farm production,rent-in,farmdep_ordered_tercile,Ordered tercile score of baseline farm-dependence,continuous,ordered farm-dependence gradient,all,provyear,farm_income_only,heterogeneity slope,0.04559491434322235,0.03524349712766428,0.195765122857519,2732,133,0.1099450884685784,ok
adjacent,completed_t,rentin_and_farm_any,Rent-in and own-farm production,rent-in,farmdep_ordered_tercile,Ordered tercile score of baseline farm-dependence,continuous,ordered farm-dependence gradient,all,provyear,farm_income_only,DID at +1 SD,-0.1360888345649598,0.09152199675189021,0.1370274356047678,2732,133,0.1099450884685784,ok
adjacent,completed_t,rentin_and_farm_any,Rent-in and own-farm production,rent-in,farmdep_ordered_tercile,Ordered tercile score of baseline farm-dependence,continuous,ordered farm-dependence gradient,all,provyear,farm_income_only,DID at -1 SD,-0.2272786632514045,0.0786547559631795,0.0038576536347477517,2732,133,0.1099450884685784,ok
adjacent,completed_t,rentin_and_farm_any,Rent-in and own-farm production,rent-in,farmdep_ordered_tercile,Ordered tercile score of baseline farm-dependence,continuous,ordered farm-dependence gradient,all,provyear,other_baseline,DID at mean modifier,-0.18482296186069685,0.07681690371596371,0.01612740753318347,2552,132,0.1099450884685784,ok
adjacent,completed_t,rentin_and_farm_any,Rent-in and own-farm production,rent-in,farmdep_ordered_tercile,Ordered tercile score of baseline farm-dependence,continuous,ordered farm-dependence gradient,all,provyear,other_baseline,heterogeneity slope,0.047277627133508145,0.03597765819204416,0.1888182919092798,2552,132,0.1099450884685784,ok
adjacent,completed_t,rentin_and_farm_any,Rent-in and own-farm production,rent-in,farmdep_ordered_tercile,Ordered tercile score of baseline farm-dependence,continuous,ordered farm-dependence gradient,all,provyear,other_baseline,DID at +1 SD,-0.13754533472718872,0.09129124783378569,0.13189652804590757,2552,132,0.1099450884685784,ok
adjacent,completed_t,rentin_and_farm_any,Rent-in and own-farm production,rent-in,farmdep_ordered_tercile,Ordered tercile score of baseline farm-dependence,continuous,ordered farm-dependence gradient,all,provyear,other_baseline,DID at -1 SD,-0.232100588994205,0.07782265248584583,0.0028597032913948665,2552,132,0.1099450884685784,ok
adjacent,completed_t,rentin_and_farm_any,Rent-in and own-farm production,rent-in,farm_orientation_continuous,"Pre-specified farm-orientation index, continuous z",continuous,pre-specified index interaction,all,stackyear,none,DID at mean modifier,-0.05517234277476994,0.046233848768146076,0.23273927693412955,2820,136,0.1099450884685784,ok
adjacent,completed_t,rentin_and_farm_any,Rent-in and own-farm production,rent-in,farm_orientation_continuous,"Pre-specified farm-orientation index, continuous z",continuous,pre-specified index interaction,all,stackyear,none,heterogeneity slope,0.07321263444407562,0.04811832603337193,0.1281312773812777,2820,136,0.1099450884685784,ok
adjacent,completed_t,rentin_and_farm_any,Rent-in and own-farm production,rent-in,farm_orientation_continuous,"Pre-specified farm-orientation index, continuous z",continuous,pre-specified index interaction,all,stackyear,none,DID at +1 SD,0.01804029166930568,0.05640423216470143,0.7490901334421181,2820,136,0.1099450884685784,ok
adjacent,completed_t,rentin_and_farm_any,Rent-in and own-farm production,rent-in,farm_orientation_continuous,"Pre-specified farm-orientation index, continuous z",continuous,pre-specified index interaction,all,stackyear,none,DID at -1 SD,-0.12838497721884556,0.07566007360721917,0.08972207041410729,2820,136,0.1099450884685784,ok
adjacent,completed_t,rentin_and_farm_any,Rent-in and own-farm production,rent-in,farm_orientation_continuous,"Pre-specified farm-orientation index, continuous z",continuous,pre-specified index interaction,all,stackyear,farm_income_only,DID at mean modifier,-0.05517234277476994,0.046233848768146076,0.23273927693412955,2820,136,0.1099450884685784,ok
adjacent,completed_t,rentin_and_farm_any,Rent-in and own-farm production,rent-in,farm_orientation_continuous,"Pre-specified farm-orientation index, continuous z",continuous,pre-specified index interaction,all,stackyear,farm_income_only,heterogeneity slope,0.07321263444407562,0.04811832603337193,0.1281312773812777,2820,136,0.1099450884685784,ok
adjacent,completed_t,rentin_and_farm_any,Rent-in and own-farm production,rent-in,farm_orientation_continuous,"Pre-specified farm-orientation index, continuous z",continuous,pre-specified index interaction,all,stackyear,farm_income_only,DID at +1 SD,0.01804029166930568,0.05640423216470143,0.7490901334421181,2820,136,0.1099450884685784,ok
adjacent,completed_t,rentin_and_farm_any,Rent-in and own-farm production,rent-in,farm_orientation_continuous,"Pre-specified farm-orientation index, continuous z",continuous,pre-specified index interaction,all,stackyear,farm_income_only,DID at -1 SD,-0.12838497721884556,0.07566007360721917,0.08972207041410729,2820,136,0.1099450884685784,ok
adjacent,completed_t,rentin_and_farm_any,Rent-in and own-farm production,rent-in,farm_orientation_continuous,"Pre-specified farm-orientation index, continuous z",continuous,pre-specified index interaction,all,stackyear,other_baseline,DID at mean modifier,-0.05517234277476994,0.046233848768146076,0.23273927693412955,2820,136,0.1099450884685784,ok
adjacent,completed_t,rentin_and_farm_any,Rent-in and own-farm production,rent-in,farm_orientation_continuous,"Pre-specified farm-orientation index, continuous z",continuous,pre-specified index interaction,all,stackyear,other_baseline,heterogeneity slope,0.07321263444407562,0.04811832603337193,0.1281312773812777,2820,136,0.1099450884685784,ok
adjacent,completed_t,rentin_and_farm_any,Rent-in and own-farm production,rent-in,farm_orientation_continuous,"Pre-specified farm-orientation index, continuous z",continuous,pre-specified index interaction,all,stackyear,other_baseline,DID at +1 SD,0.01804029166930568,0.05640423216470143,0.7490901334421181,2820,136,0.1099450884685784,ok
adjacent,completed_t,rentin_and_farm_any,Rent-in and own-farm production,rent-in,farm_orientation_continuous,"Pre-specified farm-orientation index, continuous z",continuous,pre-specified index interaction,all,stackyear,other_baseline,DID at -1 SD,-0.12838497721884556,0.07566007360721917,0.08972207041410729,2820,136,0.1099450884685784,ok
adjacent,completed_t,rentin_and_farm_any,Rent-in and own-farm production,rent-in,farm_orientation_continuous,"Pre-specified farm-orientation index, continuous z",continuous,pre-specified index interaction,all,provyear,none,DID at mean modifier,-0.19639625935944938,0.07547729205832691,0.009266629442719287,2814,134,0.1099450884685784,ok
adjacent,completed_t,rentin_and_farm_any,Rent-in and own-farm production,rent-in,farm_orientation_continuous,"Pre-specified farm-orientation index, continuous z",continuous,pre-specified index interaction,all,provyear,none,heterogeneity slope,0.0458087048884623,0.037056036071818926,0.2163838988001442,2814,134,0.1099450884685784,ok
adjacent,completed_t,rentin_and_farm_any,Rent-in and own-farm production,rent-in,farm_orientation_continuous,"Pre-specified farm-orientation index, continuous z",continuous,pre-specified index interaction,all,provyear,none,DID at +1 SD,-0.15058755447098707,0.08510440923778007,0.07681967476153899,2814,134,0.1099450884685784,ok
adjacent,completed_t,rentin_and_farm_any,Rent-in and own-farm production,rent-in,farm_orientation_continuous,"Pre-specified farm-orientation index, continuous z",continuous,pre-specified index interaction,all,provyear,none,DID at -1 SD,-0.24220496424791169,0.0830492768175395,0.0035409548349084803,2814,134,0.1099450884685784,ok
adjacent,completed_t,rentin_and_farm_any,Rent-in and own-farm production,rent-in,farm_orientation_continuous,"Pre-specified farm-orientation index, continuous z",continuous,pre-specified index interaction,all,provyear,farm_income_only,DID at mean modifier,-0.19639625935944938,0.07547729205832691,0.009266629442719287,2814,134,0.1099450884685784,ok
adjacent,completed_t,rentin_and_farm_any,Rent-in and own-farm production,rent-in,farm_orientation_continuous,"Pre-specified farm-orientation index, continuous z",continuous,pre-specified index interaction,all,provyear,farm_income_only,heterogeneity slope,0.0458087048884623,0.037056036071818926,0.2163838988001442,2814,134,0.1099450884685784,ok
adjacent,completed_t,rentin_and_farm_any,Rent-in and own-farm production,rent-in,farm_orientation_continuous,"Pre-specified farm-orientation index, continuous z",continuous,pre-specified index interaction,all,provyear,farm_income_only,DID at +1 SD,-0.15058755447098707,0.08510440923778007,0.07681967476153899,2814,134,0.1099450884685784,ok
adjacent,completed_t,rentin_and_farm_any,Rent-in and own-farm production,rent-in,farm_orientation_continuous,"Pre-specified farm-orientation index, continuous z",continuous,pre-specified index interaction,all,provyear,farm_income_only,DID at -1 SD,-0.24220496424791169,0.0830492768175395,0.0035409548349084803,2814,134,0.1099450884685784,ok
adjacent,completed_t,rentin_and_farm_any,Rent-in and own-farm production,rent-in,farm_orientation_continuous,"Pre-specified farm-orientation index, continuous z",continuous,pre-specified index interaction,all,provyear,other_baseline,DID at mean modifier,-0.19639625935944938,0.07547729205832691,0.009266629442719287,2814,134,0.1099450884685784,ok
adjacent,completed_t,rentin_and_farm_any,Rent-in and own-farm production,rent-in,farm_orientation_continuous,"Pre-specified farm-orientation index, continuous z",continuous,pre-specified index interaction,all,provyear,other_baseline,heterogeneity slope,0.0458087048884623,0.037056036071818926,0.2163838988001442,2814,134,0.1099450884685784,ok
adjacent,completed_t,rentin_and_farm_any,Rent-in and own-farm production,rent-in,farm_orientation_continuous,"Pre-specified farm-orientation index, continuous z",continuous,pre-specified index interaction,all,provyear,other_baseline,DID at +1 SD,-0.15058755447098707,0.08510440923778007,0.07681967476153899,2814,134,0.1099450884685784,ok
adjacent,completed_t,rentin_and_farm_any,Rent-in and own-farm production,rent-in,farm_orientation_continuous,"Pre-specified farm-orientation index, continuous z",continuous,pre-specified index interaction,all,provyear,other_baseline,DID at -1 SD,-0.24220496424791169,0.0830492768175395,0.0035409548349084803,2814,134,0.1099450884685784,ok
adjacent,completed_t,rentin_and_farm_any,Rent-in and own-farm production,rent-in,farm_orientation_top_tercile,Top tercile pre-specified farm-orientation index,binary_top,pre-specified index top-third split,all,stackyear,none,lower/rest DID,-0.0979535681129445,0.0470098685074496,0.03718919692591614,2820,136,0.1099450884685784,ok
adjacent,completed_t,rentin_and_farm_any,Rent-in and own-farm production,rent-in,farm_orientation_top_tercile,Top tercile pre-specified farm-orientation index,binary_top,pre-specified index top-third split,all,stackyear,none,top-minus-rest differential,0.13265616734427302,0.05729472225884752,0.020594900104265037,2820,136,0.1099450884685784,ok
adjacent,completed_t,rentin_and_farm_any,Rent-in and own-farm production,rent-in,farm_orientation_top_tercile,Top tercile pre-specified farm-orientation index,binary_top,pre-specified index top-third split,all,stackyear,none,top group DID,0.03470259923132851,0.06123416286701096,0.5709047140103123,2820,136,0.1099450884685784,ok
adjacent,completed_t,rentin_and_farm_any,Rent-in and own-farm production,rent-in,farm_orientation_top_tercile,Top tercile pre-specified farm-orientation index,binary_top,pre-specified index top-third split,all,stackyear,farm_income_only,lower/rest DID,-0.0979535681129445,0.0470098685074496,0.03718919692591614,2820,136,0.1099450884685784,ok
adjacent,completed_t,rentin_and_farm_any,Rent-in and own-farm production,rent-in,farm_orientation_top_tercile,Top tercile pre-specified farm-orientation index,binary_top,pre-specified index top-third split,all,stackyear,farm_income_only,top-minus-rest differential,0.13265616734427302,0.05729472225884752,0.020594900104265037,2820,136,0.1099450884685784,ok
adjacent,completed_t,rentin_and_farm_any,Rent-in and own-farm production,rent-in,farm_orientation_top_tercile,Top tercile pre-specified farm-orientation index,binary_top,pre-specified index top-third split,all,stackyear,farm_income_only,top group DID,0.03470259923132851,0.06123416286701096,0.5709047140103123,2820,136,0.1099450884685784,ok
adjacent,completed_t,rentin_and_farm_any,Rent-in and own-farm production,rent-in,farm_orientation_top_tercile,Top tercile pre-specified farm-orientation index,binary_top,pre-specified index top-third split,all,stackyear,other_baseline,lower/rest DID,-0.0979535681129445,0.0470098685074496,0.03718919692591614,2820,136,0.1099450884685784,ok
adjacent,completed_t,rentin_and_farm_any,Rent-in and own-farm production,rent-in,farm_orientation_top_tercile,Top tercile pre-specified farm-orientation index,binary_top,pre-specified index top-third split,all,stackyear,other_baseline,top-minus-rest differential,0.13265616734427302,0.05729472225884752,0.020594900104265037,2820,136,0.1099450884685784,ok
adjacent,completed_t,rentin_and_farm_any,Rent-in and own-farm production,rent-in,farm_orientation_top_tercile,Top tercile pre-specified farm-orientation index,binary_top,pre-specified index top-third split,all,stackyear,other_baseline,top group DID,0.03470259923132851,0.06123416286701096,0.5709047140103123,2820,136,0.1099450884685784,ok
adjacent,completed_t,rentin_and_farm_any,Rent-in and own-farm production,rent-in,farm_orientation_top_tercile,Top tercile pre-specified farm-orientation index,binary_top,pre-specified index top-third split,all,provyear,none,lower/rest DID,-0.21991368689704469,0.07879478826653857,0.005255076169270452,2814,134,0.1099450884685784,ok
adjacent,completed_t,rentin_and_farm_any,Rent-in and own-farm production,rent-in,farm_orientation_top_tercile,Top tercile pre-specified farm-orientation index,binary_top,pre-specified index top-third split,all,provyear,none,top-minus-rest differential,0.08322434910574772,0.05369975699997545,0.12118744487562957,2814,134,0.1099450884685784,ok
adjacent,completed_t,rentin_and_farm_any,Rent-in and own-farm production,rent-in,farm_orientation_top_tercile,Top tercile pre-specified farm-orientation index,binary_top,pre-specified index top-third split,all,provyear,none,top group DID,-0.13668933779129697,0.10158931296686331,0.1784609076717638,2814,134,0.1099450884685784,ok
adjacent,completed_t,rentin_and_farm_any,Rent-in and own-farm production,rent-in,farm_orientation_top_tercile,Top tercile pre-specified farm-orientation index,binary_top,pre-specified index top-third split,all,provyear,farm_income_only,lower/rest DID,-0.21991368689704469,0.07879478826653857,0.005255076169270452,2814,134,0.1099450884685784,ok
adjacent,completed_t,rentin_and_farm_any,Rent-in and own-farm production,rent-in,farm_orientation_top_tercile,Top tercile pre-specified farm-orientation index,binary_top,pre-specified index top-third split,all,provyear,farm_income_only,top-minus-rest differential,0.08322434910574772,0.05369975699997545,0.12118744487562957,2814,134,0.1099450884685784,ok
adjacent,completed_t,rentin_and_farm_any,Rent-in and own-farm production,rent-in,farm_orientation_top_tercile,Top tercile pre-specified farm-orientation index,binary_top,pre-specified index top-third split,all,provyear,farm_income_only,top group DID,-0.13668933779129697,0.10158931296686331,0.1784609076717638,2814,134,0.1099450884685784,ok
adjacent,completed_t,rentin_and_farm_any,Rent-in and own-farm production,rent-in,farm_orientation_top_tercile,Top tercile pre-specified farm-orientation index,binary_top,pre-specified index top-third split,all,provyear,other_baseline,lower/rest DID,-0.21991368689704469,0.07879478826653857,0.005255076169270452,2814,134,0.1099450884685784,ok
adjacent,completed_t,rentin_and_farm_any,Rent-in and own-farm production,rent-in,farm_orientation_top_tercile,Top tercile pre-specified farm-orientation index,binary_top,pre-specified index top-third split,all,provyear,other_baseline,top-minus-rest differential,0.08322434910574772,0.05369975699997545,0.12118744487562957,2814,134,0.1099450884685784,ok
adjacent,completed_t,rentin_and_farm_any,Rent-in and own-farm production,rent-in,farm_orientation_top_tercile,Top tercile pre-specified farm-orientation index,binary_top,pre-specified index top-third split,all,provyear,other_baseline,top group DID,-0.13668933779129697,0.10158931296686331,0.1784609076717638,2814,134,0.1099450884685784,ok
adjacent,completed_t,rentin_and_farm_any,Rent-in and own-farm production,rent-in,bottom_farmdep,Bottom tercile baseline farm-dependence,binary_bottom,exit-side low farm-dependence check,all,stackyear,none,lower/rest DID,0.0014708652937484824,0.03904388301211843,0.969949116508279,2738,135,0.1099450884685784,ok
adjacent,completed_t,rentin_and_farm_any,Rent-in and own-farm production,rent-in,bottom_farmdep,Bottom tercile baseline farm-dependence,binary_bottom,exit-side low farm-dependence check,all,stackyear,none,bottom-minus-rest differential,-0.19210328772519245,0.10633293696711567,0.07082143573827096,2738,135,0.1099450884685784,ok
adjacent,completed_t,rentin_and_farm_any,Rent-in and own-farm production,rent-in,bottom_farmdep,Bottom tercile baseline farm-dependence,binary_bottom,exit-side low farm-dependence check,all,stackyear,none,bottom group DID,-0.19063242243144396,0.10390118212640001,0.0665431274434797,2738,135,0.1099450884685784,ok
adjacent,completed_t,rentin_and_farm_any,Rent-in and own-farm production,rent-in,bottom_farmdep,Bottom tercile baseline farm-dependence,binary_bottom,exit-side low farm-dependence check,all,stackyear,farm_income_only,lower/rest DID,0.0018820793424537377,0.03877214810502397,0.9612842571742746,2738,135,0.1099450884685784,ok
adjacent,completed_t,rentin_and_farm_any,Rent-in and own-farm production,rent-in,bottom_farmdep,Bottom tercile baseline farm-dependence,binary_bottom,exit-side low farm-dependence check,all,stackyear,farm_income_only,bottom-minus-rest differential,-0.18853065739776942,0.10566653451659955,0.07439051667174638,2738,135,0.1099450884685784,ok
adjacent,completed_t,rentin_and_farm_any,Rent-in and own-farm production,rent-in,bottom_farmdep,Bottom tercile baseline farm-dependence,binary_bottom,exit-side low farm-dependence check,all,stackyear,farm_income_only,bottom group DID,-0.18664857805531568,0.10366045046912932,0.07176964532011161,2738,135,0.1099450884685784,ok
adjacent,completed_t,rentin_and_farm_any,Rent-in and own-farm production,rent-in,bottom_farmdep,Bottom tercile baseline farm-dependence,binary_bottom,exit-side low farm-dependence check,all,stackyear,other_baseline,lower/rest DID,0.003410772799506851,0.043617129848607106,0.9376705441699772,2560,135,0.1099450884685784,ok
adjacent,completed_t,rentin_and_farm_any,Rent-in and own-farm production,rent-in,bottom_farmdep,Bottom tercile baseline farm-dependence,binary_bottom,exit-side low farm-dependence check,all,stackyear,other_baseline,bottom-minus-rest differential,-0.1916798948692546,0.10650659435332235,0.07190805521202152,2560,135,0.1099450884685784,ok
adjacent,completed_t,rentin_and_farm_any,Rent-in and own-farm production,rent-in,bottom_farmdep,Bottom tercile baseline farm-dependence,binary_bottom,exit-side low farm-dependence check,all,stackyear,other_baseline,bottom group DID,-0.18826912206974775,0.1032188839528806,0.06815518069012279,2560,135,0.1099450884685784,ok
adjacent,completed_t,rentin_and_farm_any,Rent-in and own-farm production,rent-in,bottom_farmdep,Bottom tercile baseline farm-dependence,binary_bottom,exit-side low farm-dependence check,all,provyear,none,lower/rest DID,-0.13342055400123717,0.07079880592763628,0.05949698498423299,2732,133,0.1099450884685784,ok
adjacent,completed_t,rentin_and_farm_any,Rent-in and own-farm production,rent-in,bottom_farmdep,Bottom tercile baseline farm-dependence,binary_bottom,exit-side low farm-dependence check,all,provyear,none,bottom-minus-rest differential,-0.14440029625836637,0.09418180800055709,0.1252246274250495,2732,133,0.1099450884685784,ok
adjacent,completed_t,rentin_and_farm_any,Rent-in and own-farm production,rent-in,bottom_farmdep,Bottom tercile baseline farm-dependence,binary_bottom,exit-side low farm-dependence check,all,provyear,none,bottom group DID,-0.27782085025960357,0.08830277491403665,0.001653898193213745,2732,133,0.1099450884685784,ok
adjacent,completed_t,rentin_and_farm_any,Rent-in and own-farm production,rent-in,bottom_farmdep,Bottom tercile baseline farm-dependence,binary_bottom,exit-side low farm-dependence check,all,provyear,farm_income_only,lower/rest DID,-0.13129565659599501,0.07150068252911897,0.06631546374763814,2732,133,0.1099450884685784,ok
adjacent,completed_t,rentin_and_farm_any,Rent-in and own-farm production,rent-in,bottom_farmdep,Bottom tercile baseline farm-dependence,binary_bottom,exit-side low farm-dependence check,all,provyear,farm_income_only,bottom-minus-rest differential,-0.1433780863224352,0.0942193425841355,0.12807226152230536,2732,133,0.1099450884685784,ok
adjacent,completed_t,rentin_and_farm_any,Rent-in and own-farm production,rent-in,bottom_farmdep,Bottom tercile baseline farm-dependence,binary_bottom,exit-side low farm-dependence check,all,provyear,farm_income_only,bottom group DID,-0.2746737429184302,0.08783281911882462,0.0017645966019842298,2732,133,0.1099450884685784,ok
adjacent,completed_t,rentin_and_farm_any,Rent-in and own-farm production,rent-in,bottom_farmdep,Bottom tercile baseline farm-dependence,binary_bottom,exit-side low farm-dependence check,all,provyear,other_baseline,lower/rest DID,-0.1354867068998018,0.07302354394515466,0.06354142649909139,2552,132,0.1099450884685784,ok
adjacent,completed_t,rentin_and_farm_any,Rent-in and own-farm production,rent-in,bottom_farmdep,Bottom tercile baseline farm-dependence,binary_bottom,exit-side low farm-dependence check,all,provyear,other_baseline,bottom-minus-rest differential,-0.1418132816168022,0.09550538636581402,0.1375777135429581,2552,132,0.1099450884685784,ok
adjacent,completed_t,rentin_and_farm_any,Rent-in and own-farm production,rent-in,bottom_farmdep,Bottom tercile baseline farm-dependence,binary_bottom,exit-side low farm-dependence check,all,provyear,other_baseline,bottom group DID,-0.277299988516604,0.08831524783829177,0.0016901242668898452,2552,132,0.1099450884685784,ok
adjacent,completed_t,rentin_and_farm_any,Rent-in and own-farm production,rent-in,nonfarm_orientation_top,Top tercile baseline nonfarm orientation,binary_top,exit-side nonfarm orientation check,all,stackyear,none,lower/rest DID,-0.0489458952096909,0.06337933291859736,0.43995511112797636,2822,136,0.1099450884685784,ok
adjacent,completed_t,rentin_and_farm_any,Rent-in and own-farm production,rent-in,nonfarm_orientation_top,Top tercile baseline nonfarm orientation,binary_top,exit-side nonfarm orientation check,all,stackyear,none,top-minus-rest differential,-0.004137718961488079,0.05649129708903258,0.9416109618224955,2822,136,0.1099450884685784,ok
adjacent,completed_t,rentin_and_farm_any,Rent-in and own-farm production,rent-in,nonfarm_orientation_top,Top tercile baseline nonfarm orientation,binary_top,exit-side nonfarm orientation check,all,stackyear,none,top group DID,-0.053083614171178975,0.045962183626030516,0.2481145538192555,2822,136,0.1099450884685784,ok
adjacent,completed_t,rentin_and_farm_any,Rent-in and own-farm production,rent-in,nonfarm_orientation_top,Top tercile baseline nonfarm orientation,binary_top,exit-side nonfarm orientation check,all,stackyear,farm_income_only,lower/rest DID,-0.04906583685243976,0.06538690275267282,0.4530183887606809,2798,136,0.1099450884685784,ok
adjacent,completed_t,rentin_and_farm_any,Rent-in and own-farm production,rent-in,nonfarm_orientation_top,Top tercile baseline nonfarm orientation,binary_top,exit-side nonfarm orientation check,all,stackyear,farm_income_only,top-minus-rest differential,-0.0042216783777339235,0.05751813841455694,0.9414899340343743,2798,136,0.1099450884685784,ok
adjacent,completed_t,rentin_and_farm_any,Rent-in and own-farm production,rent-in,nonfarm_orientation_top,Top tercile baseline nonfarm orientation,binary_top,exit-side nonfarm orientation check,all,stackyear,farm_income_only,top group DID,-0.05328751523017368,0.04728598078264551,0.2597763264868542,2798,136,0.1099450884685784,ok
adjacent,completed_t,rentin_and_farm_any,Rent-in and own-farm production,rent-in,nonfarm_orientation_top,Top tercile baseline nonfarm orientation,binary_top,exit-side nonfarm orientation check,all,stackyear,other_baseline,lower/rest DID,-0.042191601322799935,0.06705574964281104,0.5292169218191782,2560,135,0.1099450884685784,ok
adjacent,completed_t,rentin_and_farm_any,Rent-in and own-farm production,rent-in,nonfarm_orientation_top,Top tercile baseline nonfarm orientation,binary_top,exit-side nonfarm orientation check,all,stackyear,other_baseline,top-minus-rest differential,-0.020668981621563866,0.0600516475729967,0.7307058435874986,2560,135,0.1099450884685784,ok
adjacent,completed_t,rentin_and_farm_any,Rent-in and own-farm production,rent-in,nonfarm_orientation_top,Top tercile baseline nonfarm orientation,binary_top,exit-side nonfarm orientation check,all,stackyear,other_baseline,top group DID,-0.06286058294436381,0.05270079623978148,0.23295459928758688,2560,135,0.1099450884685784,ok
adjacent,completed_t,rentin_and_farm_any,Rent-in and own-farm production,rent-in,nonfarm_orientation_top,Top tercile baseline nonfarm orientation,binary_top,exit-side nonfarm orientation check,all,provyear,none,lower/rest DID,-0.19198815008376846,0.07583602470985384,0.011353630640013527,2816,134,0.1099450884685784,ok
adjacent,completed_t,rentin_and_farm_any,Rent-in and own-farm production,rent-in,nonfarm_orientation_top,Top tercile baseline nonfarm orientation,binary_top,exit-side nonfarm orientation check,all,provyear,none,top-minus-rest differential,-0.03385384287157497,0.05296822978712154,0.5227351946756773,2816,134,0.1099450884685784,ok
adjacent,completed_t,rentin_and_farm_any,Rent-in and own-farm production,rent-in,nonfarm_orientation_top,Top tercile baseline nonfarm orientation,binary_top,exit-side nonfarm orientation check,all,provyear,none,top group DID,-0.22584199295534343,0.09234672699715418,0.014461638833691275,2816,134,0.1099450884685784,ok
adjacent,completed_t,rentin_and_farm_any,Rent-in and own-farm production,rent-in,nonfarm_orientation_top,Top tercile baseline nonfarm orientation,binary_top,exit-side nonfarm orientation check,all,provyear,farm_income_only,lower/rest DID,-0.19763522991051705,0.07929731807180412,0.012690741175224857,2792,134,0.1099450884685784,ok
adjacent,completed_t,rentin_and_farm_any,Rent-in and own-farm production,rent-in,nonfarm_orientation_top,Top tercile baseline nonfarm orientation,binary_top,exit-side nonfarm orientation check,all,provyear,farm_income_only,top-minus-rest differential,-0.03165788701584783,0.05253253268598957,0.5467522383598926,2792,134,0.1099450884685784,ok
adjacent,completed_t,rentin_and_farm_any,Rent-in and own-farm production,rent-in,nonfarm_orientation_top,Top tercile baseline nonfarm orientation,binary_top,exit-side nonfarm orientation check,all,provyear,farm_income_only,top group DID,-0.2292931169263649,0.09548088470944019,0.01632998521554637,2792,134,0.1099450884685784,ok
adjacent,completed_t,rentin_and_farm_any,Rent-in and own-farm production,rent-in,nonfarm_orientation_top,Top tercile baseline nonfarm orientation,binary_top,exit-side nonfarm orientation check,all,provyear,other_baseline,lower/rest DID,-0.18392721457624744,0.07760263900756842,0.017782531028349906,2552,132,0.1099450884685784,ok
adjacent,completed_t,rentin_and_farm_any,Rent-in and own-farm production,rent-in,nonfarm_orientation_top,Top tercile baseline nonfarm orientation,binary_top,exit-side nonfarm orientation check,all,provyear,other_baseline,top-minus-rest differential,-0.054858167901192176,0.056957381451641226,0.33547519562096806,2552,132,0.1099450884685784,ok
adjacent,completed_t,rentin_and_farm_any,Rent-in and own-farm production,rent-in,nonfarm_orientation_top,Top tercile baseline nonfarm orientation,binary_top,exit-side nonfarm orientation check,all,provyear,other_baseline,top group DID,-0.23878538247743963,0.09770439086548569,0.014527136242118072,2552,132,0.1099450884685784,ok
adjacent,completed_t,ib_nonfarm_curr_n,Current nonfarm workers,nonfarm,farmdep_continuous,"Baseline farm-dependence, continuous winsorized z",continuous,continuous farm-dependence interaction,all,stackyear,none,DID at mean modifier,-0.02633457464550338,0.1280058419726157,0.8370022334254531,2884,137,0.5472235405790223,ok
adjacent,completed_t,ib_nonfarm_curr_n,Current nonfarm workers,nonfarm,farmdep_continuous,"Baseline farm-dependence, continuous winsorized z",continuous,continuous farm-dependence interaction,all,stackyear,none,heterogeneity slope,-0.048364198096365316,0.07223891087401191,0.5031743979743419,2884,137,0.5472235405790223,ok
adjacent,completed_t,ib_nonfarm_curr_n,Current nonfarm workers,nonfarm,farmdep_continuous,"Baseline farm-dependence, continuous winsorized z",continuous,continuous farm-dependence interaction,all,stackyear,none,DID at +1 SD,-0.0746987727418687,0.10993601903275306,0.49683696462843696,2884,137,0.5472235405790223,ok
adjacent,completed_t,ib_nonfarm_curr_n,Current nonfarm workers,nonfarm,farmdep_continuous,"Baseline farm-dependence, continuous winsorized z",continuous,continuous farm-dependence interaction,all,stackyear,none,DID at -1 SD,0.022029623450861936,0.1764142379911371,0.9006229795772712,2884,137,0.5472235405790223,ok
adjacent,completed_t,ib_nonfarm_curr_n,Current nonfarm workers,nonfarm,farmdep_continuous,"Baseline farm-dependence, continuous winsorized z",continuous,continuous farm-dependence interaction,all,stackyear,farm_income_only,DID at mean modifier,-0.03166915906398855,0.1280681570721835,0.8046887250423724,2884,137,0.5472235405790223,ok
adjacent,completed_t,ib_nonfarm_curr_n,Current nonfarm workers,nonfarm,farmdep_continuous,"Baseline farm-dependence, continuous winsorized z",continuous,continuous farm-dependence interaction,all,stackyear,farm_income_only,heterogeneity slope,-0.04421732738245619,0.07398023327790257,0.5500460616563297,2884,137,0.5472235405790223,ok
adjacent,completed_t,ib_nonfarm_curr_n,Current nonfarm workers,nonfarm,farmdep_continuous,"Baseline farm-dependence, continuous winsorized z",continuous,continuous farm-dependence interaction,all,stackyear,farm_income_only,DID at +1 SD,-0.07588648644644475,0.10992352478733902,0.48996964419636313,2884,137,0.5472235405790223,ok
adjacent,completed_t,ib_nonfarm_curr_n,Current nonfarm workers,nonfarm,farmdep_continuous,"Baseline farm-dependence, continuous winsorized z",continuous,continuous farm-dependence interaction,all,stackyear,farm_income_only,DID at -1 SD,0.01254816831846764,0.1779490776648307,0.9437833634515087,2884,137,0.5472235405790223,ok
adjacent,completed_t,ib_nonfarm_curr_n,Current nonfarm workers,nonfarm,farmdep_continuous,"Baseline farm-dependence, continuous winsorized z",continuous,continuous farm-dependence interaction,all,stackyear,other_baseline,DID at mean modifier,0.02454485563024928,0.08356769308473246,0.768977788564216,2676,136,0.5472235405790223,ok
adjacent,completed_t,ib_nonfarm_curr_n,Current nonfarm workers,nonfarm,farmdep_continuous,"Baseline farm-dependence, continuous winsorized z",continuous,continuous farm-dependence interaction,all,stackyear,other_baseline,heterogeneity slope,-0.040658018043392447,0.06276820943829352,0.5171475829276713,2676,136,0.5472235405790223,ok
adjacent,completed_t,ib_nonfarm_curr_n,Current nonfarm workers,nonfarm,farmdep_continuous,"Baseline farm-dependence, continuous winsorized z",continuous,continuous farm-dependence interaction,all,stackyear,other_baseline,DID at +1 SD,-0.016113162413143166,0.06945708271930284,0.816547863042762,2676,136,0.5472235405790223,ok
adjacent,completed_t,ib_nonfarm_curr_n,Current nonfarm workers,nonfarm,farmdep_continuous,"Baseline farm-dependence, continuous winsorized z",continuous,continuous farm-dependence interaction,all,stackyear,other_baseline,DID at -1 SD,0.06520287367364172,0.13047041253598826,0.6172495827719109,2676,136,0.5472235405790223,ok
adjacent,completed_t,ib_nonfarm_curr_n,Current nonfarm workers,nonfarm,farmdep_continuous,"Baseline farm-dependence, continuous winsorized z",continuous,continuous farm-dependence interaction,all,provyear,none,DID at mean modifier,0.14118123484666206,0.1559883811206398,0.3654254829228628,2880,136,0.5472235405790223,ok
adjacent,completed_t,ib_nonfarm_curr_n,Current nonfarm workers,nonfarm,farmdep_continuous,"Baseline farm-dependence, continuous winsorized z",continuous,continuous farm-dependence interaction,all,provyear,none,heterogeneity slope,0.027135897394852466,0.08860472771865383,0.7594082948392548,2880,136,0.5472235405790223,ok
adjacent,completed_t,ib_nonfarm_curr_n,Current nonfarm workers,nonfarm,farmdep_continuous,"Baseline farm-dependence, continuous winsorized z",continuous,continuous farm-dependence interaction,all,provyear,none,DID at +1 SD,0.16831713224151454,0.19325792220492863,0.3837838703920906,2880,136,0.5472235405790223,ok
adjacent,completed_t,ib_nonfarm_curr_n,Current nonfarm workers,nonfarm,farmdep_continuous,"Baseline farm-dependence, continuous winsorized z",continuous,continuous farm-dependence interaction,all,provyear,none,DID at -1 SD,0.1140453374518096,0.16437068212580758,0.4877887231618411,2880,136,0.5472235405790223,ok
adjacent,completed_t,ib_nonfarm_curr_n,Current nonfarm workers,nonfarm,farmdep_continuous,"Baseline farm-dependence, continuous winsorized z",continuous,continuous farm-dependence interaction,all,provyear,farm_income_only,DID at mean modifier,0.14802289062011587,0.15930019600857825,0.35278171183574136,2880,136,0.5472235405790223,ok
adjacent,completed_t,ib_nonfarm_curr_n,Current nonfarm workers,nonfarm,farmdep_continuous,"Baseline farm-dependence, continuous winsorized z",continuous,continuous farm-dependence interaction,all,provyear,farm_income_only,heterogeneity slope,0.0379417846999992,0.08898738452643686,0.6698363458219284,2880,136,0.5472235405790223,ok
adjacent,completed_t,ib_nonfarm_curr_n,Current nonfarm workers,nonfarm,farmdep_continuous,"Baseline farm-dependence, continuous winsorized z",continuous,continuous farm-dependence interaction,all,provyear,farm_income_only,DID at +1 SD,0.18596467532011507,0.19618097573807378,0.3431680938388627,2880,136,0.5472235405790223,ok
adjacent,completed_t,ib_nonfarm_curr_n,Current nonfarm workers,nonfarm,farmdep_continuous,"Baseline farm-dependence, continuous winsorized z",continuous,continuous farm-dependence interaction,all,provyear,farm_income_only,DID at -1 SD,0.11008110592011666,0.1676413996151073,0.5114083664218001,2880,136,0.5472235405790223,ok
adjacent,completed_t,ib_nonfarm_curr_n,Current nonfarm workers,nonfarm,farmdep_continuous,"Baseline farm-dependence, continuous winsorized z",continuous,continuous farm-dependence interaction,all,provyear,other_baseline,DID at mean modifier,-0.10135009682740834,0.1044616058737374,0.33193990844205823,2670,134,0.5472235405790223,ok
adjacent,completed_t,ib_nonfarm_curr_n,Current nonfarm workers,nonfarm,farmdep_continuous,"Baseline farm-dependence, continuous winsorized z",continuous,continuous farm-dependence interaction,all,provyear,other_baseline,heterogeneity slope,-0.024012087151468013,0.06311758014176222,0.7036231194417404,2670,134,0.5472235405790223,ok
adjacent,completed_t,ib_nonfarm_curr_n,Current nonfarm workers,nonfarm,farmdep_continuous,"Baseline farm-dependence, continuous winsorized z",continuous,continuous farm-dependence interaction,all,provyear,other_baseline,DID at +1 SD,-0.12536218397887636,0.13061400712871934,0.3371602761461012,2670,134,0.5472235405790223,ok
adjacent,completed_t,ib_nonfarm_curr_n,Current nonfarm workers,nonfarm,farmdep_continuous,"Baseline farm-dependence, continuous winsorized z",continuous,continuous farm-dependence interaction,all,provyear,other_baseline,DID at -1 SD,-0.07733800967594032,0.11283657736355929,0.4930925529256609,2670,134,0.5472235405790223,ok
adjacent,completed_t,ib_nonfarm_curr_n,Current nonfarm workers,nonfarm,farmdep_top_tercile,Top tercile baseline farm-dependence,binary_top,top-third split,all,stackyear,none,lower/rest DID,0.02589565323364807,0.15999063072849629,0.8714182205490775,2884,137,0.5472235405790223,ok
adjacent,completed_t,ib_nonfarm_curr_n,Current nonfarm workers,nonfarm,farmdep_top_tercile,Top tercile baseline farm-dependence,binary_top,top-third split,all,stackyear,none,top-minus-rest differential,-0.13261998572897565,0.14103289374266115,0.34703913615906123,2884,137,0.5472235405790223,ok
adjacent,completed_t,ib_nonfarm_curr_n,Current nonfarm workers,nonfarm,farmdep_top_tercile,Top tercile baseline farm-dependence,binary_top,top-third split,all,stackyear,none,top group DID,-0.10672433249532759,0.10797942051317821,0.32296824333539054,2884,137,0.5472235405790223,ok
adjacent,completed_t,ib_nonfarm_curr_n,Current nonfarm workers,nonfarm,farmdep_top_tercile,Top tercile baseline farm-dependence,binary_top,top-third split,all,stackyear,farm_income_only,lower/rest DID,0.01218345971120845,0.16237691418150726,0.9401892754043157,2884,137,0.5472235405790223,ok
adjacent,completed_t,ib_nonfarm_curr_n,Current nonfarm workers,nonfarm,farmdep_top_tercile,Top tercile baseline farm-dependence,binary_top,top-third split,all,stackyear,farm_income_only,top-minus-rest differential,-0.1207258317956739,0.14588884774600447,0.40794280838267294,2884,137,0.5472235405790223,ok
adjacent,completed_t,ib_nonfarm_curr_n,Current nonfarm workers,nonfarm,farmdep_top_tercile,Top tercile baseline farm-dependence,binary_top,top-third split,all,stackyear,farm_income_only,top group DID,-0.10854237208446545,0.10821855241222712,0.31586458848108134,2884,137,0.5472235405790223,ok
adjacent,completed_t,ib_nonfarm_curr_n,Current nonfarm workers,nonfarm,farmdep_top_tercile,Top tercile baseline farm-dependence,binary_top,top-third split,all,stackyear,other_baseline,lower/rest DID,0.04985007840706249,0.1132739622533657,0.6598761418931298,2676,136,0.5472235405790223,ok
adjacent,completed_t,ib_nonfarm_curr_n,Current nonfarm workers,nonfarm,farmdep_top_tercile,Top tercile baseline farm-dependence,binary_top,top-third split,all,stackyear,other_baseline,top-minus-rest differential,-0.07733079276004318,0.12871270859186665,0.5479721823259618,2676,136,0.5472235405790223,ok
adjacent,completed_t,ib_nonfarm_curr_n,Current nonfarm workers,nonfarm,farmdep_top_tercile,Top tercile baseline farm-dependence,binary_top,top-third split,all,stackyear,other_baseline,top group DID,-0.02748071435298069,0.08276399844550417,0.7398612784517319,2676,136,0.5472235405790223,ok
adjacent,completed_t,ib_nonfarm_curr_n,Current nonfarm workers,nonfarm,farmdep_top_tercile,Top tercile baseline farm-dependence,binary_top,top-third split,all,provyear,none,lower/rest DID,0.1296177176345975,0.15485044980132595,0.40256392414520326,2880,136,0.5472235405790223,ok
adjacent,completed_t,ib_nonfarm_curr_n,Current nonfarm workers,nonfarm,farmdep_top_tercile,Top tercile baseline farm-dependence,binary_top,top-third split,all,provyear,none,top-minus-rest differential,0.007839218274930296,0.17520940231835458,0.9643129596978276,2880,136,0.5472235405790223,ok
adjacent,completed_t,ib_nonfarm_curr_n,Current nonfarm workers,nonfarm,farmdep_top_tercile,Top tercile baseline farm-dependence,binary_top,top-third split,all,provyear,none,top group DID,0.1374569359095278,0.20308422614023566,0.49850307577717656,2880,136,0.5472235405790223,ok
adjacent,completed_t,ib_nonfarm_curr_n,Current nonfarm workers,nonfarm,farmdep_top_tercile,Top tercile baseline farm-dependence,binary_top,top-third split,all,provyear,farm_income_only,lower/rest DID,0.12846880754855733,0.158990534043361,0.4190744480144991,2880,136,0.5472235405790223,ok
adjacent,completed_t,ib_nonfarm_curr_n,Current nonfarm workers,nonfarm,farmdep_top_tercile,Top tercile baseline farm-dependence,binary_top,top-third split,all,provyear,farm_income_only,top-minus-rest differential,0.033755301438633506,0.17496767843052796,0.8470192182318291,2880,136,0.5472235405790223,ok
adjacent,completed_t,ib_nonfarm_curr_n,Current nonfarm workers,nonfarm,farmdep_top_tercile,Top tercile baseline farm-dependence,binary_top,top-third split,all,provyear,farm_income_only,top group DID,0.16222410898719083,0.2056406515690799,0.43018694482185293,2880,136,0.5472235405790223,ok
adjacent,completed_t,ib_nonfarm_curr_n,Current nonfarm workers,nonfarm,farmdep_top_tercile,Top tercile baseline farm-dependence,binary_top,top-third split,all,provyear,other_baseline,lower/rest DID,-0.09065603530017817,0.10763713443088128,0.39965500492248696,2670,134,0.5472235405790223,ok
adjacent,completed_t,ib_nonfarm_curr_n,Current nonfarm workers,nonfarm,farmdep_top_tercile,Top tercile baseline farm-dependence,binary_top,top-third split,all,provyear,other_baseline,top-minus-rest differential,-0.0508542554578388,0.11980949837914895,0.6712308836970029,2670,134,0.5472235405790223,ok
adjacent,completed_t,ib_nonfarm_curr_n,Current nonfarm workers,nonfarm,farmdep_top_tercile,Top tercile baseline farm-dependence,binary_top,top-third split,all,provyear,other_baseline,top group DID,-0.14151029075801697,0.1368303646481801,0.3010415549801906,2670,134,0.5472235405790223,ok
adjacent,completed_t,ib_nonfarm_curr_n,Current nonfarm workers,nonfarm,farmdep_top_vs_bottom,Top versus bottom tercile baseline farm-dependence,binary_top_bottom,clean top-minus-bottom contrast,top_bottom_farmdep,stackyear,none,bottom group DID,0.20102098809995328,0.12731198805607882,0.11434441882083628,1944,131,0.594108527131783,ok
adjacent,completed_t,ib_nonfarm_curr_n,Current nonfarm workers,nonfarm,farmdep_top_vs_bottom,Top versus bottom tercile baseline farm-dependence,binary_top_bottom,clean top-minus-bottom contrast,top_bottom_farmdep,stackyear,none,top-minus-bottom differential,-0.31839884138021324,0.16636620758613943,0.05564018895206318,1944,131,0.594108527131783,ok
adjacent,completed_t,ib_nonfarm_curr_n,Current nonfarm workers,nonfarm,farmdep_top_vs_bottom,Top versus bottom tercile baseline farm-dependence,binary_top_bottom,clean top-minus-bottom contrast,top_bottom_farmdep,stackyear,none,top group DID,-0.11737785328025996,0.10909966821178015,0.28198214836825064,1944,131,0.594108527131783,ok
adjacent,completed_t,ib_nonfarm_curr_n,Current nonfarm workers,nonfarm,farmdep_top_vs_bottom,Top versus bottom tercile baseline farm-dependence,binary_top_bottom,clean top-minus-bottom contrast,top_bottom_farmdep,stackyear,farm_income_only,bottom group DID,0.20175074249985933,0.1275756099222409,0.11378181994493437,1944,131,0.594108527131783,ok
adjacent,completed_t,ib_nonfarm_curr_n,Current nonfarm workers,nonfarm,farmdep_top_vs_bottom,Top versus bottom tercile baseline farm-dependence,binary_top_bottom,clean top-minus-bottom contrast,top_bottom_farmdep,stackyear,farm_income_only,top-minus-bottom differential,-0.31935403073678303,0.16659250237329937,0.05524082675261485,1944,131,0.594108527131783,ok
adjacent,completed_t,ib_nonfarm_curr_n,Current nonfarm workers,nonfarm,farmdep_top_vs_bottom,Top versus bottom tercile baseline farm-dependence,binary_top_bottom,clean top-minus-bottom contrast,top_bottom_farmdep,stackyear,farm_income_only,top group DID,-0.1176032882369237,0.10916084270648915,0.281328619561923,1944,131,0.594108527131783,ok
adjacent,completed_t,ib_nonfarm_curr_n,Current nonfarm workers,nonfarm,farmdep_top_vs_bottom,Top versus bottom tercile baseline farm-dependence,binary_top_bottom,clean top-minus-bottom contrast,top_bottom_farmdep,stackyear,other_baseline,bottom group DID,0.18496102380741827,0.16613727526934913,0.2655785850320589,1814,130,0.594108527131783,ok
adjacent,completed_t,ib_nonfarm_curr_n,Current nonfarm workers,nonfarm,farmdep_top_vs_bottom,Top versus bottom tercile baseline farm-dependence,binary_top_bottom,clean top-minus-bottom contrast,top_bottom_farmdep,stackyear,other_baseline,top-minus-bottom differential,-0.22246031203707045,0.1796946091860103,0.2157193915450708,1814,130,0.594108527131783,ok
adjacent,completed_t,ib_nonfarm_curr_n,Current nonfarm workers,nonfarm,farmdep_top_vs_bottom,Top versus bottom tercile baseline farm-dependence,binary_top_bottom,clean top-minus-bottom contrast,top_bottom_farmdep,stackyear,other_baseline,top group DID,-0.03749928822965218,0.08322638286463348,0.6522996926286571,1814,130,0.594108527131783,ok
adjacent,completed_t,ib_nonfarm_curr_n,Current nonfarm workers,nonfarm,farmdep_top_vs_bottom,Top versus bottom tercile baseline farm-dependence,binary_top_bottom,clean top-minus-bottom contrast,top_bottom_farmdep,provyear,none,bottom group DID,0.19337517113925387,0.14409900723810717,0.1796088139449662,1940,130,0.594108527131783,ok
adjacent,completed_t,ib_nonfarm_curr_n,Current nonfarm workers,nonfarm,farmdep_top_vs_bottom,Top versus bottom tercile baseline farm-dependence,binary_top_bottom,clean top-minus-bottom contrast,top_bottom_farmdep,provyear,none,top-minus-bottom differential,-0.0563980367644005,0.14595455220328704,0.6991943732203367,1940,130,0.594108527131783,ok
adjacent,completed_t,ib_nonfarm_curr_n,Current nonfarm workers,nonfarm,farmdep_top_vs_bottom,Top versus bottom tercile baseline farm-dependence,binary_top_bottom,clean top-minus-bottom contrast,top_bottom_farmdep,provyear,none,top group DID,0.13697713437485337,0.14351691154856314,0.3398650095919772,1940,130,0.594108527131783,ok
adjacent,completed_t,ib_nonfarm_curr_n,Current nonfarm workers,nonfarm,farmdep_top_vs_bottom,Top versus bottom tercile baseline farm-dependence,binary_top_bottom,clean top-minus-bottom contrast,top_bottom_farmdep,provyear,farm_income_only,bottom group DID,0.19355062957260905,0.14393940491946047,0.17873265738286903,1940,130,0.594108527131783,ok
adjacent,completed_t,ib_nonfarm_curr_n,Current nonfarm workers,nonfarm,farmdep_top_vs_bottom,Top versus bottom tercile baseline farm-dependence,binary_top_bottom,clean top-minus-bottom contrast,top_bottom_farmdep,provyear,farm_income_only,top-minus-bottom differential,-0.05647723227342685,0.1460057655308153,0.6988931103766386,1940,130,0.594108527131783,ok
adjacent,completed_t,ib_nonfarm_curr_n,Current nonfarm workers,nonfarm,farmdep_top_vs_bottom,Top versus bottom tercile baseline farm-dependence,binary_top_bottom,clean top-minus-bottom contrast,top_bottom_farmdep,provyear,farm_income_only,top group DID,0.1370733972991822,0.14361589534757072,0.3398587045625513,1940,130,0.594108527131783,ok
adjacent,completed_t,ib_nonfarm_curr_n,Current nonfarm workers,nonfarm,farmdep_top_vs_bottom,Top versus bottom tercile baseline farm-dependence,binary_top_bottom,clean top-minus-bottom contrast,top_bottom_farmdep,provyear,other_baseline,bottom group DID,-0.08798585935939186,0.09162253099547296,0.3369001707682233,1808,128,0.594108527131783,ok
adjacent,completed_t,ib_nonfarm_curr_n,Current nonfarm workers,nonfarm,farmdep_top_vs_bottom,Top versus bottom tercile baseline farm-dependence,binary_top_bottom,clean top-minus-bottom contrast,top_bottom_farmdep,provyear,other_baseline,top-minus-bottom differential,-0.2521747638054035,0.16011765521787422,0.1152716441955848,1808,128,0.594108527131783,ok
adjacent,completed_t,ib_nonfarm_curr_n,Current nonfarm workers,nonfarm,farmdep_top_vs_bottom,Top versus bottom tercile baseline farm-dependence,binary_top_bottom,clean top-minus-bottom contrast,top_bottom_farmdep,provyear,other_baseline,top group DID,-0.34016062316479534,0.1437029912256427,0.017927658958575423,1808,128,0.594108527131783,ok
adjacent,completed_t,ib_nonfarm_curr_n,Current nonfarm workers,nonfarm,farmdep_ordered_tercile,Ordered tercile score of baseline farm-dependence,continuous,ordered farm-dependence gradient,all,stackyear,none,DID at mean modifier,-0.020480285668781455,0.12387196774158117,0.8686808590432097,2884,137,0.5472235405790223,ok
adjacent,completed_t,ib_nonfarm_curr_n,Current nonfarm workers,nonfarm,farmdep_ordered_tercile,Ordered tercile score of baseline farm-dependence,continuous,ordered farm-dependence gradient,all,stackyear,none,heterogeneity slope,-0.11189884583889187,0.06717833483779564,0.09577349791242686,2884,137,0.5472235405790223,ok
adjacent,completed_t,ib_nonfarm_curr_n,Current nonfarm workers,nonfarm,farmdep_ordered_tercile,Ordered tercile score of baseline farm-dependence,continuous,ordered farm-dependence gradient,all,stackyear,none,DID at +1 SD,-0.13237913150767333,0.1360666249531309,0.3306033261174658,2884,137,0.5472235405790223,ok
adjacent,completed_t,ib_nonfarm_curr_n,Current nonfarm workers,nonfarm,farmdep_ordered_tercile,Ordered tercile score of baseline farm-dependence,continuous,ordered farm-dependence gradient,all,stackyear,none,DID at -1 SD,0.09141856017011041,0.1456030896010268,0.5300947371492548,2884,137,0.5472235405790223,ok
adjacent,completed_t,ib_nonfarm_curr_n,Current nonfarm workers,nonfarm,farmdep_ordered_tercile,Ordered tercile score of baseline farm-dependence,continuous,ordered farm-dependence gradient,all,stackyear,farm_income_only,DID at mean modifier,-0.020609399025604963,0.12283631769302103,0.8667568589864393,2884,137,0.5472235405790223,ok
adjacent,completed_t,ib_nonfarm_curr_n,Current nonfarm workers,nonfarm,farmdep_ordered_tercile,Ordered tercile score of baseline farm-dependence,continuous,ordered farm-dependence gradient,all,stackyear,farm_income_only,heterogeneity slope,-0.1118857916819112,0.06729205263458944,0.09637459815593971,2884,137,0.5472235405790223,ok
adjacent,completed_t,ib_nonfarm_curr_n,Current nonfarm workers,nonfarm,farmdep_ordered_tercile,Ordered tercile score of baseline farm-dependence,continuous,ordered farm-dependence gradient,all,stackyear,farm_income_only,DID at +1 SD,-0.13249519070751617,0.13514643130879547,0.3268973648094634,2884,137,0.5472235405790223,ok
adjacent,completed_t,ib_nonfarm_curr_n,Current nonfarm workers,nonfarm,farmdep_ordered_tercile,Ordered tercile score of baseline farm-dependence,continuous,ordered farm-dependence gradient,all,stackyear,farm_income_only,DID at -1 SD,0.09127639265630624,0.1448081651317056,0.5284811294995646,2884,137,0.5472235405790223,ok
adjacent,completed_t,ib_nonfarm_curr_n,Current nonfarm workers,nonfarm,farmdep_ordered_tercile,Ordered tercile score of baseline farm-dependence,continuous,ordered farm-dependence gradient,all,stackyear,other_baseline,DID at mean modifier,0.033441389538542206,0.08374920256946683,0.6896692381216651,2676,136,0.5472235405790223,ok
adjacent,completed_t,ib_nonfarm_curr_n,Current nonfarm workers,nonfarm,farmdep_ordered_tercile,Ordered tercile score of baseline farm-dependence,continuous,ordered farm-dependence gradient,all,stackyear,other_baseline,heterogeneity slope,-0.07971594606378488,0.06802864923807533,0.24127751095071004,2676,136,0.5472235405790223,ok
adjacent,completed_t,ib_nonfarm_curr_n,Current nonfarm workers,nonfarm,farmdep_ordered_tercile,Ordered tercile score of baseline farm-dependence,continuous,ordered farm-dependence gradient,all,stackyear,other_baseline,DID at +1 SD,-0.04627455652524267,0.08433914679252928,0.5832303356036485,2676,136,0.5472235405790223,ok
adjacent,completed_t,ib_nonfarm_curr_n,Current nonfarm workers,nonfarm,farmdep_ordered_tercile,Ordered tercile score of baseline farm-dependence,continuous,ordered farm-dependence gradient,all,stackyear,other_baseline,DID at -1 SD,0.11315733560232707,0.1271635184110032,0.3735427236420371,2676,136,0.5472235405790223,ok
adjacent,completed_t,ib_nonfarm_curr_n,Current nonfarm workers,nonfarm,farmdep_ordered_tercile,Ordered tercile score of baseline farm-dependence,continuous,ordered farm-dependence gradient,all,provyear,none,DID at mean modifier,0.12932143626238524,0.16237420908952974,0.425775902987644,2880,136,0.5472235405790223,ok
adjacent,completed_t,ib_nonfarm_curr_n,Current nonfarm workers,nonfarm,farmdep_ordered_tercile,Ordered tercile score of baseline farm-dependence,continuous,ordered farm-dependence gradient,all,provyear,none,heterogeneity slope,-0.003619284874874085,0.08524613128983206,0.9661344844956025,2880,136,0.5472235405790223,ok
adjacent,completed_t,ib_nonfarm_curr_n,Current nonfarm workers,nonfarm,farmdep_ordered_tercile,Ordered tercile score of baseline farm-dependence,continuous,ordered farm-dependence gradient,all,provyear,none,DID at +1 SD,0.12570215138751115,0.20651958884497856,0.5427436027488513,2880,136,0.5472235405790223,ok
adjacent,completed_t,ib_nonfarm_curr_n,Current nonfarm workers,nonfarm,farmdep_ordered_tercile,Ordered tercile score of baseline farm-dependence,continuous,ordered farm-dependence gradient,all,provyear,none,DID at -1 SD,0.13294072113725933,0.15688923729169,0.3967978419257585,2880,136,0.5472235405790223,ok
adjacent,completed_t,ib_nonfarm_curr_n,Current nonfarm workers,nonfarm,farmdep_ordered_tercile,Ordered tercile score of baseline farm-dependence,continuous,ordered farm-dependence gradient,all,provyear,farm_income_only,DID at mean modifier,0.1302311870012188,0.1635942302843657,0.4259958687681149,2880,136,0.5472235405790223,ok
adjacent,completed_t,ib_nonfarm_curr_n,Current nonfarm workers,nonfarm,farmdep_ordered_tercile,Ordered tercile score of baseline farm-dependence,continuous,ordered farm-dependence gradient,all,provyear,farm_income_only,heterogeneity slope,-0.0014306427700584191,0.08548928524706063,0.9866482156468294,2880,136,0.5472235405790223,ok
adjacent,completed_t,ib_nonfarm_curr_n,Current nonfarm workers,nonfarm,farmdep_ordered_tercile,Ordered tercile score of baseline farm-dependence,continuous,ordered farm-dependence gradient,all,provyear,farm_income_only,DID at +1 SD,0.12880054423116039,0.20780973030526564,0.5353892361542196,2880,136,0.5472235405790223,ok
adjacent,completed_t,ib_nonfarm_curr_n,Current nonfarm workers,nonfarm,farmdep_ordered_tercile,Ordered tercile score of baseline farm-dependence,continuous,ordered farm-dependence gradient,all,provyear,farm_income_only,DID at -1 SD,0.13166182977127722,0.1579813157915439,0.40461845672709107,2880,136,0.5472235405790223,ok
adjacent,completed_t,ib_nonfarm_curr_n,Current nonfarm workers,nonfarm,farmdep_ordered_tercile,Ordered tercile score of baseline farm-dependence,continuous,ordered farm-dependence gradient,all,provyear,other_baseline,DID at mean modifier,-0.12463717343766989,0.11114050750874392,0.2621015261352251,2670,134,0.5472235405790223,ok
adjacent,completed_t,ib_nonfarm_curr_n,Current nonfarm workers,nonfarm,farmdep_ordered_tercile,Ordered tercile score of baseline farm-dependence,continuous,ordered farm-dependence gradient,all,provyear,other_baseline,heterogeneity slope,-0.062417074205328736,0.06198412626427072,0.3139420692367999,2670,134,0.5472235405790223,ok
adjacent,completed_t,ib_nonfarm_curr_n,Current nonfarm workers,nonfarm,farmdep_ordered_tercile,Ordered tercile score of baseline farm-dependence,continuous,ordered farm-dependence gradient,all,provyear,other_baseline,DID at +1 SD,-0.18705424764299863,0.14313468806252114,0.19126679146668535,2670,134,0.5472235405790223,ok
adjacent,completed_t,ib_nonfarm_curr_n,Current nonfarm workers,nonfarm,farmdep_ordered_tercile,Ordered tercile score of baseline farm-dependence,continuous,ordered farm-dependence gradient,all,provyear,other_baseline,DID at -1 SD,-0.062220099232341154,0.10909147404512053,0.5684417208596876,2670,134,0.5472235405790223,ok
adjacent,completed_t,ib_nonfarm_curr_n,Current nonfarm workers,nonfarm,farm_orientation_continuous,"Pre-specified farm-orientation index, continuous z",continuous,pre-specified index interaction,all,stackyear,none,DID at mean modifier,-0.05086908035552646,0.12511566272007082,0.6843191063285929,2968,138,0.5472235405790223,ok
adjacent,completed_t,ib_nonfarm_curr_n,Current nonfarm workers,nonfarm,farm_orientation_continuous,"Pre-specified farm-orientation index, continuous z",continuous,pre-specified index interaction,all,stackyear,none,heterogeneity slope,0.09693287342435428,0.14692891820965343,0.5094294779662268,2968,138,0.5472235405790223,ok
adjacent,completed_t,ib_nonfarm_curr_n,Current nonfarm workers,nonfarm,farm_orientation_continuous,"Pre-specified farm-orientation index, continuous z",continuous,pre-specified index interaction,all,stackyear,none,DID at +1 SD,0.04606379306882782,0.13240157620758014,0.727907997954425,2968,138,0.5472235405790223,ok
adjacent,completed_t,ib_nonfarm_curr_n,Current nonfarm workers,nonfarm,farm_orientation_continuous,"Pre-specified farm-orientation index, continuous z",continuous,pre-specified index interaction,all,stackyear,none,DID at -1 SD,-0.14780195377988073,0.2386501513639399,0.5357024195974329,2968,138,0.5472235405790223,ok
adjacent,completed_t,ib_nonfarm_curr_n,Current nonfarm workers,nonfarm,farm_orientation_continuous,"Pre-specified farm-orientation index, continuous z",continuous,pre-specified index interaction,all,stackyear,farm_income_only,DID at mean modifier,-0.05086908035552646,0.12511566272007082,0.6843191063285929,2968,138,0.5472235405790223,ok
adjacent,completed_t,ib_nonfarm_curr_n,Current nonfarm workers,nonfarm,farm_orientation_continuous,"Pre-specified farm-orientation index, continuous z",continuous,pre-specified index interaction,all,stackyear,farm_income_only,heterogeneity slope,0.09693287342435428,0.14692891820965343,0.5094294779662268,2968,138,0.5472235405790223,ok
adjacent,completed_t,ib_nonfarm_curr_n,Current nonfarm workers,nonfarm,farm_orientation_continuous,"Pre-specified farm-orientation index, continuous z",continuous,pre-specified index interaction,all,stackyear,farm_income_only,DID at +1 SD,0.04606379306882782,0.13240157620758014,0.727907997954425,2968,138,0.5472235405790223,ok
adjacent,completed_t,ib_nonfarm_curr_n,Current nonfarm workers,nonfarm,farm_orientation_continuous,"Pre-specified farm-orientation index, continuous z",continuous,pre-specified index interaction,all,stackyear,farm_income_only,DID at -1 SD,-0.14780195377988073,0.2386501513639399,0.5357024195974329,2968,138,0.5472235405790223,ok
adjacent,completed_t,ib_nonfarm_curr_n,Current nonfarm workers,nonfarm,farm_orientation_continuous,"Pre-specified farm-orientation index, continuous z",continuous,pre-specified index interaction,all,stackyear,other_baseline,DID at mean modifier,-0.05086908035552646,0.12511566272007082,0.6843191063285929,2968,138,0.5472235405790223,ok
adjacent,completed_t,ib_nonfarm_curr_n,Current nonfarm workers,nonfarm,farm_orientation_continuous,"Pre-specified farm-orientation index, continuous z",continuous,pre-specified index interaction,all,stackyear,other_baseline,heterogeneity slope,0.09693287342435428,0.14692891820965343,0.5094294779662268,2968,138,0.5472235405790223,ok
adjacent,completed_t,ib_nonfarm_curr_n,Current nonfarm workers,nonfarm,farm_orientation_continuous,"Pre-specified farm-orientation index, continuous z",continuous,pre-specified index interaction,all,stackyear,other_baseline,DID at +1 SD,0.04606379306882782,0.13240157620758014,0.727907997954425,2968,138,0.5472235405790223,ok
adjacent,completed_t,ib_nonfarm_curr_n,Current nonfarm workers,nonfarm,farm_orientation_continuous,"Pre-specified farm-orientation index, continuous z",continuous,pre-specified index interaction,all,stackyear,other_baseline,DID at -1 SD,-0.14780195377988073,0.2386501513639399,0.5357024195974329,2968,138,0.5472235405790223,ok
adjacent,completed_t,ib_nonfarm_curr_n,Current nonfarm workers,nonfarm,farm_orientation_continuous,"Pre-specified farm-orientation index, continuous z",continuous,pre-specified index interaction,all,provyear,none,DID at mean modifier,0.17353016264993978,0.166175197444375,0.29636497207696977,2964,137,0.5472235405790223,ok
adjacent,completed_t,ib_nonfarm_curr_n,Current nonfarm workers,nonfarm,farm_orientation_continuous,"Pre-specified farm-orientation index, continuous z",continuous,pre-specified index interaction,all,provyear,none,heterogeneity slope,0.2514506092106452,0.1583117894252739,0.11221281538552756,2964,137,0.5472235405790223,ok
adjacent,completed_t,ib_nonfarm_curr_n,Current nonfarm workers,nonfarm,farm_orientation_continuous,"Pre-specified farm-orientation index, continuous z",continuous,pre-specified index interaction,all,provyear,none,DID at +1 SD,0.424980771860585,0.2523940750666881,0.09222061196496699,2964,137,0.5472235405790223,ok
adjacent,completed_t,ib_nonfarm_curr_n,Current nonfarm workers,nonfarm,farm_orientation_continuous,"Pre-specified farm-orientation index, continuous z",continuous,pre-specified index interaction,all,provyear,none,DID at -1 SD,-0.07792044656070543,0.20408544461732092,0.7026074513925319,2964,137,0.5472235405790223,ok
adjacent,completed_t,ib_nonfarm_curr_n,Current nonfarm workers,nonfarm,farm_orientation_continuous,"Pre-specified farm-orientation index, continuous z",continuous,pre-specified index interaction,all,provyear,farm_income_only,DID at mean modifier,0.17353016264993978,0.166175197444375,0.29636497207696977,2964,137,0.5472235405790223,ok
adjacent,completed_t,ib_nonfarm_curr_n,Current nonfarm workers,nonfarm,farm_orientation_continuous,"Pre-specified farm-orientation index, continuous z",continuous,pre-specified index interaction,all,provyear,farm_income_only,heterogeneity slope,0.2514506092106452,0.1583117894252739,0.11221281538552756,2964,137,0.5472235405790223,ok
adjacent,completed_t,ib_nonfarm_curr_n,Current nonfarm workers,nonfarm,farm_orientation_continuous,"Pre-specified farm-orientation index, continuous z",continuous,pre-specified index interaction,all,provyear,farm_income_only,DID at +1 SD,0.424980771860585,0.2523940750666881,0.09222061196496699,2964,137,0.5472235405790223,ok
adjacent,completed_t,ib_nonfarm_curr_n,Current nonfarm workers,nonfarm,farm_orientation_continuous,"Pre-specified farm-orientation index, continuous z",continuous,pre-specified index interaction,all,provyear,farm_income_only,DID at -1 SD,-0.07792044656070543,0.20408544461732092,0.7026074513925319,2964,137,0.5472235405790223,ok
adjacent,completed_t,ib_nonfarm_curr_n,Current nonfarm workers,nonfarm,farm_orientation_continuous,"Pre-specified farm-orientation index, continuous z",continuous,pre-specified index interaction,all,provyear,other_baseline,DID at mean modifier,0.17353016264993978,0.166175197444375,0.29636497207696977,2964,137,0.5472235405790223,ok
adjacent,completed_t,ib_nonfarm_curr_n,Current nonfarm workers,nonfarm,farm_orientation_continuous,"Pre-specified farm-orientation index, continuous z",continuous,pre-specified index interaction,all,provyear,other_baseline,heterogeneity slope,0.2514506092106452,0.1583117894252739,0.11221281538552756,2964,137,0.5472235405790223,ok
adjacent,completed_t,ib_nonfarm_curr_n,Current nonfarm workers,nonfarm,farm_orientation_continuous,"Pre-specified farm-orientation index, continuous z",continuous,pre-specified index interaction,all,provyear,other_baseline,DID at +1 SD,0.424980771860585,0.2523940750666881,0.09222061196496699,2964,137,0.5472235405790223,ok
adjacent,completed_t,ib_nonfarm_curr_n,Current nonfarm workers,nonfarm,farm_orientation_continuous,"Pre-specified farm-orientation index, continuous z",continuous,pre-specified index interaction,all,provyear,other_baseline,DID at -1 SD,-0.07792044656070543,0.20408544461732092,0.7026074513925319,2964,137,0.5472235405790223,ok
adjacent,completed_t,ib_nonfarm_curr_n,Current nonfarm workers,nonfarm,farm_orientation_top_tercile,Top tercile pre-specified farm-orientation index,binary_top,pre-specified index top-third split,all,stackyear,none,lower/rest DID,-0.08588963371198999,0.17173316768563038,0.6169805728491063,2968,138,0.5472235405790223,ok
adjacent,completed_t,ib_nonfarm_curr_n,Current nonfarm workers,nonfarm,farm_orientation_top_tercile,Top tercile pre-specified farm-orientation index,binary_top,pre-specified index top-third split,all,stackyear,none,top-minus-rest differential,0.16118300269403285,0.19135859672932226,0.39961520635983505,2968,138,0.5472235405790223,ok
adjacent,completed_t,ib_nonfarm_curr_n,Current nonfarm workers,nonfarm,farm_orientation_top_tercile,Top tercile pre-specified farm-orientation index,binary_top,pre-specified index top-third split,all,stackyear,none,top group DID,0.07529336898204286,0.10920983517567462,0.49054791531236663,2968,138,0.5472235405790223,ok
adjacent,completed_t,ib_nonfarm_curr_n,Current nonfarm workers,nonfarm,farm_orientation_top_tercile,Top tercile pre-specified farm-orientation index,binary_top,pre-specified index top-third split,all,stackyear,farm_income_only,lower/rest DID,-0.08588963371198999,0.17173316768563038,0.6169805728491063,2968,138,0.5472235405790223,ok
adjacent,completed_t,ib_nonfarm_curr_n,Current nonfarm workers,nonfarm,farm_orientation_top_tercile,Top tercile pre-specified farm-orientation index,binary_top,pre-specified index top-third split,all,stackyear,farm_income_only,top-minus-rest differential,0.16118300269403285,0.19135859672932226,0.39961520635983505,2968,138,0.5472235405790223,ok
adjacent,completed_t,ib_nonfarm_curr_n,Current nonfarm workers,nonfarm,farm_orientation_top_tercile,Top tercile pre-specified farm-orientation index,binary_top,pre-specified index top-third split,all,stackyear,farm_income_only,top group DID,0.07529336898204286,0.10920983517567462,0.49054791531236663,2968,138,0.5472235405790223,ok
adjacent,completed_t,ib_nonfarm_curr_n,Current nonfarm workers,nonfarm,farm_orientation_top_tercile,Top tercile pre-specified farm-orientation index,binary_top,pre-specified index top-third split,all,stackyear,other_baseline,lower/rest DID,-0.08588963371198999,0.17173316768563038,0.6169805728491063,2968,138,0.5472235405790223,ok
adjacent,completed_t,ib_nonfarm_curr_n,Current nonfarm workers,nonfarm,farm_orientation_top_tercile,Top tercile pre-specified farm-orientation index,binary_top,pre-specified index top-third split,all,stackyear,other_baseline,top-minus-rest differential,0.16118300269403285,0.19135859672932226,0.39961520635983505,2968,138,0.5472235405790223,ok
adjacent,completed_t,ib_nonfarm_curr_n,Current nonfarm workers,nonfarm,farm_orientation_top_tercile,Top tercile pre-specified farm-orientation index,binary_top,pre-specified index top-third split,all,stackyear,other_baseline,top group DID,0.07529336898204286,0.10920983517567462,0.49054791531236663,2968,138,0.5472235405790223,ok
adjacent,completed_t,ib_nonfarm_curr_n,Current nonfarm workers,nonfarm,farm_orientation_top_tercile,Top tercile pre-specified farm-orientation index,binary_top,pre-specified index top-third split,all,provyear,none,lower/rest DID,0.08566859362758823,0.1620134288423576,0.5969617872522326,2964,137,0.5472235405790223,ok
adjacent,completed_t,ib_nonfarm_curr_n,Current nonfarm workers,nonfarm,farm_orientation_top_tercile,Top tercile pre-specified farm-orientation index,binary_top,pre-specified index top-third split,all,provyear,none,top-minus-rest differential,0.311051683680022,0.19945589514612835,0.11887782940662892,2964,137,0.5472235405790223,ok
adjacent,completed_t,ib_nonfarm_curr_n,Current nonfarm workers,nonfarm,farm_orientation_top_tercile,Top tercile pre-specified farm-orientation index,binary_top,pre-specified index top-third split,all,provyear,none,top group DID,0.3967202773076102,0.22137272786696863,0.07311824269928466,2964,137,0.5472235405790223,ok
adjacent,completed_t,ib_nonfarm_curr_n,Current nonfarm workers,nonfarm,farm_orientation_top_tercile,Top tercile pre-specified farm-orientation index,binary_top,pre-specified index top-third split,all,provyear,farm_income_only,lower/rest DID,0.08566859362758823,0.1620134288423576,0.5969617872522326,2964,137,0.5472235405790223,ok
adjacent,completed_t,ib_nonfarm_curr_n,Current nonfarm workers,nonfarm,farm_orientation_top_tercile,Top tercile pre-specified farm-orientation index,binary_top,pre-specified index top-third split,all,provyear,farm_income_only,top-minus-rest differential,0.311051683680022,0.19945589514612835,0.11887782940662892,2964,137,0.5472235405790223,ok
adjacent,completed_t,ib_nonfarm_curr_n,Current nonfarm workers,nonfarm,farm_orientation_top_tercile,Top tercile pre-specified farm-orientation index,binary_top,pre-specified index top-third split,all,provyear,farm_income_only,top group DID,0.3967202773076102,0.22137272786696863,0.07311824269928466,2964,137,0.5472235405790223,ok
adjacent,completed_t,ib_nonfarm_curr_n,Current nonfarm workers,nonfarm,farm_orientation_top_tercile,Top tercile pre-specified farm-orientation index,binary_top,pre-specified index top-third split,all,provyear,other_baseline,lower/rest DID,0.08566859362758823,0.1620134288423576,0.5969617872522326,2964,137,0.5472235405790223,ok
adjacent,completed_t,ib_nonfarm_curr_n,Current nonfarm workers,nonfarm,farm_orientation_top_tercile,Top tercile pre-specified farm-orientation index,binary_top,pre-specified index top-third split,all,provyear,other_baseline,top-minus-rest differential,0.311051683680022,0.19945589514612835,0.11887782940662892,2964,137,0.5472235405790223,ok
adjacent,completed_t,ib_nonfarm_curr_n,Current nonfarm workers,nonfarm,farm_orientation_top_tercile,Top tercile pre-specified farm-orientation index,binary_top,pre-specified index top-third split,all,provyear,other_baseline,top group DID,0.3967202773076102,0.22137272786696863,0.07311824269928466,2964,137,0.5472235405790223,ok
adjacent,completed_t,ib_nonfarm_curr_n,Current nonfarm workers,nonfarm,bottom_farmdep,Bottom tercile baseline farm-dependence,binary_bottom,exit-side low farm-dependence check,all,stackyear,none,lower/rest DID,-0.11019238363010962,0.15058273085240662,0.4643071033388415,2884,137,0.5472235405790223,ok
adjacent,completed_t,ib_nonfarm_curr_n,Current nonfarm workers,nonfarm,bottom_farmdep,Bottom tercile baseline farm-dependence,binary_bottom,exit-side low farm-dependence check,all,stackyear,none,bottom-minus-rest differential,0.3059263266077731,0.1967359537750972,0.11994374688689625,2884,137,0.5472235405790223,ok
adjacent,completed_t,ib_nonfarm_curr_n,Current nonfarm workers,nonfarm,bottom_farmdep,Bottom tercile baseline farm-dependence,binary_bottom,exit-side low farm-dependence check,all,stackyear,none,bottom group DID,0.19573394297766344,0.1283794754697031,0.1273460775630807,2884,137,0.5472235405790223,ok
adjacent,completed_t,ib_nonfarm_curr_n,Current nonfarm workers,nonfarm,bottom_farmdep,Bottom tercile baseline farm-dependence,binary_bottom,exit-side low farm-dependence check,all,stackyear,farm_income_only,lower/rest DID,-0.11028255259423037,0.15058352498327057,0.46394399472932224,2884,137,0.5472235405790223,ok
adjacent,completed_t,ib_nonfarm_curr_n,Current nonfarm workers,nonfarm,bottom_farmdep,Bottom tercile baseline farm-dependence,binary_bottom,exit-side low farm-dependence check,all,stackyear,farm_income_only,bottom-minus-rest differential,0.30788494369356423,0.19585838964900085,0.11595581442349547,2884,137,0.5472235405790223,ok
adjacent,completed_t,ib_nonfarm_curr_n,Current nonfarm workers,nonfarm,bottom_farmdep,Bottom tercile baseline farm-dependence,binary_bottom,exit-side low farm-dependence check,all,stackyear,farm_income_only,bottom group DID,0.19760239109933386,0.1283221143763246,0.12358631306463648,2884,137,0.5472235405790223,ok
adjacent,completed_t,ib_nonfarm_curr_n,Current nonfarm workers,nonfarm,bottom_farmdep,Bottom tercile baseline farm-dependence,binary_bottom,exit-side low farm-dependence check,all,stackyear,other_baseline,lower/rest DID,-0.024371022722873486,0.09132991000689056,0.7895877219701426,2676,136,0.5472235405790223,ok
adjacent,completed_t,ib_nonfarm_curr_n,Current nonfarm workers,nonfarm,bottom_farmdep,Bottom tercile baseline farm-dependence,binary_bottom,exit-side low farm-dependence check,all,stackyear,other_baseline,bottom-minus-rest differential,0.20091645769506625,0.1718741063014763,0.24241388147015364,2676,136,0.5472235405790223,ok
adjacent,completed_t,ib_nonfarm_curr_n,Current nonfarm workers,nonfarm,bottom_farmdep,Bottom tercile baseline farm-dependence,binary_bottom,exit-side low farm-dependence check,all,stackyear,other_baseline,bottom group DID,0.17654543497219277,0.1554467091366542,0.25606973184957627,2676,136,0.5472235405790223,ok
adjacent,completed_t,ib_nonfarm_curr_n,Current nonfarm workers,nonfarm,bottom_farmdep,Bottom tercile baseline farm-dependence,binary_bottom,exit-side low farm-dependence check,all,provyear,none,lower/rest DID,0.0760400306185505,0.2074348483815148,0.7139374937953338,2880,136,0.5472235405790223,ok
adjacent,completed_t,ib_nonfarm_curr_n,Current nonfarm workers,nonfarm,bottom_farmdep,Bottom tercile baseline farm-dependence,binary_bottom,exit-side low farm-dependence check,all,provyear,none,bottom-minus-rest differential,0.08378528864618655,0.20622950502229523,0.6845427022446232,2880,136,0.5472235405790223,ok
adjacent,completed_t,ib_nonfarm_curr_n,Current nonfarm workers,nonfarm,bottom_farmdep,Bottom tercile baseline farm-dependence,binary_bottom,exit-side low farm-dependence check,all,provyear,none,bottom group DID,0.15982531926473703,0.1531566616192836,0.2966976104542022,2880,136,0.5472235405790223,ok
adjacent,completed_t,ib_nonfarm_curr_n,Current nonfarm workers,nonfarm,bottom_farmdep,Bottom tercile baseline farm-dependence,binary_bottom,exit-side low farm-dependence check,all,provyear,farm_income_only,lower/rest DID,0.07792197686343968,0.20749754103526488,0.7072648154669543,2880,136,0.5472235405790223,ok
adjacent,completed_t,ib_nonfarm_curr_n,Current nonfarm workers,nonfarm,bottom_farmdep,Bottom tercile baseline farm-dependence,binary_bottom,exit-side low farm-dependence check,all,provyear,farm_income_only,bottom-minus-rest differential,0.08537446726198658,0.20576072000537288,0.678199652360352,2880,136,0.5472235405790223,ok
adjacent,completed_t,ib_nonfarm_curr_n,Current nonfarm workers,nonfarm,bottom_farmdep,Bottom tercile baseline farm-dependence,binary_bottom,exit-side low farm-dependence check,all,provyear,farm_income_only,bottom group DID,0.16329644412542627,0.15342490920037036,0.28717418346994716,2880,136,0.5472235405790223,ok
adjacent,completed_t,ib_nonfarm_curr_n,Current nonfarm workers,nonfarm,bottom_farmdep,Bottom tercile baseline farm-dependence,binary_bottom,exit-side low farm-dependence check,all,provyear,other_baseline,lower/rest DID,-0.14445590986853749,0.1483475230616251,0.3301722840123382,2670,134,0.5472235405790223,ok
adjacent,completed_t,ib_nonfarm_curr_n,Current nonfarm workers,nonfarm,bottom_farmdep,Bottom tercile baseline farm-dependence,binary_bottom,exit-side low farm-dependence check,all,provyear,other_baseline,bottom-minus-rest differential,0.1340390789996399,0.16450261158793136,0.41517861878582063,2670,134,0.5472235405790223,ok
adjacent,completed_t,ib_nonfarm_curr_n,Current nonfarm workers,nonfarm,bottom_farmdep,Bottom tercile baseline farm-dependence,binary_bottom,exit-side low farm-dependence check,all,provyear,other_baseline,bottom group DID,-0.01041683086889758,0.12247605370561142,0.932220066326023,2670,134,0.5472235405790223,ok
adjacent,completed_t,ib_nonfarm_curr_n,Current nonfarm workers,nonfarm,nonfarm_orientation_top,Top tercile baseline nonfarm orientation,binary_top,exit-side nonfarm orientation check,all,stackyear,none,lower/rest DID,0.1134950510123192,0.07837435391503819,0.14758498574157947,2972,138,0.5472235405790223,ok
adjacent,completed_t,ib_nonfarm_curr_n,Current nonfarm workers,nonfarm,nonfarm_orientation_top,Top tercile baseline nonfarm orientation,binary_top,exit-side nonfarm orientation check,all,stackyear,none,top-minus-rest differential,-0.23784622431417468,0.17777848999767268,0.18093567125166465,2972,138,0.5472235405790223,ok
adjacent,completed_t,ib_nonfarm_curr_n,Current nonfarm workers,nonfarm,nonfarm_orientation_top,Top tercile baseline nonfarm orientation,binary_top,exit-side nonfarm orientation check,all,stackyear,none,top group DID,-0.12435117330185548,0.16553724709334516,0.45253377864158817,2972,138,0.5472235405790223,ok
adjacent,completed_t,ib_nonfarm_curr_n,Current nonfarm workers,nonfarm,nonfarm_orientation_top,Top tercile baseline nonfarm orientation,binary_top,exit-side nonfarm orientation check,all,stackyear,farm_income_only,lower/rest DID,0.11985129398676683,0.08158505784768164,0.14182333438893904,2944,138,0.5472235405790223,ok
adjacent,completed_t,ib_nonfarm_curr_n,Current nonfarm workers,nonfarm,nonfarm_orientation_top,Top tercile baseline nonfarm orientation,binary_top,exit-side nonfarm orientation check,all,stackyear,farm_income_only,top-minus-rest differential,-0.23586229524280197,0.1749603625794192,0.17762947403314855,2944,138,0.5472235405790223,ok
adjacent,completed_t,ib_nonfarm_curr_n,Current nonfarm workers,nonfarm,nonfarm_orientation_top,Top tercile baseline nonfarm orientation,binary_top,exit-side nonfarm orientation check,all,stackyear,farm_income_only,top group DID,-0.11601100125603514,0.16028897165965716,0.4692121129976129,2944,138,0.5472235405790223,ok
adjacent,completed_t,ib_nonfarm_curr_n,Current nonfarm workers,nonfarm,nonfarm_orientation_top,Top tercile baseline nonfarm orientation,binary_top,exit-side nonfarm orientation check,all,stackyear,other_baseline,lower/rest DID,0.06374635156404465,0.07434278706831837,0.3911878484078134,2676,136,0.5472235405790223,ok
adjacent,completed_t,ib_nonfarm_curr_n,Current nonfarm workers,nonfarm,nonfarm_orientation_top,Top tercile baseline nonfarm orientation,binary_top,exit-side nonfarm orientation check,all,stackyear,other_baseline,top-minus-rest differential,-0.10346339853851319,0.1788760037471837,0.5629883659358448,2676,136,0.5472235405790223,ok
adjacent,completed_t,ib_nonfarm_curr_n,Current nonfarm workers,nonfarm,nonfarm_orientation_top,Top tercile baseline nonfarm orientation,binary_top,exit-side nonfarm orientation check,all,stackyear,other_baseline,top group DID,-0.03971704697446854,0.1698290943811855,0.8150899419966877,2676,136,0.5472235405790223,ok
adjacent,completed_t,ib_nonfarm_curr_n,Current nonfarm workers,nonfarm,nonfarm_orientation_top,Top tercile baseline nonfarm orientation,binary_top,exit-side nonfarm orientation check,all,provyear,none,lower/rest DID,0.07222813280579787,0.12608693178109276,0.5667503754867812,2968,137,0.5472235405790223,ok
adjacent,completed_t,ib_nonfarm_curr_n,Current nonfarm workers,nonfarm,nonfarm_orientation_top,Top tercile baseline nonfarm orientation,binary_top,exit-side nonfarm orientation check,all,provyear,none,top-minus-rest differential,-0.20214103214604684,0.1706560795017438,0.23621773246882027,2968,137,0.5472235405790223,ok
adjacent,completed_t,ib_nonfarm_curr_n,Current nonfarm workers,nonfarm,nonfarm_orientation_top,Top tercile baseline nonfarm orientation,binary_top,exit-side nonfarm orientation check,all,provyear,none,top group DID,-0.12991289934024897,0.15873781709420262,0.4131220978709448,2968,137,0.5472235405790223,ok
adjacent,completed_t,ib_nonfarm_curr_n,Current nonfarm workers,nonfarm,nonfarm_orientation_top,Top tercile baseline nonfarm orientation,binary_top,exit-side nonfarm orientation check,all,provyear,farm_income_only,lower/rest DID,0.0746255138414682,0.12419459805676632,0.5479227911091066,2940,137,0.5472235405790223,ok
adjacent,completed_t,ib_nonfarm_curr_n,Current nonfarm workers,nonfarm,nonfarm_orientation_top,Top tercile baseline nonfarm orientation,binary_top,exit-side nonfarm orientation check,all,provyear,farm_income_only,top-minus-rest differential,-0.2208993226993854,0.16835760115161438,0.18949177793842475,2940,137,0.5472235405790223,ok
adjacent,completed_t,ib_nonfarm_curr_n,Current nonfarm workers,nonfarm,nonfarm_orientation_top,Top tercile baseline nonfarm orientation,binary_top,exit-side nonfarm orientation check,all,provyear,farm_income_only,top group DID,-0.1462738088579172,0.15460622673343952,0.34409475434271763,2940,137,0.5472235405790223,ok
adjacent,completed_t,ib_nonfarm_curr_n,Current nonfarm workers,nonfarm,nonfarm_orientation_top,Top tercile baseline nonfarm orientation,binary_top,exit-side nonfarm orientation check,all,provyear,other_baseline,lower/rest DID,0.020264916247457968,0.12052393749746196,0.8664730021693914,2670,134,0.5472235405790223,ok
adjacent,completed_t,ib_nonfarm_curr_n,Current nonfarm workers,nonfarm,nonfarm_orientation_top,Top tercile baseline nonfarm orientation,binary_top,exit-side nonfarm orientation check,all,provyear,other_baseline,top-minus-rest differential,-0.10011004929566239,0.17159936293471667,0.5596280546001553,2670,134,0.5472235405790223,ok
adjacent,completed_t,ib_nonfarm_curr_n,Current nonfarm workers,nonfarm,nonfarm_orientation_top,Top tercile baseline nonfarm orientation,binary_top,exit-side nonfarm orientation check,all,provyear,other_baseline,top group DID,-0.07984513304820443,0.16923542658978138,0.6370701465790584,2670,134,0.5472235405790223,ok
adjacent,completed_t,ib_nonfarm_curr_ge2,At least two current nonfarm workers,nonfarm,farmdep_continuous,"Baseline farm-dependence, continuous winsorized z",continuous,continuous farm-dependence interaction,all,stackyear,none,DID at mean modifier,-0.044959204519251526,0.05761285860030402,0.4351745706792244,2884,137,0.12482202183198861,ok
adjacent,completed_t,ib_nonfarm_curr_ge2,At least two current nonfarm workers,nonfarm,farmdep_continuous,"Baseline farm-dependence, continuous winsorized z",continuous,continuous farm-dependence interaction,all,stackyear,none,heterogeneity slope,0.0023355646496081,0.02735841675469217,0.9319679222352011,2884,137,0.12482202183198861,ok
adjacent,completed_t,ib_nonfarm_curr_ge2,At least two current nonfarm workers,nonfarm,farmdep_continuous,"Baseline farm-dependence, continuous winsorized z",continuous,continuous farm-dependence interaction,all,stackyear,none,DID at +1 SD,-0.042623639869643425,0.04117288214327089,0.3005588230330052,2884,137,0.12482202183198861,ok
adjacent,completed_t,ib_nonfarm_curr_ge2,At least two current nonfarm workers,nonfarm,farmdep_continuous,"Baseline farm-dependence, continuous winsorized z",continuous,continuous farm-dependence interaction,all,stackyear,none,DID at -1 SD,-0.04729476916885963,0.0802511225021832,0.5556367887215599,2884,137,0.12482202183198861,ok
adjacent,completed_t,ib_nonfarm_curr_ge2,At least two current nonfarm workers,nonfarm,farmdep_continuous,"Baseline farm-dependence, continuous winsorized z",continuous,continuous farm-dependence interaction,all,stackyear,farm_income_only,DID at mean modifier,-0.04733894543951348,0.05762284189277138,0.41134392798800756,2884,137,0.12482202183198861,ok
adjacent,completed_t,ib_nonfarm_curr_ge2,At least two current nonfarm workers,nonfarm,farmdep_continuous,"Baseline farm-dependence, continuous winsorized z",continuous,continuous farm-dependence interaction,all,stackyear,farm_income_only,heterogeneity slope,0.0041854703132485505,0.027937290108914128,0.8809092982623162,2884,137,0.12482202183198861,ok
adjacent,completed_t,ib_nonfarm_curr_ge2,At least two current nonfarm workers,nonfarm,farmdep_continuous,"Baseline farm-dependence, continuous winsorized z",continuous,continuous farm-dependence interaction,all,stackyear,farm_income_only,DID at +1 SD,-0.04315347512626493,0.0411598557374801,0.29443776765181495,2884,137,0.12482202183198861,ok
adjacent,completed_t,ib_nonfarm_curr_ge2,At least two current nonfarm workers,nonfarm,farmdep_continuous,"Baseline farm-dependence, continuous winsorized z",continuous,continuous farm-dependence interaction,all,stackyear,farm_income_only,DID at -1 SD,-0.05152441575276203,0.08066991042841033,0.5230137252538756,2884,137,0.12482202183198861,ok
adjacent,completed_t,ib_nonfarm_curr_ge2,At least two current nonfarm workers,nonfarm,farmdep_continuous,"Baseline farm-dependence, continuous winsorized z",continuous,continuous farm-dependence interaction,all,stackyear,other_baseline,DID at mean modifier,-0.019528310643028096,0.03928322174827435,0.6191073854700768,2676,136,0.12482202183198861,ok
adjacent,completed_t,ib_nonfarm_curr_ge2,At least two current nonfarm workers,nonfarm,farmdep_continuous,"Baseline farm-dependence, continuous winsorized z",continuous,continuous farm-dependence interaction,all,stackyear,other_baseline,heterogeneity slope,0.00606777957026809,0.02387143080497043,0.7993519933890733,2676,136,0.12482202183198861,ok
adjacent,completed_t,ib_nonfarm_curr_ge2,At least two current nonfarm workers,nonfarm,farmdep_continuous,"Baseline farm-dependence, continuous winsorized z",continuous,continuous farm-dependence interaction,all,stackyear,other_baseline,DID at +1 SD,-0.013460531072760006,0.02994854358321787,0.6531032604474201,2676,136,0.12482202183198861,ok
adjacent,completed_t,ib_nonfarm_curr_ge2,At least two current nonfarm workers,nonfarm,farmdep_continuous,"Baseline farm-dependence, continuous winsorized z",continuous,continuous farm-dependence interaction,all,stackyear,other_baseline,DID at -1 SD,-0.025596090213296188,0.05769851104183948,0.6573188881377006,2676,136,0.12482202183198861,ok
adjacent,completed_t,ib_nonfarm_curr_ge2,At least two current nonfarm workers,nonfarm,farmdep_continuous,"Baseline farm-dependence, continuous winsorized z",continuous,continuous farm-dependence interaction,all,provyear,none,DID at mean modifier,0.04059831732303001,0.07276923574767062,0.5769092866052281,2880,136,0.12482202183198861,ok
adjacent,completed_t,ib_nonfarm_curr_ge2,At least two current nonfarm workers,nonfarm,farmdep_continuous,"Baseline farm-dependence, continuous winsorized z",continuous,continuous farm-dependence interaction,all,provyear,none,heterogeneity slope,0.04065251255012468,0.03835272172040859,0.28916087989158334,2880,136,0.12482202183198861,ok
adjacent,completed_t,ib_nonfarm_curr_ge2,At least two current nonfarm workers,nonfarm,farmdep_continuous,"Baseline farm-dependence, continuous winsorized z",continuous,continuous farm-dependence interaction,all,provyear,none,DID at +1 SD,0.08125082987315468,0.08744234703527637,0.3527889968291431,2880,136,0.12482202183198861,ok
adjacent,completed_t,ib_nonfarm_curr_ge2,At least two current nonfarm workers,nonfarm,farmdep_continuous,"Baseline farm-dependence, continuous winsorized z",continuous,continuous farm-dependence interaction,all,provyear,none,DID at -1 SD,-5.4195227094669396e-05,0.07672302010667088,0.9994363943010597,2880,136,0.12482202183198861,ok
adjacent,completed_t,ib_nonfarm_curr_ge2,At least two current nonfarm workers,nonfarm,farmdep_continuous,"Baseline farm-dependence, continuous winsorized z",continuous,continuous farm-dependence interaction,all,provyear,farm_income_only,DID at mean modifier,0.04317496439967087,0.07379417619786399,0.5584987753113997,2880,136,0.12482202183198861,ok
adjacent,completed_t,ib_nonfarm_curr_ge2,At least two current nonfarm workers,nonfarm,farmdep_continuous,"Baseline farm-dependence, continuous winsorized z",continuous,continuous farm-dependence interaction,all,provyear,farm_income_only,heterogeneity slope,0.0447221352931075,0.0382922404723315,0.24284049184815915,2880,136,0.12482202183198861,ok
adjacent,completed_t,ib_nonfarm_curr_ge2,At least two current nonfarm workers,nonfarm,farmdep_continuous,"Baseline farm-dependence, continuous winsorized z",continuous,continuous farm-dependence interaction,all,provyear,farm_income_only,DID at +1 SD,0.08789709969277837,0.0881333088281113,0.3186092742150257,2880,136,0.12482202183198861,ok
adjacent,completed_t,ib_nonfarm_curr_ge2,At least two current nonfarm workers,nonfarm,farmdep_continuous,"Baseline farm-dependence, continuous winsorized z",continuous,continuous farm-dependence interaction,all,provyear,farm_income_only,DID at -1 SD,-0.0015471708934366307,0.0778220541828168,0.9841383979592006,2880,136,0.12482202183198861,ok
adjacent,completed_t,ib_nonfarm_curr_ge2,At least two current nonfarm workers,nonfarm,farmdep_continuous,"Baseline farm-dependence, continuous winsorized z",continuous,continuous farm-dependence interaction,all,provyear,other_baseline,DID at mean modifier,-0.06580864349728557,0.05776079342096439,0.25456526061452556,2670,134,0.12482202183198861,ok
adjacent,completed_t,ib_nonfarm_curr_ge2,At least two current nonfarm workers,nonfarm,farmdep_continuous,"Baseline farm-dependence, continuous winsorized z",continuous,continuous farm-dependence interaction,all,provyear,other_baseline,heterogeneity slope,0.015676551182614837,0.026355178729371022,0.551964716178637,2670,134,0.12482202183198861,ok
adjacent,completed_t,ib_nonfarm_curr_ge2,At least two current nonfarm workers,nonfarm,farmdep_continuous,"Baseline farm-dependence, continuous winsorized z",continuous,continuous farm-dependence interaction,all,provyear,other_baseline,DID at +1 SD,-0.05013209231467074,0.06752419156247619,0.4578258910188394,2670,134,0.12482202183198861,ok
adjacent,completed_t,ib_nonfarm_curr_ge2,At least two current nonfarm workers,nonfarm,farmdep_continuous,"Baseline farm-dependence, continuous winsorized z",continuous,continuous farm-dependence interaction,all,provyear,other_baseline,DID at -1 SD,-0.08148519467990041,0.059180173696828986,0.16854309659552313,2670,134,0.12482202183198861,ok
adjacent,completed_t,ib_nonfarm_curr_ge2,At least two current nonfarm workers,nonfarm,farmdep_top_tercile,Top tercile baseline farm-dependence,binary_top,top-third split,all,stackyear,none,lower/rest DID,-0.056005930095435225,0.07188195367682515,0.4358986859359313,2884,137,0.12482202183198861,ok
adjacent,completed_t,ib_nonfarm_curr_ge2,At least two current nonfarm workers,nonfarm,farmdep_top_tercile,Top tercile baseline farm-dependence,binary_top,top-third split,all,stackyear,none,top-minus-rest differential,0.03392849830675253,0.04928223025427291,0.4911675701612106,2884,137,0.12482202183198861,ok
adjacent,completed_t,ib_nonfarm_curr_ge2,At least two current nonfarm workers,nonfarm,farmdep_top_tercile,Top tercile baseline farm-dependence,binary_top,top-third split,all,stackyear,none,top group DID,-0.022077431788682697,0.036270871204706165,0.542735142266229,2884,137,0.12482202183198861,ok
adjacent,completed_t,ib_nonfarm_curr_ge2,At least two current nonfarm workers,nonfarm,farmdep_top_tercile,Top tercile baseline farm-dependence,binary_top,top-third split,all,stackyear,farm_income_only,lower/rest DID,-0.06154591423821197,0.07272939784902883,0.3974235604348135,2884,137,0.12482202183198861,ok
adjacent,completed_t,ib_nonfarm_curr_ge2,At least two current nonfarm workers,nonfarm,farmdep_top_tercile,Top tercile baseline farm-dependence,binary_top,top-third split,all,stackyear,farm_income_only,top-minus-rest differential,0.038733960253772626,0.05097515798333849,0.44733854674993634,2884,137,0.12482202183198861,ok
adjacent,completed_t,ib_nonfarm_curr_ge2,At least two current nonfarm workers,nonfarm,farmdep_top_tercile,Top tercile baseline farm-dependence,binary_top,top-third split,all,stackyear,farm_income_only,top group DID,-0.022811953984439345,0.03615262858361862,0.5280469386613923,2884,137,0.12482202183198861,ok
adjacent,completed_t,ib_nonfarm_curr_ge2,At least two current nonfarm workers,nonfarm,farmdep_top_tercile,Top tercile baseline farm-dependence,binary_top,top-third split,all,stackyear,other_baseline,lower/rest DID,-0.03435731002810275,0.05005177359161988,0.4924385776691358,2676,136,0.12482202183198861,ok
adjacent,completed_t,ib_nonfarm_curr_ge2,At least two current nonfarm workers,nonfarm,farmdep_top_tercile,Top tercile baseline farm-dependence,binary_top,top-third split,all,stackyear,other_baseline,top-minus-rest differential,0.03773352927750463,0.04808470139049154,0.4326116266219958,2676,136,0.12482202183198861,ok
adjacent,completed_t,ib_nonfarm_curr_ge2,At least two current nonfarm workers,nonfarm,farmdep_top_tercile,Top tercile baseline farm-dependence,binary_top,top-third split,all,stackyear,other_baseline,top group DID,0.003376219249401881,0.034553476546861334,0.9221625964000819,2676,136,0.12482202183198861,ok
adjacent,completed_t,ib_nonfarm_curr_ge2,At least two current nonfarm workers,nonfarm,farmdep_top_tercile,Top tercile baseline farm-dependence,binary_top,top-third split,all,provyear,none,lower/rest DID,0.009016008629482208,0.07131732267834211,0.8993986646105628,2880,136,0.12482202183198861,ok
adjacent,completed_t,ib_nonfarm_curr_ge2,At least two current nonfarm workers,nonfarm,farmdep_top_tercile,Top tercile baseline farm-dependence,binary_top,top-third split,all,provyear,none,top-minus-rest differential,0.11004658077517132,0.06867398941071005,0.10905630807235235,2880,136,0.12482202183198861,ok
adjacent,completed_t,ib_nonfarm_curr_ge2,At least two current nonfarm workers,nonfarm,farmdep_top_tercile,Top tercile baseline farm-dependence,binary_top,top-third split,all,provyear,none,top group DID,0.11906258940465353,0.08562574332364566,0.16437712300794982,2880,136,0.12482202183198861,ok
adjacent,completed_t,ib_nonfarm_curr_ge2,At least two current nonfarm workers,nonfarm,farmdep_top_tercile,Top tercile baseline farm-dependence,binary_top,top-third split,all,provyear,farm_income_only,lower/rest DID,0.008615616438968875,0.07254527022644104,0.9054639691527738,2880,136,0.12482202183198861,ok
adjacent,completed_t,ib_nonfarm_curr_ge2,At least two current nonfarm workers,nonfarm,farmdep_top_tercile,Top tercile baseline farm-dependence,binary_top,top-third split,all,provyear,farm_income_only,top-minus-rest differential,0.11907826866226498,0.06832955008304607,0.08138510645668662,2880,136,0.12482202183198861,ok
adjacent,completed_t,ib_nonfarm_curr_ge2,At least two current nonfarm workers,nonfarm,farmdep_top_tercile,Top tercile baseline farm-dependence,binary_top,top-third split,all,provyear,farm_income_only,top group DID,0.12769388510123386,0.08616376768118719,0.1383428228978521,2880,136,0.12482202183198861,ok
adjacent,completed_t,ib_nonfarm_curr_ge2,At least two current nonfarm workers,nonfarm,farmdep_top_tercile,Top tercile baseline farm-dependence,binary_top,top-third split,all,provyear,other_baseline,lower/rest DID,-0.08278238189068013,0.057843522274471704,0.15238908761720624,2670,134,0.12482202183198861,ok
adjacent,completed_t,ib_nonfarm_curr_ge2,At least two current nonfarm workers,nonfarm,farmdep_top_tercile,Top tercile baseline farm-dependence,binary_top,top-third split,all,provyear,other_baseline,top-minus-rest differential,0.05576397956315771,0.04737415007227245,0.2391567112070091,2670,134,0.12482202183198861,ok
adjacent,completed_t,ib_nonfarm_curr_ge2,At least two current nonfarm workers,nonfarm,farmdep_top_tercile,Top tercile baseline farm-dependence,binary_top,top-third split,all,provyear,other_baseline,top group DID,-0.027018402327522416,0.0661557123637115,0.6829754908690672,2670,134,0.12482202183198861,ok
adjacent,completed_t,ib_nonfarm_curr_ge2,At least two current nonfarm workers,nonfarm,farmdep_top_vs_bottom,Top versus bottom tercile baseline farm-dependence,binary_top_bottom,clean top-minus-bottom contrast,top_bottom_farmdep,stackyear,none,bottom group DID,0.03841592830074436,0.06360707893200493,0.5458723591869132,1944,131,0.14821705426356588,ok
adjacent,completed_t,ib_nonfarm_curr_ge2,At least two current nonfarm workers,nonfarm,farmdep_top_vs_bottom,Top versus bottom tercile baseline farm-dependence,binary_top_bottom,clean top-minus-bottom contrast,top_bottom_farmdep,stackyear,none,top-minus-bottom differential,-0.06552339652450336,0.07334119635703812,0.3716402895840961,1944,131,0.14821705426356588,ok
adjacent,completed_t,ib_nonfarm_curr_ge2,At least two current nonfarm workers,nonfarm,farmdep_top_vs_bottom,Top versus bottom tercile baseline farm-dependence,binary_top_bottom,clean top-minus-bottom contrast,top_bottom_farmdep,stackyear,none,top group DID,-0.027107468223758993,0.036798941217535006,0.46134301956896995,1944,131,0.14821705426356588,ok
adjacent,completed_t,ib_nonfarm_curr_ge2,At least two current nonfarm workers,nonfarm,farmdep_top_vs_bottom,Top versus bottom tercile baseline farm-dependence,binary_top_bottom,clean top-minus-bottom contrast,top_bottom_farmdep,stackyear,farm_income_only,bottom group DID,0.03962399983651807,0.06447969903488916,0.5388724250457498,1944,131,0.14821705426356588,ok
adjacent,completed_t,ib_nonfarm_curr_ge2,At least two current nonfarm workers,nonfarm,farmdep_top_vs_bottom,Top versus bottom tercile baseline farm-dependence,binary_top_bottom,clean top-minus-bottom contrast,top_bottom_farmdep,stackyear,farm_income_only,top-minus-bottom differential,-0.06710466424018562,0.07421109328040333,0.36586797386765535,1944,131,0.14821705426356588,ok
adjacent,completed_t,ib_nonfarm_curr_ge2,At least two current nonfarm workers,nonfarm,farmdep_top_vs_bottom,Top versus bottom tercile baseline farm-dependence,binary_top_bottom,clean top-minus-bottom contrast,top_bottom_farmdep,stackyear,farm_income_only,top group DID,-0.027480664403667546,0.036812971542716746,0.4553690215080851,1944,131,0.14821705426356588,ok
adjacent,completed_t,ib_nonfarm_curr_ge2,At least two current nonfarm workers,nonfarm,farmdep_top_vs_bottom,Top versus bottom tercile baseline farm-dependence,binary_top_bottom,clean top-minus-bottom contrast,top_bottom_farmdep,stackyear,other_baseline,bottom group DID,0.03320342473874117,0.08669840902989817,0.7017374322338075,1814,130,0.14821705426356588,ok
adjacent,completed_t,ib_nonfarm_curr_ge2,At least two current nonfarm workers,nonfarm,farmdep_top_vs_bottom,Top versus bottom tercile baseline farm-dependence,binary_top_bottom,clean top-minus-bottom contrast,top_bottom_farmdep,stackyear,other_baseline,top-minus-bottom differential,-0.0366878535744178,0.09285034813529953,0.6927477801403249,1814,130,0.14821705426356588,ok
adjacent,completed_t,ib_nonfarm_curr_ge2,At least two current nonfarm workers,nonfarm,farmdep_top_vs_bottom,Top versus bottom tercile baseline farm-dependence,binary_top_bottom,clean top-minus-bottom contrast,top_bottom_farmdep,stackyear,other_baseline,top group DID,-0.00348442883567663,0.03537294261301578,0.9215309174688828,1814,130,0.14821705426356588,ok
adjacent,completed_t,ib_nonfarm_curr_ge2,At least two current nonfarm workers,nonfarm,farmdep_top_vs_bottom,Top versus bottom tercile baseline farm-dependence,binary_top_bottom,clean top-minus-bottom contrast,top_bottom_farmdep,provyear,none,bottom group DID,0.052733878228687414,0.06455016740830367,0.4139603758649867,1940,130,0.14821705426356588,ok
adjacent,completed_t,ib_nonfarm_curr_ge2,At least two current nonfarm workers,nonfarm,farmdep_top_vs_bottom,Top versus bottom tercile baseline farm-dependence,binary_top_bottom,clean top-minus-bottom contrast,top_bottom_farmdep,provyear,none,top-minus-bottom differential,0.023511698653538214,0.0939785064413868,0.8024468683241224,1940,130,0.14821705426356588,ok
adjacent,completed_t,ib_nonfarm_curr_ge2,At least two current nonfarm workers,nonfarm,farmdep_top_vs_bottom,Top versus bottom tercile baseline farm-dependence,binary_top_bottom,clean top-minus-bottom contrast,top_bottom_farmdep,provyear,none,top group DID,0.07624557688222564,0.08283363528344123,0.3573290911377818,1940,130,0.14821705426356588,ok
adjacent,completed_t,ib_nonfarm_curr_ge2,At least two current nonfarm workers,nonfarm,farmdep_top_vs_bottom,Top versus bottom tercile baseline farm-dependence,binary_top_bottom,clean top-minus-bottom contrast,top_bottom_farmdep,provyear,farm_income_only,bottom group DID,0.05340838106070623,0.06458479055659629,0.40826550270731776,1940,130,0.14821705426356588,ok
adjacent,completed_t,ib_nonfarm_curr_ge2,At least two current nonfarm workers,nonfarm,farmdep_top_vs_bottom,Top versus bottom tercile baseline farm-dependence,binary_top_bottom,clean top-minus-bottom contrast,top_bottom_farmdep,provyear,farm_income_only,top-minus-bottom differential,0.02320725278507954,0.09493641759757414,0.8068819504658263,1940,130,0.14821705426356588,ok
adjacent,completed_t,ib_nonfarm_curr_ge2,At least two current nonfarm workers,nonfarm,farmdep_top_vs_bottom,Top versus bottom tercile baseline farm-dependence,binary_top_bottom,clean top-minus-bottom contrast,top_bottom_farmdep,provyear,farm_income_only,top group DID,0.07661563384578576,0.08296819730822791,0.35578120863962914,1940,130,0.14821705426356588,ok
adjacent,completed_t,ib_nonfarm_curr_ge2,At least two current nonfarm workers,nonfarm,farmdep_top_vs_bottom,Top versus bottom tercile baseline farm-dependence,binary_top_bottom,clean top-minus-bottom contrast,top_bottom_farmdep,provyear,other_baseline,bottom group DID,-0.055148627431046975,0.04948370205259471,0.2650730497860777,1808,128,0.14821705426356588,ok
adjacent,completed_t,ib_nonfarm_curr_ge2,At least two current nonfarm workers,nonfarm,farmdep_top_vs_bottom,Top versus bottom tercile baseline farm-dependence,binary_top_bottom,clean top-minus-bottom contrast,top_bottom_farmdep,provyear,other_baseline,top-minus-bottom differential,-0.05084727169609754,0.10586715254929466,0.6310189353622566,1808,128,0.14821705426356588,ok
adjacent,completed_t,ib_nonfarm_curr_ge2,At least two current nonfarm workers,nonfarm,farmdep_top_vs_bottom,Top versus bottom tercile baseline farm-dependence,binary_top_bottom,clean top-minus-bottom contrast,top_bottom_farmdep,provyear,other_baseline,top group DID,-0.10599589912714452,0.09278658957124518,0.253303467352785,1808,128,0.14821705426356588,ok
adjacent,completed_t,ib_nonfarm_curr_ge2,At least two current nonfarm workers,nonfarm,farmdep_ordered_tercile,Ordered tercile score of baseline farm-dependence,continuous,ordered farm-dependence gradient,all,stackyear,none,DID at mean modifier,-0.04535967864123447,0.05694807634220878,0.4257360087647969,2884,137,0.12482202183198861,ok
adjacent,completed_t,ib_nonfarm_curr_ge2,At least two current nonfarm workers,nonfarm,farmdep_ordered_tercile,Ordered tercile score of baseline farm-dependence,continuous,ordered farm-dependence gradient,all,stackyear,none,heterogeneity slope,-0.01178014932916536,0.03007481932693227,0.6952837575220554,2884,137,0.12482202183198861,ok
adjacent,completed_t,ib_nonfarm_curr_ge2,At least two current nonfarm workers,nonfarm,farmdep_ordered_tercile,Ordered tercile score of baseline farm-dependence,continuous,ordered farm-dependence gradient,all,stackyear,none,DID at +1 SD,-0.05713982797039983,0.057395087746733756,0.31946758238500406,2884,137,0.12482202183198861,ok
adjacent,completed_t,ib_nonfarm_curr_ge2,At least two current nonfarm workers,nonfarm,farmdep_ordered_tercile,Ordered tercile score of baseline farm-dependence,continuous,ordered farm-dependence gradient,all,stackyear,none,DID at -1 SD,-0.03357952931206911,0.07071746754371264,0.6349005459870458,2884,137,0.12482202183198861,ok
adjacent,completed_t,ib_nonfarm_curr_ge2,At least two current nonfarm workers,nonfarm,farmdep_ordered_tercile,Ordered tercile score of baseline farm-dependence,continuous,ordered farm-dependence gradient,all,stackyear,farm_income_only,DID at mean modifier,-0.045602600697248856,0.05651221025834809,0.4196945499340393,2884,137,0.12482202183198861,ok
adjacent,completed_t,ib_nonfarm_curr_ge2,At least two current nonfarm workers,nonfarm,farmdep_ordered_tercile,Ordered tercile score of baseline farm-dependence,continuous,ordered farm-dependence gradient,all,stackyear,farm_income_only,heterogeneity slope,-0.011755588410517655,0.030276751116582724,0.6978153985637843,2884,137,0.12482202183198861,ok
adjacent,completed_t,ib_nonfarm_curr_ge2,At least two current nonfarm workers,nonfarm,farmdep_ordered_tercile,Ordered tercile score of baseline farm-dependence,continuous,ordered farm-dependence gradient,all,stackyear,farm_income_only,DID at +1 SD,-0.05735818910776651,0.056910848098507355,0.3135214933342707,2884,137,0.12482202183198861,ok
adjacent,completed_t,ib_nonfarm_curr_ge2,At least two current nonfarm workers,nonfarm,farmdep_ordered_tercile,Ordered tercile score of baseline farm-dependence,continuous,ordered farm-dependence gradient,all,stackyear,farm_income_only,DID at -1 SD,-0.033847012286731204,0.070581715065781,0.6315519329691806,2884,137,0.12482202183198861,ok
adjacent,completed_t,ib_nonfarm_curr_ge2,At least two current nonfarm workers,nonfarm,farmdep_ordered_tercile,Ordered tercile score of baseline farm-dependence,continuous,ordered farm-dependence gradient,all,stackyear,other_baseline,DID at mean modifier,-0.017307928924106035,0.03958200794182315,0.6619173023414968,2676,136,0.12482202183198861,ok
adjacent,completed_t,ib_nonfarm_curr_ge2,At least two current nonfarm workers,nonfarm,farmdep_ordered_tercile,Ordered tercile score of baseline farm-dependence,continuous,ordered farm-dependence gradient,all,stackyear,other_baseline,heterogeneity slope,-0.004424280125070099,0.0332514878874399,0.8941498024601044,2676,136,0.12482202183198861,ok
adjacent,completed_t,ib_nonfarm_curr_ge2,At least two current nonfarm workers,nonfarm,farmdep_ordered_tercile,Ordered tercile score of baseline farm-dependence,continuous,ordered farm-dependence gradient,all,stackyear,other_baseline,DID at +1 SD,-0.021732209049176134,0.039857057281458386,0.5855790240609565,2676,136,0.12482202183198861,ok
adjacent,completed_t,ib_nonfarm_curr_ge2,At least two current nonfarm workers,nonfarm,farmdep_ordered_tercile,Ordered tercile score of baseline farm-dependence,continuous,ordered farm-dependence gradient,all,stackyear,other_baseline,DID at -1 SD,-0.012883648799035936,0.06128791547876933,0.833499749975235,2676,136,0.12482202183198861,ok
adjacent,completed_t,ib_nonfarm_curr_ge2,At least two current nonfarm workers,nonfarm,farmdep_ordered_tercile,Ordered tercile score of baseline farm-dependence,continuous,ordered farm-dependence gradient,all,provyear,none,DID at mean modifier,0.04678515024416133,0.07695766039280542,0.5432314903098878,2880,136,0.12482202183198861,ok
adjacent,completed_t,ib_nonfarm_curr_ge2,At least two current nonfarm workers,nonfarm,farmdep_ordered_tercile,Ordered tercile score of baseline farm-dependence,continuous,ordered farm-dependence gradient,all,provyear,none,heterogeneity slope,0.0462296526204983,0.038156493638758365,0.22567311334623663,2880,136,0.12482202183198861,ok
adjacent,completed_t,ib_nonfarm_curr_ge2,At least two current nonfarm workers,nonfarm,farmdep_ordered_tercile,Ordered tercile score of baseline farm-dependence,continuous,ordered farm-dependence gradient,all,provyear,none,DID at +1 SD,0.09301480286465963,0.09253740337502019,0.31482029908698606,2880,136,0.12482202183198861,ok
adjacent,completed_t,ib_nonfarm_curr_ge2,At least two current nonfarm workers,nonfarm,farmdep_ordered_tercile,Ordered tercile score of baseline farm-dependence,continuous,ordered farm-dependence gradient,all,provyear,none,DID at -1 SD,0.000555497623663026,0.0786996059487388,0.9943682145316011,2880,136,0.12482202183198861,ok
adjacent,completed_t,ib_nonfarm_curr_ge2,At least two current nonfarm workers,nonfarm,farmdep_ordered_tercile,Ordered tercile score of baseline farm-dependence,continuous,ordered farm-dependence gradient,all,provyear,farm_income_only,DID at mean modifier,0.047191325564319576,0.0773880774479833,0.5419936514356432,2880,136,0.12482202183198861,ok
adjacent,completed_t,ib_nonfarm_curr_ge2,At least two current nonfarm workers,nonfarm,farmdep_ordered_tercile,Ordered tercile score of baseline farm-dependence,continuous,ordered farm-dependence gradient,all,provyear,farm_income_only,heterogeneity slope,0.04720681303344053,0.0382653219161131,0.21732557232680627,2880,136,0.12482202183198861,ok
adjacent,completed_t,ib_nonfarm_curr_ge2,At least two current nonfarm workers,nonfarm,farmdep_ordered_tercile,Ordered tercile score of baseline farm-dependence,continuous,ordered farm-dependence gradient,all,provyear,farm_income_only,DID at +1 SD,0.09439813859776011,0.09286261052350768,0.3093744596442225,2880,136,0.12482202183198861,ok
adjacent,completed_t,ib_nonfarm_curr_ge2,At least two current nonfarm workers,nonfarm,farmdep_ordered_tercile,Ordered tercile score of baseline farm-dependence,continuous,ordered farm-dependence gradient,all,provyear,farm_income_only,DID at -1 SD,-1.5487469120951947e-05,0.07926433215284777,0.9998441012232959,2880,136,0.12482202183198861,ok
adjacent,completed_t,ib_nonfarm_curr_ge2,At least two current nonfarm workers,nonfarm,farmdep_ordered_tercile,Ordered tercile score of baseline farm-dependence,continuous,ordered farm-dependence gradient,all,provyear,other_baseline,DID at mean modifier,-0.06912253252724745,0.061456273428380614,0.26069782230736993,2670,134,0.12482202183198861,ok
adjacent,completed_t,ib_nonfarm_curr_ge2,At least two current nonfarm workers,nonfarm,farmdep_ordered_tercile,Ordered tercile score of baseline farm-dependence,continuous,ordered farm-dependence gradient,all,provyear,other_baseline,heterogeneity slope,0.007882985398721287,0.03293259803558754,0.8108208233147886,2670,134,0.12482202183198861,ok
adjacent,completed_t,ib_nonfarm_curr_ge2,At least two current nonfarm workers,nonfarm,farmdep_ordered_tercile,Ordered tercile score of baseline farm-dependence,continuous,ordered farm-dependence gradient,all,provyear,other_baseline,DID at +1 SD,-0.06123954712852617,0.08004713467132264,0.44424558962241867,2670,134,0.12482202183198861,ok
adjacent,completed_t,ib_nonfarm_curr_ge2,At least two current nonfarm workers,nonfarm,farmdep_ordered_tercile,Ordered tercile score of baseline farm-dependence,continuous,ordered farm-dependence gradient,all,provyear,other_baseline,DID at -1 SD,-0.07700551792596874,0.057578775126482726,0.1810940078516058,2670,134,0.12482202183198861,ok
adjacent,completed_t,ib_nonfarm_curr_ge2,At least two current nonfarm workers,nonfarm,farm_orientation_continuous,"Pre-specified farm-orientation index, continuous z",continuous,pre-specified index interaction,all,stackyear,none,DID at mean modifier,-0.05172930135205015,0.05664680165611897,0.3611425430312001,2968,138,0.12482202183198861,ok
adjacent,completed_t,ib_nonfarm_curr_ge2,At least two current nonfarm workers,nonfarm,farm_orientation_continuous,"Pre-specified farm-orientation index, continuous z",continuous,pre-specified index interaction,all,stackyear,none,heterogeneity slope,0.047375717720605025,0.06206800548483932,0.44529209942956205,2968,138,0.12482202183198861,ok
adjacent,completed_t,ib_nonfarm_curr_ge2,At least two current nonfarm workers,nonfarm,farm_orientation_continuous,"Pre-specified farm-orientation index, continuous z",continuous,pre-specified index interaction,all,stackyear,none,DID at +1 SD,-0.0043535836314451265,0.03942331126937419,0.9120670068946882,2968,138,0.12482202183198861,ok
adjacent,completed_t,ib_nonfarm_curr_ge2,At least two current nonfarm workers,nonfarm,farm_orientation_continuous,"Pre-specified farm-orientation index, continuous z",continuous,pre-specified index interaction,all,stackyear,none,DID at -1 SD,-0.09910501907265518,0.11210886411887994,0.3766924416691443,2968,138,0.12482202183198861,ok
adjacent,completed_t,ib_nonfarm_curr_ge2,At least two current nonfarm workers,nonfarm,farm_orientation_continuous,"Pre-specified farm-orientation index, continuous z",continuous,pre-specified index interaction,all,stackyear,farm_income_only,DID at mean modifier,-0.05172930135205015,0.05664680165611897,0.3611425430312001,2968,138,0.12482202183198861,ok
adjacent,completed_t,ib_nonfarm_curr_ge2,At least two current nonfarm workers,nonfarm,farm_orientation_continuous,"Pre-specified farm-orientation index, continuous z",continuous,pre-specified index interaction,all,stackyear,farm_income_only,heterogeneity slope,0.047375717720605025,0.06206800548483932,0.44529209942956205,2968,138,0.12482202183198861,ok
adjacent,completed_t,ib_nonfarm_curr_ge2,At least two current nonfarm workers,nonfarm,farm_orientation_continuous,"Pre-specified farm-orientation index, continuous z",continuous,pre-specified index interaction,all,stackyear,farm_income_only,DID at +1 SD,-0.0043535836314451265,0.03942331126937419,0.9120670068946882,2968,138,0.12482202183198861,ok
adjacent,completed_t,ib_nonfarm_curr_ge2,At least two current nonfarm workers,nonfarm,farm_orientation_continuous,"Pre-specified farm-orientation index, continuous z",continuous,pre-specified index interaction,all,stackyear,farm_income_only,DID at -1 SD,-0.09910501907265518,0.11210886411887994,0.3766924416691443,2968,138,0.12482202183198861,ok
adjacent,completed_t,ib_nonfarm_curr_ge2,At least two current nonfarm workers,nonfarm,farm_orientation_continuous,"Pre-specified farm-orientation index, continuous z",continuous,pre-specified index interaction,all,stackyear,other_baseline,DID at mean modifier,-0.05172930135205015,0.05664680165611897,0.3611425430312001,2968,138,0.12482202183198861,ok
adjacent,completed_t,ib_nonfarm_curr_ge2,At least two current nonfarm workers,nonfarm,farm_orientation_continuous,"Pre-specified farm-orientation index, continuous z",continuous,pre-specified index interaction,all,stackyear,other_baseline,heterogeneity slope,0.047375717720605025,0.06206800548483932,0.44529209942956205,2968,138,0.12482202183198861,ok
adjacent,completed_t,ib_nonfarm_curr_ge2,At least two current nonfarm workers,nonfarm,farm_orientation_continuous,"Pre-specified farm-orientation index, continuous z",continuous,pre-specified index interaction,all,stackyear,other_baseline,DID at +1 SD,-0.0043535836314451265,0.03942331126937419,0.9120670068946882,2968,138,0.12482202183198861,ok
adjacent,completed_t,ib_nonfarm_curr_ge2,At least two current nonfarm workers,nonfarm,farm_orientation_continuous,"Pre-specified farm-orientation index, continuous z",continuous,pre-specified index interaction,all,stackyear,other_baseline,DID at -1 SD,-0.09910501907265518,0.11210886411887994,0.3766924416691443,2968,138,0.12482202183198861,ok
adjacent,completed_t,ib_nonfarm_curr_ge2,At least two current nonfarm workers,nonfarm,farm_orientation_continuous,"Pre-specified farm-orientation index, continuous z",continuous,pre-specified index interaction,all,provyear,none,DID at mean modifier,0.05054600134156964,0.06955318613049483,0.46739476885766185,2964,137,0.12482202183198861,ok
adjacent,completed_t,ib_nonfarm_curr_ge2,At least two current nonfarm workers,nonfarm,farm_orientation_continuous,"Pre-specified farm-orientation index, continuous z",continuous,pre-specified index interaction,all,provyear,none,heterogeneity slope,0.11766608464686583,0.07204795757735893,0.1024346432530835,2964,137,0.12482202183198861,ok
adjacent,completed_t,ib_nonfarm_curr_ge2,At least two current nonfarm workers,nonfarm,farm_orientation_continuous,"Pre-specified farm-orientation index, continuous z",continuous,pre-specified index interaction,all,provyear,none,DID at +1 SD,0.16821208598843546,0.11022673055325817,0.12699609383821212,2964,137,0.12482202183198861,ok
adjacent,completed_t,ib_nonfarm_curr_ge2,At least two current nonfarm workers,nonfarm,farm_orientation_continuous,"Pre-specified farm-orientation index, continuous z",continuous,pre-specified index interaction,all,provyear,none,DID at -1 SD,-0.06712008330529619,0.08892230122687875,0.45035866626685106,2964,137,0.12482202183198861,ok
adjacent,completed_t,ib_nonfarm_curr_ge2,At least two current nonfarm workers,nonfarm,farm_orientation_continuous,"Pre-specified farm-orientation index, continuous z",continuous,pre-specified index interaction,all,provyear,farm_income_only,DID at mean modifier,0.05054600134156964,0.06955318613049483,0.46739476885766185,2964,137,0.12482202183198861,ok
adjacent,completed_t,ib_nonfarm_curr_ge2,At least two current nonfarm workers,nonfarm,farm_orientation_continuous,"Pre-specified farm-orientation index, continuous z",continuous,pre-specified index interaction,all,provyear,farm_income_only,heterogeneity slope,0.11766608464686583,0.07204795757735893,0.1024346432530835,2964,137,0.12482202183198861,ok
adjacent,completed_t,ib_nonfarm_curr_ge2,At least two current nonfarm workers,nonfarm,farm_orientation_continuous,"Pre-specified farm-orientation index, continuous z",continuous,pre-specified index interaction,all,provyear,farm_income_only,DID at +1 SD,0.16821208598843546,0.11022673055325817,0.12699609383821212,2964,137,0.12482202183198861,ok
adjacent,completed_t,ib_nonfarm_curr_ge2,At least two current nonfarm workers,nonfarm,farm_orientation_continuous,"Pre-specified farm-orientation index, continuous z",continuous,pre-specified index interaction,all,provyear,farm_income_only,DID at -1 SD,-0.06712008330529619,0.08892230122687875,0.45035866626685106,2964,137,0.12482202183198861,ok
adjacent,completed_t,ib_nonfarm_curr_ge2,At least two current nonfarm workers,nonfarm,farm_orientation_continuous,"Pre-specified farm-orientation index, continuous z",continuous,pre-specified index interaction,all,provyear,other_baseline,DID at mean modifier,0.05054600134156964,0.06955318613049483,0.46739476885766185,2964,137,0.12482202183198861,ok
adjacent,completed_t,ib_nonfarm_curr_ge2,At least two current nonfarm workers,nonfarm,farm_orientation_continuous,"Pre-specified farm-orientation index, continuous z",continuous,pre-specified index interaction,all,provyear,other_baseline,heterogeneity slope,0.11766608464686583,0.07204795757735893,0.1024346432530835,2964,137,0.12482202183198861,ok
adjacent,completed_t,ib_nonfarm_curr_ge2,At least two current nonfarm workers,nonfarm,farm_orientation_continuous,"Pre-specified farm-orientation index, continuous z",continuous,pre-specified index interaction,all,provyear,other_baseline,DID at +1 SD,0.16821208598843546,0.11022673055325817,0.12699609383821212,2964,137,0.12482202183198861,ok
adjacent,completed_t,ib_nonfarm_curr_ge2,At least two current nonfarm workers,nonfarm,farm_orientation_continuous,"Pre-specified farm-orientation index, continuous z",continuous,pre-specified index interaction,all,provyear,other_baseline,DID at -1 SD,-0.06712008330529619,0.08892230122687875,0.45035866626685106,2964,137,0.12482202183198861,ok
adjacent,completed_t,ib_nonfarm_curr_ge2,At least two current nonfarm workers,nonfarm,farm_orientation_top_tercile,Top tercile pre-specified farm-orientation index,binary_top,pre-specified index top-third split,all,stackyear,none,lower/rest DID,-0.08505391278811317,0.07924481769379307,0.28313398842942605,2968,138,0.12482202183198861,ok
adjacent,completed_t,ib_nonfarm_curr_ge2,At least two current nonfarm workers,nonfarm,farm_orientation_top_tercile,Top tercile pre-specified farm-orientation index,binary_top,pre-specified index top-third split,all,stackyear,none,top-minus-rest differential,0.12020432165426723,0.07702507987540819,0.11862127913366202,2968,138,0.12482202183198861,ok
adjacent,completed_t,ib_nonfarm_curr_ge2,At least two current nonfarm workers,nonfarm,farm_orientation_top_tercile,Top tercile pre-specified farm-orientation index,binary_top,pre-specified index top-third split,all,stackyear,none,top group DID,0.03515040886615406,0.024602643662192916,0.1530833267777847,2968,138,0.12482202183198861,ok
adjacent,completed_t,ib_nonfarm_curr_ge2,At least two current nonfarm workers,nonfarm,farm_orientation_top_tercile,Top tercile pre-specified farm-orientation index,binary_top,pre-specified index top-third split,all,stackyear,farm_income_only,lower/rest DID,-0.08505391278811317,0.07924481769379307,0.28313398842942605,2968,138,0.12482202183198861,ok
adjacent,completed_t,ib_nonfarm_curr_ge2,At least two current nonfarm workers,nonfarm,farm_orientation_top_tercile,Top tercile pre-specified farm-orientation index,binary_top,pre-specified index top-third split,all,stackyear,farm_income_only,top-minus-rest differential,0.12020432165426723,0.07702507987540819,0.11862127913366202,2968,138,0.12482202183198861,ok
adjacent,completed_t,ib_nonfarm_curr_ge2,At least two current nonfarm workers,nonfarm,farm_orientation_top_tercile,Top tercile pre-specified farm-orientation index,binary_top,pre-specified index top-third split,all,stackyear,farm_income_only,top group DID,0.03515040886615406,0.024602643662192916,0.1530833267777847,2968,138,0.12482202183198861,ok
adjacent,completed_t,ib_nonfarm_curr_ge2,At least two current nonfarm workers,nonfarm,farm_orientation_top_tercile,Top tercile pre-specified farm-orientation index,binary_top,pre-specified index top-third split,all,stackyear,other_baseline,lower/rest DID,-0.08505391278811317,0.07924481769379307,0.28313398842942605,2968,138,0.12482202183198861,ok
adjacent,completed_t,ib_nonfarm_curr_ge2,At least two current nonfarm workers,nonfarm,farm_orientation_top_tercile,Top tercile pre-specified farm-orientation index,binary_top,pre-specified index top-third split,all,stackyear,other_baseline,top-minus-rest differential,0.12020432165426723,0.07702507987540819,0.11862127913366202,2968,138,0.12482202183198861,ok
adjacent,completed_t,ib_nonfarm_curr_ge2,At least two current nonfarm workers,nonfarm,farm_orientation_top_tercile,Top tercile pre-specified farm-orientation index,binary_top,pre-specified index top-third split,all,stackyear,other_baseline,top group DID,0.03515040886615406,0.024602643662192916,0.1530833267777847,2968,138,0.12482202183198861,ok
adjacent,completed_t,ib_nonfarm_curr_ge2,At least two current nonfarm workers,nonfarm,farm_orientation_top_tercile,Top tercile pre-specified farm-orientation index,binary_top,pre-specified index top-third split,all,provyear,none,lower/rest DID,-0.004696313960276921,0.07091338222444094,0.9471978488250089,2964,137,0.12482202183198861,ok
adjacent,completed_t,ib_nonfarm_curr_ge2,At least two current nonfarm workers,nonfarm,farm_orientation_top_tercile,Top tercile pre-specified farm-orientation index,binary_top,pre-specified index top-third split,all,provyear,none,top-minus-rest differential,0.2015028237209839,0.09038314638375203,0.02578536266443304,2964,137,0.12482202183198861,ok
adjacent,completed_t,ib_nonfarm_curr_ge2,At least two current nonfarm workers,nonfarm,farm_orientation_top_tercile,Top tercile pre-specified farm-orientation index,binary_top,pre-specified index top-third split,all,provyear,none,top group DID,0.196806509760707,0.09824508192824065,0.045153683429917886,2964,137,0.12482202183198861,ok
adjacent,completed_t,ib_nonfarm_curr_ge2,At least two current nonfarm workers,nonfarm,farm_orientation_top_tercile,Top tercile pre-specified farm-orientation index,binary_top,pre-specified index top-third split,all,provyear,farm_income_only,lower/rest DID,-0.004696313960276921,0.07091338222444094,0.9471978488250089,2964,137,0.12482202183198861,ok
adjacent,completed_t,ib_nonfarm_curr_ge2,At least two current nonfarm workers,nonfarm,farm_orientation_top_tercile,Top tercile pre-specified farm-orientation index,binary_top,pre-specified index top-third split,all,provyear,farm_income_only,top-minus-rest differential,0.2015028237209839,0.09038314638375203,0.02578536266443304,2964,137,0.12482202183198861,ok
adjacent,completed_t,ib_nonfarm_curr_ge2,At least two current nonfarm workers,nonfarm,farm_orientation_top_tercile,Top tercile pre-specified farm-orientation index,binary_top,pre-specified index top-third split,all,provyear,farm_income_only,top group DID,0.196806509760707,0.09824508192824065,0.045153683429917886,2964,137,0.12482202183198861,ok
adjacent,completed_t,ib_nonfarm_curr_ge2,At least two current nonfarm workers,nonfarm,farm_orientation_top_tercile,Top tercile pre-specified farm-orientation index,binary_top,pre-specified index top-third split,all,provyear,other_baseline,lower/rest DID,-0.004696313960276921,0.07091338222444094,0.9471978488250089,2964,137,0.12482202183198861,ok
adjacent,completed_t,ib_nonfarm_curr_ge2,At least two current nonfarm workers,nonfarm,farm_orientation_top_tercile,Top tercile pre-specified farm-orientation index,binary_top,pre-specified index top-third split,all,provyear,other_baseline,top-minus-rest differential,0.2015028237209839,0.09038314638375203,0.02578536266443304,2964,137,0.12482202183198861,ok
adjacent,completed_t,ib_nonfarm_curr_ge2,At least two current nonfarm workers,nonfarm,farm_orientation_top_tercile,Top tercile pre-specified farm-orientation index,binary_top,pre-specified index top-third split,all,provyear,other_baseline,top group DID,0.196806509760707,0.09824508192824065,0.045153683429917886,2964,137,0.12482202183198861,ok
adjacent,completed_t,ib_nonfarm_curr_ge2,At least two current nonfarm workers,nonfarm,bottom_farmdep,Bottom tercile baseline farm-dependence,binary_bottom,exit-side low farm-dependence check,all,stackyear,none,lower/rest DID,-0.0732508157699963,0.06662491841366346,0.2715715097030189,2884,137,0.12482202183198861,ok
adjacent,completed_t,ib_nonfarm_curr_ge2,At least two current nonfarm workers,nonfarm,bottom_farmdep,Bottom tercile baseline farm-dependence,binary_bottom,exit-side low farm-dependence check,all,stackyear,none,bottom-minus-rest differential,0.10921892035255465,0.08912481489093105,0.22040184792909145,2884,137,0.12482202183198861,ok
adjacent,completed_t,ib_nonfarm_curr_ge2,At least two current nonfarm workers,nonfarm,bottom_farmdep,Bottom tercile baseline farm-dependence,binary_bottom,exit-side low farm-dependence check,all,stackyear,none,bottom group DID,0.03596810458255835,0.06307990083510172,0.5685426460457867,2884,137,0.12482202183198861,ok
adjacent,completed_t,ib_nonfarm_curr_ge2,At least two current nonfarm workers,nonfarm,bottom_farmdep,Bottom tercile baseline farm-dependence,binary_bottom,exit-side low farm-dependence check,all,stackyear,farm_income_only,lower/rest DID,-0.07337050520893086,0.06658277507378574,0.2704859155351945,2884,137,0.12482202183198861,ok
adjacent,completed_t,ib_nonfarm_curr_ge2,At least two current nonfarm workers,nonfarm,bottom_farmdep,Bottom tercile baseline farm-dependence,binary_bottom,exit-side low farm-dependence check,all,stackyear,farm_income_only,bottom-minus-rest differential,0.1118187703382832,0.0891958324877347,0.20997571105029977,2884,137,0.12482202183198861,ok
adjacent,completed_t,ib_nonfarm_curr_ge2,At least two current nonfarm workers,nonfarm,bottom_farmdep,Bottom tercile baseline farm-dependence,binary_bottom,exit-side low farm-dependence check,all,stackyear,farm_income_only,bottom group DID,0.038448265129352344,0.06399706155165806,0.5479853767144549,2884,137,0.12482202183198861,ok
adjacent,completed_t,ib_nonfarm_curr_ge2,At least two current nonfarm workers,nonfarm,bottom_farmdep,Bottom tercile baseline farm-dependence,binary_bottom,exit-side low farm-dependence check,all,stackyear,other_baseline,lower/rest DID,-0.03170750780349604,0.040784681493272155,0.4369011725991654,2676,136,0.12482202183198861,ok
adjacent,completed_t,ib_nonfarm_curr_ge2,At least two current nonfarm workers,nonfarm,bottom_farmdep,Bottom tercile baseline farm-dependence,binary_bottom,exit-side low farm-dependence check,all,stackyear,other_baseline,bottom-minus-rest differential,0.06166058175702961,0.08864914515572214,0.4867059616880074,2676,136,0.12482202183198861,ok
adjacent,completed_t,ib_nonfarm_curr_ge2,At least two current nonfarm workers,nonfarm,bottom_farmdep,Bottom tercile baseline farm-dependence,binary_bottom,exit-side low farm-dependence check,all,stackyear,other_baseline,bottom group DID,0.02995307395353357,0.08179194094672529,0.7142079496883975,2676,136,0.12482202183198861,ok
adjacent,completed_t,ib_nonfarm_curr_ge2,At least two current nonfarm workers,nonfarm,bottom_farmdep,Bottom tercile baseline farm-dependence,binary_bottom,exit-side low farm-dependence check,all,provyear,none,lower/rest DID,0.01007124833706352,0.08951760398947199,0.91042238284365,2880,136,0.12482202183198861,ok
adjacent,completed_t,ib_nonfarm_curr_ge2,At least two current nonfarm workers,nonfarm,bottom_farmdep,Bottom tercile baseline farm-dependence,binary_bottom,exit-side low farm-dependence check,all,provyear,none,bottom-minus-rest differential,0.017125127316507012,0.0870764911449971,0.8440876412881035,2880,136,0.12482202183198861,ok
adjacent,completed_t,ib_nonfarm_curr_ge2,At least two current nonfarm workers,nonfarm,bottom_farmdep,Bottom tercile baseline farm-dependence,binary_bottom,exit-side low farm-dependence check,all,provyear,none,bottom group DID,0.027196375653570533,0.07578264095439814,0.7196897835090648,2880,136,0.12482202183198861,ok
adjacent,completed_t,ib_nonfarm_curr_ge2,At least two current nonfarm workers,nonfarm,bottom_farmdep,Bottom tercile baseline farm-dependence,binary_bottom,exit-side low farm-dependence check,all,provyear,farm_income_only,lower/rest DID,0.011681566520683667,0.08928093372185614,0.8959014440253477,2880,136,0.12482202183198861,ok
adjacent,completed_t,ib_nonfarm_curr_ge2,At least two current nonfarm workers,nonfarm,bottom_farmdep,Bottom tercile baseline farm-dependence,binary_bottom,exit-side low farm-dependence check,all,provyear,farm_income_only,bottom-minus-rest differential,0.018484934074534845,0.08793069022502757,0.8334946891418932,2880,136,0.12482202183198861,ok
adjacent,completed_t,ib_nonfarm_curr_ge2,At least two current nonfarm workers,nonfarm,bottom_farmdep,Bottom tercile baseline farm-dependence,binary_bottom,exit-side low farm-dependence check,all,provyear,farm_income_only,bottom group DID,0.030166500595218512,0.07627057129956426,0.6924595104806385,2880,136,0.12482202183198861,ok
adjacent,completed_t,ib_nonfarm_curr_ge2,At least two current nonfarm workers,nonfarm,bottom_farmdep,Bottom tercile baseline farm-dependence,binary_bottom,exit-side low farm-dependence check,all,provyear,other_baseline,lower/rest DID,-0.08767659006695411,0.0789315631310862,0.2666576660721349,2670,134,0.12482202183198861,ok
adjacent,completed_t,ib_nonfarm_curr_ge2,At least two current nonfarm workers,nonfarm,bottom_farmdep,Bottom tercile baseline farm-dependence,binary_bottom,exit-side low farm-dependence check,all,provyear,other_baseline,bottom-minus-rest differential,0.04391289886996053,0.08362412837683338,0.5994981395455485,2670,134,0.12482202183198861,ok
adjacent,completed_t,ib_nonfarm_curr_ge2,At least two current nonfarm workers,nonfarm,bottom_farmdep,Bottom tercile baseline farm-dependence,binary_bottom,exit-side low farm-dependence check,all,provyear,other_baseline,bottom group DID,-0.043763691196993575,0.06223010009183801,0.48189622665204046,2670,134,0.12482202183198861,ok
adjacent,completed_t,ib_nonfarm_curr_ge2,At least two current nonfarm workers,nonfarm,nonfarm_orientation_top,Top tercile baseline nonfarm orientation,binary_top,exit-side nonfarm orientation check,all,stackyear,none,lower/rest DID,0.009283300373155277,0.01783501603209704,0.6027083091877552,2972,138,0.12482202183198861,ok
adjacent,completed_t,ib_nonfarm_curr_ge2,At least two current nonfarm workers,nonfarm,nonfarm_orientation_top,Top tercile baseline nonfarm orientation,binary_top,exit-side nonfarm orientation check,all,stackyear,none,top-minus-rest differential,-0.09147315599994481,0.09081298487301526,0.31380525003491044,2972,138,0.12482202183198861,ok
adjacent,completed_t,ib_nonfarm_curr_ge2,At least two current nonfarm workers,nonfarm,nonfarm_orientation_top,Top tercile baseline nonfarm orientation,binary_top,exit-side nonfarm orientation check,all,stackyear,none,top group DID,-0.08218985562678953,0.09262852762337886,0.3749141337323628,2972,138,0.12482202183198861,ok
adjacent,completed_t,ib_nonfarm_curr_ge2,At least two current nonfarm workers,nonfarm,nonfarm_orientation_top,Top tercile baseline nonfarm orientation,binary_top,exit-side nonfarm orientation check,all,stackyear,farm_income_only,lower/rest DID,0.009581740250953031,0.017532269110842304,0.5847083658808803,2944,138,0.12482202183198861,ok
adjacent,completed_t,ib_nonfarm_curr_ge2,At least two current nonfarm workers,nonfarm,nonfarm_orientation_top,Top tercile baseline nonfarm orientation,binary_top,exit-side nonfarm orientation check,all,stackyear,farm_income_only,top-minus-rest differential,-0.09610421542092913,0.09018179521955291,0.2865719324620881,2944,138,0.12482202183198861,ok
adjacent,completed_t,ib_nonfarm_curr_ge2,At least two current nonfarm workers,nonfarm,nonfarm_orientation_top,Top tercile baseline nonfarm orientation,binary_top,exit-side nonfarm orientation check,all,stackyear,farm_income_only,top group DID,-0.0865224751699761,0.09190354090584743,0.3464749329775727,2944,138,0.12482202183198861,ok
adjacent,completed_t,ib_nonfarm_curr_ge2,At least two current nonfarm workers,nonfarm,nonfarm_orientation_top,Top tercile baseline nonfarm orientation,binary_top,exit-side nonfarm orientation check,all,stackyear,other_baseline,lower/rest DID,-0.000966261836820987,0.016819719472920335,0.9541882048570626,2676,136,0.12482202183198861,ok
adjacent,completed_t,ib_nonfarm_curr_ge2,At least two current nonfarm workers,nonfarm,nonfarm_orientation_top,Top tercile baseline nonfarm orientation,binary_top,exit-side nonfarm orientation check,all,stackyear,other_baseline,top-minus-rest differential,-0.055486518691664315,0.09217270234710283,0.5471845954213337,2676,136,0.12482202183198861,ok
adjacent,completed_t,ib_nonfarm_curr_ge2,At least two current nonfarm workers,nonfarm,nonfarm_orientation_top,Top tercile baseline nonfarm orientation,binary_top,exit-side nonfarm orientation check,all,stackyear,other_baseline,top group DID,-0.056452780528485305,0.0940541904061359,0.5483626419377805,2676,136,0.12482202183198861,ok
adjacent,completed_t,ib_nonfarm_curr_ge2,At least two current nonfarm workers,nonfarm,nonfarm_orientation_top,Top tercile baseline nonfarm orientation,binary_top,exit-side nonfarm orientation check,all,provyear,none,lower/rest DID,0.034069515515923465,0.05523899936342663,0.5373893338428422,2968,137,0.12482202183198861,ok
adjacent,completed_t,ib_nonfarm_curr_ge2,At least two current nonfarm workers,nonfarm,nonfarm_orientation_top,Top tercile baseline nonfarm orientation,binary_top,exit-side nonfarm orientation check,all,provyear,none,top-minus-rest differential,-0.1088989890768575,0.08775173187207108,0.2146095805488092,2968,137,0.12482202183198861,ok
adjacent,completed_t,ib_nonfarm_curr_ge2,At least two current nonfarm workers,nonfarm,nonfarm_orientation_top,Top tercile baseline nonfarm orientation,binary_top,exit-side nonfarm orientation check,all,provyear,none,top group DID,-0.07482947356093403,0.08249777597558618,0.36438121685102176,2968,137,0.12482202183198861,ok
adjacent,completed_t,ib_nonfarm_curr_ge2,At least two current nonfarm workers,nonfarm,nonfarm_orientation_top,Top tercile baseline nonfarm orientation,binary_top,exit-side nonfarm orientation check,all,provyear,farm_income_only,lower/rest DID,0.04027907573922321,0.0564470924308734,0.47549175505197616,2940,137,0.12482202183198861,ok
adjacent,completed_t,ib_nonfarm_curr_ge2,At least two current nonfarm workers,nonfarm,nonfarm_orientation_top,Top tercile baseline nonfarm orientation,binary_top,exit-side nonfarm orientation check,all,provyear,farm_income_only,top-minus-rest differential,-0.11480289098684371,0.08798791967647113,0.1919754626665362,2940,137,0.12482202183198861,ok
adjacent,completed_t,ib_nonfarm_curr_ge2,At least two current nonfarm workers,nonfarm,nonfarm_orientation_top,Top tercile baseline nonfarm orientation,binary_top,exit-side nonfarm orientation check,all,provyear,farm_income_only,top group DID,-0.0745238152476205,0.08404904370489791,0.3752562762795507,2940,137,0.12482202183198861,ok
adjacent,completed_t,ib_nonfarm_curr_ge2,At least two current nonfarm workers,nonfarm,nonfarm_orientation_top,Top tercile baseline nonfarm orientation,binary_top,exit-side nonfarm orientation check,all,provyear,other_baseline,lower/rest DID,0.015743211922115155,0.0633880980182323,0.8038541232400651,2670,134,0.12482202183198861,ok
adjacent,completed_t,ib_nonfarm_curr_ge2,At least two current nonfarm workers,nonfarm,nonfarm_orientation_top,Top tercile baseline nonfarm orientation,binary_top,exit-side nonfarm orientation check,all,provyear,other_baseline,top-minus-rest differential,-0.0736403203327497,0.09233646749672257,0.42514820704207845,2670,134,0.12482202183198861,ok
adjacent,completed_t,ib_nonfarm_curr_ge2,At least two current nonfarm workers,nonfarm,nonfarm_orientation_top,Top tercile baseline nonfarm orientation,binary_top,exit-side nonfarm orientation check,all,provyear,other_baseline,top group DID,-0.05789710841063454,0.09960870024035857,0.5610750085430267,2670,134,0.12482202183198861,ok
adjacent,completed_t,ib_nonfarm_curr_shr,Current nonfarm worker share,nonfarm,farmdep_continuous,"Baseline farm-dependence, continuous winsorized z",continuous,continuous farm-dependence interaction,all,stackyear,none,DID at mean modifier,0.019060205060545996,0.05677302535909787,0.7370771740643313,2766,137,0.33371413420972895,ok
adjacent,completed_t,ib_nonfarm_curr_shr,Current nonfarm worker share,nonfarm,farmdep_continuous,"Baseline farm-dependence, continuous winsorized z",continuous,continuous farm-dependence interaction,all,stackyear,none,heterogeneity slope,-0.0033274693324874707,0.03252374120500164,0.9185114632350952,2766,137,0.33371413420972895,ok
adjacent,completed_t,ib_nonfarm_curr_shr,Current nonfarm worker share,nonfarm,farmdep_continuous,"Baseline farm-dependence, continuous winsorized z",continuous,continuous farm-dependence interaction,all,stackyear,none,DID at +1 SD,0.015732735728058524,0.05861662900878274,0.788391012747957,2766,137,0.33371413420972895,ok
adjacent,completed_t,ib_nonfarm_curr_shr,Current nonfarm worker share,nonfarm,farmdep_continuous,"Baseline farm-dependence, continuous winsorized z",continuous,continuous farm-dependence interaction,all,stackyear,none,DID at -1 SD,0.022387674393033467,0.07159630649995928,0.7545138025763317,2766,137,0.33371413420972895,ok
adjacent,completed_t,ib_nonfarm_curr_shr,Current nonfarm worker share,nonfarm,farmdep_continuous,"Baseline farm-dependence, continuous winsorized z",continuous,continuous farm-dependence interaction,all,stackyear,farm_income_only,DID at mean modifier,0.016903184811016898,0.05648851333426394,0.7647628458003117,2766,137,0.33371413420972895,ok
adjacent,completed_t,ib_nonfarm_curr_shr,Current nonfarm worker share,nonfarm,farmdep_continuous,"Baseline farm-dependence, continuous winsorized z",continuous,continuous farm-dependence interaction,all,stackyear,farm_income_only,heterogeneity slope,-0.0015873531902213954,0.03322540619576181,0.9618953352108657,2766,137,0.33371413420972895,ok
adjacent,completed_t,ib_nonfarm_curr_shr,Current nonfarm worker share,nonfarm,farmdep_continuous,"Baseline farm-dependence, continuous winsorized z",continuous,continuous farm-dependence interaction,all,stackyear,farm_income_only,DID at +1 SD,0.015315831620795502,0.058583888504242856,0.7937576913448378,2766,137,0.33371413420972895,ok
adjacent,completed_t,ib_nonfarm_curr_shr,Current nonfarm worker share,nonfarm,farmdep_continuous,"Baseline farm-dependence, continuous winsorized z",continuous,continuous farm-dependence interaction,all,stackyear,farm_income_only,DID at -1 SD,0.01849053800123829,0.07181704198099366,0.7968180757548498,2766,137,0.33371413420972895,ok
adjacent,completed_t,ib_nonfarm_curr_shr,Current nonfarm worker share,nonfarm,farmdep_continuous,"Baseline farm-dependence, continuous winsorized z",continuous,continuous farm-dependence interaction,all,stackyear,other_baseline,DID at mean modifier,0.023880948206026688,0.042129770311800256,0.5708211303508357,2568,136,0.33371413420972895,ok
adjacent,completed_t,ib_nonfarm_curr_shr,Current nonfarm worker share,nonfarm,farmdep_continuous,"Baseline farm-dependence, continuous winsorized z",continuous,continuous farm-dependence interaction,all,stackyear,other_baseline,heterogeneity slope,-0.0044656005494641375,0.02789453681877149,0.8728111908015471,2568,136,0.33371413420972895,ok
adjacent,completed_t,ib_nonfarm_curr_shr,Current nonfarm worker share,nonfarm,farmdep_continuous,"Baseline farm-dependence, continuous winsorized z",continuous,continuous farm-dependence interaction,all,stackyear,other_baseline,DID at +1 SD,0.01941534765656255,0.04961891769531935,0.6955834653557869,2568,136,0.33371413420972895,ok
adjacent,completed_t,ib_nonfarm_curr_shr,Current nonfarm worker share,nonfarm,farmdep_continuous,"Baseline farm-dependence, continuous winsorized z",continuous,continuous farm-dependence interaction,all,stackyear,other_baseline,DID at -1 SD,0.028346548755490825,0.0514199228749209,0.5814447633492656,2568,136,0.33371413420972895,ok
adjacent,completed_t,ib_nonfarm_curr_shr,Current nonfarm worker share,nonfarm,farmdep_continuous,"Baseline farm-dependence, continuous winsorized z",continuous,continuous farm-dependence interaction,all,provyear,none,DID at mean modifier,0.0478408583974754,0.07061405760245319,0.49809025776423743,2762,136,0.33371413420972895,ok
adjacent,completed_t,ib_nonfarm_curr_shr,Current nonfarm worker share,nonfarm,farmdep_continuous,"Baseline farm-dependence, continuous winsorized z",continuous,continuous farm-dependence interaction,all,provyear,none,heterogeneity slope,0.003373352093318141,0.037444837082132414,0.9282168264438787,2762,136,0.33371413420972895,ok
adjacent,completed_t,ib_nonfarm_curr_shr,Current nonfarm worker share,nonfarm,farmdep_continuous,"Baseline farm-dependence, continuous winsorized z",continuous,continuous farm-dependence interaction,all,provyear,none,DID at +1 SD,0.05121421049079354,0.07958385385737944,0.5198834090993145,2762,136,0.33371413420972895,ok
adjacent,completed_t,ib_nonfarm_curr_shr,Current nonfarm worker share,nonfarm,farmdep_continuous,"Baseline farm-dependence, continuous winsorized z",continuous,continuous farm-dependence interaction,all,provyear,none,DID at -1 SD,0.04446750630415726,0.08027036885169586,0.5795982681634579,2762,136,0.33371413420972895,ok
adjacent,completed_t,ib_nonfarm_curr_shr,Current nonfarm worker share,nonfarm,farmdep_continuous,"Baseline farm-dependence, continuous winsorized z",continuous,continuous farm-dependence interaction,all,provyear,farm_income_only,DID at mean modifier,0.05155498530575432,0.07225334879054739,0.4755173993199221,2762,136,0.33371413420972895,ok
adjacent,completed_t,ib_nonfarm_curr_shr,Current nonfarm worker share,nonfarm,farmdep_continuous,"Baseline farm-dependence, continuous winsorized z",continuous,continuous farm-dependence interaction,all,provyear,farm_income_only,heterogeneity slope,0.00790861961094087,0.03740582454555911,0.8325537073029958,2762,136,0.33371413420972895,ok
adjacent,completed_t,ib_nonfarm_curr_shr,Current nonfarm worker share,nonfarm,farmdep_continuous,"Baseline farm-dependence, continuous winsorized z",continuous,continuous farm-dependence interaction,all,provyear,farm_income_only,DID at +1 SD,0.059463604916695195,0.08014422164394455,0.45811309658526034,2762,136,0.33371413420972895,ok
adjacent,completed_t,ib_nonfarm_curr_shr,Current nonfarm worker share,nonfarm,farmdep_continuous,"Baseline farm-dependence, continuous winsorized z",continuous,continuous farm-dependence interaction,all,provyear,farm_income_only,DID at -1 SD,0.04364636569481345,0.08256141943940636,0.5970459882655201,2762,136,0.33371413420972895,ok
adjacent,completed_t,ib_nonfarm_curr_shr,Current nonfarm worker share,nonfarm,farmdep_continuous,"Baseline farm-dependence, continuous winsorized z",continuous,continuous farm-dependence interaction,all,provyear,other_baseline,DID at mean modifier,-0.023504739537073594,0.04600144029699423,0.6093814468081327,2562,134,0.33371413420972895,ok
adjacent,completed_t,ib_nonfarm_curr_shr,Current nonfarm worker share,nonfarm,farmdep_continuous,"Baseline farm-dependence, continuous winsorized z",continuous,continuous farm-dependence interaction,all,provyear,other_baseline,heterogeneity slope,-0.00965821618765772,0.03204841655147238,0.7631374856875791,2562,134,0.33371413420972895,ok
adjacent,completed_t,ib_nonfarm_curr_shr,Current nonfarm worker share,nonfarm,farmdep_continuous,"Baseline farm-dependence, continuous winsorized z",continuous,continuous farm-dependence interaction,all,provyear,other_baseline,DID at +1 SD,-0.03316295572473131,0.06176751424836329,0.5913369446016725,2562,134,0.33371413420972895,ok
adjacent,completed_t,ib_nonfarm_curr_shr,Current nonfarm worker share,nonfarm,farmdep_continuous,"Baseline farm-dependence, continuous winsorized z",continuous,continuous farm-dependence interaction,all,provyear,other_baseline,DID at -1 SD,-0.013846523349415874,0.04971158023325617,0.7806000286131438,2562,134,0.33371413420972895,ok
adjacent,completed_t,ib_nonfarm_curr_shr,Current nonfarm worker share,nonfarm,farmdep_top_tercile,Top tercile baseline farm-dependence,binary_top,top-third split,all,stackyear,none,lower/rest DID,0.03433801661192027,0.06404079605398719,0.5918274363511872,2766,137,0.33371413420972895,ok
adjacent,completed_t,ib_nonfarm_curr_shr,Current nonfarm worker share,nonfarm,farmdep_top_tercile,Top tercile baseline farm-dependence,binary_top,top-third split,all,stackyear,none,top-minus-rest differential,-0.03474551760779548,0.061139615145523594,0.5698326745890734,2766,137,0.33371413420972895,ok
adjacent,completed_t,ib_nonfarm_curr_shr,Current nonfarm worker share,nonfarm,farmdep_top_tercile,Top tercile baseline farm-dependence,binary_top,top-third split,all,stackyear,none,top group DID,-0.00040750099587520683,0.06270930570727037,0.9948151799612647,2766,137,0.33371413420972895,ok
adjacent,completed_t,ib_nonfarm_curr_shr,Current nonfarm worker share,nonfarm,farmdep_top_tercile,Top tercile baseline farm-dependence,binary_top,top-third split,all,stackyear,farm_income_only,lower/rest DID,0.02920081770528927,0.06401896909065787,0.648298235600592,2766,137,0.33371413420972895,ok
adjacent,completed_t,ib_nonfarm_curr_shr,Current nonfarm worker share,nonfarm,farmdep_top_tercile,Top tercile baseline farm-dependence,binary_top,top-third split,all,stackyear,farm_income_only,top-minus-rest differential,-0.030218082184554563,0.06279620901897681,0.630368177301063,2766,137,0.33371413420972895,ok
adjacent,completed_t,ib_nonfarm_curr_shr,Current nonfarm worker share,nonfarm,farmdep_top_tercile,Top tercile baseline farm-dependence,binary_top,top-third split,all,stackyear,farm_income_only,top group DID,-0.0010172644792652945,0.06289649081454046,0.9870958740839817,2766,137,0.33371413420972895,ok
adjacent,completed_t,ib_nonfarm_curr_shr,Current nonfarm worker share,nonfarm,farmdep_top_tercile,Top tercile baseline farm-dependence,binary_top,top-third split,all,stackyear,other_baseline,lower/rest DID,0.028356454148587836,0.04453612376649673,0.5243158243896697,2568,136,0.33371413420972895,ok
adjacent,completed_t,ib_nonfarm_curr_shr,Current nonfarm worker share,nonfarm,farmdep_top_tercile,Top tercile baseline farm-dependence,binary_top,top-third split,all,stackyear,other_baseline,top-minus-rest differential,-0.012761561168016945,0.05743679184792409,0.8241703100687973,2568,136,0.33371413420972895,ok
adjacent,completed_t,ib_nonfarm_curr_shr,Current nonfarm worker share,nonfarm,farmdep_top_tercile,Top tercile baseline farm-dependence,binary_top,top-third split,all,stackyear,other_baseline,top group DID,0.015594892980570891,0.058294832822896776,0.7890706753905249,2568,136,0.33371413420972895,ok
adjacent,completed_t,ib_nonfarm_curr_shr,Current nonfarm worker share,nonfarm,farmdep_top_tercile,Top tercile baseline farm-dependence,binary_top,top-third split,all,provyear,none,lower/rest DID,0.049220692891526564,0.07400463061981119,0.5059846933017884,2762,136,0.33371413420972895,ok
adjacent,completed_t,ib_nonfarm_curr_shr,Current nonfarm worker share,nonfarm,farmdep_top_tercile,Top tercile baseline farm-dependence,binary_top,top-third split,all,provyear,none,top-minus-rest differential,-0.01920301170046801,0.07210360216610469,0.789988708898373,2762,136,0.33371413420972895,ok
adjacent,completed_t,ib_nonfarm_curr_shr,Current nonfarm worker share,nonfarm,farmdep_top_tercile,Top tercile baseline farm-dependence,binary_top,top-third split,all,provyear,none,top group DID,0.030017681191058555,0.08775371358390213,0.7323001998667373,2762,136,0.33371413420972895,ok
adjacent,completed_t,ib_nonfarm_curr_shr,Current nonfarm worker share,nonfarm,farmdep_top_tercile,Top tercile baseline farm-dependence,binary_top,top-third split,all,provyear,farm_income_only,lower/rest DID,0.050027066723441226,0.0768145547945377,0.5148717768031696,2762,136,0.33371413420972895,ok
adjacent,completed_t,ib_nonfarm_curr_shr,Current nonfarm worker share,nonfarm,farmdep_top_tercile,Top tercile baseline farm-dependence,binary_top,top-third split,all,provyear,farm_income_only,top-minus-rest differential,-0.008507986659782502,0.07167136001137221,0.905506445630924,2762,136,0.33371413420972895,ok
adjacent,completed_t,ib_nonfarm_curr_shr,Current nonfarm worker share,nonfarm,farmdep_top_tercile,Top tercile baseline farm-dependence,binary_top,top-third split,all,provyear,farm_income_only,top group DID,0.041519080063658724,0.0884547320997407,0.6387964424921657,2762,136,0.33371413420972895,ok
adjacent,completed_t,ib_nonfarm_curr_shr,Current nonfarm worker share,nonfarm,farmdep_top_tercile,Top tercile baseline farm-dependence,binary_top,top-third split,all,provyear,other_baseline,lower/rest DID,-0.018048897455924372,0.04640111068766164,0.6972942347039827,2562,134,0.33371413420972895,ok
adjacent,completed_t,ib_nonfarm_curr_shr,Current nonfarm worker share,nonfarm,farmdep_top_tercile,Top tercile baseline farm-dependence,binary_top,top-third split,all,provyear,other_baseline,top-minus-rest differential,-0.01734253002565949,0.06197650031071635,0.7796123172375098,2562,134,0.33371413420972895,ok
adjacent,completed_t,ib_nonfarm_curr_shr,Current nonfarm worker share,nonfarm,farmdep_top_tercile,Top tercile baseline farm-dependence,binary_top,top-third split,all,provyear,other_baseline,top group DID,-0.03539142748158386,0.06787191019762892,0.6020572283327804,2562,134,0.33371413420972895,ok
adjacent,completed_t,ib_nonfarm_curr_shr,Current nonfarm worker share,nonfarm,farmdep_top_vs_bottom,Top versus bottom tercile baseline farm-dependence,binary_top_bottom,clean top-minus-bottom contrast,top_bottom_farmdep,stackyear,none,bottom group DID,0.03892428441672473,0.08195442438686926,0.6348223462047056,1854,131,0.3413151495929802,ok
adjacent,completed_t,ib_nonfarm_curr_shr,Current nonfarm worker share,nonfarm,farmdep_top_vs_bottom,Top versus bottom tercile baseline farm-dependence,binary_top_bottom,clean top-minus-bottom contrast,top_bottom_farmdep,stackyear,none,top-minus-bottom differential,-0.04371428740823077,0.10219165911446093,0.6688202806210001,1854,131,0.3413151495929802,ok
adjacent,completed_t,ib_nonfarm_curr_shr,Current nonfarm worker share,nonfarm,farmdep_top_vs_bottom,Top versus bottom tercile baseline farm-dependence,binary_top_bottom,clean top-minus-bottom contrast,top_bottom_farmdep,stackyear,none,top group DID,-0.0047900029915060455,0.06317264662247848,0.9395591189008228,1854,131,0.3413151495929802,ok
adjacent,completed_t,ib_nonfarm_curr_shr,Current nonfarm worker share,nonfarm,farmdep_top_vs_bottom,Top versus bottom tercile baseline farm-dependence,binary_top_bottom,clean top-minus-bottom contrast,top_bottom_farmdep,stackyear,farm_income_only,bottom group DID,0.039098953819153494,0.08189161729689957,0.6330434459073477,1854,131,0.3413151495929802,ok
adjacent,completed_t,ib_nonfarm_curr_shr,Current nonfarm worker share,nonfarm,farmdep_top_vs_bottom,Top versus bottom tercile baseline farm-dependence,binary_top_bottom,clean top-minus-bottom contrast,top_bottom_farmdep,stackyear,farm_income_only,top-minus-bottom differential,-0.04394385880180665,0.10231138916016773,0.6675514492739196,1854,131,0.3413151495929802,ok
adjacent,completed_t,ib_nonfarm_curr_shr,Current nonfarm worker share,nonfarm,farmdep_top_vs_bottom,Top versus bottom tercile baseline farm-dependence,binary_top_bottom,clean top-minus-bottom contrast,top_bottom_farmdep,stackyear,farm_income_only,top group DID,-0.004844904982653157,0.06327777000344087,0.938969068538227,1854,131,0.3413151495929802,ok
adjacent,completed_t,ib_nonfarm_curr_shr,Current nonfarm worker share,nonfarm,farmdep_top_vs_bottom,Top versus bottom tercile baseline farm-dependence,binary_top_bottom,clean top-minus-bottom contrast,top_bottom_farmdep,stackyear,other_baseline,bottom group DID,0.03622146644129149,0.05575557655590068,0.5159199951139264,1728,130,0.3413151495929802,ok
adjacent,completed_t,ib_nonfarm_curr_shr,Current nonfarm worker share,nonfarm,farmdep_top_vs_bottom,Top versus bottom tercile baseline farm-dependence,binary_top_bottom,clean top-minus-bottom contrast,top_bottom_farmdep,stackyear,other_baseline,top-minus-bottom differential,-0.027361097964929262,0.08047293287080041,0.7338537131153959,1728,130,0.3413151495929802,ok
adjacent,completed_t,ib_nonfarm_curr_shr,Current nonfarm worker share,nonfarm,farmdep_top_vs_bottom,Top versus bottom tercile baseline farm-dependence,binary_top_bottom,clean top-minus-bottom contrast,top_bottom_farmdep,stackyear,other_baseline,top group DID,0.008860368476362228,0.0596387315245014,0.881895035623683,1728,130,0.3413151495929802,ok
adjacent,completed_t,ib_nonfarm_curr_shr,Current nonfarm worker share,nonfarm,farmdep_top_vs_bottom,Top versus bottom tercile baseline farm-dependence,binary_top_bottom,clean top-minus-bottom contrast,top_bottom_farmdep,provyear,none,bottom group DID,0.08340858202175923,0.0973855074916286,0.391733224663653,1850,130,0.3413151495929802,ok
adjacent,completed_t,ib_nonfarm_curr_shr,Current nonfarm worker share,nonfarm,farmdep_top_vs_bottom,Top versus bottom tercile baseline farm-dependence,binary_top_bottom,clean top-minus-bottom contrast,top_bottom_farmdep,provyear,none,top-minus-bottom differential,0.08154458973773114,0.11989597099280266,0.4964235075919514,1850,130,0.3413151495929802,ok
adjacent,completed_t,ib_nonfarm_curr_shr,Current nonfarm worker share,nonfarm,farmdep_top_vs_bottom,Top versus bottom tercile baseline farm-dependence,binary_top_bottom,clean top-minus-bottom contrast,top_bottom_farmdep,provyear,none,top group DID,0.16495317175949037,0.10191081391827367,0.10553266143150627,1850,130,0.3413151495929802,ok
adjacent,completed_t,ib_nonfarm_curr_shr,Current nonfarm worker share,nonfarm,farmdep_top_vs_bottom,Top versus bottom tercile baseline farm-dependence,binary_top_bottom,clean top-minus-bottom contrast,top_bottom_farmdep,provyear,farm_income_only,bottom group DID,0.08348812149823454,0.09703354749401429,0.3895659892350649,1850,130,0.3413151495929802,ok
adjacent,completed_t,ib_nonfarm_curr_shr,Current nonfarm worker share,nonfarm,farmdep_top_vs_bottom,Top versus bottom tercile baseline farm-dependence,binary_top_bottom,clean top-minus-bottom contrast,top_bottom_farmdep,provyear,farm_income_only,top-minus-bottom differential,0.08151341998132094,0.11993424124112055,0.4967255060066115,1850,130,0.3413151495929802,ok
adjacent,completed_t,ib_nonfarm_curr_shr,Current nonfarm worker share,nonfarm,farmdep_top_vs_bottom,Top versus bottom tercile baseline farm-dependence,binary_top_bottom,clean top-minus-bottom contrast,top_bottom_farmdep,provyear,farm_income_only,top group DID,0.16500154147955548,0.10162543501636624,0.10445598305196417,1850,130,0.3413151495929802,ok
adjacent,completed_t,ib_nonfarm_curr_shr,Current nonfarm worker share,nonfarm,farmdep_top_vs_bottom,Top versus bottom tercile baseline farm-dependence,binary_top_bottom,clean top-minus-bottom contrast,top_bottom_farmdep,provyear,other_baseline,bottom group DID,0.0108480178717802,0.06744749684960931,0.8722221936137021,1722,128,0.3413151495929802,ok
adjacent,completed_t,ib_nonfarm_curr_shr,Current nonfarm worker share,nonfarm,farmdep_top_vs_bottom,Top versus bottom tercile baseline farm-dependence,binary_top_bottom,clean top-minus-bottom contrast,top_bottom_farmdep,provyear,other_baseline,top-minus-bottom differential,0.020607667229348453,0.10801433890743078,0.8486929415803934,1722,128,0.3413151495929802,ok
adjacent,completed_t,ib_nonfarm_curr_shr,Current nonfarm worker share,nonfarm,farmdep_top_vs_bottom,Top versus bottom tercile baseline farm-dependence,binary_top_bottom,clean top-minus-bottom contrast,top_bottom_farmdep,provyear,other_baseline,top group DID,0.03145568510112865,0.095449307882007,0.7417371126506394,1722,128,0.3413151495929802,ok
adjacent,completed_t,ib_nonfarm_curr_shr,Current nonfarm worker share,nonfarm,farmdep_ordered_tercile,Ordered tercile score of baseline farm-dependence,continuous,ordered farm-dependence gradient,all,stackyear,none,DID at mean modifier,0.01908393139997782,0.05517634188748106,0.7294391890047112,2766,137,0.33371413420972895,ok
adjacent,completed_t,ib_nonfarm_curr_shr,Current nonfarm worker share,nonfarm,farmdep_ordered_tercile,Ordered tercile score of baseline farm-dependence,continuous,ordered farm-dependence gradient,all,stackyear,none,heterogeneity slope,-0.01650920773869006,0.03833653666623516,0.6667308805129535,2766,137,0.33371413420972895,ok
adjacent,completed_t,ib_nonfarm_curr_shr,Current nonfarm worker share,nonfarm,farmdep_ordered_tercile,Ordered tercile score of baseline farm-dependence,continuous,ordered farm-dependence gradient,all,stackyear,none,DID at +1 SD,0.0025747236612877616,0.06797884240068303,0.9697870525692626,2766,137,0.33371413420972895,ok
adjacent,completed_t,ib_nonfarm_curr_shr,Current nonfarm worker share,nonfarm,farmdep_ordered_tercile,Ordered tercile score of baseline farm-dependence,continuous,ordered farm-dependence gradient,all,stackyear,none,DID at -1 SD,0.03559313913866788,0.06638610156617633,0.5918524839487697,2766,137,0.33371413420972895,ok
adjacent,completed_t,ib_nonfarm_curr_shr,Current nonfarm worker share,nonfarm,farmdep_ordered_tercile,Ordered tercile score of baseline farm-dependence,continuous,ordered farm-dependence gradient,all,stackyear,farm_income_only,DID at mean modifier,0.019190314819357714,0.054983254574784056,0.727073484975796,2766,137,0.33371413420972895,ok
adjacent,completed_t,ib_nonfarm_curr_shr,Current nonfarm worker share,nonfarm,farmdep_ordered_tercile,Ordered tercile score of baseline farm-dependence,continuous,ordered farm-dependence gradient,all,stackyear,farm_income_only,heterogeneity slope,-0.01654010517047167,0.03830881683431359,0.6659179336074754,2766,137,0.33371413420972895,ok
adjacent,completed_t,ib_nonfarm_curr_shr,Current nonfarm worker share,nonfarm,farmdep_ordered_tercile,Ordered tercile score of baseline farm-dependence,continuous,ordered farm-dependence gradient,all,stackyear,farm_income_only,DID at +1 SD,0.0026502096488860427,0.0678533599519224,0.9688442274316076,2766,137,0.33371413420972895,ok
adjacent,completed_t,ib_nonfarm_curr_shr,Current nonfarm worker share,nonfarm,farmdep_ordered_tercile,Ordered tercile score of baseline farm-dependence,continuous,ordered farm-dependence gradient,all,stackyear,farm_income_only,DID at -1 SD,0.035730419989829384,0.06616168834753126,0.5891646336799615,2766,137,0.33371413420972895,ok
adjacent,completed_t,ib_nonfarm_curr_shr,Current nonfarm worker share,nonfarm,farmdep_ordered_tercile,Ordered tercile score of baseline farm-dependence,continuous,ordered farm-dependence gradient,all,stackyear,other_baseline,DID at mean modifier,0.025188918774672747,0.04056433765746527,0.5346245199466905,2568,136,0.33371413420972895,ok
adjacent,completed_t,ib_nonfarm_curr_shr,Current nonfarm worker share,nonfarm,farmdep_ordered_tercile,Ordered tercile score of baseline farm-dependence,continuous,ordered farm-dependence gradient,all,stackyear,other_baseline,heterogeneity slope,-0.007887053229768976,0.031137501786383005,0.8000382814123856,2568,136,0.33371413420972895,ok
adjacent,completed_t,ib_nonfarm_curr_shr,Current nonfarm worker share,nonfarm,farmdep_ordered_tercile,Ordered tercile score of baseline farm-dependence,continuous,ordered farm-dependence gradient,all,stackyear,other_baseline,DID at +1 SD,0.01730186554490377,0.05726543904548619,0.7625495234484845,2568,136,0.33371413420972895,ok
adjacent,completed_t,ib_nonfarm_curr_shr,Current nonfarm worker share,nonfarm,farmdep_ordered_tercile,Ordered tercile score of baseline farm-dependence,continuous,ordered farm-dependence gradient,all,stackyear,other_baseline,DID at -1 SD,0.03307597200444172,0.044166599428747344,0.4539228617318162,2568,136,0.33371413420972895,ok
adjacent,completed_t,ib_nonfarm_curr_shr,Current nonfarm worker share,nonfarm,farmdep_ordered_tercile,Ordered tercile score of baseline farm-dependence,continuous,ordered farm-dependence gradient,all,provyear,none,DID at mean modifier,0.047175820819159775,0.07058064163043165,0.5038808275456694,2762,136,0.33371413420972895,ok
adjacent,completed_t,ib_nonfarm_curr_shr,Current nonfarm worker share,nonfarm,farmdep_ordered_tercile,Ordered tercile score of baseline farm-dependence,continuous,ordered farm-dependence gradient,all,provyear,none,heterogeneity slope,-0.0014630608197777548,0.04015168435777576,0.9709328417089076,2762,136,0.33371413420972895,ok
adjacent,completed_t,ib_nonfarm_curr_shr,Current nonfarm worker share,nonfarm,farmdep_ordered_tercile,Ordered tercile score of baseline farm-dependence,continuous,ordered farm-dependence gradient,all,provyear,none,DID at +1 SD,0.04571275999938202,0.08014531611848169,0.5684244369678277,2762,136,0.33371413420972895,ok
adjacent,completed_t,ib_nonfarm_curr_shr,Current nonfarm worker share,nonfarm,farmdep_ordered_tercile,Ordered tercile score of baseline farm-dependence,continuous,ordered farm-dependence gradient,all,provyear,none,DID at -1 SD,0.04863888163893753,0.08224535101589871,0.5542607395814437,2762,136,0.33371413420972895,ok
adjacent,completed_t,ib_nonfarm_curr_shr,Current nonfarm worker share,nonfarm,farmdep_ordered_tercile,Ordered tercile score of baseline farm-dependence,continuous,ordered farm-dependence gradient,all,provyear,farm_income_only,DID at mean modifier,0.04756630622471612,0.07069490103711883,0.5010495459286957,2762,136,0.33371413420972895,ok
adjacent,completed_t,ib_nonfarm_curr_shr,Current nonfarm worker share,nonfarm,farmdep_ordered_tercile,Ordered tercile score of baseline farm-dependence,continuous,ordered farm-dependence gradient,all,provyear,farm_income_only,heterogeneity slope,-0.00089157367662418,0.04014287940033061,0.982280434251703,2762,136,0.33371413420972895,ok
adjacent,completed_t,ib_nonfarm_curr_shr,Current nonfarm worker share,nonfarm,farmdep_ordered_tercile,Ordered tercile score of baseline farm-dependence,continuous,ordered farm-dependence gradient,all,provyear,farm_income_only,DID at +1 SD,0.04667473254809194,0.07985368075955178,0.5588818077991493,2762,136,0.33371413420972895,ok
adjacent,completed_t,ib_nonfarm_curr_shr,Current nonfarm worker share,nonfarm,farmdep_ordered_tercile,Ordered tercile score of baseline farm-dependence,continuous,ordered farm-dependence gradient,all,provyear,farm_income_only,DID at -1 SD,0.0484578799013403,0.08271535085790675,0.5579837008219365,2762,136,0.33371413420972895,ok
adjacent,completed_t,ib_nonfarm_curr_shr,Current nonfarm worker share,nonfarm,farmdep_ordered_tercile,Ordered tercile score of baseline farm-dependence,continuous,ordered farm-dependence gradient,all,provyear,other_baseline,DID at mean modifier,-0.025321342477300654,0.04594641126573997,0.5815610193121716,2562,134,0.33371413420972895,ok
adjacent,completed_t,ib_nonfarm_curr_shr,Current nonfarm worker share,nonfarm,farmdep_ordered_tercile,Ordered tercile score of baseline farm-dependence,continuous,ordered farm-dependence gradient,all,provyear,other_baseline,heterogeneity slope,-0.011643066869608504,0.03371215577804464,0.7298184657621966,2562,134,0.33371413420972895,ok
adjacent,completed_t,ib_nonfarm_curr_shr,Current nonfarm worker share,nonfarm,farmdep_ordered_tercile,Ordered tercile score of baseline farm-dependence,continuous,ordered farm-dependence gradient,all,provyear,other_baseline,DID at +1 SD,-0.03696440934690916,0.06412453041233689,0.5643129135528704,2562,134,0.33371413420972895,ok
adjacent,completed_t,ib_nonfarm_curr_shr,Current nonfarm worker share,nonfarm,farmdep_ordered_tercile,Ordered tercile score of baseline farm-dependence,continuous,ordered farm-dependence gradient,all,provyear,other_baseline,DID at -1 SD,-0.01367827560769215,0.048818120715617606,0.779332895552091,2562,134,0.33371413420972895,ok
adjacent,completed_t,ib_nonfarm_curr_shr,Current nonfarm worker share,nonfarm,farm_orientation_continuous,"Pre-specified farm-orientation index, continuous z",continuous,pre-specified index interaction,all,stackyear,none,DID at mean modifier,0.005138603896232365,0.052092496252999845,0.9214210599918828,2848,137,0.33371413420972895,ok
adjacent,completed_t,ib_nonfarm_curr_shr,Current nonfarm worker share,nonfarm,farm_orientation_continuous,"Pre-specified farm-orientation index, continuous z",continuous,pre-specified index interaction,all,stackyear,none,heterogeneity slope,0.08906588794116108,0.04931866391339679,0.07092980264479463,2848,137,0.33371413420972895,ok
adjacent,completed_t,ib_nonfarm_curr_shr,Current nonfarm worker share,nonfarm,farm_orientation_continuous,"Pre-specified farm-orientation index, continuous z",continuous,pre-specified index interaction,all,stackyear,none,DID at +1 SD,0.09420449183739343,0.06744368682689085,0.16247751298481095,2848,137,0.33371413420972895,ok
adjacent,completed_t,ib_nonfarm_curr_shr,Current nonfarm worker share,nonfarm,farm_orientation_continuous,"Pre-specified farm-orientation index, continuous z",continuous,pre-specified index interaction,all,stackyear,none,DID at -1 SD,-0.08392728404492872,0.07578434310158695,0.26809991302444525,2848,137,0.33371413420972895,ok
adjacent,completed_t,ib_nonfarm_curr_shr,Current nonfarm worker share,nonfarm,farm_orientation_continuous,"Pre-specified farm-orientation index, continuous z",continuous,pre-specified index interaction,all,stackyear,farm_income_only,DID at mean modifier,0.005138603896232365,0.052092496252999845,0.9214210599918828,2848,137,0.33371413420972895,ok
adjacent,completed_t,ib_nonfarm_curr_shr,Current nonfarm worker share,nonfarm,farm_orientation_continuous,"Pre-specified farm-orientation index, continuous z",continuous,pre-specified index interaction,all,stackyear,farm_income_only,heterogeneity slope,0.08906588794116108,0.04931866391339679,0.07092980264479463,2848,137,0.33371413420972895,ok
adjacent,completed_t,ib_nonfarm_curr_shr,Current nonfarm worker share,nonfarm,farm_orientation_continuous,"Pre-specified farm-orientation index, continuous z",continuous,pre-specified index interaction,all,stackyear,farm_income_only,DID at +1 SD,0.09420449183739343,0.06744368682689085,0.16247751298481095,2848,137,0.33371413420972895,ok
adjacent,completed_t,ib_nonfarm_curr_shr,Current nonfarm worker share,nonfarm,farm_orientation_continuous,"Pre-specified farm-orientation index, continuous z",continuous,pre-specified index interaction,all,stackyear,farm_income_only,DID at -1 SD,-0.08392728404492872,0.07578434310158695,0.26809991302444525,2848,137,0.33371413420972895,ok
adjacent,completed_t,ib_nonfarm_curr_shr,Current nonfarm worker share,nonfarm,farm_orientation_continuous,"Pre-specified farm-orientation index, continuous z",continuous,pre-specified index interaction,all,stackyear,other_baseline,DID at mean modifier,0.005138603896232365,0.052092496252999845,0.9214210599918828,2848,137,0.33371413420972895,ok
adjacent,completed_t,ib_nonfarm_curr_shr,Current nonfarm worker share,nonfarm,farm_orientation_continuous,"Pre-specified farm-orientation index, continuous z",continuous,pre-specified index interaction,all,stackyear,other_baseline,heterogeneity slope,0.08906588794116108,0.04931866391339679,0.07092980264479463,2848,137,0.33371413420972895,ok
adjacent,completed_t,ib_nonfarm_curr_shr,Current nonfarm worker share,nonfarm,farm_orientation_continuous,"Pre-specified farm-orientation index, continuous z",continuous,pre-specified index interaction,all,stackyear,other_baseline,DID at +1 SD,0.09420449183739343,0.06744368682689085,0.16247751298481095,2848,137,0.33371413420972895,ok
adjacent,completed_t,ib_nonfarm_curr_shr,Current nonfarm worker share,nonfarm,farm_orientation_continuous,"Pre-specified farm-orientation index, continuous z",continuous,pre-specified index interaction,all,stackyear,other_baseline,DID at -1 SD,-0.08392728404492872,0.07578434310158695,0.26809991302444525,2848,137,0.33371413420972895,ok
adjacent,completed_t,ib_nonfarm_curr_shr,Current nonfarm worker share,nonfarm,farm_orientation_continuous,"Pre-specified farm-orientation index, continuous z",continuous,pre-specified index interaction,all,provyear,none,DID at mean modifier,0.07665296958272713,0.0682294573033826,0.26124278020109215,2844,136,0.33371413420972895,ok
adjacent,completed_t,ib_nonfarm_curr_shr,Current nonfarm worker share,nonfarm,farm_orientation_continuous,"Pre-specified farm-orientation index, continuous z",continuous,pre-specified index interaction,all,provyear,none,heterogeneity slope,0.12690361775346806,0.048057194046896595,0.008274009915410338,2844,136,0.33371413420972895,ok
adjacent,completed_t,ib_nonfarm_curr_shr,Current nonfarm worker share,nonfarm,farm_orientation_continuous,"Pre-specified farm-orientation index, continuous z",continuous,pre-specified index interaction,all,provyear,none,DID at +1 SD,0.2035565873361952,0.07871060271287754,0.009705768097290702,2844,136,0.33371413420972895,ok
adjacent,completed_t,ib_nonfarm_curr_shr,Current nonfarm worker share,nonfarm,farm_orientation_continuous,"Pre-specified farm-orientation index, continuous z",continuous,pre-specified index interaction,all,provyear,none,DID at -1 SD,-0.05025064817074093,0.08794399642798775,0.5677327781655953,2844,136,0.33371413420972895,ok
adjacent,completed_t,ib_nonfarm_curr_shr,Current nonfarm worker share,nonfarm,farm_orientation_continuous,"Pre-specified farm-orientation index, continuous z",continuous,pre-specified index interaction,all,provyear,farm_income_only,DID at mean modifier,0.07665296958272713,0.0682294573033826,0.26124278020109215,2844,136,0.33371413420972895,ok
adjacent,completed_t,ib_nonfarm_curr_shr,Current nonfarm worker share,nonfarm,farm_orientation_continuous,"Pre-specified farm-orientation index, continuous z",continuous,pre-specified index interaction,all,provyear,farm_income_only,heterogeneity slope,0.12690361775346806,0.048057194046896595,0.008274009915410338,2844,136,0.33371413420972895,ok
adjacent,completed_t,ib_nonfarm_curr_shr,Current nonfarm worker share,nonfarm,farm_orientation_continuous,"Pre-specified farm-orientation index, continuous z",continuous,pre-specified index interaction,all,provyear,farm_income_only,DID at +1 SD,0.2035565873361952,0.07871060271287754,0.009705768097290702,2844,136,0.33371413420972895,ok
adjacent,completed_t,ib_nonfarm_curr_shr,Current nonfarm worker share,nonfarm,farm_orientation_continuous,"Pre-specified farm-orientation index, continuous z",continuous,pre-specified index interaction,all,provyear,farm_income_only,DID at -1 SD,-0.05025064817074093,0.08794399642798775,0.5677327781655953,2844,136,0.33371413420972895,ok
adjacent,completed_t,ib_nonfarm_curr_shr,Current nonfarm worker share,nonfarm,farm_orientation_continuous,"Pre-specified farm-orientation index, continuous z",continuous,pre-specified index interaction,all,provyear,other_baseline,DID at mean modifier,0.07665296958272713,0.0682294573033826,0.26124278020109215,2844,136,0.33371413420972895,ok
adjacent,completed_t,ib_nonfarm_curr_shr,Current nonfarm worker share,nonfarm,farm_orientation_continuous,"Pre-specified farm-orientation index, continuous z",continuous,pre-specified index interaction,all,provyear,other_baseline,heterogeneity slope,0.12690361775346806,0.048057194046896595,0.008274009915410338,2844,136,0.33371413420972895,ok
adjacent,completed_t,ib_nonfarm_curr_shr,Current nonfarm worker share,nonfarm,farm_orientation_continuous,"Pre-specified farm-orientation index, continuous z",continuous,pre-specified index interaction,all,provyear,other_baseline,DID at +1 SD,0.2035565873361952,0.07871060271287754,0.009705768097290702,2844,136,0.33371413420972895,ok
adjacent,completed_t,ib_nonfarm_curr_shr,Current nonfarm worker share,nonfarm,farm_orientation_continuous,"Pre-specified farm-orientation index, continuous z",continuous,pre-specified index interaction,all,provyear,other_baseline,DID at -1 SD,-0.05025064817074093,0.08794399642798775,0.5677327781655953,2844,136,0.33371413420972895,ok
adjacent,completed_t,ib_nonfarm_curr_shr,Current nonfarm worker share,nonfarm,farm_orientation_top_tercile,Top tercile pre-specified farm-orientation index,binary_top,pre-specified index top-third split,all,stackyear,none,lower/rest DID,-0.009873883485131935,0.06567467983659682,0.8804921463311588,2848,137,0.33371413420972895,ok
adjacent,completed_t,ib_nonfarm_curr_shr,Current nonfarm worker share,nonfarm,farm_orientation_top_tercile,Top tercile pre-specified farm-orientation index,binary_top,pre-specified index top-third split,all,stackyear,none,top-minus-rest differential,0.0783884751086941,0.07023051934656926,0.2643537831959639,2848,137,0.33371413420972895,ok
adjacent,completed_t,ib_nonfarm_curr_shr,Current nonfarm worker share,nonfarm,farm_orientation_top_tercile,Top tercile pre-specified farm-orientation index,binary_top,pre-specified index top-third split,all,stackyear,none,top group DID,0.06851459162356216,0.06375882877228216,0.28255838844756453,2848,137,0.33371413420972895,ok
adjacent,completed_t,ib_nonfarm_curr_shr,Current nonfarm worker share,nonfarm,farm_orientation_top_tercile,Top tercile pre-specified farm-orientation index,binary_top,pre-specified index top-third split,all,stackyear,farm_income_only,lower/rest DID,-0.009873883485131935,0.06567467983659682,0.8804921463311588,2848,137,0.33371413420972895,ok
adjacent,completed_t,ib_nonfarm_curr_shr,Current nonfarm worker share,nonfarm,farm_orientation_top_tercile,Top tercile pre-specified farm-orientation index,binary_top,pre-specified index top-third split,all,stackyear,farm_income_only,top-minus-rest differential,0.0783884751086941,0.07023051934656926,0.2643537831959639,2848,137,0.33371413420972895,ok
adjacent,completed_t,ib_nonfarm_curr_shr,Current nonfarm worker share,nonfarm,farm_orientation_top_tercile,Top tercile pre-specified farm-orientation index,binary_top,pre-specified index top-third split,all,stackyear,farm_income_only,top group DID,0.06851459162356216,0.06375882877228216,0.28255838844756453,2848,137,0.33371413420972895,ok
adjacent,completed_t,ib_nonfarm_curr_shr,Current nonfarm worker share,nonfarm,farm_orientation_top_tercile,Top tercile pre-specified farm-orientation index,binary_top,pre-specified index top-third split,all,stackyear,other_baseline,lower/rest DID,-0.009873883485131935,0.06567467983659682,0.8804921463311588,2848,137,0.33371413420972895,ok
adjacent,completed_t,ib_nonfarm_curr_shr,Current nonfarm worker share,nonfarm,farm_orientation_top_tercile,Top tercile pre-specified farm-orientation index,binary_top,pre-specified index top-third split,all,stackyear,other_baseline,top-minus-rest differential,0.0783884751086941,0.07023051934656926,0.2643537831959639,2848,137,0.33371413420972895,ok
adjacent,completed_t,ib_nonfarm_curr_shr,Current nonfarm worker share,nonfarm,farm_orientation_top_tercile,Top tercile pre-specified farm-orientation index,binary_top,pre-specified index top-third split,all,stackyear,other_baseline,top group DID,0.06851459162356216,0.06375882877228216,0.28255838844756453,2848,137,0.33371413420972895,ok
adjacent,completed_t,ib_nonfarm_curr_shr,Current nonfarm worker share,nonfarm,farm_orientation_top_tercile,Top tercile pre-specified farm-orientation index,binary_top,pre-specified index top-third split,all,provyear,none,lower/rest DID,0.03656194260460218,0.07259071323207222,0.6144915691520646,2844,136,0.33371413420972895,ok
adjacent,completed_t,ib_nonfarm_curr_shr,Current nonfarm worker share,nonfarm,farm_orientation_top_tercile,Top tercile pre-specified farm-orientation index,binary_top,pre-specified index top-third split,all,provyear,none,top-minus-rest differential,0.09465194198970356,0.07283765331577742,0.19377516443376208,2844,136,0.33371413420972895,ok
adjacent,completed_t,ib_nonfarm_curr_shr,Current nonfarm worker share,nonfarm,farm_orientation_top_tercile,Top tercile pre-specified farm-orientation index,binary_top,pre-specified index top-third split,all,provyear,none,top group DID,0.13121388459430575,0.08223429589898308,0.11057583993003355,2844,136,0.33371413420972895,ok
adjacent,completed_t,ib_nonfarm_curr_shr,Current nonfarm worker share,nonfarm,farm_orientation_top_tercile,Top tercile pre-specified farm-orientation index,binary_top,pre-specified index top-third split,all,provyear,farm_income_only,lower/rest DID,0.03656194260460218,0.07259071323207222,0.6144915691520646,2844,136,0.33371413420972895,ok
adjacent,completed_t,ib_nonfarm_curr_shr,Current nonfarm worker share,nonfarm,farm_orientation_top_tercile,Top tercile pre-specified farm-orientation index,binary_top,pre-specified index top-third split,all,provyear,farm_income_only,top-minus-rest differential,0.09465194198970356,0.07283765331577742,0.19377516443376208,2844,136,0.33371413420972895,ok
adjacent,completed_t,ib_nonfarm_curr_shr,Current nonfarm worker share,nonfarm,farm_orientation_top_tercile,Top tercile pre-specified farm-orientation index,binary_top,pre-specified index top-third split,all,provyear,farm_income_only,top group DID,0.13121388459430575,0.08223429589898308,0.11057583993003355,2844,136,0.33371413420972895,ok
adjacent,completed_t,ib_nonfarm_curr_shr,Current nonfarm worker share,nonfarm,farm_orientation_top_tercile,Top tercile pre-specified farm-orientation index,binary_top,pre-specified index top-third split,all,provyear,other_baseline,lower/rest DID,0.03656194260460218,0.07259071323207222,0.6144915691520646,2844,136,0.33371413420972895,ok
adjacent,completed_t,ib_nonfarm_curr_shr,Current nonfarm worker share,nonfarm,farm_orientation_top_tercile,Top tercile pre-specified farm-orientation index,binary_top,pre-specified index top-third split,all,provyear,other_baseline,top-minus-rest differential,0.09465194198970356,0.07283765331577742,0.19377516443376208,2844,136,0.33371413420972895,ok
adjacent,completed_t,ib_nonfarm_curr_shr,Current nonfarm worker share,nonfarm,farm_orientation_top_tercile,Top tercile pre-specified farm-orientation index,binary_top,pre-specified index top-third split,all,provyear,other_baseline,top group DID,0.13121388459430575,0.08223429589898308,0.11057583993003355,2844,136,0.33371413420972895,ok
adjacent,completed_t,ib_nonfarm_curr_shr,Current nonfarm worker share,nonfarm,bottom_farmdep,Bottom tercile baseline farm-dependence,binary_bottom,exit-side low farm-dependence check,all,stackyear,none,lower/rest DID,0.007946254203777526,0.0660910977194184,0.904299497033138,2766,137,0.33371413420972895,ok
adjacent,completed_t,ib_nonfarm_curr_shr,Current nonfarm worker share,nonfarm,bottom_farmdep,Bottom tercile baseline farm-dependence,binary_bottom,exit-side low farm-dependence check,all,stackyear,none,bottom-minus-rest differential,0.030290052887710684,0.10764930764513224,0.7784211598815485,2766,137,0.33371413420972895,ok
adjacent,completed_t,ib_nonfarm_curr_shr,Current nonfarm worker share,nonfarm,bottom_farmdep,Bottom tercile baseline farm-dependence,binary_bottom,exit-side low farm-dependence check,all,stackyear,none,bottom group DID,0.03823630709148821,0.08479964903196002,0.6520603881710896,2766,137,0.33371413420972895,ok
adjacent,completed_t,ib_nonfarm_curr_shr,Current nonfarm worker share,nonfarm,bottom_farmdep,Bottom tercile baseline farm-dependence,binary_bottom,exit-side low farm-dependence check,all,stackyear,farm_income_only,lower/rest DID,0.007936649956630938,0.06611334638338974,0.9044466226903541,2766,137,0.33371413420972895,ok
adjacent,completed_t,ib_nonfarm_curr_shr,Current nonfarm worker share,nonfarm,bottom_farmdep,Bottom tercile baseline farm-dependence,binary_bottom,exit-side low farm-dependence check,all,stackyear,farm_income_only,bottom-minus-rest differential,0.03049514234403159,0.10771905921216347,0.777101059147306,2766,137,0.33371413420972895,ok
adjacent,completed_t,ib_nonfarm_curr_shr,Current nonfarm worker share,nonfarm,bottom_farmdep,Bottom tercile baseline farm-dependence,binary_bottom,exit-side low farm-dependence check,all,stackyear,farm_income_only,bottom group DID,0.03843179230066253,0.08483617789771464,0.6505402221635512,2766,137,0.33371413420972895,ok
adjacent,completed_t,ib_nonfarm_curr_shr,Current nonfarm worker share,nonfarm,bottom_farmdep,Bottom tercile baseline farm-dependence,binary_bottom,exit-side low farm-dependence check,all,stackyear,other_baseline,lower/rest DID,0.021243466057496,0.053245364197655465,0.6899130523048036,2568,136,0.33371413420972895,ok
adjacent,completed_t,ib_nonfarm_curr_shr,Current nonfarm worker share,nonfarm,bottom_farmdep,Bottom tercile baseline farm-dependence,binary_bottom,exit-side low farm-dependence check,all,stackyear,other_baseline,bottom-minus-rest differential,0.011316780096313546,0.07811326141853939,0.8848083387089295,2568,136,0.33371413420972895,ok
adjacent,completed_t,ib_nonfarm_curr_shr,Current nonfarm worker share,nonfarm,bottom_farmdep,Bottom tercile baseline farm-dependence,binary_bottom,exit-side low farm-dependence check,all,stackyear,other_baseline,bottom group DID,0.03256024615380955,0.05583741714421495,0.559808524959728,2568,136,0.33371413420972895,ok
adjacent,completed_t,ib_nonfarm_curr_shr,Current nonfarm worker share,nonfarm,bottom_farmdep,Bottom tercile baseline farm-dependence,binary_bottom,exit-side low farm-dependence check,all,provyear,none,lower/rest DID,0.04602006950252136,0.08013666700167554,0.5657852271880417,2762,136,0.33371413420972895,ok
adjacent,completed_t,ib_nonfarm_curr_shr,Current nonfarm worker share,nonfarm,bottom_farmdep,Bottom tercile baseline farm-dependence,binary_bottom,exit-side low farm-dependence check,all,provyear,none,bottom-minus-rest differential,-0.005878329238647298,0.10942847721629714,0.9571594753568143,2762,136,0.33371413420972895,ok
adjacent,completed_t,ib_nonfarm_curr_shr,Current nonfarm worker share,nonfarm,bottom_farmdep,Bottom tercile baseline farm-dependence,binary_bottom,exit-side low farm-dependence check,all,provyear,none,bottom group DID,0.040141740263874064,0.10563524024594195,0.7039429629086138,2762,136,0.33371413420972895,ok
adjacent,completed_t,ib_nonfarm_curr_shr,Current nonfarm worker share,nonfarm,bottom_farmdep,Bottom tercile baseline farm-dependence,binary_bottom,exit-side low farm-dependence check,all,provyear,farm_income_only,lower/rest DID,0.04649842243178742,0.07990235634306843,0.5606067152918753,2762,136,0.33371413420972895,ok
adjacent,completed_t,ib_nonfarm_curr_shr,Current nonfarm worker share,nonfarm,bottom_farmdep,Bottom tercile baseline farm-dependence,binary_bottom,exit-side low farm-dependence check,all,provyear,farm_income_only,bottom-minus-rest differential,-0.0056200915090929005,0.10921756774052536,0.9589607589898965,2762,136,0.33371413420972895,ok
adjacent,completed_t,ib_nonfarm_curr_shr,Current nonfarm worker share,nonfarm,bottom_farmdep,Bottom tercile baseline farm-dependence,binary_bottom,exit-side low farm-dependence check,all,provyear,farm_income_only,bottom group DID,0.04087833092269452,0.1054884955158836,0.6983752869828899,2762,136,0.33371413420972895,ok
adjacent,completed_t,ib_nonfarm_curr_shr,Current nonfarm worker share,nonfarm,bottom_farmdep,Bottom tercile baseline farm-dependence,binary_bottom,exit-side low farm-dependence check,all,provyear,other_baseline,lower/rest DID,-0.020373300650781828,0.055419241097930595,0.7131555334767176,2562,134,0.33371413420972895,ok
adjacent,completed_t,ib_nonfarm_curr_shr,Current nonfarm worker share,nonfarm,bottom_farmdep,Bottom tercile baseline farm-dependence,binary_bottom,exit-side low farm-dependence check,all,provyear,other_baseline,bottom-minus-rest differential,0.0077373266393970215,0.07910802463921843,0.922085467800797,2562,134,0.33371413420972895,ok
adjacent,completed_t,ib_nonfarm_curr_shr,Current nonfarm worker share,nonfarm,bottom_farmdep,Bottom tercile baseline farm-dependence,binary_bottom,exit-side low farm-dependence check,all,provyear,other_baseline,bottom group DID,-0.012635974011384807,0.0630174848281818,0.8410775419828306,2562,134,0.33371413420972895,ok
adjacent,completed_t,ib_nonfarm_curr_shr,Current nonfarm worker share,nonfarm,nonfarm_orientation_top,Top tercile baseline nonfarm orientation,binary_top,exit-side nonfarm orientation check,all,stackyear,none,lower/rest DID,0.0966074087436723,0.05318808997456931,0.06931894368277708,2852,137,0.33371413420972895,ok
adjacent,completed_t,ib_nonfarm_curr_shr,Current nonfarm worker share,nonfarm,nonfarm_orientation_top,Top tercile baseline nonfarm orientation,binary_top,exit-side nonfarm orientation check,all,stackyear,none,top-minus-rest differential,-0.14477810032320382,0.07008046579122161,0.038839451052544605,2852,137,0.33371413420972895,ok
adjacent,completed_t,ib_nonfarm_curr_shr,Current nonfarm worker share,nonfarm,nonfarm_orientation_top,Top tercile baseline nonfarm orientation,binary_top,exit-side nonfarm orientation check,all,stackyear,none,top group DID,-0.04817069157953152,0.05249395400702247,0.35880597626762756,2852,137,0.33371413420972895,ok
adjacent,completed_t,ib_nonfarm_curr_shr,Current nonfarm worker share,nonfarm,nonfarm_orientation_top,Top tercile baseline nonfarm orientation,binary_top,exit-side nonfarm orientation check,all,stackyear,farm_income_only,lower/rest DID,0.10068696892457016,0.05555771267547639,0.06994061552009657,2824,137,0.33371413420972895,ok
adjacent,completed_t,ib_nonfarm_curr_shr,Current nonfarm worker share,nonfarm,nonfarm_orientation_top,Top tercile baseline nonfarm orientation,binary_top,exit-side nonfarm orientation check,all,stackyear,farm_income_only,top-minus-rest differential,-0.1448778967769892,0.07152685610077325,0.04281569029622805,2824,137,0.33371413420972895,ok
adjacent,completed_t,ib_nonfarm_curr_shr,Current nonfarm worker share,nonfarm,nonfarm_orientation_top,Top tercile baseline nonfarm orientation,binary_top,exit-side nonfarm orientation check,all,stackyear,farm_income_only,top group DID,-0.04419092785241904,0.050790096694625475,0.384262275728006,2824,137,0.33371413420972895,ok
adjacent,completed_t,ib_nonfarm_curr_shr,Current nonfarm worker share,nonfarm,nonfarm_orientation_top,Top tercile baseline nonfarm orientation,binary_top,exit-side nonfarm orientation check,all,stackyear,other_baseline,lower/rest DID,0.07181782752376961,0.05330105927516793,0.17785155984177137,2568,136,0.33371413420972895,ok
adjacent,completed_t,ib_nonfarm_curr_shr,Current nonfarm worker share,nonfarm,nonfarm_orientation_top,Top tercile baseline nonfarm orientation,binary_top,exit-side nonfarm orientation check,all,stackyear,other_baseline,top-minus-rest differential,-0.10698108132388233,0.07357432361898882,0.14593117810524942,2568,136,0.33371413420972895,ok
adjacent,completed_t,ib_nonfarm_curr_shr,Current nonfarm worker share,nonfarm,nonfarm_orientation_top,Top tercile baseline nonfarm orientation,binary_top,exit-side nonfarm orientation check,all,stackyear,other_baseline,top group DID,-0.03516325380011272,0.056655929709115496,0.5348328260653292,2568,136,0.33371413420972895,ok
adjacent,completed_t,ib_nonfarm_curr_shr,Current nonfarm worker share,nonfarm,nonfarm_orientation_top,Top tercile baseline nonfarm orientation,binary_top,exit-side nonfarm orientation check,all,provyear,none,lower/rest DID,0.035532801002794955,0.04363720344430725,0.4154858903769181,2848,136,0.33371413420972895,ok
adjacent,completed_t,ib_nonfarm_curr_shr,Current nonfarm worker share,nonfarm,nonfarm_orientation_top,Top tercile baseline nonfarm orientation,binary_top,exit-side nonfarm orientation check,all,provyear,none,top-minus-rest differential,-0.11861243114258835,0.07320964671403327,0.1051947142297279,2848,136,0.33371413420972895,ok
adjacent,completed_t,ib_nonfarm_curr_shr,Current nonfarm worker share,nonfarm,nonfarm_orientation_top,Top tercile baseline nonfarm orientation,binary_top,exit-side nonfarm orientation check,all,provyear,none,top group DID,-0.08307963013979339,0.05234829092086033,0.11250013098027419,2848,136,0.33371413420972895,ok
adjacent,completed_t,ib_nonfarm_curr_shr,Current nonfarm worker share,nonfarm,nonfarm_orientation_top,Top tercile baseline nonfarm orientation,binary_top,exit-side nonfarm orientation check,all,provyear,farm_income_only,lower/rest DID,0.03140502442367675,0.042576562496934256,0.46074967574699355,2820,136,0.33371413420972895,ok
adjacent,completed_t,ib_nonfarm_curr_shr,Current nonfarm worker share,nonfarm,nonfarm_orientation_top,Top tercile baseline nonfarm orientation,binary_top,exit-side nonfarm orientation check,all,provyear,farm_income_only,top-minus-rest differential,-0.13042664929886552,0.07325020664275164,0.07498377590999772,2820,136,0.33371413420972895,ok
adjacent,completed_t,ib_nonfarm_curr_shr,Current nonfarm worker share,nonfarm,nonfarm_orientation_top,Top tercile baseline nonfarm orientation,binary_top,exit-side nonfarm orientation check,all,provyear,farm_income_only,top group DID,-0.09902162487518877,0.05527647909892903,0.0732310429930842,2820,136,0.33371413420972895,ok
adjacent,completed_t,ib_nonfarm_curr_shr,Current nonfarm worker share,nonfarm,nonfarm_orientation_top,Top tercile baseline nonfarm orientation,binary_top,exit-side nonfarm orientation check,all,provyear,other_baseline,lower/rest DID,0.005470345510698393,0.04309551636973378,0.8989915482661389,2562,134,0.33371413420972895,ok
adjacent,completed_t,ib_nonfarm_curr_shr,Current nonfarm worker share,nonfarm,nonfarm_orientation_top,Top tercile baseline nonfarm orientation,binary_top,exit-side nonfarm orientation check,all,provyear,other_baseline,top-minus-rest differential,-0.10235909568141896,0.07601115107587345,0.17809858224065844,2562,134,0.33371413420972895,ok
adjacent,completed_t,ib_nonfarm_curr_shr,Current nonfarm worker share,nonfarm,nonfarm_orientation_top,Top tercile baseline nonfarm orientation,binary_top,exit-side nonfarm orientation check,all,provyear,other_baseline,top group DID,-0.09688875017072057,0.06788464294479415,0.1535061767156718,2562,134,0.33371413420972895,ok
adjacent,completed_t,nonfarm_ge2_no_rentin,>=2 nonfarm workers without rent-in,nonfarm,farmdep_continuous,"Baseline farm-dependence, continuous winsorized z",continuous,continuous farm-dependence interaction,all,stackyear,none,DID at mean modifier,0.0016552144499215448,0.02858446764219179,0.9538234406721039,2740,135,0.11504208856898865,ok
adjacent,completed_t,nonfarm_ge2_no_rentin,>=2 nonfarm workers without rent-in,nonfarm,farmdep_continuous,"Baseline farm-dependence, continuous winsorized z",continuous,continuous farm-dependence interaction,all,stackyear,none,heterogeneity slope,-0.01907522767358906,0.02168977118939395,0.3791533738649222,2740,135,0.11504208856898865,ok
adjacent,completed_t,nonfarm_ge2_no_rentin,>=2 nonfarm workers without rent-in,nonfarm,farmdep_continuous,"Baseline farm-dependence, continuous winsorized z",continuous,continuous farm-dependence interaction,all,stackyear,none,DID at +1 SD,-0.017420013223667513,0.01941060610025021,0.3694798102363567,2740,135,0.11504208856898865,ok
adjacent,completed_t,nonfarm_ge2_no_rentin,>=2 nonfarm workers without rent-in,nonfarm,farmdep_continuous,"Baseline farm-dependence, continuous winsorized z",continuous,continuous farm-dependence interaction,all,stackyear,none,DID at -1 SD,0.020730442123510606,0.04688565132417887,0.6583814150266625,2740,135,0.11504208856898865,ok
adjacent,completed_t,nonfarm_ge2_no_rentin,>=2 nonfarm workers without rent-in,nonfarm,farmdep_continuous,"Baseline farm-dependence, continuous winsorized z",continuous,continuous farm-dependence interaction,all,stackyear,farm_income_only,DID at mean modifier,-0.00047628321960104924,0.029180804909253844,0.9869776671195297,2740,135,0.11504208856898865,ok
adjacent,completed_t,nonfarm_ge2_no_rentin,>=2 nonfarm workers without rent-in,nonfarm,farmdep_continuous,"Baseline farm-dependence, continuous winsorized z",continuous,continuous farm-dependence interaction,all,stackyear,farm_income_only,heterogeneity slope,-0.01688812699022306,0.021887327103115445,0.44035501778683817,2740,135,0.11504208856898865,ok
adjacent,completed_t,nonfarm_ge2_no_rentin,>=2 nonfarm workers without rent-in,nonfarm,farmdep_continuous,"Baseline farm-dependence, continuous winsorized z",continuous,continuous farm-dependence interaction,all,stackyear,farm_income_only,DID at +1 SD,-0.01736441020982411,0.019929217318218798,0.38358809268680927,2740,135,0.11504208856898865,ok
adjacent,completed_t,nonfarm_ge2_no_rentin,>=2 nonfarm workers without rent-in,nonfarm,farmdep_continuous,"Baseline farm-dependence, continuous winsorized z",continuous,continuous farm-dependence interaction,all,stackyear,farm_income_only,DID at -1 SD,0.01641184377062201,0.04758124864717842,0.7301526264697173,2740,135,0.11504208856898865,ok
adjacent,completed_t,nonfarm_ge2_no_rentin,>=2 nonfarm workers without rent-in,nonfarm,farmdep_continuous,"Baseline farm-dependence, continuous winsorized z",continuous,continuous farm-dependence interaction,all,stackyear,other_baseline,DID at mean modifier,0.008552817851681698,0.03185262109863463,0.7883050736120709,2560,135,0.11504208856898865,ok
adjacent,completed_t,nonfarm_ge2_no_rentin,>=2 nonfarm workers without rent-in,nonfarm,farmdep_continuous,"Baseline farm-dependence, continuous winsorized z",continuous,continuous farm-dependence interaction,all,stackyear,other_baseline,heterogeneity slope,0.0019875463368410635,0.02143492273359469,0.9261222902069255,2560,135,0.11504208856898865,ok
adjacent,completed_t,nonfarm_ge2_no_rentin,>=2 nonfarm workers without rent-in,nonfarm,farmdep_continuous,"Baseline farm-dependence, continuous winsorized z",continuous,continuous farm-dependence interaction,all,stackyear,other_baseline,DID at +1 SD,0.010540364188522762,0.02350961919367998,0.653905948475773,2560,135,0.11504208856898865,ok
adjacent,completed_t,nonfarm_ge2_no_rentin,>=2 nonfarm workers without rent-in,nonfarm,farmdep_continuous,"Baseline farm-dependence, continuous winsorized z",continuous,continuous farm-dependence interaction,all,stackyear,other_baseline,DID at -1 SD,0.006565271514840635,0.048942707038586164,0.8932903062019893,2560,135,0.11504208856898865,ok
adjacent,completed_t,nonfarm_ge2_no_rentin,>=2 nonfarm workers without rent-in,nonfarm,farmdep_continuous,"Baseline farm-dependence, continuous winsorized z",continuous,continuous farm-dependence interaction,all,provyear,none,DID at mean modifier,0.018832825243874397,0.06891722267554753,0.784647728874595,2734,133,0.11504208856898865,ok
adjacent,completed_t,nonfarm_ge2_no_rentin,>=2 nonfarm workers without rent-in,nonfarm,farmdep_continuous,"Baseline farm-dependence, continuous winsorized z",continuous,continuous farm-dependence interaction,all,provyear,none,heterogeneity slope,-0.0023243431385186583,0.02886458518530809,0.9358190960309628,2734,133,0.11504208856898865,ok
adjacent,completed_t,nonfarm_ge2_no_rentin,>=2 nonfarm workers without rent-in,nonfarm,farmdep_continuous,"Baseline farm-dependence, continuous winsorized z",continuous,continuous farm-dependence interaction,all,provyear,none,DID at +1 SD,0.01650848210535574,0.07807673221983005,0.8325445678699404,2734,133,0.11504208856898865,ok
adjacent,completed_t,nonfarm_ge2_no_rentin,>=2 nonfarm workers without rent-in,nonfarm,farmdep_continuous,"Baseline farm-dependence, continuous winsorized z",continuous,continuous farm-dependence interaction,all,provyear,none,DID at -1 SD,0.021157168382393055,0.07120055901701033,0.7663528262667851,2734,133,0.11504208856898865,ok
adjacent,completed_t,nonfarm_ge2_no_rentin,>=2 nonfarm workers without rent-in,nonfarm,farmdep_continuous,"Baseline farm-dependence, continuous winsorized z",continuous,continuous farm-dependence interaction,all,provyear,farm_income_only,DID at mean modifier,0.02270025227746483,0.07074209065493477,0.7482956505996646,2734,133,0.11504208856898865,ok
adjacent,completed_t,nonfarm_ge2_no_rentin,>=2 nonfarm workers without rent-in,nonfarm,farmdep_continuous,"Baseline farm-dependence, continuous winsorized z",continuous,continuous farm-dependence interaction,all,provyear,farm_income_only,heterogeneity slope,0.0027580380761443248,0.028680434022311265,0.9233899671332036,2734,133,0.11504208856898865,ok
adjacent,completed_t,nonfarm_ge2_no_rentin,>=2 nonfarm workers without rent-in,nonfarm,farmdep_continuous,"Baseline farm-dependence, continuous winsorized z",continuous,continuous farm-dependence interaction,all,provyear,farm_income_only,DID at +1 SD,0.025458290353609154,0.07949351529937693,0.748774130720249,2734,133,0.11504208856898865,ok
adjacent,completed_t,nonfarm_ge2_no_rentin,>=2 nonfarm workers without rent-in,nonfarm,farmdep_continuous,"Baseline farm-dependence, continuous winsorized z",continuous,continuous farm-dependence interaction,all,provyear,farm_income_only,DID at -1 SD,0.019942214201320505,0.07303973163440597,0.784828299546801,2734,133,0.11504208856898865,ok
adjacent,completed_t,nonfarm_ge2_no_rentin,>=2 nonfarm workers without rent-in,nonfarm,farmdep_continuous,"Baseline farm-dependence, continuous winsorized z",continuous,continuous farm-dependence interaction,all,provyear,other_baseline,DID at mean modifier,-0.06414006317858267,0.05042343354439897,0.20336286195162123,2552,132,0.11504208856898865,ok
adjacent,completed_t,nonfarm_ge2_no_rentin,>=2 nonfarm workers without rent-in,nonfarm,farmdep_continuous,"Baseline farm-dependence, continuous winsorized z",continuous,continuous farm-dependence interaction,all,provyear,other_baseline,heterogeneity slope,0.00036871842498006685,0.025332079936048156,0.9883868852595074,2552,132,0.11504208856898865,ok
adjacent,completed_t,nonfarm_ge2_no_rentin,>=2 nonfarm workers without rent-in,nonfarm,farmdep_continuous,"Baseline farm-dependence, continuous winsorized z",continuous,continuous farm-dependence interaction,all,provyear,other_baseline,DID at +1 SD,-0.0637713447536026,0.06124803484517737,0.2977835624743963,2552,132,0.11504208856898865,ok
adjacent,completed_t,nonfarm_ge2_no_rentin,>=2 nonfarm workers without rent-in,nonfarm,farmdep_continuous,"Baseline farm-dependence, continuous winsorized z",continuous,continuous farm-dependence interaction,all,provyear,other_baseline,DID at -1 SD,-0.06450878160356274,0.05115810860645108,0.2073200687458049,2552,132,0.11504208856898865,ok
adjacent,completed_t,nonfarm_ge2_no_rentin,>=2 nonfarm workers without rent-in,nonfarm,farmdep_top_tercile,Top tercile baseline farm-dependence,binary_top,top-third split,all,stackyear,none,lower/rest DID,0.005174009895635771,0.04073513368876668,0.8989278096552453,2740,135,0.11504208856898865,ok
adjacent,completed_t,nonfarm_ge2_no_rentin,>=2 nonfarm workers without rent-in,nonfarm,farmdep_top_tercile,Top tercile baseline farm-dependence,binary_top,top-third split,all,stackyear,none,top-minus-rest differential,-0.009360545316823753,0.04244619390622562,0.8254604990384338,2740,135,0.11504208856898865,ok
adjacent,completed_t,nonfarm_ge2_no_rentin,>=2 nonfarm workers without rent-in,nonfarm,farmdep_top_tercile,Top tercile baseline farm-dependence,binary_top,top-third split,all,stackyear,none,top group DID,-0.004186535421187982,0.020864912214891257,0.8409726040504594,2740,135,0.11504208856898865,ok
adjacent,completed_t,nonfarm_ge2_no_rentin,>=2 nonfarm workers without rent-in,nonfarm,farmdep_top_tercile,Top tercile baseline farm-dependence,binary_top,top-third split,all,stackyear,farm_income_only,lower/rest DID,0.0006894835647847878,0.041680540099887295,0.9868019176005937,2740,135,0.11504208856898865,ok
adjacent,completed_t,nonfarm_ge2_no_rentin,>=2 nonfarm workers without rent-in,nonfarm,farmdep_top_tercile,Top tercile baseline farm-dependence,binary_top,top-third split,all,stackyear,farm_income_only,top-minus-rest differential,-0.005122220320778084,0.043022694545922203,0.9052289566824423,2740,135,0.11504208856898865,ok
adjacent,completed_t,nonfarm_ge2_no_rentin,>=2 nonfarm workers without rent-in,nonfarm,farmdep_top_tercile,Top tercile baseline farm-dependence,binary_top,top-third split,all,stackyear,farm_income_only,top group DID,-0.004432736755993296,0.020858248321049218,0.8317035521252856,2740,135,0.11504208856898865,ok
adjacent,completed_t,nonfarm_ge2_no_rentin,>=2 nonfarm workers without rent-in,nonfarm,farmdep_top_tercile,Top tercile baseline farm-dependence,binary_top,top-third split,all,stackyear,other_baseline,lower/rest DID,-0.002226217710559239,0.043651011054288334,0.9593252257906798,2560,135,0.11504208856898865,ok
adjacent,completed_t,nonfarm_ge2_no_rentin,>=2 nonfarm workers without rent-in,nonfarm,farmdep_top_tercile,Top tercile baseline farm-dependence,binary_top,top-third split,all,stackyear,other_baseline,top-minus-rest differential,0.027176885998986357,0.049805205105019665,0.5852972183343341,2560,135,0.11504208856898865,ok
adjacent,completed_t,nonfarm_ge2_no_rentin,>=2 nonfarm workers without rent-in,nonfarm,farmdep_top_tercile,Top tercile baseline farm-dependence,binary_top,top-third split,all,stackyear,other_baseline,top group DID,0.024950668288427118,0.030965426703635508,0.4203818780545425,2560,135,0.11504208856898865,ok
adjacent,completed_t,nonfarm_ge2_no_rentin,>=2 nonfarm workers without rent-in,nonfarm,farmdep_top_tercile,Top tercile baseline farm-dependence,binary_top,top-third split,all,provyear,none,lower/rest DID,0.017135119516713496,0.06918892086774359,0.8043998163820232,2734,133,0.11504208856898865,ok
adjacent,completed_t,nonfarm_ge2_no_rentin,>=2 nonfarm workers without rent-in,nonfarm,farmdep_top_tercile,Top tercile baseline farm-dependence,binary_top,top-third split,all,provyear,none,top-minus-rest differential,0.02960307349162964,0.053844716016392735,0.5824661309480086,2734,133,0.11504208856898865,ok
adjacent,completed_t,nonfarm_ge2_no_rentin,>=2 nonfarm workers without rent-in,nonfarm,farmdep_top_tercile,Top tercile baseline farm-dependence,binary_top,top-third split,all,provyear,none,top group DID,0.046738193008343136,0.07604657764180481,0.5388192063732036,2734,133,0.11504208856898865,ok
adjacent,completed_t,nonfarm_ge2_no_rentin,>=2 nonfarm workers without rent-in,nonfarm,farmdep_top_tercile,Top tercile baseline farm-dependence,binary_top,top-third split,all,provyear,farm_income_only,lower/rest DID,0.01737594257187471,0.07112576882652691,0.806999384494348,2734,133,0.11504208856898865,ok
adjacent,completed_t,nonfarm_ge2_no_rentin,>=2 nonfarm workers without rent-in,nonfarm,farmdep_top_tercile,Top tercile baseline farm-dependence,binary_top,top-third split,all,provyear,farm_income_only,top-minus-rest differential,0.03911823439741133,0.05266178233957174,0.45759055892849065,2734,133,0.11504208856898865,ok
adjacent,completed_t,nonfarm_ge2_no_rentin,>=2 nonfarm workers without rent-in,nonfarm,farmdep_top_tercile,Top tercile baseline farm-dependence,binary_top,top-third split,all,provyear,farm_income_only,top group DID,0.056494176969286033,0.07659599574005359,0.46078159738444824,2734,133,0.11504208856898865,ok
adjacent,completed_t,nonfarm_ge2_no_rentin,>=2 nonfarm workers without rent-in,nonfarm,farmdep_top_tercile,Top tercile baseline farm-dependence,binary_top,top-third split,all,provyear,other_baseline,lower/rest DID,-0.06947719410371182,0.05043924652760768,0.16837528300457083,2552,132,0.11504208856898865,ok
adjacent,completed_t,nonfarm_ge2_no_rentin,>=2 nonfarm workers without rent-in,nonfarm,farmdep_top_tercile,Top tercile baseline farm-dependence,binary_top,top-third split,all,provyear,other_baseline,top-minus-rest differential,0.02366774760299798,0.052442812499453,0.6517691356124206,2552,132,0.11504208856898865,ok
adjacent,completed_t,nonfarm_ge2_no_rentin,>=2 nonfarm workers without rent-in,nonfarm,farmdep_top_tercile,Top tercile baseline farm-dependence,binary_top,top-third split,all,provyear,other_baseline,top group DID,-0.04580944650071384,0.06322432105882404,0.46872557342305365,2552,132,0.11504208856898865,ok
adjacent,completed_t,nonfarm_ge2_no_rentin,>=2 nonfarm workers without rent-in,nonfarm,farmdep_top_vs_bottom,Top versus bottom tercile baseline farm-dependence,binary_top_bottom,clean top-minus-bottom contrast,top_bottom_farmdep,stackyear,none,bottom group DID,0.03652937038256034,0.06111118989904151,0.5500050472435308,1854,129,0.13902205177372962,ok
adjacent,completed_t,nonfarm_ge2_no_rentin,>=2 nonfarm workers without rent-in,nonfarm,farmdep_top_vs_bottom,Top versus bottom tercile baseline farm-dependence,binary_top_bottom,clean top-minus-bottom contrast,top_bottom_farmdep,stackyear,none,top-minus-bottom differential,-0.044142611616198764,0.0650088012592402,0.4971219208886255,1854,129,0.13902205177372962,ok
adjacent,completed_t,nonfarm_ge2_no_rentin,>=2 nonfarm workers without rent-in,nonfarm,farmdep_top_vs_bottom,Top versus bottom tercile baseline farm-dependence,binary_top_bottom,clean top-minus-bottom contrast,top_bottom_farmdep,stackyear,none,top group DID,-0.007613241233638421,0.020916908783089272,0.7158763438115359,1854,129,0.13902205177372962,ok
adjacent,completed_t,nonfarm_ge2_no_rentin,>=2 nonfarm workers without rent-in,nonfarm,farmdep_top_vs_bottom,Top versus bottom tercile baseline farm-dependence,binary_top_bottom,clean top-minus-bottom contrast,top_bottom_farmdep,stackyear,farm_income_only,bottom group DID,0.03597622504591888,0.061490024113917616,0.5584978435850436,1854,129,0.13902205177372962,ok
adjacent,completed_t,nonfarm_ge2_no_rentin,>=2 nonfarm workers without rent-in,nonfarm,farmdep_top_vs_bottom,Top versus bottom tercile baseline farm-dependence,binary_top_bottom,clean top-minus-bottom contrast,top_bottom_farmdep,stackyear,farm_income_only,top-minus-bottom differential,-0.04353195303467085,0.0654407646563428,0.505915188750063,1854,129,0.13902205177372962,ok
adjacent,completed_t,nonfarm_ge2_no_rentin,>=2 nonfarm workers without rent-in,nonfarm,farmdep_top_vs_bottom,Top versus bottom tercile baseline farm-dependence,binary_top_bottom,clean top-minus-bottom contrast,top_bottom_farmdep,stackyear,farm_income_only,top group DID,-0.007555727988751967,0.020930042598826984,0.7181000681621768,1854,129,0.13902205177372962,ok
adjacent,completed_t,nonfarm_ge2_no_rentin,>=2 nonfarm workers without rent-in,nonfarm,farmdep_top_vs_bottom,Top versus bottom tercile baseline farm-dependence,binary_top_bottom,clean top-minus-bottom contrast,top_bottom_farmdep,stackyear,other_baseline,bottom group DID,0.02329509135841059,0.07536761188572416,0.7572559301629028,1740,129,0.13902205177372962,ok
adjacent,completed_t,nonfarm_ge2_no_rentin,>=2 nonfarm workers without rent-in,nonfarm,farmdep_top_vs_bottom,Top versus bottom tercile baseline farm-dependence,binary_top_bottom,clean top-minus-bottom contrast,top_bottom_farmdep,stackyear,other_baseline,top-minus-bottom differential,-0.0034561312775122296,0.08151260487569811,0.9661798593446881,1740,129,0.13902205177372962,ok
adjacent,completed_t,nonfarm_ge2_no_rentin,>=2 nonfarm workers without rent-in,nonfarm,farmdep_top_vs_bottom,Top versus bottom tercile baseline farm-dependence,binary_top_bottom,clean top-minus-bottom contrast,top_bottom_farmdep,stackyear,other_baseline,top group DID,0.01983896008089836,0.030658875332220305,0.5175756295916247,1740,129,0.13902205177372962,ok
adjacent,completed_t,nonfarm_ge2_no_rentin,>=2 nonfarm workers without rent-in,nonfarm,farmdep_top_vs_bottom,Top versus bottom tercile baseline farm-dependence,binary_top_bottom,clean top-minus-bottom contrast,top_bottom_farmdep,provyear,none,bottom group DID,0.04254207454068306,0.07045984350208499,0.5459915202042248,1848,127,0.13902205177372962,ok
adjacent,completed_t,nonfarm_ge2_no_rentin,>=2 nonfarm workers without rent-in,nonfarm,farmdep_top_vs_bottom,Top versus bottom tercile baseline farm-dependence,binary_top_bottom,clean top-minus-bottom contrast,top_bottom_farmdep,provyear,none,top-minus-bottom differential,0.019225642135592965,0.09534859934173735,0.840201857216825,1848,127,0.13902205177372962,ok
adjacent,completed_t,nonfarm_ge2_no_rentin,>=2 nonfarm workers without rent-in,nonfarm,farmdep_top_vs_bottom,Top versus bottom tercile baseline farm-dependence,binary_top_bottom,clean top-minus-bottom contrast,top_bottom_farmdep,provyear,none,top group DID,0.06176771667627602,0.0883721049117767,0.4845830385454336,1848,127,0.13902205177372962,ok
adjacent,completed_t,nonfarm_ge2_no_rentin,>=2 nonfarm workers without rent-in,nonfarm,farmdep_top_vs_bottom,Top versus bottom tercile baseline farm-dependence,binary_top_bottom,clean top-minus-bottom contrast,top_bottom_farmdep,provyear,farm_income_only,bottom group DID,0.041132813934893035,0.07015491318982849,0.5576644656343848,1848,127,0.13902205177372962,ok
adjacent,completed_t,nonfarm_ge2_no_rentin,>=2 nonfarm workers without rent-in,nonfarm,farmdep_top_vs_bottom,Top versus bottom tercile baseline farm-dependence,binary_top_bottom,clean top-minus-bottom contrast,top_bottom_farmdep,provyear,farm_income_only,top-minus-bottom differential,0.019250837649317322,0.09381426673218655,0.8374146193165144,1848,127,0.13902205177372962,ok
adjacent,completed_t,nonfarm_ge2_no_rentin,>=2 nonfarm workers without rent-in,nonfarm,farmdep_top_vs_bottom,Top versus bottom tercile baseline farm-dependence,binary_top_bottom,clean top-minus-bottom contrast,top_bottom_farmdep,provyear,farm_income_only,top group DID,0.06038365158421036,0.08657112925964848,0.4854878514959907,1848,127,0.13902205177372962,ok
adjacent,completed_t,nonfarm_ge2_no_rentin,>=2 nonfarm workers without rent-in,nonfarm,farmdep_top_vs_bottom,Top versus bottom tercile baseline farm-dependence,binary_top_bottom,clean top-minus-bottom contrast,top_bottom_farmdep,provyear,other_baseline,bottom group DID,-0.06167355478621128,0.04215774928402494,0.14348836057131073,1732,126,0.13902205177372962,ok
adjacent,completed_t,nonfarm_ge2_no_rentin,>=2 nonfarm workers without rent-in,nonfarm,farmdep_top_vs_bottom,Top versus bottom tercile baseline farm-dependence,binary_top_bottom,clean top-minus-bottom contrast,top_bottom_farmdep,provyear,other_baseline,top-minus-bottom differential,-0.022746839588522024,0.10603303532816973,0.8301369184369934,1732,126,0.13902205177372962,ok
adjacent,completed_t,nonfarm_ge2_no_rentin,>=2 nonfarm workers without rent-in,nonfarm,farmdep_top_vs_bottom,Top versus bottom tercile baseline farm-dependence,binary_top_bottom,clean top-minus-bottom contrast,top_bottom_farmdep,provyear,other_baseline,top group DID,-0.08442039437473331,0.09288110135872267,0.3633985865712197,1732,126,0.13902205177372962,ok
adjacent,completed_t,nonfarm_ge2_no_rentin,>=2 nonfarm workers without rent-in,nonfarm,farmdep_ordered_tercile,Ordered tercile score of baseline farm-dependence,continuous,ordered farm-dependence gradient,all,stackyear,none,DID at mean modifier,0.00047492037029749166,0.02911104716159735,0.9869838133652928,2740,135,0.11504208856898865,ok
adjacent,completed_t,nonfarm_ge2_no_rentin,>=2 nonfarm workers without rent-in,nonfarm,farmdep_ordered_tercile,Ordered tercile score of baseline farm-dependence,continuous,ordered farm-dependence gradient,all,stackyear,none,heterogeneity slope,-0.01438684709471715,0.025770987272197957,0.5766685573086108,2740,135,0.11504208856898865,ok
adjacent,completed_t,nonfarm_ge2_no_rentin,>=2 nonfarm workers without rent-in,nonfarm,farmdep_ordered_tercile,Ordered tercile score of baseline farm-dependence,continuous,ordered farm-dependence gradient,all,stackyear,none,DID at +1 SD,-0.013911926724419658,0.0251993973930869,0.5808978011105438,2740,135,0.11504208856898865,ok
adjacent,completed_t,nonfarm_ge2_no_rentin,>=2 nonfarm workers without rent-in,nonfarm,farmdep_ordered_tercile,Ordered tercile score of baseline farm-dependence,continuous,ordered farm-dependence gradient,all,stackyear,none,DID at -1 SD,0.014861767465014643,0.04886905027399605,0.7610409615594359,2740,135,0.11504208856898865,ok
adjacent,completed_t,nonfarm_ge2_no_rentin,>=2 nonfarm workers without rent-in,nonfarm,farmdep_ordered_tercile,Ordered tercile score of baseline farm-dependence,continuous,ordered farm-dependence gradient,all,stackyear,farm_income_only,DID at mean modifier,-0.0001280186775106081,0.029446546763344492,0.9965312127993822,2740,135,0.11504208856898865,ok
adjacent,completed_t,nonfarm_ge2_no_rentin,>=2 nonfarm workers without rent-in,nonfarm,farmdep_ordered_tercile,Ordered tercile score of baseline farm-dependence,continuous,ordered farm-dependence gradient,all,stackyear,farm_income_only,heterogeneity slope,-0.014708604730598308,0.026405599330600615,0.5775096818136771,2740,135,0.11504208856898865,ok
adjacent,completed_t,nonfarm_ge2_no_rentin,>=2 nonfarm workers without rent-in,nonfarm,farmdep_ordered_tercile,Ordered tercile score of baseline farm-dependence,continuous,ordered farm-dependence gradient,all,stackyear,farm_income_only,DID at +1 SD,-0.014836623408108915,0.02532534538055096,0.5579824284715389,2740,135,0.11504208856898865,ok
adjacent,completed_t,nonfarm_ge2_no_rentin,>=2 nonfarm workers without rent-in,nonfarm,farmdep_ordered_tercile,Ordered tercile score of baseline farm-dependence,continuous,ordered farm-dependence gradient,all,stackyear,farm_income_only,DID at -1 SD,0.0145805860530877,0.049873203886896075,0.7700166588318325,2740,135,0.11504208856898865,ok
adjacent,completed_t,nonfarm_ge2_no_rentin,>=2 nonfarm workers without rent-in,nonfarm,farmdep_ordered_tercile,Ordered tercile score of baseline farm-dependence,continuous,ordered farm-dependence gradient,all,stackyear,other_baseline,DID at mean modifier,0.00992595615677139,0.03231231198829272,0.7587002397245078,2560,135,0.11504208856898865,ok
adjacent,completed_t,nonfarm_ge2_no_rentin,>=2 nonfarm workers without rent-in,nonfarm,farmdep_ordered_tercile,Ordered tercile score of baseline farm-dependence,continuous,ordered farm-dependence gradient,all,stackyear,other_baseline,heterogeneity slope,0.0018955863586508429,0.030492653305651412,0.9504311585747099,2560,135,0.11504208856898865,ok
adjacent,completed_t,nonfarm_ge2_no_rentin,>=2 nonfarm workers without rent-in,nonfarm,farmdep_ordered_tercile,Ordered tercile score of baseline farm-dependence,continuous,ordered farm-dependence gradient,all,stackyear,other_baseline,DID at +1 SD,0.011821542515422234,0.031660265564484626,0.7088601764743879,2560,135,0.11504208856898865,ok
adjacent,completed_t,nonfarm_ge2_no_rentin,>=2 nonfarm workers without rent-in,nonfarm,farmdep_ordered_tercile,Ordered tercile score of baseline farm-dependence,continuous,ordered farm-dependence gradient,all,stackyear,other_baseline,DID at -1 SD,0.008030369798120548,0.05427156168456135,0.882369253326192,2560,135,0.11504208856898865,ok
adjacent,completed_t,nonfarm_ge2_no_rentin,>=2 nonfarm workers without rent-in,nonfarm,farmdep_ordered_tercile,Ordered tercile score of baseline farm-dependence,continuous,ordered farm-dependence gradient,all,provyear,none,DID at mean modifier,0.028188489073582082,0.07111189803432137,0.6918127386889681,2734,133,0.11504208856898865,ok
adjacent,completed_t,nonfarm_ge2_no_rentin,>=2 nonfarm workers without rent-in,nonfarm,farmdep_ordered_tercile,Ordered tercile score of baseline farm-dependence,continuous,ordered farm-dependence gradient,all,provyear,none,heterogeneity slope,0.011260459458814698,0.034286336330740935,0.7425910167039169,2734,133,0.11504208856898865,ok
adjacent,completed_t,nonfarm_ge2_no_rentin,>=2 nonfarm workers without rent-in,nonfarm,farmdep_ordered_tercile,Ordered tercile score of baseline farm-dependence,continuous,ordered farm-dependence gradient,all,provyear,none,DID at +1 SD,0.03944894853239678,0.08439833932343725,0.640203850889699,2734,133,0.11504208856898865,ok
adjacent,completed_t,nonfarm_ge2_no_rentin,>=2 nonfarm workers without rent-in,nonfarm,farmdep_ordered_tercile,Ordered tercile score of baseline farm-dependence,continuous,ordered farm-dependence gradient,all,provyear,none,DID at -1 SD,0.016928029614767384,0.07308782471453612,0.8168392549521079,2734,133,0.11504208856898865,ok
adjacent,completed_t,nonfarm_ge2_no_rentin,>=2 nonfarm workers without rent-in,nonfarm,farmdep_ordered_tercile,Ordered tercile score of baseline farm-dependence,continuous,ordered farm-dependence gradient,all,provyear,farm_income_only,DID at mean modifier,0.02874085310753482,0.07209417222215832,0.6901458874141135,2734,133,0.11504208856898865,ok
adjacent,completed_t,nonfarm_ge2_no_rentin,>=2 nonfarm workers without rent-in,nonfarm,farmdep_ordered_tercile,Ordered tercile score of baseline farm-dependence,continuous,ordered farm-dependence gradient,all,provyear,farm_income_only,heterogeneity slope,0.012584144398064961,0.0346777028507435,0.7166880737126209,2734,133,0.11504208856898865,ok
adjacent,completed_t,nonfarm_ge2_no_rentin,>=2 nonfarm workers without rent-in,nonfarm,farmdep_ordered_tercile,Ordered tercile score of baseline farm-dependence,continuous,ordered farm-dependence gradient,all,provyear,farm_income_only,DID at +1 SD,0.041324997505599786,0.08523936997956261,0.6278103083807027,2734,133,0.11504208856898865,ok
adjacent,completed_t,nonfarm_ge2_no_rentin,>=2 nonfarm workers without rent-in,nonfarm,farmdep_ordered_tercile,Ordered tercile score of baseline farm-dependence,continuous,ordered farm-dependence gradient,all,provyear,farm_income_only,DID at -1 SD,0.01615670870946986,0.07439405414609836,0.8280700813168057,2734,133,0.11504208856898865,ok
adjacent,completed_t,nonfarm_ge2_no_rentin,>=2 nonfarm workers without rent-in,nonfarm,farmdep_ordered_tercile,Ordered tercile score of baseline farm-dependence,continuous,ordered farm-dependence gradient,all,provyear,other_baseline,DID at mean modifier,-0.06403714063745988,0.054489959809436696,0.23991074738731033,2552,132,0.11504208856898865,ok
adjacent,completed_t,nonfarm_ge2_no_rentin,>=2 nonfarm workers without rent-in,nonfarm,farmdep_ordered_tercile,Ordered tercile score of baseline farm-dependence,continuous,ordered farm-dependence gradient,all,provyear,other_baseline,heterogeneity slope,-0.0008791507340136107,0.03515342029422183,0.9800478110802014,2552,132,0.11504208856898865,ok
adjacent,completed_t,nonfarm_ge2_no_rentin,>=2 nonfarm workers without rent-in,nonfarm,farmdep_ordered_tercile,Ordered tercile score of baseline farm-dependence,continuous,ordered farm-dependence gradient,all,provyear,other_baseline,DID at +1 SD,-0.06491629137147349,0.07652328840042122,0.39625937948438184,2552,132,0.11504208856898865,ok
adjacent,completed_t,nonfarm_ge2_no_rentin,>=2 nonfarm workers without rent-in,nonfarm,farmdep_ordered_tercile,Ordered tercile score of baseline farm-dependence,continuous,ordered farm-dependence gradient,all,provyear,other_baseline,DID at -1 SD,-0.06315798990344627,0.05053734944789275,0.21139856919554556,2552,132,0.11504208856898865,ok
adjacent,completed_t,nonfarm_ge2_no_rentin,>=2 nonfarm workers without rent-in,nonfarm,farm_orientation_continuous,"Pre-specified farm-orientation index, continuous z",continuous,pre-specified index interaction,all,stackyear,none,DID at mean modifier,-0.0019951378523096128,0.029117682104570795,0.9453718563146181,2822,136,0.11504208856898865,ok
adjacent,completed_t,nonfarm_ge2_no_rentin,>=2 nonfarm workers without rent-in,nonfarm,farm_orientation_continuous,"Pre-specified farm-orientation index, continuous z",continuous,pre-specified index interaction,all,stackyear,none,heterogeneity slope,-0.005030076369995054,0.04381883254162801,0.9086095389822653,2822,136,0.11504208856898865,ok
adjacent,completed_t,nonfarm_ge2_no_rentin,>=2 nonfarm workers without rent-in,nonfarm,farm_orientation_continuous,"Pre-specified farm-orientation index, continuous z",continuous,pre-specified index interaction,all,stackyear,none,DID at +1 SD,-0.007025214222304667,0.033052581630231496,0.8316806177580774,2822,136,0.11504208856898865,ok
adjacent,completed_t,nonfarm_ge2_no_rentin,>=2 nonfarm workers without rent-in,nonfarm,farm_orientation_continuous,"Pre-specified farm-orientation index, continuous z",continuous,pre-specified index interaction,all,stackyear,none,DID at -1 SD,0.0030349385176854414,0.06665872666414385,0.9636852614096539,2822,136,0.11504208856898865,ok
adjacent,completed_t,nonfarm_ge2_no_rentin,>=2 nonfarm workers without rent-in,nonfarm,farm_orientation_continuous,"Pre-specified farm-orientation index, continuous z",continuous,pre-specified index interaction,all,stackyear,farm_income_only,DID at mean modifier,-0.0019951378523096128,0.029117682104570795,0.9453718563146181,2822,136,0.11504208856898865,ok
adjacent,completed_t,nonfarm_ge2_no_rentin,>=2 nonfarm workers without rent-in,nonfarm,farm_orientation_continuous,"Pre-specified farm-orientation index, continuous z",continuous,pre-specified index interaction,all,stackyear,farm_income_only,heterogeneity slope,-0.005030076369995054,0.04381883254162801,0.9086095389822653,2822,136,0.11504208856898865,ok
adjacent,completed_t,nonfarm_ge2_no_rentin,>=2 nonfarm workers without rent-in,nonfarm,farm_orientation_continuous,"Pre-specified farm-orientation index, continuous z",continuous,pre-specified index interaction,all,stackyear,farm_income_only,DID at +1 SD,-0.007025214222304667,0.033052581630231496,0.8316806177580774,2822,136,0.11504208856898865,ok
adjacent,completed_t,nonfarm_ge2_no_rentin,>=2 nonfarm workers without rent-in,nonfarm,farm_orientation_continuous,"Pre-specified farm-orientation index, continuous z",continuous,pre-specified index interaction,all,stackyear,farm_income_only,DID at -1 SD,0.0030349385176854414,0.06665872666414385,0.9636852614096539,2822,136,0.11504208856898865,ok
adjacent,completed_t,nonfarm_ge2_no_rentin,>=2 nonfarm workers without rent-in,nonfarm,farm_orientation_continuous,"Pre-specified farm-orientation index, continuous z",continuous,pre-specified index interaction,all,stackyear,other_baseline,DID at mean modifier,-0.0019951378523096128,0.029117682104570795,0.9453718563146181,2822,136,0.11504208856898865,ok
adjacent,completed_t,nonfarm_ge2_no_rentin,>=2 nonfarm workers without rent-in,nonfarm,farm_orientation_continuous,"Pre-specified farm-orientation index, continuous z",continuous,pre-specified index interaction,all,stackyear,other_baseline,heterogeneity slope,-0.005030076369995054,0.04381883254162801,0.9086095389822653,2822,136,0.11504208856898865,ok
adjacent,completed_t,nonfarm_ge2_no_rentin,>=2 nonfarm workers without rent-in,nonfarm,farm_orientation_continuous,"Pre-specified farm-orientation index, continuous z",continuous,pre-specified index interaction,all,stackyear,other_baseline,DID at +1 SD,-0.007025214222304667,0.033052581630231496,0.8316806177580774,2822,136,0.11504208856898865,ok
adjacent,completed_t,nonfarm_ge2_no_rentin,>=2 nonfarm workers without rent-in,nonfarm,farm_orientation_continuous,"Pre-specified farm-orientation index, continuous z",continuous,pre-specified index interaction,all,stackyear,other_baseline,DID at -1 SD,0.0030349385176854414,0.06665872666414385,0.9636852614096539,2822,136,0.11504208856898865,ok
adjacent,completed_t,nonfarm_ge2_no_rentin,>=2 nonfarm workers without rent-in,nonfarm,farm_orientation_continuous,"Pre-specified farm-orientation index, continuous z",continuous,pre-specified index interaction,all,provyear,none,DID at mean modifier,0.028737315421827614,0.061945270010947004,0.6427089290906036,2816,134,0.11504208856898865,ok
adjacent,completed_t,nonfarm_ge2_no_rentin,>=2 nonfarm workers without rent-in,nonfarm,farm_orientation_continuous,"Pre-specified farm-orientation index, continuous z",continuous,pre-specified index interaction,all,provyear,none,heterogeneity slope,0.034710782474151755,0.05237209185962885,0.5074762659431289,2816,134,0.11504208856898865,ok
adjacent,completed_t,nonfarm_ge2_no_rentin,>=2 nonfarm workers without rent-in,nonfarm,farm_orientation_continuous,"Pre-specified farm-orientation index, continuous z",continuous,pre-specified index interaction,all,provyear,none,DID at +1 SD,0.06344809789597937,0.08475248944310192,0.4540813710165157,2816,134,0.11504208856898865,ok
adjacent,completed_t,nonfarm_ge2_no_rentin,>=2 nonfarm workers without rent-in,nonfarm,farm_orientation_continuous,"Pre-specified farm-orientation index, continuous z",continuous,pre-specified index interaction,all,provyear,none,DID at -1 SD,-0.005973467052324141,0.07731183931431178,0.9384130650487711,2816,134,0.11504208856898865,ok
adjacent,completed_t,nonfarm_ge2_no_rentin,>=2 nonfarm workers without rent-in,nonfarm,farm_orientation_continuous,"Pre-specified farm-orientation index, continuous z",continuous,pre-specified index interaction,all,provyear,farm_income_only,DID at mean modifier,0.028737315421827614,0.061945270010947004,0.6427089290906036,2816,134,0.11504208856898865,ok
adjacent,completed_t,nonfarm_ge2_no_rentin,>=2 nonfarm workers without rent-in,nonfarm,farm_orientation_continuous,"Pre-specified farm-orientation index, continuous z",continuous,pre-specified index interaction,all,provyear,farm_income_only,heterogeneity slope,0.034710782474151755,0.05237209185962885,0.5074762659431289,2816,134,0.11504208856898865,ok
adjacent,completed_t,nonfarm_ge2_no_rentin,>=2 nonfarm workers without rent-in,nonfarm,farm_orientation_continuous,"Pre-specified farm-orientation index, continuous z",continuous,pre-specified index interaction,all,provyear,farm_income_only,DID at +1 SD,0.06344809789597937,0.08475248944310192,0.4540813710165157,2816,134,0.11504208856898865,ok
adjacent,completed_t,nonfarm_ge2_no_rentin,>=2 nonfarm workers without rent-in,nonfarm,farm_orientation_continuous,"Pre-specified farm-orientation index, continuous z",continuous,pre-specified index interaction,all,provyear,farm_income_only,DID at -1 SD,-0.005973467052324141,0.07731183931431178,0.9384130650487711,2816,134,0.11504208856898865,ok
adjacent,completed_t,nonfarm_ge2_no_rentin,>=2 nonfarm workers without rent-in,nonfarm,farm_orientation_continuous,"Pre-specified farm-orientation index, continuous z",continuous,pre-specified index interaction,all,provyear,other_baseline,DID at mean modifier,0.028737315421827614,0.061945270010947004,0.6427089290906036,2816,134,0.11504208856898865,ok
adjacent,completed_t,nonfarm_ge2_no_rentin,>=2 nonfarm workers without rent-in,nonfarm,farm_orientation_continuous,"Pre-specified farm-orientation index, continuous z",continuous,pre-specified index interaction,all,provyear,other_baseline,heterogeneity slope,0.034710782474151755,0.05237209185962885,0.5074762659431289,2816,134,0.11504208856898865,ok
adjacent,completed_t,nonfarm_ge2_no_rentin,>=2 nonfarm workers without rent-in,nonfarm,farm_orientation_continuous,"Pre-specified farm-orientation index, continuous z",continuous,pre-specified index interaction,all,provyear,other_baseline,DID at +1 SD,0.06344809789597937,0.08475248944310192,0.4540813710165157,2816,134,0.11504208856898865,ok
adjacent,completed_t,nonfarm_ge2_no_rentin,>=2 nonfarm workers without rent-in,nonfarm,farm_orientation_continuous,"Pre-specified farm-orientation index, continuous z",continuous,pre-specified index interaction,all,provyear,other_baseline,DID at -1 SD,-0.005973467052324141,0.07731183931431178,0.9384130650487711,2816,134,0.11504208856898865,ok
adjacent,completed_t,nonfarm_ge2_no_rentin,>=2 nonfarm workers without rent-in,nonfarm,farm_orientation_top_tercile,Top tercile pre-specified farm-orientation index,binary_top,pre-specified index top-third split,all,stackyear,none,lower/rest DID,-0.002514381341488178,0.042080089993367154,0.9523529322536536,2822,136,0.11504208856898865,ok
adjacent,completed_t,nonfarm_ge2_no_rentin,>=2 nonfarm workers without rent-in,nonfarm,farm_orientation_top_tercile,Top tercile pre-specified farm-orientation index,binary_top,pre-specified index top-third split,all,stackyear,none,top-minus-rest differential,0.012810591883641623,0.047140157874344425,0.7858101099980106,2822,136,0.11504208856898865,ok
adjacent,completed_t,nonfarm_ge2_no_rentin,>=2 nonfarm workers without rent-in,nonfarm,farm_orientation_top_tercile,Top tercile pre-specified farm-orientation index,binary_top,pre-specified index top-third split,all,stackyear,none,top group DID,0.010296210542153445,0.020126661792622992,0.6089514931757527,2822,136,0.11504208856898865,ok
adjacent,completed_t,nonfarm_ge2_no_rentin,>=2 nonfarm workers without rent-in,nonfarm,farm_orientation_top_tercile,Top tercile pre-specified farm-orientation index,binary_top,pre-specified index top-third split,all,stackyear,farm_income_only,lower/rest DID,-0.002514381341488178,0.042080089993367154,0.9523529322536536,2822,136,0.11504208856898865,ok
adjacent,completed_t,nonfarm_ge2_no_rentin,>=2 nonfarm workers without rent-in,nonfarm,farm_orientation_top_tercile,Top tercile pre-specified farm-orientation index,binary_top,pre-specified index top-third split,all,stackyear,farm_income_only,top-minus-rest differential,0.012810591883641623,0.047140157874344425,0.7858101099980106,2822,136,0.11504208856898865,ok
adjacent,completed_t,nonfarm_ge2_no_rentin,>=2 nonfarm workers without rent-in,nonfarm,farm_orientation_top_tercile,Top tercile pre-specified farm-orientation index,binary_top,pre-specified index top-third split,all,stackyear,farm_income_only,top group DID,0.010296210542153445,0.020126661792622992,0.6089514931757527,2822,136,0.11504208856898865,ok
adjacent,completed_t,nonfarm_ge2_no_rentin,>=2 nonfarm workers without rent-in,nonfarm,farm_orientation_top_tercile,Top tercile pre-specified farm-orientation index,binary_top,pre-specified index top-third split,all,stackyear,other_baseline,lower/rest DID,-0.002514381341488178,0.042080089993367154,0.9523529322536536,2822,136,0.11504208856898865,ok
adjacent,completed_t,nonfarm_ge2_no_rentin,>=2 nonfarm workers without rent-in,nonfarm,farm_orientation_top_tercile,Top tercile pre-specified farm-orientation index,binary_top,pre-specified index top-third split,all,stackyear,other_baseline,top-minus-rest differential,0.012810591883641623,0.047140157874344425,0.7858101099980106,2822,136,0.11504208856898865,ok
adjacent,completed_t,nonfarm_ge2_no_rentin,>=2 nonfarm workers without rent-in,nonfarm,farm_orientation_top_tercile,Top tercile pre-specified farm-orientation index,binary_top,pre-specified index top-third split,all,stackyear,other_baseline,top group DID,0.010296210542153445,0.020126661792622992,0.6089514931757527,2822,136,0.11504208856898865,ok
adjacent,completed_t,nonfarm_ge2_no_rentin,>=2 nonfarm workers without rent-in,nonfarm,farm_orientation_top_tercile,Top tercile pre-specified farm-orientation index,binary_top,pre-specified index top-third split,all,provyear,none,lower/rest DID,0.01562535845296323,0.06722971759755501,0.8162138092471924,2816,134,0.11504208856898865,ok
adjacent,completed_t,nonfarm_ge2_no_rentin,>=2 nonfarm workers without rent-in,nonfarm,farm_orientation_top_tercile,Top tercile pre-specified farm-orientation index,binary_top,pre-specified index top-third split,all,provyear,none,top-minus-rest differential,0.058676476515415146,0.05624208797643423,0.2968167297403782,2816,134,0.11504208856898865,ok
adjacent,completed_t,nonfarm_ge2_no_rentin,>=2 nonfarm workers without rent-in,nonfarm,farm_orientation_top_tercile,Top tercile pre-specified farm-orientation index,binary_top,pre-specified index top-third split,all,provyear,none,top group DID,0.07430183496837837,0.07408913634079657,0.31592317992447483,2816,134,0.11504208856898865,ok
adjacent,completed_t,nonfarm_ge2_no_rentin,>=2 nonfarm workers without rent-in,nonfarm,farm_orientation_top_tercile,Top tercile pre-specified farm-orientation index,binary_top,pre-specified index top-third split,all,provyear,farm_income_only,lower/rest DID,0.01562535845296323,0.06722971759755501,0.8162138092471924,2816,134,0.11504208856898865,ok
adjacent,completed_t,nonfarm_ge2_no_rentin,>=2 nonfarm workers without rent-in,nonfarm,farm_orientation_top_tercile,Top tercile pre-specified farm-orientation index,binary_top,pre-specified index top-third split,all,provyear,farm_income_only,top-minus-rest differential,0.058676476515415146,0.05624208797643423,0.2968167297403782,2816,134,0.11504208856898865,ok
adjacent,completed_t,nonfarm_ge2_no_rentin,>=2 nonfarm workers without rent-in,nonfarm,farm_orientation_top_tercile,Top tercile pre-specified farm-orientation index,binary_top,pre-specified index top-third split,all,provyear,farm_income_only,top group DID,0.07430183496837837,0.07408913634079657,0.31592317992447483,2816,134,0.11504208856898865,ok
adjacent,completed_t,nonfarm_ge2_no_rentin,>=2 nonfarm workers without rent-in,nonfarm,farm_orientation_top_tercile,Top tercile pre-specified farm-orientation index,binary_top,pre-specified index top-third split,all,provyear,other_baseline,lower/rest DID,0.01562535845296323,0.06722971759755501,0.8162138092471924,2816,134,0.11504208856898865,ok
adjacent,completed_t,nonfarm_ge2_no_rentin,>=2 nonfarm workers without rent-in,nonfarm,farm_orientation_top_tercile,Top tercile pre-specified farm-orientation index,binary_top,pre-specified index top-third split,all,provyear,other_baseline,top-minus-rest differential,0.058676476515415146,0.05624208797643423,0.2968167297403782,2816,134,0.11504208856898865,ok
adjacent,completed_t,nonfarm_ge2_no_rentin,>=2 nonfarm workers without rent-in,nonfarm,farm_orientation_top_tercile,Top tercile pre-specified farm-orientation index,binary_top,pre-specified index top-third split,all,provyear,other_baseline,top group DID,0.07430183496837837,0.07408913634079657,0.31592317992447483,2816,134,0.11504208856898865,ok
adjacent,completed_t,nonfarm_ge2_no_rentin,>=2 nonfarm workers without rent-in,nonfarm,bottom_farmdep,Bottom tercile baseline farm-dependence,binary_bottom,exit-side low farm-dependence check,all,stackyear,none,lower/rest DID,-0.01596307949870929,0.02857342612915402,0.576387828553731,2740,135,0.11504208856898865,ok
adjacent,completed_t,nonfarm_ge2_no_rentin,>=2 nonfarm workers without rent-in,nonfarm,bottom_farmdep,Bottom tercile baseline farm-dependence,binary_bottom,exit-side low farm-dependence check,all,stackyear,none,bottom-minus-rest differential,0.05053328116535782,0.06422390975709276,0.431381551028894,2740,135,0.11504208856898865,ok
adjacent,completed_t,nonfarm_ge2_no_rentin,>=2 nonfarm workers without rent-in,nonfarm,bottom_farmdep,Bottom tercile baseline farm-dependence,binary_bottom,exit-side low farm-dependence check,all,stackyear,none,bottom group DID,0.03457020166664852,0.06085048944796837,0.5699554787919647,2740,135,0.11504208856898865,ok
adjacent,completed_t,nonfarm_ge2_no_rentin,>=2 nonfarm workers without rent-in,nonfarm,bottom_farmdep,Bottom tercile baseline farm-dependence,binary_bottom,exit-side low farm-dependence check,all,stackyear,farm_income_only,lower/rest DID,-0.015828733377806735,0.0286228247631774,0.5802559632399598,2740,135,0.11504208856898865,ok
adjacent,completed_t,nonfarm_ge2_no_rentin,>=2 nonfarm workers without rent-in,nonfarm,bottom_farmdep,Bottom tercile baseline farm-dependence,binary_bottom,exit-side low farm-dependence check,all,stackyear,farm_income_only,bottom-minus-rest differential,0.051721595916867764,0.06437485328206348,0.4217180955084592,2740,135,0.11504208856898865,ok
adjacent,completed_t,nonfarm_ge2_no_rentin,>=2 nonfarm workers without rent-in,nonfarm,bottom_farmdep,Bottom tercile baseline farm-dependence,binary_bottom,exit-side low farm-dependence check,all,stackyear,farm_income_only,bottom group DID,0.03589286253906103,0.06140347162379212,0.5588562157616531,2740,135,0.11504208856898865,ok
adjacent,completed_t,nonfarm_ge2_no_rentin,>=2 nonfarm workers without rent-in,nonfarm,bottom_farmdep,Bottom tercile baseline farm-dependence,binary_bottom,exit-side low farm-dependence check,all,stackyear,other_baseline,lower/rest DID,0.005355653283699651,0.030854012655521852,0.862195200393308,2560,135,0.11504208856898865,ok
adjacent,completed_t,nonfarm_ge2_no_rentin,>=2 nonfarm workers without rent-in,nonfarm,bottom_farmdep,Bottom tercile baseline farm-dependence,binary_bottom,exit-side low farm-dependence check,all,stackyear,other_baseline,bottom-minus-rest differential,0.016826588042075014,0.07268291873730692,0.8169211234747358,2560,135,0.11504208856898865,ok
adjacent,completed_t,nonfarm_ge2_no_rentin,>=2 nonfarm workers without rent-in,nonfarm,bottom_farmdep,Bottom tercile baseline farm-dependence,binary_bottom,exit-side low farm-dependence check,all,stackyear,other_baseline,bottom group DID,0.022182241325774663,0.06917353332135782,0.7484564916398329,2560,135,0.11504208856898865,ok
adjacent,completed_t,nonfarm_ge2_no_rentin,>=2 nonfarm workers without rent-in,nonfarm,bottom_farmdep,Bottom tercile baseline farm-dependence,binary_bottom,exit-side low farm-dependence check,all,provyear,none,lower/rest DID,0.014178013459848213,0.08453875608565564,0.8668112549504869,2734,133,0.11504208856898865,ok
adjacent,completed_t,nonfarm_ge2_no_rentin,>=2 nonfarm workers without rent-in,nonfarm,bottom_farmdep,Bottom tercile baseline farm-dependence,binary_bottom,exit-side low farm-dependence check,all,provyear,none,bottom-minus-rest differential,0.008769645591812626,0.0869353859770097,0.9196493371246967,2734,133,0.11504208856898865,ok
adjacent,completed_t,nonfarm_ge2_no_rentin,>=2 nonfarm workers without rent-in,nonfarm,bottom_farmdep,Bottom tercile baseline farm-dependence,binary_bottom,exit-side low farm-dependence check,all,provyear,none,bottom group DID,0.022947659051660838,0.07959882689969831,0.773123672277727,2734,133,0.11504208856898865,ok
adjacent,completed_t,nonfarm_ge2_no_rentin,>=2 nonfarm workers without rent-in,nonfarm,bottom_farmdep,Bottom tercile baseline farm-dependence,binary_bottom,exit-side low farm-dependence check,all,provyear,farm_income_only,lower/rest DID,0.015113900911620688,0.08441558026536305,0.8579050340217751,2734,133,0.11504208856898865,ok
adjacent,completed_t,nonfarm_ge2_no_rentin,>=2 nonfarm workers without rent-in,nonfarm,bottom_farmdep,Bottom tercile baseline farm-dependence,binary_bottom,exit-side low farm-dependence check,all,provyear,farm_income_only,bottom-minus-rest differential,0.009224529768165173,0.08747483741384211,0.9160159476609725,2734,133,0.11504208856898865,ok
adjacent,completed_t,nonfarm_ge2_no_rentin,>=2 nonfarm workers without rent-in,nonfarm,bottom_farmdep,Bottom tercile baseline farm-dependence,binary_bottom,exit-side low farm-dependence check,all,provyear,farm_income_only,bottom group DID,0.02433843067978586,0.07987423620297344,0.7605874888453705,2734,133,0.11504208856898865,ok
adjacent,completed_t,nonfarm_ge2_no_rentin,>=2 nonfarm workers without rent-in,nonfarm,bottom_farmdep,Bottom tercile baseline farm-dependence,binary_bottom,exit-side low farm-dependence check,all,provyear,other_baseline,lower/rest DID,-0.06541241660857618,0.07129763171897023,0.35890391134765076,2552,132,0.11504208856898865,ok
adjacent,completed_t,nonfarm_ge2_no_rentin,>=2 nonfarm workers without rent-in,nonfarm,bottom_farmdep,Bottom tercile baseline farm-dependence,binary_bottom,exit-side low farm-dependence check,all,provyear,other_baseline,bottom-minus-rest differential,0.019915557478496,0.07977141947902887,0.8028519918417933,2552,132,0.11504208856898865,ok
adjacent,completed_t,nonfarm_ge2_no_rentin,>=2 nonfarm workers without rent-in,nonfarm,bottom_farmdep,Bottom tercile baseline farm-dependence,binary_bottom,exit-side low farm-dependence check,all,provyear,other_baseline,bottom group DID,-0.045496859130080176,0.055069123557141664,0.4087035301942714,2552,132,0.11504208856898865,ok
adjacent,completed_t,nonfarm_ge2_no_rentin,>=2 nonfarm workers without rent-in,nonfarm,nonfarm_orientation_top,Top tercile baseline nonfarm orientation,binary_top,exit-side nonfarm orientation check,all,stackyear,none,lower/rest DID,-0.009578321773323663,0.014478481132427307,0.5082560041182822,2824,136,0.11504208856898865,ok
adjacent,completed_t,nonfarm_ge2_no_rentin,>=2 nonfarm workers without rent-in,nonfarm,nonfarm_orientation_top,Top tercile baseline nonfarm orientation,binary_top,exit-side nonfarm orientation check,all,stackyear,none,top-minus-rest differential,0.034829761970710804,0.056410890266462926,0.536951303097864,2824,136,0.11504208856898865,ok
adjacent,completed_t,nonfarm_ge2_no_rentin,>=2 nonfarm workers without rent-in,nonfarm,nonfarm_orientation_top,Top tercile baseline nonfarm orientation,binary_top,exit-side nonfarm orientation check,all,stackyear,none,top group DID,0.02525144019738714,0.05459655565648779,0.6437158003624905,2824,136,0.11504208856898865,ok
adjacent,completed_t,nonfarm_ge2_no_rentin,>=2 nonfarm workers without rent-in,nonfarm,nonfarm_orientation_top,Top tercile baseline nonfarm orientation,binary_top,exit-side nonfarm orientation check,all,stackyear,farm_income_only,lower/rest DID,-0.008908374883708263,0.014608432356078897,0.541987370380214,2800,136,0.11504208856898865,ok
adjacent,completed_t,nonfarm_ge2_no_rentin,>=2 nonfarm workers without rent-in,nonfarm,nonfarm_orientation_top,Top tercile baseline nonfarm orientation,binary_top,exit-side nonfarm orientation check,all,stackyear,farm_income_only,top-minus-rest differential,0.030966383676676014,0.05645934088998746,0.5833676548308291,2800,136,0.11504208856898865,ok
adjacent,completed_t,nonfarm_ge2_no_rentin,>=2 nonfarm workers without rent-in,nonfarm,nonfarm_orientation_top,Top tercile baseline nonfarm orientation,binary_top,exit-side nonfarm orientation check,all,stackyear,farm_income_only,top group DID,0.02205800879296775,0.054583690040705374,0.6861292207995571,2800,136,0.11504208856898865,ok
adjacent,completed_t,nonfarm_ge2_no_rentin,>=2 nonfarm workers without rent-in,nonfarm,nonfarm_orientation_top,Top tercile baseline nonfarm orientation,binary_top,exit-side nonfarm orientation check,all,stackyear,other_baseline,lower/rest DID,-0.00962677680812805,0.01553876787898953,0.5355654025152915,2560,135,0.11504208856898865,ok
adjacent,completed_t,nonfarm_ge2_no_rentin,>=2 nonfarm workers without rent-in,nonfarm,nonfarm_orientation_top,Top tercile baseline nonfarm orientation,binary_top,exit-side nonfarm orientation check,all,stackyear,other_baseline,top-minus-rest differential,0.04925507295468273,0.06279697449574735,0.43283228347998537,2560,135,0.11504208856898865,ok
adjacent,completed_t,nonfarm_ge2_no_rentin,>=2 nonfarm workers without rent-in,nonfarm,nonfarm_orientation_top,Top tercile baseline nonfarm orientation,binary_top,exit-side nonfarm orientation check,all,stackyear,other_baseline,top group DID,0.03962829614655468,0.06325253976563247,0.5309810245239774,2560,135,0.11504208856898865,ok
adjacent,completed_t,nonfarm_ge2_no_rentin,>=2 nonfarm workers without rent-in,nonfarm,nonfarm_orientation_top,Top tercile baseline nonfarm orientation,binary_top,exit-side nonfarm orientation check,all,provyear,none,lower/rest DID,-0.01488312195000689,0.04505048775722095,0.7411238897184234,2818,134,0.11504208856898865,ok
adjacent,completed_t,nonfarm_ge2_no_rentin,>=2 nonfarm workers without rent-in,nonfarm,nonfarm_orientation_top,Top tercile baseline nonfarm orientation,binary_top,exit-side nonfarm orientation check,all,provyear,none,top-minus-rest differential,0.022168229643424034,0.0579279633713585,0.7019524802115031,2818,134,0.11504208856898865,ok
adjacent,completed_t,nonfarm_ge2_no_rentin,>=2 nonfarm workers without rent-in,nonfarm,nonfarm_orientation_top,Top tercile baseline nonfarm orientation,binary_top,exit-side nonfarm orientation check,all,provyear,none,top group DID,0.007285107693417144,0.07270676329003287,0.9201867469836691,2818,134,0.11504208856898865,ok
adjacent,completed_t,nonfarm_ge2_no_rentin,>=2 nonfarm workers without rent-in,nonfarm,nonfarm_orientation_top,Top tercile baseline nonfarm orientation,binary_top,exit-side nonfarm orientation check,all,provyear,farm_income_only,lower/rest DID,-0.008873687140075498,0.0465017381726962,0.8486628201439701,2794,134,0.11504208856898865,ok
adjacent,completed_t,nonfarm_ge2_no_rentin,>=2 nonfarm workers without rent-in,nonfarm,nonfarm_orientation_top,Top tercile baseline nonfarm orientation,binary_top,exit-side nonfarm orientation check,all,provyear,farm_income_only,top-minus-rest differential,0.016942665027121093,0.05828311218607997,0.7712838645982651,2794,134,0.11504208856898865,ok
adjacent,completed_t,nonfarm_ge2_no_rentin,>=2 nonfarm workers without rent-in,nonfarm,nonfarm_orientation_top,Top tercile baseline nonfarm orientation,binary_top,exit-side nonfarm orientation check,all,provyear,farm_income_only,top group DID,0.008068977887045595,0.0741500656188967,0.9133456053286166,2794,134,0.11504208856898865,ok
adjacent,completed_t,nonfarm_ge2_no_rentin,>=2 nonfarm workers without rent-in,nonfarm,nonfarm_orientation_top,Top tercile baseline nonfarm orientation,binary_top,exit-side nonfarm orientation check,all,provyear,other_baseline,lower/rest DID,-0.02521666244409102,0.054132644249363655,0.6413364916923212,2552,132,0.11504208856898865,ok
adjacent,completed_t,nonfarm_ge2_no_rentin,>=2 nonfarm workers without rent-in,nonfarm,nonfarm_orientation_top,Top tercile baseline nonfarm orientation,binary_top,exit-side nonfarm orientation check,all,provyear,other_baseline,top-minus-rest differential,0.03578807754662477,0.0671305459865223,0.5939562804956886,2552,132,0.11504208856898865,ok
adjacent,completed_t,nonfarm_ge2_no_rentin,>=2 nonfarm workers without rent-in,nonfarm,nonfarm_orientation_top,Top tercile baseline nonfarm orientation,binary_top,exit-side nonfarm orientation check,all,provyear,other_baseline,top group DID,0.010571415102533746,0.08757170870933927,0.903915002184285,2552,132,0.11504208856898865,ok
adjacent,completed_t,rb_nonfarm_any,Any broad nonfarm work,nonfarm,farmdep_continuous,"Baseline farm-dependence, continuous winsorized z",continuous,continuous farm-dependence interaction,all,stackyear,none,DID at mean modifier,0.04421889429241991,0.028914965857981027,0.12619662835237155,2884,137,0.794969150450878,ok
adjacent,completed_t,rb_nonfarm_any,Any broad nonfarm work,nonfarm,farmdep_continuous,"Baseline farm-dependence, continuous winsorized z",continuous,continuous farm-dependence interaction,all,stackyear,none,heterogeneity slope,0.058941055120644265,0.028317778057277303,0.03739591392687731,2884,137,0.794969150450878,ok
adjacent,completed_t,rb_nonfarm_any,Any broad nonfarm work,nonfarm,farmdep_continuous,"Baseline farm-dependence, continuous winsorized z",continuous,continuous farm-dependence interaction,all,stackyear,none,DID at +1 SD,0.10315994941306417,0.0451945570527653,0.022455436694046715,2884,137,0.794969150450878,ok
adjacent,completed_t,rb_nonfarm_any,Any broad nonfarm work,nonfarm,farmdep_continuous,"Baseline farm-dependence, continuous winsorized z",continuous,continuous farm-dependence interaction,all,stackyear,none,DID at -1 SD,-0.014722160828224355,0.03511973266047438,0.6750706192955582,2884,137,0.794969150450878,ok
adjacent,completed_t,rb_nonfarm_any,Any broad nonfarm work,nonfarm,farmdep_continuous,"Baseline farm-dependence, continuous winsorized z",continuous,continuous farm-dependence interaction,all,stackyear,farm_income_only,DID at mean modifier,0.04421250430793923,0.029037284383825676,0.12785592079729513,2884,137,0.794969150450878,ok
adjacent,completed_t,rb_nonfarm_any,Any broad nonfarm work,nonfarm,farmdep_continuous,"Baseline farm-dependence, continuous winsorized z",continuous,continuous farm-dependence interaction,all,stackyear,farm_income_only,heterogeneity slope,0.058946022412831506,0.028414716314498878,0.03803389977968798,2884,137,0.794969150450878,ok
adjacent,completed_t,rb_nonfarm_any,Any broad nonfarm work,nonfarm,farmdep_continuous,"Baseline farm-dependence, continuous winsorized z",continuous,continuous farm-dependence interaction,all,stackyear,farm_income_only,DID at +1 SD,0.10315852672077074,0.045202481130059036,0.022480897944997597,2884,137,0.794969150450878,ok
adjacent,completed_t,rb_nonfarm_any,Any broad nonfarm work,nonfarm,farmdep_continuous,"Baseline farm-dependence, continuous winsorized z",continuous,continuous farm-dependence interaction,all,stackyear,farm_income_only,DID at -1 SD,-0.014733518104892276,0.03546626107905776,0.6778319106112837,2884,137,0.794969150450878,ok
adjacent,completed_t,rb_nonfarm_any,Any broad nonfarm work,nonfarm,farmdep_continuous,"Baseline farm-dependence, continuous winsorized z",continuous,continuous farm-dependence interaction,all,stackyear,other_baseline,DID at mean modifier,0.04619023079975927,0.029265161811922628,0.11448865646881981,2676,136,0.794969150450878,ok
adjacent,completed_t,rb_nonfarm_any,Any broad nonfarm work,nonfarm,farmdep_continuous,"Baseline farm-dependence, continuous winsorized z",continuous,continuous farm-dependence interaction,all,stackyear,other_baseline,heterogeneity slope,0.036691497987116135,0.030379635338671863,0.2271371901290996,2676,136,0.794969150450878,ok
adjacent,completed_t,rb_nonfarm_any,Any broad nonfarm work,nonfarm,farmdep_continuous,"Baseline farm-dependence, continuous winsorized z",continuous,continuous farm-dependence interaction,all,stackyear,other_baseline,DID at +1 SD,0.08288172878687541,0.04945859639936868,0.09378128465243274,2676,136,0.794969150450878,ok
adjacent,completed_t,rb_nonfarm_any,Any broad nonfarm work,nonfarm,farmdep_continuous,"Baseline farm-dependence, continuous winsorized z",continuous,continuous farm-dependence interaction,all,stackyear,other_baseline,DID at -1 SD,0.009498732812643136,0.03335552608761771,0.775818527983437,2676,136,0.794969150450878,ok
adjacent,completed_t,rb_nonfarm_any,Any broad nonfarm work,nonfarm,farmdep_continuous,"Baseline farm-dependence, continuous winsorized z",continuous,continuous farm-dependence interaction,all,provyear,none,DID at mean modifier,0.04324090303654984,0.0514013238023499,0.40021291411623094,2880,136,0.794969150450878,ok
adjacent,completed_t,rb_nonfarm_any,Any broad nonfarm work,nonfarm,farmdep_continuous,"Baseline farm-dependence, continuous winsorized z",continuous,continuous farm-dependence interaction,all,provyear,none,heterogeneity slope,0.05017611566101011,0.027716955688879184,0.0702486576035431,2880,136,0.794969150450878,ok
adjacent,completed_t,rb_nonfarm_any,Any broad nonfarm work,nonfarm,farmdep_continuous,"Baseline farm-dependence, continuous winsorized z",continuous,continuous farm-dependence interaction,all,provyear,none,DID at +1 SD,0.09341701869755994,0.06282968101548873,0.13705986700061615,2880,136,0.794969150450878,ok
adjacent,completed_t,rb_nonfarm_any,Any broad nonfarm work,nonfarm,farmdep_continuous,"Baseline farm-dependence, continuous winsorized z",continuous,continuous farm-dependence interaction,all,provyear,none,DID at -1 SD,-0.006935212624460271,0.05360114388778065,0.8970525936670305,2880,136,0.794969150450878,ok
adjacent,completed_t,rb_nonfarm_any,Any broad nonfarm work,nonfarm,farmdep_continuous,"Baseline farm-dependence, continuous winsorized z",continuous,continuous farm-dependence interaction,all,provyear,farm_income_only,DID at mean modifier,0.04476879482337416,0.05123878475055976,0.38226603833806605,2880,136,0.794969150450878,ok
adjacent,completed_t,rb_nonfarm_any,Any broad nonfarm work,nonfarm,farmdep_continuous,"Baseline farm-dependence, continuous winsorized z",continuous,continuous farm-dependence interaction,all,provyear,farm_income_only,heterogeneity slope,0.05258930729320928,0.02806300313745128,0.06093416080819631,2880,136,0.794969150450878,ok
adjacent,completed_t,rb_nonfarm_any,Any broad nonfarm work,nonfarm,farmdep_continuous,"Baseline farm-dependence, continuous winsorized z",continuous,continuous farm-dependence interaction,all,provyear,farm_income_only,DID at +1 SD,0.09735810211658344,0.06261833836231653,0.1199970966627185,2880,136,0.794969150450878,ok
adjacent,completed_t,rb_nonfarm_any,Any broad nonfarm work,nonfarm,farmdep_continuous,"Baseline farm-dependence, continuous winsorized z",continuous,continuous farm-dependence interaction,all,provyear,farm_income_only,DID at -1 SD,-0.007820512469835117,0.05389651302594659,0.8846300369237341,2880,136,0.794969150450878,ok
adjacent,completed_t,rb_nonfarm_any,Any broad nonfarm work,nonfarm,farmdep_continuous,"Baseline farm-dependence, continuous winsorized z",continuous,continuous farm-dependence interaction,all,provyear,other_baseline,DID at mean modifier,0.019175999764384388,0.04882692839613014,0.6945158822593391,2670,134,0.794969150450878,ok
adjacent,completed_t,rb_nonfarm_any,Any broad nonfarm work,nonfarm,farmdep_continuous,"Baseline farm-dependence, continuous winsorized z",continuous,continuous farm-dependence interaction,all,provyear,other_baseline,heterogeneity slope,0.021222934049972914,0.028639321829546587,0.4586681077693875,2670,134,0.794969150450878,ok
adjacent,completed_t,rb_nonfarm_any,Any broad nonfarm work,nonfarm,farmdep_continuous,"Baseline farm-dependence, continuous winsorized z",continuous,continuous farm-dependence interaction,all,provyear,other_baseline,DID at +1 SD,0.0403989338143573,0.062018271484756866,0.5147858988755365,2670,134,0.794969150450878,ok
adjacent,completed_t,rb_nonfarm_any,Any broad nonfarm work,nonfarm,farmdep_continuous,"Baseline farm-dependence, continuous winsorized z",continuous,continuous farm-dependence interaction,all,provyear,other_baseline,DID at -1 SD,-0.0020469342855885253,0.050619100989224626,0.9677439498867739,2670,134,0.794969150450878,ok
adjacent,completed_t,rb_nonfarm_any,Any broad nonfarm work,nonfarm,farmdep_top_tercile,Top tercile baseline farm-dependence,binary_top,top-third split,all,stackyear,none,lower/rest DID,-0.009105913258641712,0.026938542142932044,0.7353439971344884,2884,137,0.794969150450878,ok
adjacent,completed_t,rb_nonfarm_any,Any broad nonfarm work,nonfarm,farmdep_top_tercile,Top tercile baseline farm-dependence,binary_top,top-third split,all,stackyear,none,top-minus-rest differential,0.15657946174096077,0.06132062585122939,0.010666004494101206,2884,137,0.794969150450878,ok
adjacent,completed_t,rb_nonfarm_any,Any broad nonfarm work,nonfarm,farmdep_top_tercile,Top tercile baseline farm-dependence,binary_top,top-third split,all,stackyear,none,top group DID,0.14747354848231906,0.05696712762313774,0.009632550458182398,2884,137,0.794969150450878,ok
adjacent,completed_t,rb_nonfarm_any,Any broad nonfarm work,nonfarm,farmdep_top_tercile,Top tercile baseline farm-dependence,binary_top,top-third split,all,stackyear,farm_income_only,lower/rest DID,-0.010194733229796901,0.027783255172910293,0.7136652349278738,2884,137,0.794969150450878,ok
adjacent,completed_t,rb_nonfarm_any,Any broad nonfarm work,nonfarm,farmdep_top_tercile,Top tercile baseline farm-dependence,binary_top,top-third split,all,stackyear,farm_income_only,top-minus-rest differential,0.1575239198483647,0.06177492551639094,0.010773362453758109,2884,137,0.794969150450878,ok
adjacent,completed_t,rb_nonfarm_any,Any broad nonfarm work,nonfarm,farmdep_top_tercile,Top tercile baseline farm-dependence,binary_top,top-third split,all,stackyear,farm_income_only,top group DID,0.1473291866185678,0.05695436187624581,0.00968735622044128,2884,137,0.794969150450878,ok
adjacent,completed_t,rb_nonfarm_any,Any broad nonfarm work,nonfarm,farmdep_top_tercile,Top tercile baseline farm-dependence,binary_top,top-third split,all,stackyear,other_baseline,lower/rest DID,0.004648122192929404,0.025743039787688157,0.8567142075011855,2676,136,0.794969150450878,ok
adjacent,completed_t,rb_nonfarm_any,Any broad nonfarm work,nonfarm,farmdep_top_tercile,Top tercile baseline farm-dependence,binary_top,top-third split,all,stackyear,other_baseline,top-minus-rest differential,0.11602826268650152,0.06680266530564656,0.08240822384078485,2676,136,0.794969150450878,ok
adjacent,completed_t,rb_nonfarm_any,Any broad nonfarm work,nonfarm,farmdep_top_tercile,Top tercile baseline farm-dependence,binary_top,top-third split,all,stackyear,other_baseline,top group DID,0.12067638487943091,0.06284686379077585,0.05483698736822817,2676,136,0.794969150450878,ok
adjacent,completed_t,rb_nonfarm_any,Any broad nonfarm work,nonfarm,farmdep_top_tercile,Top tercile baseline farm-dependence,binary_top,top-third split,all,provyear,none,lower/rest DID,0.0055931250881801065,0.05369376438368646,0.9170367221347347,2880,136,0.794969150450878,ok
adjacent,completed_t,rb_nonfarm_any,Any broad nonfarm work,nonfarm,farmdep_top_tercile,Top tercile baseline farm-dependence,binary_top,top-third split,all,provyear,none,top-minus-rest differential,0.13997227831316697,0.06053587658951075,0.0207655501654917,2880,136,0.794969150450878,ok
adjacent,completed_t,rb_nonfarm_any,Any broad nonfarm work,nonfarm,farmdep_top_tercile,Top tercile baseline farm-dependence,binary_top,top-third split,all,provyear,none,top group DID,0.14556540340134708,0.07566484620964121,0.054377383326982755,2880,136,0.794969150450878,ok
adjacent,completed_t,rb_nonfarm_any,Any broad nonfarm work,nonfarm,farmdep_top_tercile,Top tercile baseline farm-dependence,binary_top,top-third split,all,provyear,farm_income_only,lower/rest DID,0.005340671416606997,0.053581837946235604,0.9206038050312173,2880,136,0.794969150450878,ok
adjacent,completed_t,rb_nonfarm_any,Any broad nonfarm work,nonfarm,farmdep_top_tercile,Top tercile baseline farm-dependence,binary_top,top-third split,all,provyear,farm_income_only,top-minus-rest differential,0.14566690178889824,0.061168333005203336,0.01724648776723277,2880,136,0.794969150450878,ok
adjacent,completed_t,rb_nonfarm_any,Any broad nonfarm work,nonfarm,farmdep_top_tercile,Top tercile baseline farm-dependence,binary_top,top-third split,all,provyear,farm_income_only,top group DID,0.15100757320550523,0.07554031514489642,0.045604797195871974,2880,136,0.794969150450878,ok
adjacent,completed_t,rb_nonfarm_any,Any broad nonfarm work,nonfarm,farmdep_top_tercile,Top tercile baseline farm-dependence,binary_top,top-third split,all,provyear,other_baseline,lower/rest DID,0.0007245223951679578,0.05068576394029403,0.9885951103020804,2670,134,0.794969150450878,ok
adjacent,completed_t,rb_nonfarm_any,Any broad nonfarm work,nonfarm,farmdep_top_tercile,Top tercile baseline farm-dependence,binary_top,top-third split,all,provyear,other_baseline,top-minus-rest differential,0.08781897419120376,0.06440531951424071,0.17271363478197865,2670,134,0.794969150450878,ok
adjacent,completed_t,rb_nonfarm_any,Any broad nonfarm work,nonfarm,farmdep_top_tercile,Top tercile baseline farm-dependence,binary_top,top-third split,all,provyear,other_baseline,top group DID,0.08854349658637171,0.07471516482570786,0.2359855583115248,2670,134,0.794969150450878,ok
adjacent,completed_t,rb_nonfarm_any,Any broad nonfarm work,nonfarm,farmdep_top_vs_bottom,Top versus bottom tercile baseline farm-dependence,binary_top_bottom,clean top-minus-bottom contrast,top_bottom_farmdep,stackyear,none,bottom group DID,0.0021774188020814954,0.04311159522836011,0.9597187139880758,1944,131,0.7888372093023256,ok
adjacent,completed_t,rb_nonfarm_any,Any broad nonfarm work,nonfarm,farmdep_top_vs_bottom,Top versus bottom tercile baseline farm-dependence,binary_top_bottom,clean top-minus-bottom contrast,top_bottom_farmdep,stackyear,none,top-minus-bottom differential,0.13980632650904748,0.07191754730137002,0.05189777422999612,1944,131,0.7888372093023256,ok
adjacent,completed_t,rb_nonfarm_any,Any broad nonfarm work,nonfarm,farmdep_top_vs_bottom,Top versus bottom tercile baseline farm-dependence,binary_top_bottom,clean top-minus-bottom contrast,top_bottom_farmdep,stackyear,none,top group DID,0.14198374531112898,0.056479575223852746,0.011940583729470575,1944,131,0.7888372093023256,ok
adjacent,completed_t,rb_nonfarm_any,Any broad nonfarm work,nonfarm,farmdep_top_vs_bottom,Top versus bottom tercile baseline farm-dependence,binary_top_bottom,clean top-minus-bottom contrast,top_bottom_farmdep,stackyear,farm_income_only,bottom group DID,0.01174690924016297,0.04427145442379498,0.7907489183516869,1944,131,0.7888372093023256,ok
adjacent,completed_t,rb_nonfarm_any,Any broad nonfarm work,nonfarm,farmdep_top_vs_bottom,Top versus bottom tercile baseline farm-dependence,binary_top_bottom,clean top-minus-bottom contrast,top_bottom_farmdep,stackyear,farm_income_only,top-minus-bottom differential,0.1272806392155603,0.07282383119427911,0.08050069418114585,1944,131,0.7888372093023256,ok
adjacent,completed_t,rb_nonfarm_any,Any broad nonfarm work,nonfarm,farmdep_top_vs_bottom,Top versus bottom tercile baseline farm-dependence,binary_top_bottom,clean top-minus-bottom contrast,top_bottom_farmdep,stackyear,farm_income_only,top group DID,0.13902754845572327,0.05619609688091845,0.013362031335743853,1944,131,0.7888372093023256,ok
adjacent,completed_t,rb_nonfarm_any,Any broad nonfarm work,nonfarm,farmdep_top_vs_bottom,Top versus bottom tercile baseline farm-dependence,binary_top_bottom,clean top-minus-bottom contrast,top_bottom_farmdep,stackyear,other_baseline,bottom group DID,0.012311546009710121,0.04246138247416003,0.771856864716986,1814,130,0.7888372093023256,ok
adjacent,completed_t,rb_nonfarm_any,Any broad nonfarm work,nonfarm,farmdep_top_vs_bottom,Top versus bottom tercile baseline farm-dependence,binary_top_bottom,clean top-minus-bottom contrast,top_bottom_farmdep,stackyear,other_baseline,top-minus-bottom differential,0.09410084169126572,0.07484524362486722,0.20865509865722964,1814,130,0.7888372093023256,ok
adjacent,completed_t,rb_nonfarm_any,Any broad nonfarm work,nonfarm,farmdep_top_vs_bottom,Top versus bottom tercile baseline farm-dependence,binary_top_bottom,clean top-minus-bottom contrast,top_bottom_farmdep,stackyear,other_baseline,top group DID,0.10641238770097583,0.06045069080021407,0.0783540480582009,1814,130,0.7888372093023256,ok
adjacent,completed_t,rb_nonfarm_any,Any broad nonfarm work,nonfarm,farmdep_top_vs_bottom,Top versus bottom tercile baseline farm-dependence,binary_top_bottom,clean top-minus-bottom contrast,top_bottom_farmdep,provyear,none,bottom group DID,-0.021004853745615844,0.07553279912066917,0.7809439057130224,1940,130,0.7888372093023256,ok
adjacent,completed_t,rb_nonfarm_any,Any broad nonfarm work,nonfarm,farmdep_top_vs_bottom,Top versus bottom tercile baseline farm-dependence,binary_top_bottom,clean top-minus-bottom contrast,top_bottom_farmdep,provyear,none,top-minus-bottom differential,-0.013907614280127273,0.06004203285071695,0.816824392667783,1940,130,0.7888372093023256,ok
adjacent,completed_t,rb_nonfarm_any,Any broad nonfarm work,nonfarm,farmdep_top_vs_bottom,Top versus bottom tercile baseline farm-dependence,binary_top_bottom,clean top-minus-bottom contrast,top_bottom_farmdep,provyear,none,top group DID,-0.03491246802574312,0.06967375726197185,0.6163113700213544,1940,130,0.7888372093023256,ok
adjacent,completed_t,rb_nonfarm_any,Any broad nonfarm work,nonfarm,farmdep_top_vs_bottom,Top versus bottom tercile baseline farm-dependence,binary_top_bottom,clean top-minus-bottom contrast,top_bottom_farmdep,provyear,farm_income_only,bottom group DID,-0.013584856152791326,0.0773679698396984,0.8606179446427686,1940,130,0.7888372093023256,ok
adjacent,completed_t,rb_nonfarm_any,Any broad nonfarm work,nonfarm,farmdep_top_vs_bottom,Top versus bottom tercile baseline farm-dependence,binary_top_bottom,clean top-minus-bottom contrast,top_bottom_farmdep,provyear,farm_income_only,top-minus-bottom differential,-0.01725672936738247,0.06351126314325284,0.7858439938408822,1940,130,0.7888372093023256,ok
adjacent,completed_t,rb_nonfarm_any,Any broad nonfarm work,nonfarm,farmdep_top_vs_bottom,Top versus bottom tercile baseline farm-dependence,binary_top_bottom,clean top-minus-bottom contrast,top_bottom_farmdep,provyear,farm_income_only,top group DID,-0.030841585520173798,0.07226710959678094,0.6695453357581707,1940,130,0.7888372093023256,ok
adjacent,completed_t,rb_nonfarm_any,Any broad nonfarm work,nonfarm,farmdep_top_vs_bottom,Top versus bottom tercile baseline farm-dependence,binary_top_bottom,clean top-minus-bottom contrast,top_bottom_farmdep,provyear,other_baseline,bottom group DID,-0.013372104518099585,0.06683907665315807,0.8414303935745667,1808,128,0.7888372093023256,ok
adjacent,completed_t,rb_nonfarm_any,Any broad nonfarm work,nonfarm,farmdep_top_vs_bottom,Top versus bottom tercile baseline farm-dependence,binary_top_bottom,clean top-minus-bottom contrast,top_bottom_farmdep,provyear,other_baseline,top-minus-bottom differential,-0.026153582787476894,0.060577448760816575,0.6659318910782084,1808,128,0.7888372093023256,ok
adjacent,completed_t,rb_nonfarm_any,Any broad nonfarm work,nonfarm,farmdep_top_vs_bottom,Top versus bottom tercile baseline farm-dependence,binary_top_bottom,clean top-minus-bottom contrast,top_bottom_farmdep,provyear,other_baseline,top group DID,-0.03952568730557648,0.06363512748647279,0.534514085999637,1808,128,0.7888372093023256,ok
adjacent,completed_t,rb_nonfarm_any,Any broad nonfarm work,nonfarm,farmdep_ordered_tercile,Ordered tercile score of baseline farm-dependence,continuous,ordered farm-dependence gradient,all,stackyear,none,DID at mean modifier,0.03716169812360265,0.02981051157959532,0.2125452552839453,2884,137,0.794969150450878,ok
adjacent,completed_t,rb_nonfarm_any,Any broad nonfarm work,nonfarm,farmdep_ordered_tercile,Ordered tercile score of baseline farm-dependence,continuous,ordered farm-dependence gradient,all,stackyear,none,heterogeneity slope,0.07379319287497325,0.03736186186571773,0.04825747045401738,2884,137,0.794969150450878,ok
adjacent,completed_t,rb_nonfarm_any,Any broad nonfarm work,nonfarm,farmdep_ordered_tercile,Ordered tercile score of baseline farm-dependence,continuous,ordered farm-dependence gradient,all,stackyear,none,DID at +1 SD,0.1109548909985759,0.04986586249910111,0.02607673270495457,2884,137,0.794969150450878,ok
adjacent,completed_t,rb_nonfarm_any,Any broad nonfarm work,nonfarm,farmdep_ordered_tercile,Ordered tercile score of baseline farm-dependence,continuous,ordered farm-dependence gradient,all,stackyear,none,DID at -1 SD,-0.036631494751370605,0.045634925250744744,0.4221438424316807,2884,137,0.794969150450878,ok
adjacent,completed_t,rb_nonfarm_any,Any broad nonfarm work,nonfarm,farmdep_ordered_tercile,Ordered tercile score of baseline farm-dependence,continuous,ordered farm-dependence gradient,all,stackyear,farm_income_only,DID at mean modifier,0.03821938025349641,0.02937531103235876,0.1932339789101708,2884,137,0.794969150450878,ok
adjacent,completed_t,rb_nonfarm_any,Any broad nonfarm work,nonfarm,farmdep_ordered_tercile,Ordered tercile score of baseline farm-dependence,continuous,ordered farm-dependence gradient,all,stackyear,farm_income_only,heterogeneity slope,0.07368625468593573,0.03656622490207841,0.04388943142565261,2884,137,0.794969150450878,ok
adjacent,completed_t,rb_nonfarm_any,Any broad nonfarm work,nonfarm,farmdep_ordered_tercile,Ordered tercile score of baseline farm-dependence,continuous,ordered farm-dependence gradient,all,stackyear,farm_income_only,DID at +1 SD,0.11190563493943215,0.04965371571404904,0.024213708782737885,2884,137,0.794969150450878,ok
adjacent,completed_t,rb_nonfarm_any,Any broad nonfarm work,nonfarm,farmdep_ordered_tercile,Ordered tercile score of baseline farm-dependence,continuous,ordered farm-dependence gradient,all,stackyear,farm_income_only,DID at -1 SD,-0.03546687443243932,0.04398299579909029,0.42002552776035185,2884,137,0.794969150450878,ok
adjacent,completed_t,rb_nonfarm_any,Any broad nonfarm work,nonfarm,farmdep_ordered_tercile,Ordered tercile score of baseline farm-dependence,continuous,ordered farm-dependence gradient,all,stackyear,other_baseline,DID at mean modifier,0.04146512893342371,0.029053274704948975,0.15351932590718378,2676,136,0.794969150450878,ok
adjacent,completed_t,rb_nonfarm_any,Any broad nonfarm work,nonfarm,farmdep_ordered_tercile,Ordered tercile score of baseline farm-dependence,continuous,ordered farm-dependence gradient,all,stackyear,other_baseline,heterogeneity slope,0.05667259394679361,0.03525366894648546,0.10793029865422225,2676,136,0.794969150450878,ok
adjacent,completed_t,rb_nonfarm_any,Any broad nonfarm work,nonfarm,farmdep_ordered_tercile,Ordered tercile score of baseline farm-dependence,continuous,ordered farm-dependence gradient,all,stackyear,other_baseline,DID at +1 SD,0.09813772288021733,0.0529696929267772,0.06392327777748108,2676,136,0.794969150450878,ok
adjacent,completed_t,rb_nonfarm_any,Any broad nonfarm work,nonfarm,farmdep_ordered_tercile,Ordered tercile score of baseline farm-dependence,continuous,ordered farm-dependence gradient,all,stackyear,other_baseline,DID at -1 SD,-0.015207465013369899,0.03698701828726089,0.6809575443927139,2676,136,0.794969150450878,ok
adjacent,completed_t,rb_nonfarm_any,Any broad nonfarm work,nonfarm,farmdep_ordered_tercile,Ordered tercile score of baseline farm-dependence,continuous,ordered farm-dependence gradient,all,provyear,none,DID at mean modifier,0.05502015602928163,0.05033380476345647,0.2743475057993159,2880,136,0.794969150450878,ok
adjacent,completed_t,rb_nonfarm_any,Any broad nonfarm work,nonfarm,farmdep_ordered_tercile,Ordered tercile score of baseline farm-dependence,continuous,ordered farm-dependence gradient,all,provyear,none,heterogeneity slope,0.06718573284015213,0.037676460660405295,0.07454913907016932,2880,136,0.794969150450878,ok
adjacent,completed_t,rb_nonfarm_any,Any broad nonfarm work,nonfarm,farmdep_ordered_tercile,Ordered tercile score of baseline farm-dependence,continuous,ordered farm-dependence gradient,all,provyear,none,DID at +1 SD,0.12220588886943376,0.06901366859322253,0.07660244003913512,2880,136,0.794969150450878,ok
adjacent,completed_t,rb_nonfarm_any,Any broad nonfarm work,nonfarm,farmdep_ordered_tercile,Ordered tercile score of baseline farm-dependence,continuous,ordered farm-dependence gradient,all,provyear,none,DID at -1 SD,-0.012165576810870493,0.05606361321772342,0.8282115039559106,2880,136,0.794969150450878,ok
adjacent,completed_t,rb_nonfarm_any,Any broad nonfarm work,nonfarm,farmdep_ordered_tercile,Ordered tercile score of baseline farm-dependence,continuous,ordered farm-dependence gradient,all,provyear,farm_income_only,DID at mean modifier,0.05492599581121914,0.050274483017868424,0.2746035767527959,2880,136,0.794969150450878,ok
adjacent,completed_t,rb_nonfarm_any,Any broad nonfarm work,nonfarm,farmdep_ordered_tercile,Ordered tercile score of baseline farm-dependence,continuous,ordered farm-dependence gradient,all,provyear,farm_income_only,heterogeneity slope,0.06695920593662412,0.0374327099205499,0.07364886256544301,2880,136,0.794969150450878,ok
adjacent,completed_t,rb_nonfarm_any,Any broad nonfarm work,nonfarm,farmdep_ordered_tercile,Ordered tercile score of baseline farm-dependence,continuous,ordered farm-dependence gradient,all,provyear,farm_income_only,DID at +1 SD,0.12188520174784326,0.06869723904926174,0.07602391207815663,2880,136,0.794969150450878,ok
adjacent,completed_t,rb_nonfarm_any,Any broad nonfarm work,nonfarm,farmdep_ordered_tercile,Ordered tercile score of baseline farm-dependence,continuous,ordered farm-dependence gradient,all,provyear,farm_income_only,DID at -1 SD,-0.01203321012540498,0.05601921256523104,0.829919310331975,2880,136,0.794969150450878,ok
adjacent,completed_t,rb_nonfarm_any,Any broad nonfarm work,nonfarm,farmdep_ordered_tercile,Ordered tercile score of baseline farm-dependence,continuous,ordered farm-dependence gradient,all,provyear,other_baseline,DID at mean modifier,0.029548284094098473,0.04884060726520056,0.5451828508352408,2670,134,0.794969150450878,ok
adjacent,completed_t,rb_nonfarm_any,Any broad nonfarm work,nonfarm,farmdep_ordered_tercile,Ordered tercile score of baseline farm-dependence,continuous,ordered farm-dependence gradient,all,provyear,other_baseline,heterogeneity slope,0.038144838883719834,0.03470190466763334,0.27167448919668713,2670,134,0.794969150450878,ok
adjacent,completed_t,rb_nonfarm_any,Any broad nonfarm work,nonfarm,farmdep_ordered_tercile,Ordered tercile score of baseline farm-dependence,continuous,ordered farm-dependence gradient,all,provyear,other_baseline,DID at +1 SD,0.0676931229778183,0.06773509755753235,0.3176104931525199,2670,134,0.794969150450878,ok
adjacent,completed_t,rb_nonfarm_any,Any broad nonfarm work,nonfarm,farmdep_ordered_tercile,Ordered tercile score of baseline farm-dependence,continuous,ordered farm-dependence gradient,all,provyear,other_baseline,DID at -1 SD,-0.00859655478962136,0.05090393668530682,0.8658926076446654,2670,134,0.794969150450878,ok
adjacent,completed_t,rb_nonfarm_any,Any broad nonfarm work,nonfarm,farm_orientation_continuous,"Pre-specified farm-orientation index, continuous z",continuous,pre-specified index interaction,all,stackyear,none,DID at mean modifier,0.04101784719617189,0.029770009598945733,0.16825749424596625,2968,138,0.794969150450878,ok
adjacent,completed_t,rb_nonfarm_any,Any broad nonfarm work,nonfarm,farm_orientation_continuous,"Pre-specified farm-orientation index, continuous z",continuous,pre-specified index interaction,all,stackyear,none,heterogeneity slope,0.09343964502658678,0.03617397458393074,0.009792751975477175,2968,138,0.794969150450878,ok
adjacent,completed_t,rb_nonfarm_any,Any broad nonfarm work,nonfarm,farm_orientation_continuous,"Pre-specified farm-orientation index, continuous z",continuous,pre-specified index interaction,all,stackyear,none,DID at +1 SD,0.13445749222275866,0.05312117017704053,0.011369017982334154,2968,138,0.794969150450878,ok
adjacent,completed_t,rb_nonfarm_any,Any broad nonfarm work,nonfarm,farm_orientation_continuous,"Pre-specified farm-orientation index, continuous z",continuous,pre-specified index interaction,all,stackyear,none,DID at -1 SD,-0.05242179783041489,0.03959496301882698,0.18551926051817935,2968,138,0.794969150450878,ok
adjacent,completed_t,rb_nonfarm_any,Any broad nonfarm work,nonfarm,farm_orientation_continuous,"Pre-specified farm-orientation index, continuous z",continuous,pre-specified index interaction,all,stackyear,farm_income_only,DID at mean modifier,0.04101784719617189,0.029770009598945733,0.16825749424596625,2968,138,0.794969150450878,ok
adjacent,completed_t,rb_nonfarm_any,Any broad nonfarm work,nonfarm,farm_orientation_continuous,"Pre-specified farm-orientation index, continuous z",continuous,pre-specified index interaction,all,stackyear,farm_income_only,heterogeneity slope,0.09343964502658678,0.03617397458393074,0.009792751975477175,2968,138,0.794969150450878,ok
adjacent,completed_t,rb_nonfarm_any,Any broad nonfarm work,nonfarm,farm_orientation_continuous,"Pre-specified farm-orientation index, continuous z",continuous,pre-specified index interaction,all,stackyear,farm_income_only,DID at +1 SD,0.13445749222275866,0.05312117017704053,0.011369017982334154,2968,138,0.794969150450878,ok
adjacent,completed_t,rb_nonfarm_any,Any broad nonfarm work,nonfarm,farm_orientation_continuous,"Pre-specified farm-orientation index, continuous z",continuous,pre-specified index interaction,all,stackyear,farm_income_only,DID at -1 SD,-0.05242179783041489,0.03959496301882698,0.18551926051817935,2968,138,0.794969150450878,ok
adjacent,completed_t,rb_nonfarm_any,Any broad nonfarm work,nonfarm,farm_orientation_continuous,"Pre-specified farm-orientation index, continuous z",continuous,pre-specified index interaction,all,stackyear,other_baseline,DID at mean modifier,0.04101784719617189,0.029770009598945733,0.16825749424596625,2968,138,0.794969150450878,ok
adjacent,completed_t,rb_nonfarm_any,Any broad nonfarm work,nonfarm,farm_orientation_continuous,"Pre-specified farm-orientation index, continuous z",continuous,pre-specified index interaction,all,stackyear,other_baseline,heterogeneity slope,0.09343964502658678,0.03617397458393074,0.009792751975477175,2968,138,0.794969150450878,ok
adjacent,completed_t,rb_nonfarm_any,Any broad nonfarm work,nonfarm,farm_orientation_continuous,"Pre-specified farm-orientation index, continuous z",continuous,pre-specified index interaction,all,stackyear,other_baseline,DID at +1 SD,0.13445749222275866,0.05312117017704053,0.011369017982334154,2968,138,0.794969150450878,ok
adjacent,completed_t,rb_nonfarm_any,Any broad nonfarm work,nonfarm,farm_orientation_continuous,"Pre-specified farm-orientation index, continuous z",continuous,pre-specified index interaction,all,stackyear,other_baseline,DID at -1 SD,-0.05242179783041489,0.03959496301882698,0.18551926051817935,2968,138,0.794969150450878,ok
adjacent,completed_t,rb_nonfarm_any,Any broad nonfarm work,nonfarm,farm_orientation_continuous,"Pre-specified farm-orientation index, continuous z",continuous,pre-specified index interaction,all,provyear,none,DID at mean modifier,0.04183698066230898,0.046961975619300586,0.3729993110850367,2964,137,0.794969150450878,ok
adjacent,completed_t,rb_nonfarm_any,Any broad nonfarm work,nonfarm,farm_orientation_continuous,"Pre-specified farm-orientation index, continuous z",continuous,pre-specified index interaction,all,provyear,none,heterogeneity slope,0.07988770647170831,0.04041254693299216,0.04806372770809162,2964,137,0.794969150450878,ok
adjacent,completed_t,rb_nonfarm_any,Any broad nonfarm work,nonfarm,farm_orientation_continuous,"Pre-specified farm-orientation index, continuous z",continuous,pre-specified index interaction,all,provyear,none,DID at +1 SD,0.1217246871340173,0.06875012365113022,0.07663760662940827,2964,137,0.794969150450878,ok
adjacent,completed_t,rb_nonfarm_any,Any broad nonfarm work,nonfarm,farm_orientation_continuous,"Pre-specified farm-orientation index, continuous z",continuous,pre-specified index interaction,all,provyear,none,DID at -1 SD,-0.03805072580939933,0.05431963462057213,0.4836171536843795,2964,137,0.794969150450878,ok
adjacent,completed_t,rb_nonfarm_any,Any broad nonfarm work,nonfarm,farm_orientation_continuous,"Pre-specified farm-orientation index, continuous z",continuous,pre-specified index interaction,all,provyear,farm_income_only,DID at mean modifier,0.04183698066230898,0.046961975619300586,0.3729993110850367,2964,137,0.794969150450878,ok
adjacent,completed_t,rb_nonfarm_any,Any broad nonfarm work,nonfarm,farm_orientation_continuous,"Pre-specified farm-orientation index, continuous z",continuous,pre-specified index interaction,all,provyear,farm_income_only,heterogeneity slope,0.07988770647170831,0.04041254693299216,0.04806372770809162,2964,137,0.794969150450878,ok
adjacent,completed_t,rb_nonfarm_any,Any broad nonfarm work,nonfarm,farm_orientation_continuous,"Pre-specified farm-orientation index, continuous z",continuous,pre-specified index interaction,all,provyear,farm_income_only,DID at +1 SD,0.1217246871340173,0.06875012365113022,0.07663760662940827,2964,137,0.794969150450878,ok
adjacent,completed_t,rb_nonfarm_any,Any broad nonfarm work,nonfarm,farm_orientation_continuous,"Pre-specified farm-orientation index, continuous z",continuous,pre-specified index interaction,all,provyear,farm_income_only,DID at -1 SD,-0.03805072580939933,0.05431963462057213,0.4836171536843795,2964,137,0.794969150450878,ok
adjacent,completed_t,rb_nonfarm_any,Any broad nonfarm work,nonfarm,farm_orientation_continuous,"Pre-specified farm-orientation index, continuous z",continuous,pre-specified index interaction,all,provyear,other_baseline,DID at mean modifier,0.04183698066230898,0.046961975619300586,0.3729993110850367,2964,137,0.794969150450878,ok
adjacent,completed_t,rb_nonfarm_any,Any broad nonfarm work,nonfarm,farm_orientation_continuous,"Pre-specified farm-orientation index, continuous z",continuous,pre-specified index interaction,all,provyear,other_baseline,heterogeneity slope,0.07988770647170831,0.04041254693299216,0.04806372770809162,2964,137,0.794969150450878,ok
adjacent,completed_t,rb_nonfarm_any,Any broad nonfarm work,nonfarm,farm_orientation_continuous,"Pre-specified farm-orientation index, continuous z",continuous,pre-specified index interaction,all,provyear,other_baseline,DID at +1 SD,0.1217246871340173,0.06875012365113022,0.07663760662940827,2964,137,0.794969150450878,ok
adjacent,completed_t,rb_nonfarm_any,Any broad nonfarm work,nonfarm,farm_orientation_continuous,"Pre-specified farm-orientation index, continuous z",continuous,pre-specified index interaction,all,provyear,other_baseline,DID at -1 SD,-0.03805072580939933,0.05431963462057213,0.4836171536843795,2964,137,0.794969150450878,ok
adjacent,completed_t,rb_nonfarm_any,Any broad nonfarm work,nonfarm,farm_orientation_top_tercile,Top tercile pre-specified farm-orientation index,binary_top,pre-specified index top-third split,all,stackyear,none,lower/rest DID,-0.0016354562462703908,0.028145311819397088,0.9536629284767933,2968,138,0.794969150450878,ok
adjacent,completed_t,rb_nonfarm_any,Any broad nonfarm work,nonfarm,farm_orientation_top_tercile,Top tercile pre-specified farm-orientation index,binary_top,pre-specified index top-third split,all,stackyear,none,top-minus-rest differential,0.1478903012972846,0.06573887819158394,0.02447036588530316,2968,138,0.794969150450878,ok
adjacent,completed_t,rb_nonfarm_any,Any broad nonfarm work,nonfarm,farm_orientation_top_tercile,Top tercile pre-specified farm-orientation index,binary_top,pre-specified index top-third split,all,stackyear,none,top group DID,0.1462548450510142,0.06294760620847747,0.020155647693315973,2968,138,0.794969150450878,ok
adjacent,completed_t,rb_nonfarm_any,Any broad nonfarm work,nonfarm,farm_orientation_top_tercile,Top tercile pre-specified farm-orientation index,binary_top,pre-specified index top-third split,all,stackyear,farm_income_only,lower/rest DID,-0.0016354562462703908,0.028145311819397088,0.9536629284767933,2968,138,0.794969150450878,ok
adjacent,completed_t,rb_nonfarm_any,Any broad nonfarm work,nonfarm,farm_orientation_top_tercile,Top tercile pre-specified farm-orientation index,binary_top,pre-specified index top-third split,all,stackyear,farm_income_only,top-minus-rest differential,0.1478903012972846,0.06573887819158394,0.02447036588530316,2968,138,0.794969150450878,ok
adjacent,completed_t,rb_nonfarm_any,Any broad nonfarm work,nonfarm,farm_orientation_top_tercile,Top tercile pre-specified farm-orientation index,binary_top,pre-specified index top-third split,all,stackyear,farm_income_only,top group DID,0.1462548450510142,0.06294760620847747,0.020155647693315973,2968,138,0.794969150450878,ok
adjacent,completed_t,rb_nonfarm_any,Any broad nonfarm work,nonfarm,farm_orientation_top_tercile,Top tercile pre-specified farm-orientation index,binary_top,pre-specified index top-third split,all,stackyear,other_baseline,lower/rest DID,-0.0016354562462703908,0.028145311819397088,0.9536629284767933,2968,138,0.794969150450878,ok
adjacent,completed_t,rb_nonfarm_any,Any broad nonfarm work,nonfarm,farm_orientation_top_tercile,Top tercile pre-specified farm-orientation index,binary_top,pre-specified index top-third split,all,stackyear,other_baseline,top-minus-rest differential,0.1478903012972846,0.06573887819158394,0.02447036588530316,2968,138,0.794969150450878,ok
adjacent,completed_t,rb_nonfarm_any,Any broad nonfarm work,nonfarm,farm_orientation_top_tercile,Top tercile pre-specified farm-orientation index,binary_top,pre-specified index top-third split,all,stackyear,other_baseline,top group DID,0.1462548450510142,0.06294760620847747,0.020155647693315973,2968,138,0.794969150450878,ok
adjacent,completed_t,rb_nonfarm_any,Any broad nonfarm work,nonfarm,farm_orientation_top_tercile,Top tercile pre-specified farm-orientation index,binary_top,pre-specified index top-third split,all,provyear,none,lower/rest DID,0.009999839213861432,0.05334930923322948,0.8513150061047904,2964,137,0.794969150450878,ok
adjacent,completed_t,rb_nonfarm_any,Any broad nonfarm work,nonfarm,farm_orientation_top_tercile,Top tercile pre-specified farm-orientation index,binary_top,pre-specified index top-third split,all,provyear,none,top-minus-rest differential,0.10843905401212754,0.06413412072876686,0.09087178194030096,2964,137,0.794969150450878,ok
adjacent,completed_t,rb_nonfarm_any,Any broad nonfarm work,nonfarm,farm_orientation_top_tercile,Top tercile pre-specified farm-orientation index,binary_top,pre-specified index top-third split,all,provyear,none,top group DID,0.11843889322598897,0.07460791023783639,0.11240297856854915,2964,137,0.794969150450878,ok
adjacent,completed_t,rb_nonfarm_any,Any broad nonfarm work,nonfarm,farm_orientation_top_tercile,Top tercile pre-specified farm-orientation index,binary_top,pre-specified index top-third split,all,provyear,farm_income_only,lower/rest DID,0.009999839213861432,0.05334930923322948,0.8513150061047904,2964,137,0.794969150450878,ok
adjacent,completed_t,rb_nonfarm_any,Any broad nonfarm work,nonfarm,farm_orientation_top_tercile,Top tercile pre-specified farm-orientation index,binary_top,pre-specified index top-third split,all,provyear,farm_income_only,top-minus-rest differential,0.10843905401212754,0.06413412072876686,0.09087178194030096,2964,137,0.794969150450878,ok
adjacent,completed_t,rb_nonfarm_any,Any broad nonfarm work,nonfarm,farm_orientation_top_tercile,Top tercile pre-specified farm-orientation index,binary_top,pre-specified index top-third split,all,provyear,farm_income_only,top group DID,0.11843889322598897,0.07460791023783639,0.11240297856854915,2964,137,0.794969150450878,ok
adjacent,completed_t,rb_nonfarm_any,Any broad nonfarm work,nonfarm,farm_orientation_top_tercile,Top tercile pre-specified farm-orientation index,binary_top,pre-specified index top-third split,all,provyear,other_baseline,lower/rest DID,0.009999839213861432,0.05334930923322948,0.8513150061047904,2964,137,0.794969150450878,ok
adjacent,completed_t,rb_nonfarm_any,Any broad nonfarm work,nonfarm,farm_orientation_top_tercile,Top tercile pre-specified farm-orientation index,binary_top,pre-specified index top-third split,all,provyear,other_baseline,top-minus-rest differential,0.10843905401212754,0.06413412072876686,0.09087178194030096,2964,137,0.794969150450878,ok
adjacent,completed_t,rb_nonfarm_any,Any broad nonfarm work,nonfarm,farm_orientation_top_tercile,Top tercile pre-specified farm-orientation index,binary_top,pre-specified index top-third split,all,provyear,other_baseline,top group DID,0.11843889322598897,0.07460791023783639,0.11240297856854915,2964,137,0.794969150450878,ok
adjacent,completed_t,rb_nonfarm_any,Any broad nonfarm work,nonfarm,bottom_farmdep,Bottom tercile baseline farm-dependence,binary_bottom,exit-side low farm-dependence check,all,stackyear,none,lower/rest DID,0.06266166351115579,0.040232202915692905,0.11935177653227189,2884,137,0.794969150450878,ok
adjacent,completed_t,rb_nonfarm_any,Any broad nonfarm work,nonfarm,bottom_farmdep,Bottom tercile baseline farm-dependence,binary_bottom,exit-side low farm-dependence check,all,stackyear,none,bottom-minus-rest differential,-0.06354486349230765,0.061799210913450565,0.30383357683595913,2884,137,0.794969150450878,ok
adjacent,completed_t,rb_nonfarm_any,Any broad nonfarm work,nonfarm,bottom_farmdep,Bottom tercile baseline farm-dependence,binary_bottom,exit-side low farm-dependence check,all,stackyear,none,bottom group DID,-0.0008831999811518554,0.045466984282797475,0.9845020001799563,2884,137,0.794969150450878,ok
adjacent,completed_t,rb_nonfarm_any,Any broad nonfarm work,nonfarm,bottom_farmdep,Bottom tercile baseline farm-dependence,binary_bottom,exit-side low farm-dependence check,all,stackyear,farm_income_only,lower/rest DID,0.06217903846059599,0.039205326292567254,0.11274283354697838,2884,137,0.794969150450878,ok
adjacent,completed_t,rb_nonfarm_any,Any broad nonfarm work,nonfarm,bottom_farmdep,Bottom tercile baseline farm-dependence,binary_bottom,exit-side low farm-dependence check,all,stackyear,farm_income_only,bottom-minus-rest differential,-0.05306145959308644,0.062035892976802,0.39236581411382,2884,137,0.794969150450878,ok
adjacent,completed_t,rb_nonfarm_any,Any broad nonfarm work,nonfarm,bottom_farmdep,Bottom tercile baseline farm-dependence,binary_bottom,exit-side low farm-dependence check,all,stackyear,farm_income_only,bottom group DID,0.009117578867509551,0.04655140148554564,0.844719386842895,2884,137,0.794969150450878,ok
adjacent,completed_t,rb_nonfarm_any,Any broad nonfarm work,nonfarm,bottom_farmdep,Bottom tercile baseline farm-dependence,binary_bottom,exit-side low farm-dependence check,all,stackyear,other_baseline,lower/rest DID,0.06577286726621212,0.040144045952711545,0.1013338009126209,2676,136,0.794969150450878,ok
adjacent,completed_t,rb_nonfarm_any,Any broad nonfarm work,nonfarm,bottom_farmdep,Bottom tercile baseline farm-dependence,binary_bottom,exit-side low farm-dependence check,all,stackyear,other_baseline,bottom-minus-rest differential,-0.05559063422516135,0.05776223102042388,0.33584642662376696,2676,136,0.794969150450878,ok
adjacent,completed_t,rb_nonfarm_any,Any broad nonfarm work,nonfarm,bottom_farmdep,Bottom tercile baseline farm-dependence,binary_bottom,exit-side low farm-dependence check,all,stackyear,other_baseline,bottom group DID,0.010182233041050773,0.04039325918102168,0.8009811369912883,2676,136,0.794969150450878,ok
adjacent,completed_t,rb_nonfarm_any,Any broad nonfarm work,nonfarm,bottom_farmdep,Bottom tercile baseline farm-dependence,binary_bottom,exit-side low farm-dependence check,all,provyear,none,lower/rest DID,0.014605920299860044,0.0456521707903899,0.749014399544512,2880,136,0.794969150450878,ok
adjacent,completed_t,rb_nonfarm_any,Any broad nonfarm work,nonfarm,bottom_farmdep,Bottom tercile baseline farm-dependence,binary_bottom,exit-side low farm-dependence check,all,provyear,none,bottom-minus-rest differential,-0.0013223345529489242,0.04937968149720027,0.9786360663891676,2880,136,0.794969150450878,ok
adjacent,completed_t,rb_nonfarm_any,Any broad nonfarm work,nonfarm,bottom_farmdep,Bottom tercile baseline farm-dependence,binary_bottom,exit-side low farm-dependence check,all,provyear,none,bottom group DID,0.01328358574691112,0.0589237809310201,0.8216395239788905,2880,136,0.794969150450878,ok
adjacent,completed_t,rb_nonfarm_any,Any broad nonfarm work,nonfarm,bottom_farmdep,Bottom tercile baseline farm-dependence,binary_bottom,exit-side low farm-dependence check,all,provyear,farm_income_only,lower/rest DID,0.019197403607003893,0.04784989585974242,0.6882724901405375,2880,136,0.794969150450878,ok
adjacent,completed_t,rb_nonfarm_any,Any broad nonfarm work,nonfarm,bottom_farmdep,Bottom tercile baseline farm-dependence,binary_bottom,exit-side low farm-dependence check,all,provyear,farm_income_only,bottom-minus-rest differential,0.002554868160115832,0.051185466039324654,0.9601909705154706,2880,136,0.794969150450878,ok
adjacent,completed_t,rb_nonfarm_any,Any broad nonfarm work,nonfarm,bottom_farmdep,Bottom tercile baseline farm-dependence,binary_bottom,exit-side low farm-dependence check,all,provyear,farm_income_only,bottom group DID,0.021752271767119725,0.06035179015495822,0.7185296089037961,2880,136,0.794969150450878,ok
adjacent,completed_t,rb_nonfarm_any,Any broad nonfarm work,nonfarm,bottom_farmdep,Bottom tercile baseline farm-dependence,binary_bottom,exit-side low farm-dependence check,all,provyear,other_baseline,lower/rest DID,0.0023739308499215175,0.051596943359238055,0.9633029671321345,2670,134,0.794969150450878,ok
adjacent,completed_t,rb_nonfarm_any,Any broad nonfarm work,nonfarm,bottom_farmdep,Bottom tercile baseline farm-dependence,binary_bottom,exit-side low farm-dependence check,all,provyear,other_baseline,bottom-minus-rest differential,0.008119075876095597,0.04976854088188435,0.8704107988389875,2670,134,0.794969150450878,ok
adjacent,completed_t,rb_nonfarm_any,Any broad nonfarm work,nonfarm,bottom_farmdep,Bottom tercile baseline farm-dependence,binary_bottom,exit-side low farm-dependence check,all,provyear,other_baseline,bottom group DID,0.010493006726017114,0.05436523753624885,0.8469515365317359,2670,134,0.794969150450878,ok
adjacent,completed_t,rb_nonfarm_any,Any broad nonfarm work,nonfarm,nonfarm_orientation_top,Top tercile baseline nonfarm orientation,binary_top,exit-side nonfarm orientation check,all,stackyear,none,lower/rest DID,0.059669070731563245,0.04612642203268521,0.19580413802155416,2972,138,0.794969150450878,ok
adjacent,completed_t,rb_nonfarm_any,Any broad nonfarm work,nonfarm,nonfarm_orientation_top,Top tercile baseline nonfarm orientation,binary_top,exit-side nonfarm orientation check,all,stackyear,none,top-minus-rest differential,-0.011271533642401837,0.04646662097891375,0.808336433016908,2972,138,0.794969150450878,ok
adjacent,completed_t,rb_nonfarm_any,Any broad nonfarm work,nonfarm,nonfarm_orientation_top,Top tercile baseline nonfarm orientation,binary_top,exit-side nonfarm orientation check,all,stackyear,none,top group DID,0.048397537089161405,0.033107066376896054,0.14378254998990894,2972,138,0.794969150450878,ok
adjacent,completed_t,rb_nonfarm_any,Any broad nonfarm work,nonfarm,nonfarm_orientation_top,Top tercile baseline nonfarm orientation,binary_top,exit-side nonfarm orientation check,all,stackyear,farm_income_only,lower/rest DID,0.06022743355842284,0.04598414911936422,0.19028267289571277,2944,138,0.794969150450878,ok
adjacent,completed_t,rb_nonfarm_any,Any broad nonfarm work,nonfarm,nonfarm_orientation_top,Top tercile baseline nonfarm orientation,binary_top,exit-side nonfarm orientation check,all,stackyear,farm_income_only,top-minus-rest differential,-0.016292735197659565,0.046528719469972286,0.7262147728096221,2944,138,0.794969150450878,ok
adjacent,completed_t,rb_nonfarm_any,Any broad nonfarm work,nonfarm,nonfarm_orientation_top,Top tercile baseline nonfarm orientation,binary_top,exit-side nonfarm orientation check,all,stackyear,farm_income_only,top group DID,0.043934698360763275,0.03238480305594247,0.17489386703883847,2944,138,0.794969150450878,ok
adjacent,completed_t,rb_nonfarm_any,Any broad nonfarm work,nonfarm,nonfarm_orientation_top,Top tercile baseline nonfarm orientation,binary_top,exit-side nonfarm orientation check,all,stackyear,other_baseline,lower/rest DID,0.04695842655965363,0.0453273350190432,0.3002092702658369,2676,136,0.794969150450878,ok
adjacent,completed_t,rb_nonfarm_any,Any broad nonfarm work,nonfarm,nonfarm_orientation_top,Top tercile baseline nonfarm orientation,binary_top,exit-side nonfarm orientation check,all,stackyear,other_baseline,top-minus-rest differential,0.008209441686509203,0.04729905668053096,0.8622076575679115,2676,136,0.794969150450878,ok
adjacent,completed_t,rb_nonfarm_any,Any broad nonfarm work,nonfarm,nonfarm_orientation_top,Top tercile baseline nonfarm orientation,binary_top,exit-side nonfarm orientation check,all,stackyear,other_baseline,top group DID,0.05516786824616283,0.03172973268688893,0.08209097372259304,2676,136,0.794969150450878,ok
adjacent,completed_t,rb_nonfarm_any,Any broad nonfarm work,nonfarm,nonfarm_orientation_top,Top tercile baseline nonfarm orientation,binary_top,exit-side nonfarm orientation check,all,provyear,none,lower/rest DID,-0.00036625060870451587,0.053315558253681235,0.9945189843770005,2968,137,0.794969150450878,ok
adjacent,completed_t,rb_nonfarm_any,Any broad nonfarm work,nonfarm,nonfarm_orientation_top,Top tercile baseline nonfarm orientation,binary_top,exit-side nonfarm orientation check,all,provyear,none,top-minus-rest differential,0.015100292313822032,0.04975167955596319,0.76149877651675,2968,137,0.794969150450878,ok
adjacent,completed_t,rb_nonfarm_any,Any broad nonfarm work,nonfarm,nonfarm_orientation_top,Top tercile baseline nonfarm orientation,binary_top,exit-side nonfarm orientation check,all,provyear,none,top group DID,0.014734041705117516,0.0552240913072192,0.7896196107355946,2968,137,0.794969150450878,ok
adjacent,completed_t,rb_nonfarm_any,Any broad nonfarm work,nonfarm,nonfarm_orientation_top,Top tercile baseline nonfarm orientation,binary_top,exit-side nonfarm orientation check,all,provyear,farm_income_only,lower/rest DID,0.005844354260393682,0.052949492828287925,0.9121111704664704,2940,137,0.794969150450878,ok
adjacent,completed_t,rb_nonfarm_any,Any broad nonfarm work,nonfarm,nonfarm_orientation_top,Top tercile baseline nonfarm orientation,binary_top,exit-side nonfarm orientation check,all,provyear,farm_income_only,top-minus-rest differential,0.010747833239537433,0.05045091582250132,0.8312993170672224,2940,137,0.794969150450878,ok
adjacent,completed_t,rb_nonfarm_any,Any broad nonfarm work,nonfarm,nonfarm_orientation_top,Top tercile baseline nonfarm orientation,binary_top,exit-side nonfarm orientation check,all,provyear,farm_income_only,top group DID,0.016592187499931115,0.05519738484800129,0.763721554002178,2940,137,0.794969150450878,ok
adjacent,completed_t,rb_nonfarm_any,Any broad nonfarm work,nonfarm,nonfarm_orientation_top,Top tercile baseline nonfarm orientation,binary_top,exit-side nonfarm orientation check,all,provyear,other_baseline,lower/rest DID,-0.005842621967202118,0.05235157670653657,0.911137754714563,2670,134,0.794969150450878,ok
adjacent,completed_t,rb_nonfarm_any,Any broad nonfarm work,nonfarm,nonfarm_orientation_top,Top tercile baseline nonfarm orientation,binary_top,exit-side nonfarm orientation check,all,provyear,other_baseline,top-minus-rest differential,0.025262465522698292,0.05090900904099069,0.6197336996958245,2670,134,0.794969150450878,ok
adjacent,completed_t,rb_nonfarm_any,Any broad nonfarm work,nonfarm,nonfarm_orientation_top,Top tercile baseline nonfarm orientation,binary_top,exit-side nonfarm orientation check,all,provyear,other_baseline,top group DID,0.019419843555496176,0.05105758876778882,0.7036843212460744,2670,134,0.794969150450878,ok
adjacent,completed_t,rb_nonfarm_n,Broad nonfarm workers,nonfarm,farmdep_continuous,"Baseline farm-dependence, continuous winsorized z",continuous,continuous farm-dependence interaction,all,stackyear,none,DID at mean modifier,-0.03278418212474077,0.09807715813198002,0.7381763611052683,2884,137,1.8082581869957286,ok
adjacent,completed_t,rb_nonfarm_n,Broad nonfarm workers,nonfarm,farmdep_continuous,"Baseline farm-dependence, continuous winsorized z",continuous,continuous farm-dependence interaction,all,stackyear,none,heterogeneity slope,0.1368888495693974,0.061098351054120884,0.02506060992703726,2884,137,1.8082581869957286,ok
adjacent,completed_t,rb_nonfarm_n,Broad nonfarm workers,nonfarm,farmdep_continuous,"Baseline farm-dependence, continuous winsorized z",continuous,continuous farm-dependence interaction,all,stackyear,none,DID at +1 SD,0.10410466744465663,0.11532603048745195,0.3666857821892371,2884,137,1.8082581869957286,ok
adjacent,completed_t,rb_nonfarm_n,Broad nonfarm workers,nonfarm,farmdep_continuous,"Baseline farm-dependence, continuous winsorized z",continuous,continuous farm-dependence interaction,all,stackyear,none,DID at -1 SD,-0.16967303169413817,0.11577642933500464,0.14277825453680287,2884,137,1.8082581869957286,ok
adjacent,completed_t,rb_nonfarm_n,Broad nonfarm workers,nonfarm,farmdep_continuous,"Baseline farm-dependence, continuous winsorized z",continuous,continuous farm-dependence interaction,all,stackyear,farm_income_only,DID at mean modifier,-0.0371766399139698,0.09776185401693795,0.7037393864669677,2884,137,1.8082581869957286,ok
adjacent,completed_t,rb_nonfarm_n,Broad nonfarm workers,nonfarm,farmdep_continuous,"Baseline farm-dependence, continuous winsorized z",continuous,continuous farm-dependence interaction,all,stackyear,farm_income_only,heterogeneity slope,0.14030335258206186,0.06238416629532273,0.024511106478972935,2884,137,1.8082581869957286,ok
adjacent,completed_t,rb_nonfarm_n,Broad nonfarm workers,nonfarm,farmdep_continuous,"Baseline farm-dependence, continuous winsorized z",continuous,continuous farm-dependence interaction,all,stackyear,farm_income_only,DID at +1 SD,0.10312671266809206,0.11503017775634304,0.369975763839267,2884,137,1.8082581869957286,ok
adjacent,completed_t,rb_nonfarm_n,Broad nonfarm workers,nonfarm,farmdep_continuous,"Baseline farm-dependence, continuous winsorized z",continuous,continuous farm-dependence interaction,all,stackyear,farm_income_only,DID at -1 SD,-0.17747999249603166,0.1169033225179133,0.12896966108689772,2884,137,1.8082581869957286,ok
adjacent,completed_t,rb_nonfarm_n,Broad nonfarm workers,nonfarm,farmdep_continuous,"Baseline farm-dependence, continuous winsorized z",continuous,continuous farm-dependence interaction,all,stackyear,other_baseline,DID at mean modifier,0.019646544034084862,0.0966752239602913,0.8389614237399489,2676,136,1.8082581869957286,ok
adjacent,completed_t,rb_nonfarm_n,Broad nonfarm workers,nonfarm,farmdep_continuous,"Baseline farm-dependence, continuous winsorized z",continuous,continuous farm-dependence interaction,all,stackyear,other_baseline,heterogeneity slope,0.09356615608335309,0.06504170252337954,0.15027625282245846,2676,136,1.8082581869957286,ok
adjacent,completed_t,rb_nonfarm_n,Broad nonfarm workers,nonfarm,farmdep_continuous,"Baseline farm-dependence, continuous winsorized z",continuous,continuous farm-dependence interaction,all,stackyear,other_baseline,DID at +1 SD,0.11321270011743795,0.11707832214334123,0.33355273308751343,2676,136,1.8082581869957286,ok
adjacent,completed_t,rb_nonfarm_n,Broad nonfarm workers,nonfarm,farmdep_continuous,"Baseline farm-dependence, continuous winsorized z",continuous,continuous farm-dependence interaction,all,stackyear,other_baseline,DID at -1 SD,-0.07391961204926822,0.1159556401126076,0.5238110506967102,2676,136,1.8082581869957286,ok
adjacent,completed_t,rb_nonfarm_n,Broad nonfarm workers,nonfarm,farmdep_continuous,"Baseline farm-dependence, continuous winsorized z",continuous,continuous farm-dependence interaction,all,provyear,none,DID at mean modifier,-0.3042112112724738,0.17289418986975547,0.07848880783950989,2880,136,1.8082581869957286,ok
adjacent,completed_t,rb_nonfarm_n,Broad nonfarm workers,nonfarm,farmdep_continuous,"Baseline farm-dependence, continuous winsorized z",continuous,continuous farm-dependence interaction,all,provyear,none,heterogeneity slope,0.10757937257336284,0.07473095630261764,0.14999314643787615,2880,136,1.8082581869957286,ok
adjacent,completed_t,rb_nonfarm_n,Broad nonfarm workers,nonfarm,farmdep_continuous,"Baseline farm-dependence, continuous winsorized z",continuous,continuous farm-dependence interaction,all,provyear,none,DID at +1 SD,-0.19663183869911097,0.21727923832355683,0.36547970455252254,2880,136,1.8082581869957286,ok
adjacent,completed_t,rb_nonfarm_n,Broad nonfarm workers,nonfarm,farmdep_continuous,"Baseline farm-dependence, continuous winsorized z",continuous,continuous farm-dependence interaction,all,provyear,none,DID at -1 SD,-0.41179058384583667,0.15409077206238075,0.0075313141291022765,2880,136,1.8082581869957286,ok
adjacent,completed_t,rb_nonfarm_n,Broad nonfarm workers,nonfarm,farmdep_continuous,"Baseline farm-dependence, continuous winsorized z",continuous,continuous farm-dependence interaction,all,provyear,farm_income_only,DID at mean modifier,-0.294955917515752,0.1663188477533908,0.07615640305993963,2880,136,1.8082581869957286,ok
adjacent,completed_t,rb_nonfarm_n,Broad nonfarm workers,nonfarm,farmdep_continuous,"Baseline farm-dependence, continuous winsorized z",continuous,continuous farm-dependence interaction,all,provyear,farm_income_only,heterogeneity slope,0.12219742186184224,0.07718195037268415,0.1133671541586731,2880,136,1.8082581869957286,ok
adjacent,completed_t,rb_nonfarm_n,Broad nonfarm workers,nonfarm,farmdep_continuous,"Baseline farm-dependence, continuous winsorized z",continuous,continuous farm-dependence interaction,all,provyear,farm_income_only,DID at +1 SD,-0.17275849565390977,0.21353747208121687,0.4184971506739552,2880,136,1.8082581869957286,ok
adjacent,completed_t,rb_nonfarm_n,Broad nonfarm workers,nonfarm,farmdep_continuous,"Baseline farm-dependence, continuous winsorized z",continuous,continuous farm-dependence interaction,all,provyear,farm_income_only,DID at -1 SD,-0.41715333937759425,0.14710463344115876,0.0045716879857255885,2880,136,1.8082581869957286,ok
adjacent,completed_t,rb_nonfarm_n,Broad nonfarm workers,nonfarm,farmdep_continuous,"Baseline farm-dependence, continuous winsorized z",continuous,continuous farm-dependence interaction,all,provyear,other_baseline,DID at mean modifier,-0.3102495058474771,0.2110481780369662,0.14155061005480332,2670,134,1.8082581869957286,ok
adjacent,completed_t,rb_nonfarm_n,Broad nonfarm workers,nonfarm,farmdep_continuous,"Baseline farm-dependence, continuous winsorized z",continuous,continuous farm-dependence interaction,all,provyear,other_baseline,heterogeneity slope,0.04654749313623766,0.07269650116868098,0.5219782653156216,2670,134,1.8082581869957286,ok
adjacent,completed_t,rb_nonfarm_n,Broad nonfarm workers,nonfarm,farmdep_continuous,"Baseline farm-dependence, continuous winsorized z",continuous,continuous farm-dependence interaction,all,provyear,other_baseline,DID at +1 SD,-0.26370201271123944,0.24978136549051308,0.2910909800664069,2670,134,1.8082581869957286,ok
adjacent,completed_t,rb_nonfarm_n,Broad nonfarm workers,nonfarm,farmdep_continuous,"Baseline farm-dependence, continuous winsorized z",continuous,continuous farm-dependence interaction,all,provyear,other_baseline,DID at -1 SD,-0.3567969989837148,0.19303237791488959,0.06454753049038524,2670,134,1.8082581869957286,ok
adjacent,completed_t,rb_nonfarm_n,Broad nonfarm workers,nonfarm,farmdep_top_tercile,Top tercile baseline farm-dependence,binary_top,top-third split,all,stackyear,none,lower/rest DID,-0.16632754257012494,0.1017381649837544,0.10207863400883072,2884,137,1.8082581869957286,ok
adjacent,completed_t,rb_nonfarm_n,Broad nonfarm workers,nonfarm,farmdep_top_tercile,Top tercile baseline farm-dependence,binary_top,top-third split,all,stackyear,none,top-minus-rest differential,0.38535370244959544,0.1250800818318938,0.0020640654590755834,2884,137,1.8082581869957286,ok
adjacent,completed_t,rb_nonfarm_n,Broad nonfarm workers,nonfarm,farmdep_top_tercile,Top tercile baseline farm-dependence,binary_top,top-third split,all,stackyear,none,top group DID,0.2190261598794705,0.12921815882632093,0.09007339388050335,2884,137,1.8082581869957286,ok
adjacent,completed_t,rb_nonfarm_n,Broad nonfarm workers,nonfarm,farmdep_top_tercile,Top tercile baseline farm-dependence,binary_top,top-third split,all,stackyear,farm_income_only,lower/rest DID,-0.17703806221566748,0.10255196082271696,0.08428887524380108,2884,137,1.8082581869957286,ok
adjacent,completed_t,rb_nonfarm_n,Broad nonfarm workers,nonfarm,farmdep_top_tercile,Top tercile baseline farm-dependence,binary_top,top-third split,all,stackyear,farm_income_only,top-minus-rest differential,0.3946441612781755,0.12775416898611425,0.0020077042142002555,2884,137,1.8082581869957286,ok
adjacent,completed_t,rb_nonfarm_n,Broad nonfarm workers,nonfarm,farmdep_top_tercile,Top tercile baseline farm-dependence,binary_top,top-third split,all,stackyear,farm_income_only,top group DID,0.217606099062508,0.12902745226606033,0.09169759490831042,2884,137,1.8082581869957286,ok
adjacent,completed_t,rb_nonfarm_n,Broad nonfarm workers,nonfarm,farmdep_top_tercile,Top tercile baseline farm-dependence,binary_top,top-third split,all,stackyear,other_baseline,lower/rest DID,-0.0847120803825655,0.10382551042439676,0.4145526690930361,2676,136,1.8082581869957286,ok
adjacent,completed_t,rb_nonfarm_n,Broad nonfarm workers,nonfarm,farmdep_top_tercile,Top tercile baseline farm-dependence,binary_top,top-third split,all,stackyear,other_baseline,top-minus-rest differential,0.28758889016884787,0.14390208837983365,0.04566205353809033,2676,136,1.8082581869957286,ok
adjacent,completed_t,rb_nonfarm_n,Broad nonfarm workers,nonfarm,farmdep_top_tercile,Top tercile baseline farm-dependence,binary_top,top-third split,all,stackyear,other_baseline,top group DID,0.20287680978628236,0.13776312912898306,0.14084555726435286,2676,136,1.8082581869957286,ok
adjacent,completed_t,rb_nonfarm_n,Broad nonfarm workers,nonfarm,farmdep_top_tercile,Top tercile baseline farm-dependence,binary_top,top-third split,all,provyear,none,lower/rest DID,-0.3920333674549916,0.16697974107740782,0.018885165108438264,2880,136,1.8082581869957286,ok
adjacent,completed_t,rb_nonfarm_n,Broad nonfarm workers,nonfarm,farmdep_top_tercile,Top tercile baseline farm-dependence,binary_top,top-third split,all,provyear,none,top-minus-rest differential,0.3093311860208596,0.14553765056226278,0.03355012064707687,2880,136,1.8082581869957286,ok
adjacent,completed_t,rb_nonfarm_n,Broad nonfarm workers,nonfarm,farmdep_top_tercile,Top tercile baseline farm-dependence,binary_top,top-third split,all,provyear,none,top group DID,-0.082702181434132,0.2284074770383094,0.7172909331178512,2880,136,1.8082581869957286,ok
adjacent,completed_t,rb_nonfarm_n,Broad nonfarm workers,nonfarm,farmdep_top_tercile,Top tercile baseline farm-dependence,binary_top,top-third split,all,provyear,farm_income_only,lower/rest DID,-0.39337135479325874,0.15809976230264652,0.012841999563586696,2880,136,1.8082581869957286,ok
adjacent,completed_t,rb_nonfarm_n,Broad nonfarm workers,nonfarm,farmdep_top_tercile,Top tercile baseline farm-dependence,binary_top,top-third split,all,provyear,farm_income_only,top-minus-rest differential,0.3395123042404755,0.1509931804322297,0.02454257958715664,2880,136,1.8082581869957286,ok
adjacent,completed_t,rb_nonfarm_n,Broad nonfarm workers,nonfarm,farmdep_top_tercile,Top tercile baseline farm-dependence,binary_top,top-third split,all,provyear,farm_income_only,top group DID,-0.05385905055278323,0.22614959771371265,0.8117595296591689,2880,136,1.8082581869957286,ok
adjacent,completed_t,rb_nonfarm_n,Broad nonfarm workers,nonfarm,farmdep_top_tercile,Top tercile baseline farm-dependence,binary_top,top-third split,all,provyear,other_baseline,lower/rest DID,-0.3586081646164165,0.20085657637866416,0.07419740029123509,2670,134,1.8082581869957286,ok
adjacent,completed_t,rb_nonfarm_n,Broad nonfarm workers,nonfarm,farmdep_top_tercile,Top tercile baseline farm-dependence,binary_top,top-third split,all,provyear,other_baseline,top-minus-rest differential,0.1771634598444125,0.16027764797373353,0.2690064424120381,2670,134,1.8082581869957286,ok
adjacent,completed_t,rb_nonfarm_n,Broad nonfarm workers,nonfarm,farmdep_top_tercile,Top tercile baseline farm-dependence,binary_top,top-third split,all,provyear,other_baseline,top group DID,-0.18144470477200397,0.2601227953001982,0.48546816210721366,2670,134,1.8082581869957286,ok
adjacent,completed_t,rb_nonfarm_n,Broad nonfarm workers,nonfarm,farmdep_top_vs_bottom,Top versus bottom tercile baseline farm-dependence,binary_top_bottom,clean top-minus-bottom contrast,top_bottom_farmdep,stackyear,none,bottom group DID,-0.03776085668619783,0.1534787974668497,0.805656648299239,1944,131,1.8446511627906976,ok
adjacent,completed_t,rb_nonfarm_n,Broad nonfarm workers,nonfarm,farmdep_top_vs_bottom,Top versus bottom tercile baseline farm-dependence,binary_top_bottom,clean top-minus-bottom contrast,top_bottom_farmdep,stackyear,none,top-minus-bottom differential,0.24730787579943542,0.18901251419517473,0.19073067390773157,1944,131,1.8446511627906976,ok
adjacent,completed_t,rb_nonfarm_n,Broad nonfarm workers,nonfarm,farmdep_top_vs_bottom,Top versus bottom tercile baseline farm-dependence,binary_top_bottom,clean top-minus-bottom contrast,top_bottom_farmdep,stackyear,none,top group DID,0.2095470191132376,0.12990436341413963,0.1067256424893375,1944,131,1.8446511627906976,ok
adjacent,completed_t,rb_nonfarm_n,Broad nonfarm workers,nonfarm,farmdep_top_vs_bottom,Top versus bottom tercile baseline farm-dependence,binary_top_bottom,clean top-minus-bottom contrast,top_bottom_farmdep,stackyear,farm_income_only,bottom group DID,-0.025550098296397858,0.15259510816604216,0.8670260535784688,1944,131,1.8446511627906976,ok
adjacent,completed_t,rb_nonfarm_n,Broad nonfarm workers,nonfarm,farmdep_top_vs_bottom,Top versus bottom tercile baseline farm-dependence,binary_top_bottom,clean top-minus-bottom contrast,top_bottom_farmdep,stackyear,farm_income_only,top-minus-bottom differential,0.2313249828547616,0.188437017950412,0.21959776052074131,1944,131,1.8446511627906976,ok
adjacent,completed_t,rb_nonfarm_n,Broad nonfarm workers,nonfarm,farmdep_top_vs_bottom,Top versus bottom tercile baseline farm-dependence,binary_top_bottom,clean top-minus-bottom contrast,top_bottom_farmdep,stackyear,farm_income_only,top group DID,0.20577488455836374,0.12967205863418774,0.11253827389775245,1944,131,1.8446511627906976,ok
adjacent,completed_t,rb_nonfarm_n,Broad nonfarm workers,nonfarm,farmdep_top_vs_bottom,Top versus bottom tercile baseline farm-dependence,binary_top_bottom,clean top-minus-bottom contrast,top_bottom_farmdep,stackyear,other_baseline,bottom group DID,-0.0054708139524503405,0.1701121246111833,0.9743444174217121,1814,130,1.8446511627906976,ok
adjacent,completed_t,rb_nonfarm_n,Broad nonfarm workers,nonfarm,farmdep_top_vs_bottom,Top versus bottom tercile baseline farm-dependence,binary_top_bottom,clean top-minus-bottom contrast,top_bottom_farmdep,stackyear,other_baseline,top-minus-bottom differential,0.18763482467991854,0.2074200948610056,0.3656706747316354,1814,130,1.8446511627906976,ok
adjacent,completed_t,rb_nonfarm_n,Broad nonfarm workers,nonfarm,farmdep_top_vs_bottom,Top versus bottom tercile baseline farm-dependence,binary_top_bottom,clean top-minus-bottom contrast,top_bottom_farmdep,stackyear,other_baseline,top group DID,0.1821640107274682,0.13562729475144814,0.17923245541711186,1814,130,1.8446511627906976,ok
adjacent,completed_t,rb_nonfarm_n,Broad nonfarm workers,nonfarm,farmdep_top_vs_bottom,Top versus bottom tercile baseline farm-dependence,binary_top_bottom,clean top-minus-bottom contrast,top_bottom_farmdep,provyear,none,bottom group DID,-0.4765473148520657,0.14688270321305794,0.0011769531875943575,1940,130,1.8446511627906976,ok
adjacent,completed_t,rb_nonfarm_n,Broad nonfarm workers,nonfarm,farmdep_top_vs_bottom,Top versus bottom tercile baseline farm-dependence,binary_top_bottom,clean top-minus-bottom contrast,top_bottom_farmdep,provyear,none,top-minus-bottom differential,-0.04248511969682674,0.24116246896111795,0.8601619277453357,1940,130,1.8446511627906976,ok
adjacent,completed_t,rb_nonfarm_n,Broad nonfarm workers,nonfarm,farmdep_top_vs_bottom,Top versus bottom tercile baseline farm-dependence,binary_top_bottom,clean top-minus-bottom contrast,top_bottom_farmdep,provyear,none,top group DID,-0.5190324345488925,0.252361720646265,0.03971506025689995,1940,130,1.8446511627906976,ok
adjacent,completed_t,rb_nonfarm_n,Broad nonfarm workers,nonfarm,farmdep_top_vs_bottom,Top versus bottom tercile baseline farm-dependence,binary_top_bottom,clean top-minus-bottom contrast,top_bottom_farmdep,provyear,farm_income_only,bottom group DID,-0.4647719620594019,0.14731100674784045,0.0016047668727479014,1940,130,1.8446511627906976,ok
adjacent,completed_t,rb_nonfarm_n,Broad nonfarm workers,nonfarm,farmdep_top_vs_bottom,Top versus bottom tercile baseline farm-dependence,binary_top_bottom,clean top-minus-bottom contrast,top_bottom_farmdep,provyear,farm_income_only,top-minus-bottom differential,-0.04780008256605979,0.24572248916280984,0.8457619058571979,1940,130,1.8446511627906976,ok
adjacent,completed_t,rb_nonfarm_n,Broad nonfarm workers,nonfarm,farmdep_top_vs_bottom,Top versus bottom tercile baseline farm-dependence,binary_top_bottom,clean top-minus-bottom contrast,top_bottom_farmdep,provyear,farm_income_only,top group DID,-0.5125720446254617,0.25596652822849447,0.04523137270480872,1940,130,1.8446511627906976,ok
adjacent,completed_t,rb_nonfarm_n,Broad nonfarm workers,nonfarm,farmdep_top_vs_bottom,Top versus bottom tercile baseline farm-dependence,binary_top_bottom,clean top-minus-bottom contrast,top_bottom_farmdep,provyear,other_baseline,bottom group DID,-0.46991349582006325,0.1318044910838823,0.00036353545424562365,1808,128,1.8446511627906976,ok
adjacent,completed_t,rb_nonfarm_n,Broad nonfarm workers,nonfarm,farmdep_top_vs_bottom,Top versus bottom tercile baseline farm-dependence,binary_top_bottom,clean top-minus-bottom contrast,top_bottom_farmdep,provyear,other_baseline,top-minus-bottom differential,-0.10625069642292934,0.24327702700332182,0.6622942889484882,1808,128,1.8446511627906976,ok
adjacent,completed_t,rb_nonfarm_n,Broad nonfarm workers,nonfarm,farmdep_top_vs_bottom,Top versus bottom tercile baseline farm-dependence,binary_top_bottom,clean top-minus-bottom contrast,top_bottom_farmdep,provyear,other_baseline,top group DID,-0.5761641922429925,0.2590397076033975,0.02613289483876462,1808,128,1.8446511627906976,ok
adjacent,completed_t,rb_nonfarm_n,Broad nonfarm workers,nonfarm,farmdep_ordered_tercile,Ordered tercile score of baseline farm-dependence,continuous,ordered farm-dependence gradient,all,stackyear,none,DID at mean modifier,-0.04450461856893012,0.09717320106856286,0.6469576722544834,2884,137,1.8082581869957286,ok
adjacent,completed_t,rb_nonfarm_n,Broad nonfarm workers,nonfarm,farmdep_ordered_tercile,Ordered tercile score of baseline farm-dependence,continuous,ordered farm-dependence gradient,all,stackyear,none,heterogeneity slope,0.14243671514355818,0.08015892767709461,0.07557993880893736,2884,137,1.8082581869957286,ok
adjacent,completed_t,rb_nonfarm_n,Broad nonfarm workers,nonfarm,farmdep_ordered_tercile,Ordered tercile score of baseline farm-dependence,continuous,ordered farm-dependence gradient,all,stackyear,none,DID at +1 SD,0.09793209657462806,0.1321883060424697,0.4587826055120533,2884,137,1.8082581869957286,ok
adjacent,completed_t,rb_nonfarm_n,Broad nonfarm workers,nonfarm,farmdep_ordered_tercile,Ordered tercile score of baseline farm-dependence,continuous,ordered farm-dependence gradient,all,stackyear,none,DID at -1 SD,-0.1869413337124883,0.11942537891976071,0.11750318709108114,2884,137,1.8082581869957286,ok
adjacent,completed_t,rb_nonfarm_n,Broad nonfarm workers,nonfarm,farmdep_ordered_tercile,Ordered tercile score of baseline farm-dependence,continuous,ordered farm-dependence gradient,all,stackyear,farm_income_only,DID at mean modifier,-0.04580531298974385,0.09716628189045542,0.637346829594519,2884,137,1.8082581869957286,ok
adjacent,completed_t,rb_nonfarm_n,Broad nonfarm workers,nonfarm,farmdep_ordered_tercile,Ordered tercile score of baseline farm-dependence,continuous,ordered farm-dependence gradient,all,stackyear,farm_income_only,heterogeneity slope,0.14256822337454808,0.08087526718995434,0.07793151051363584,2884,137,1.8082581869957286,ok
adjacent,completed_t,rb_nonfarm_n,Broad nonfarm workers,nonfarm,farmdep_ordered_tercile,Ordered tercile score of baseline farm-dependence,continuous,ordered farm-dependence gradient,all,stackyear,farm_income_only,DID at +1 SD,0.09676291038480422,0.13213912356079827,0.463997346930758,2884,137,1.8082581869957286,ok
adjacent,completed_t,rb_nonfarm_n,Broad nonfarm workers,nonfarm,farmdep_ordered_tercile,Ordered tercile score of baseline farm-dependence,continuous,ordered farm-dependence gradient,all,stackyear,farm_income_only,DID at -1 SD,-0.18837353636429194,0.1204302386591839,0.11777731912725212,2884,137,1.8082581869957286,ok
adjacent,completed_t,rb_nonfarm_n,Broad nonfarm workers,nonfarm,farmdep_ordered_tercile,Ordered tercile score of baseline farm-dependence,continuous,ordered farm-dependence gradient,all,stackyear,other_baseline,DID at mean modifier,0.014160478762911766,0.0951663009587474,0.8817136630560725,2676,136,1.8082581869957286,ok
adjacent,completed_t,rb_nonfarm_n,Broad nonfarm workers,nonfarm,farmdep_ordered_tercile,Ordered tercile score of baseline farm-dependence,continuous,ordered farm-dependence gradient,all,stackyear,other_baseline,heterogeneity slope,0.10941240937335486,0.0840658582088281,0.19308453688045146,2676,136,1.8082581869957286,ok
adjacent,completed_t,rb_nonfarm_n,Broad nonfarm workers,nonfarm,farmdep_ordered_tercile,Ordered tercile score of baseline farm-dependence,continuous,ordered farm-dependence gradient,all,stackyear,other_baseline,DID at +1 SD,0.12357288813626663,0.1288957819981287,0.3377079361689387,2676,136,1.8082581869957286,ok
adjacent,completed_t,rb_nonfarm_n,Broad nonfarm workers,nonfarm,farmdep_ordered_tercile,Ordered tercile score of baseline farm-dependence,continuous,ordered farm-dependence gradient,all,stackyear,other_baseline,DID at -1 SD,-0.0952519306104431,0.12503305199908635,0.4461710180559746,2676,136,1.8082581869957286,ok
adjacent,completed_t,rb_nonfarm_n,Broad nonfarm workers,nonfarm,farmdep_ordered_tercile,Ordered tercile score of baseline farm-dependence,continuous,ordered farm-dependence gradient,all,provyear,none,DID at mean modifier,-0.2856154116978077,0.1707959206346053,0.09447280341468778,2880,136,1.8082581869957286,ok
adjacent,completed_t,rb_nonfarm_n,Broad nonfarm workers,nonfarm,farmdep_ordered_tercile,Ordered tercile score of baseline farm-dependence,continuous,ordered farm-dependence gradient,all,provyear,none,heterogeneity slope,0.1261303817825484,0.09508772277412145,0.18468625846022357,2880,136,1.8082581869957286,ok
adjacent,completed_t,rb_nonfarm_n,Broad nonfarm workers,nonfarm,farmdep_ordered_tercile,Ordered tercile score of baseline farm-dependence,continuous,ordered farm-dependence gradient,all,provyear,none,DID at +1 SD,-0.15948502991525929,0.23984411690272095,0.5060806487422416,2880,136,1.8082581869957286,ok
adjacent,completed_t,rb_nonfarm_n,Broad nonfarm workers,nonfarm,farmdep_ordered_tercile,Ordered tercile score of baseline farm-dependence,continuous,ordered farm-dependence gradient,all,provyear,none,DID at -1 SD,-0.4117457934803561,0.13747960809783777,0.0027448170846260255,2880,136,1.8082581869957286,ok
adjacent,completed_t,rb_nonfarm_n,Broad nonfarm workers,nonfarm,farmdep_ordered_tercile,Ordered tercile score of baseline farm-dependence,continuous,ordered farm-dependence gradient,all,provyear,farm_income_only,DID at mean modifier,-0.2828840643475501,0.16706522749632632,0.09040690256559847,2880,136,1.8082581869957286,ok
adjacent,completed_t,rb_nonfarm_n,Broad nonfarm workers,nonfarm,farmdep_ordered_tercile,Ordered tercile score of baseline farm-dependence,continuous,ordered farm-dependence gradient,all,provyear,farm_income_only,heterogeneity slope,0.13270134848636272,0.09894956553409465,0.17988770468297388,2880,136,1.8082581869957286,ok
adjacent,completed_t,rb_nonfarm_n,Broad nonfarm workers,nonfarm,farmdep_ordered_tercile,Ordered tercile score of baseline farm-dependence,continuous,ordered farm-dependence gradient,all,provyear,farm_income_only,DID at +1 SD,-0.15018271586118737,0.23957529742329028,0.5307440455626702,2880,136,1.8082581869957286,ok
adjacent,completed_t,rb_nonfarm_n,Broad nonfarm workers,nonfarm,farmdep_ordered_tercile,Ordered tercile score of baseline farm-dependence,continuous,ordered farm-dependence gradient,all,provyear,farm_income_only,DID at -1 SD,-0.4155854128339128,0.1341912455419977,0.0019551383084677174,2880,136,1.8082581869957286,ok
adjacent,completed_t,rb_nonfarm_n,Broad nonfarm workers,nonfarm,farmdep_ordered_tercile,Ordered tercile score of baseline farm-dependence,continuous,ordered farm-dependence gradient,all,provyear,other_baseline,DID at mean modifier,-0.3014463327047309,0.220359208634733,0.17131927052284146,2670,134,1.8082581869957286,ok
adjacent,completed_t,rb_nonfarm_n,Broad nonfarm workers,nonfarm,farmdep_ordered_tercile,Ordered tercile score of baseline farm-dependence,continuous,ordered farm-dependence gradient,all,provyear,other_baseline,heterogeneity slope,0.060818041262818055,0.0957955018030006,0.5255108143941045,2670,134,1.8082581869957286,ok
adjacent,completed_t,rb_nonfarm_n,Broad nonfarm workers,nonfarm,farmdep_ordered_tercile,Ordered tercile score of baseline farm-dependence,continuous,ordered farm-dependence gradient,all,provyear,other_baseline,DID at +1 SD,-0.24062829144191286,0.28728409476485145,0.4022570870640355,2670,134,1.8082581869957286,ok
adjacent,completed_t,rb_nonfarm_n,Broad nonfarm workers,nonfarm,farmdep_ordered_tercile,Ordered tercile score of baseline farm-dependence,continuous,ordered farm-dependence gradient,all,provyear,other_baseline,DID at -1 SD,-0.36226437396754896,0.18148764940559672,0.045924911749326024,2670,134,1.8082581869957286,ok
adjacent,completed_t,rb_nonfarm_n,Broad nonfarm workers,nonfarm,farm_orientation_continuous,"Pre-specified farm-orientation index, continuous z",continuous,pre-specified index interaction,all,stackyear,none,DID at mean modifier,-0.03890303535676012,0.09619023696864822,0.6858902922090914,2968,138,1.8082581869957286,ok
adjacent,completed_t,rb_nonfarm_n,Broad nonfarm workers,nonfarm,farm_orientation_continuous,"Pre-specified farm-orientation index, continuous z",continuous,pre-specified index interaction,all,stackyear,none,heterogeneity slope,0.18815348079470143,0.10850629568341938,0.08291225527773383,2968,138,1.8082581869957286,ok
adjacent,completed_t,rb_nonfarm_n,Broad nonfarm workers,nonfarm,farm_orientation_continuous,"Pre-specified farm-orientation index, continuous z",continuous,pre-specified index interaction,all,stackyear,none,DID at +1 SD,0.1492504454379413,0.1341880617993988,0.2660314002022597,2968,138,1.8082581869957286,ok
adjacent,completed_t,rb_nonfarm_n,Broad nonfarm workers,nonfarm,farm_orientation_continuous,"Pre-specified farm-orientation index, continuous z",continuous,pre-specified index interaction,all,stackyear,none,DID at -1 SD,-0.22705651615146155,0.1550674687114141,0.14312745845895064,2968,138,1.8082581869957286,ok
adjacent,completed_t,rb_nonfarm_n,Broad nonfarm workers,nonfarm,farm_orientation_continuous,"Pre-specified farm-orientation index, continuous z",continuous,pre-specified index interaction,all,stackyear,farm_income_only,DID at mean modifier,-0.03890303535676012,0.09619023696864822,0.6858902922090914,2968,138,1.8082581869957286,ok
adjacent,completed_t,rb_nonfarm_n,Broad nonfarm workers,nonfarm,farm_orientation_continuous,"Pre-specified farm-orientation index, continuous z",continuous,pre-specified index interaction,all,stackyear,farm_income_only,heterogeneity slope,0.18815348079470143,0.10850629568341938,0.08291225527773383,2968,138,1.8082581869957286,ok
adjacent,completed_t,rb_nonfarm_n,Broad nonfarm workers,nonfarm,farm_orientation_continuous,"Pre-specified farm-orientation index, continuous z",continuous,pre-specified index interaction,all,stackyear,farm_income_only,DID at +1 SD,0.1492504454379413,0.1341880617993988,0.2660314002022597,2968,138,1.8082581869957286,ok
adjacent,completed_t,rb_nonfarm_n,Broad nonfarm workers,nonfarm,farm_orientation_continuous,"Pre-specified farm-orientation index, continuous z",continuous,pre-specified index interaction,all,stackyear,farm_income_only,DID at -1 SD,-0.22705651615146155,0.1550674687114141,0.14312745845895064,2968,138,1.8082581869957286,ok
adjacent,completed_t,rb_nonfarm_n,Broad nonfarm workers,nonfarm,farm_orientation_continuous,"Pre-specified farm-orientation index, continuous z",continuous,pre-specified index interaction,all,stackyear,other_baseline,DID at mean modifier,-0.03890303535676012,0.09619023696864822,0.6858902922090914,2968,138,1.8082581869957286,ok
adjacent,completed_t,rb_nonfarm_n,Broad nonfarm workers,nonfarm,farm_orientation_continuous,"Pre-specified farm-orientation index, continuous z",continuous,pre-specified index interaction,all,stackyear,other_baseline,heterogeneity slope,0.18815348079470143,0.10850629568341938,0.08291225527773383,2968,138,1.8082581869957286,ok
adjacent,completed_t,rb_nonfarm_n,Broad nonfarm workers,nonfarm,farm_orientation_continuous,"Pre-specified farm-orientation index, continuous z",continuous,pre-specified index interaction,all,stackyear,other_baseline,DID at +1 SD,0.1492504454379413,0.1341880617993988,0.2660314002022597,2968,138,1.8082581869957286,ok
adjacent,completed_t,rb_nonfarm_n,Broad nonfarm workers,nonfarm,farm_orientation_continuous,"Pre-specified farm-orientation index, continuous z",continuous,pre-specified index interaction,all,stackyear,other_baseline,DID at -1 SD,-0.22705651615146155,0.1550674687114141,0.14312745845895064,2968,138,1.8082581869957286,ok
adjacent,completed_t,rb_nonfarm_n,Broad nonfarm workers,nonfarm,farm_orientation_continuous,"Pre-specified farm-orientation index, continuous z",continuous,pre-specified index interaction,all,provyear,none,DID at mean modifier,-0.29087196128769366,0.17729447990131372,0.10087738487858214,2964,137,1.8082581869957286,ok
adjacent,completed_t,rb_nonfarm_n,Broad nonfarm workers,nonfarm,farm_orientation_continuous,"Pre-specified farm-orientation index, continuous z",continuous,pre-specified index interaction,all,provyear,none,heterogeneity slope,0.19477135998392392,0.1377230139686246,0.15729578472610806,2964,137,1.8082581869957286,ok
adjacent,completed_t,rb_nonfarm_n,Broad nonfarm workers,nonfarm,farm_orientation_continuous,"Pre-specified farm-orientation index, continuous z",continuous,pre-specified index interaction,all,provyear,none,DID at +1 SD,-0.09610060130376974,0.26942264953320144,0.7213232355534667,2964,137,1.8082581869957286,ok
adjacent,completed_t,rb_nonfarm_n,Broad nonfarm workers,nonfarm,farm_orientation_continuous,"Pre-specified farm-orientation index, continuous z",continuous,pre-specified index interaction,all,provyear,none,DID at -1 SD,-0.4856433212716176,0.16796832522433602,0.0038367711981988437,2964,137,1.8082581869957286,ok
adjacent,completed_t,rb_nonfarm_n,Broad nonfarm workers,nonfarm,farm_orientation_continuous,"Pre-specified farm-orientation index, continuous z",continuous,pre-specified index interaction,all,provyear,farm_income_only,DID at mean modifier,-0.29087196128769366,0.17729447990131372,0.10087738487858214,2964,137,1.8082581869957286,ok
adjacent,completed_t,rb_nonfarm_n,Broad nonfarm workers,nonfarm,farm_orientation_continuous,"Pre-specified farm-orientation index, continuous z",continuous,pre-specified index interaction,all,provyear,farm_income_only,heterogeneity slope,0.19477135998392392,0.1377230139686246,0.15729578472610806,2964,137,1.8082581869957286,ok
adjacent,completed_t,rb_nonfarm_n,Broad nonfarm workers,nonfarm,farm_orientation_continuous,"Pre-specified farm-orientation index, continuous z",continuous,pre-specified index interaction,all,provyear,farm_income_only,DID at +1 SD,-0.09610060130376974,0.26942264953320144,0.7213232355534667,2964,137,1.8082581869957286,ok
adjacent,completed_t,rb_nonfarm_n,Broad nonfarm workers,nonfarm,farm_orientation_continuous,"Pre-specified farm-orientation index, continuous z",continuous,pre-specified index interaction,all,provyear,farm_income_only,DID at -1 SD,-0.4856433212716176,0.16796832522433602,0.0038367711981988437,2964,137,1.8082581869957286,ok
adjacent,completed_t,rb_nonfarm_n,Broad nonfarm workers,nonfarm,farm_orientation_continuous,"Pre-specified farm-orientation index, continuous z",continuous,pre-specified index interaction,all,provyear,other_baseline,DID at mean modifier,-0.29087196128769366,0.17729447990131372,0.10087738487858214,2964,137,1.8082581869957286,ok
adjacent,completed_t,rb_nonfarm_n,Broad nonfarm workers,nonfarm,farm_orientation_continuous,"Pre-specified farm-orientation index, continuous z",continuous,pre-specified index interaction,all,provyear,other_baseline,heterogeneity slope,0.19477135998392392,0.1377230139686246,0.15729578472610806,2964,137,1.8082581869957286,ok
adjacent,completed_t,rb_nonfarm_n,Broad nonfarm workers,nonfarm,farm_orientation_continuous,"Pre-specified farm-orientation index, continuous z",continuous,pre-specified index interaction,all,provyear,other_baseline,DID at +1 SD,-0.09610060130376974,0.26942264953320144,0.7213232355534667,2964,137,1.8082581869957286,ok
adjacent,completed_t,rb_nonfarm_n,Broad nonfarm workers,nonfarm,farm_orientation_continuous,"Pre-specified farm-orientation index, continuous z",continuous,pre-specified index interaction,all,provyear,other_baseline,DID at -1 SD,-0.4856433212716176,0.16796832522433602,0.0038367711981988437,2964,137,1.8082581869957286,ok
adjacent,completed_t,rb_nonfarm_n,Broad nonfarm workers,nonfarm,farm_orientation_top_tercile,Top tercile pre-specified farm-orientation index,binary_top,pre-specified index top-third split,all,stackyear,none,lower/rest DID,-0.16254760432206306,0.11614897930190027,0.1616705603834948,2968,138,1.8082581869957286,ok
adjacent,completed_t,rb_nonfarm_n,Broad nonfarm workers,nonfarm,farm_orientation_top_tercile,Top tercile pre-specified farm-orientation index,binary_top,pre-specified index top-third split,all,stackyear,none,top-minus-rest differential,0.40510492961171185,0.1743278723280257,0.020135655978755187,2968,138,1.8082581869957286,ok
adjacent,completed_t,rb_nonfarm_n,Broad nonfarm workers,nonfarm,farm_orientation_top_tercile,Top tercile pre-specified farm-orientation index,binary_top,pre-specified index top-third split,all,stackyear,none,top group DID,0.2425573252896488,0.14517059469190788,0.09475262003217047,2968,138,1.8082581869957286,ok
adjacent,completed_t,rb_nonfarm_n,Broad nonfarm workers,nonfarm,farm_orientation_top_tercile,Top tercile pre-specified farm-orientation index,binary_top,pre-specified index top-third split,all,stackyear,farm_income_only,lower/rest DID,-0.16254760432206306,0.11614897930190027,0.1616705603834948,2968,138,1.8082581869957286,ok
adjacent,completed_t,rb_nonfarm_n,Broad nonfarm workers,nonfarm,farm_orientation_top_tercile,Top tercile pre-specified farm-orientation index,binary_top,pre-specified index top-third split,all,stackyear,farm_income_only,top-minus-rest differential,0.40510492961171185,0.1743278723280257,0.020135655978755187,2968,138,1.8082581869957286,ok
adjacent,completed_t,rb_nonfarm_n,Broad nonfarm workers,nonfarm,farm_orientation_top_tercile,Top tercile pre-specified farm-orientation index,binary_top,pre-specified index top-third split,all,stackyear,farm_income_only,top group DID,0.2425573252896488,0.14517059469190788,0.09475262003217047,2968,138,1.8082581869957286,ok
adjacent,completed_t,rb_nonfarm_n,Broad nonfarm workers,nonfarm,farm_orientation_top_tercile,Top tercile pre-specified farm-orientation index,binary_top,pre-specified index top-third split,all,stackyear,other_baseline,lower/rest DID,-0.16254760432206306,0.11614897930190027,0.1616705603834948,2968,138,1.8082581869957286,ok
adjacent,completed_t,rb_nonfarm_n,Broad nonfarm workers,nonfarm,farm_orientation_top_tercile,Top tercile pre-specified farm-orientation index,binary_top,pre-specified index top-third split,all,stackyear,other_baseline,top-minus-rest differential,0.40510492961171185,0.1743278723280257,0.020135655978755187,2968,138,1.8082581869957286,ok
adjacent,completed_t,rb_nonfarm_n,Broad nonfarm workers,nonfarm,farm_orientation_top_tercile,Top tercile pre-specified farm-orientation index,binary_top,pre-specified index top-third split,all,stackyear,other_baseline,top group DID,0.2425573252896488,0.14517059469190788,0.09475262003217047,2968,138,1.8082581869957286,ok
adjacent,completed_t,rb_nonfarm_n,Broad nonfarm workers,nonfarm,farm_orientation_top_tercile,Top tercile pre-specified farm-orientation index,binary_top,pre-specified index top-third split,all,provyear,none,lower/rest DID,-0.38830025775665805,0.17255805042502828,0.02443252669410576,2964,137,1.8082581869957286,ok
adjacent,completed_t,rb_nonfarm_n,Broad nonfarm workers,nonfarm,farm_orientation_top_tercile,Top tercile pre-specified farm-orientation index,binary_top,pre-specified index top-third split,all,provyear,none,top-minus-rest differential,0.3149997985848948,0.20362839223421503,0.1218790248910704,2964,137,1.8082581869957286,ok
adjacent,completed_t,rb_nonfarm_n,Broad nonfarm workers,nonfarm,farm_orientation_top_tercile,Top tercile pre-specified farm-orientation index,binary_top,pre-specified index top-third split,all,provyear,none,top group DID,-0.07330045917176325,0.25899712178506074,0.7771641879588993,2964,137,1.8082581869957286,ok
adjacent,completed_t,rb_nonfarm_n,Broad nonfarm workers,nonfarm,farm_orientation_top_tercile,Top tercile pre-specified farm-orientation index,binary_top,pre-specified index top-third split,all,provyear,farm_income_only,lower/rest DID,-0.38830025775665805,0.17255805042502828,0.02443252669410576,2964,137,1.8082581869957286,ok
adjacent,completed_t,rb_nonfarm_n,Broad nonfarm workers,nonfarm,farm_orientation_top_tercile,Top tercile pre-specified farm-orientation index,binary_top,pre-specified index top-third split,all,provyear,farm_income_only,top-minus-rest differential,0.3149997985848948,0.20362839223421503,0.1218790248910704,2964,137,1.8082581869957286,ok
adjacent,completed_t,rb_nonfarm_n,Broad nonfarm workers,nonfarm,farm_orientation_top_tercile,Top tercile pre-specified farm-orientation index,binary_top,pre-specified index top-third split,all,provyear,farm_income_only,top group DID,-0.07330045917176325,0.25899712178506074,0.7771641879588993,2964,137,1.8082581869957286,ok
adjacent,completed_t,rb_nonfarm_n,Broad nonfarm workers,nonfarm,farm_orientation_top_tercile,Top tercile pre-specified farm-orientation index,binary_top,pre-specified index top-third split,all,provyear,other_baseline,lower/rest DID,-0.38830025775665805,0.17255805042502828,0.02443252669410576,2964,137,1.8082581869957286,ok
adjacent,completed_t,rb_nonfarm_n,Broad nonfarm workers,nonfarm,farm_orientation_top_tercile,Top tercile pre-specified farm-orientation index,binary_top,pre-specified index top-third split,all,provyear,other_baseline,top-minus-rest differential,0.3149997985848948,0.20362839223421503,0.1218790248910704,2964,137,1.8082581869957286,ok
adjacent,completed_t,rb_nonfarm_n,Broad nonfarm workers,nonfarm,farm_orientation_top_tercile,Top tercile pre-specified farm-orientation index,binary_top,pre-specified index top-third split,all,provyear,other_baseline,top group DID,-0.07330045917176325,0.25899712178506074,0.7771641879588993,2964,137,1.8082581869957286,ok
adjacent,completed_t,rb_nonfarm_n,Broad nonfarm workers,nonfarm,bottom_farmdep,Bottom tercile baseline farm-dependence,binary_bottom,exit-side low farm-dependence check,all,stackyear,none,lower/rest DID,-0.022239033124782058,0.1250780592693187,0.8588790792022194,2884,137,1.8082581869957286,ok
adjacent,completed_t,rb_nonfarm_n,Broad nonfarm workers,nonfarm,bottom_farmdep,Bottom tercile baseline farm-dependence,binary_bottom,exit-side low farm-dependence check,all,stackyear,none,bottom-minus-rest differential,-0.02032962236854334,0.18156684518660737,0.9108490157718152,2884,137,1.8082581869957286,ok
adjacent,completed_t,rb_nonfarm_n,Broad nonfarm workers,nonfarm,bottom_farmdep,Bottom tercile baseline farm-dependence,binary_bottom,exit-side low farm-dependence check,all,stackyear,none,bottom group DID,-0.0425686554933254,0.14701975160847872,0.7721652777053887,2884,137,1.8082581869957286,ok
adjacent,completed_t,rb_nonfarm_n,Broad nonfarm workers,nonfarm,bottom_farmdep,Bottom tercile baseline farm-dependence,binary_bottom,exit-side low farm-dependence check,all,stackyear,farm_income_only,lower/rest DID,-0.022781942505868444,0.12409341145562833,0.854337428279921,2884,137,1.8082581869957286,ok
adjacent,completed_t,rb_nonfarm_n,Broad nonfarm workers,nonfarm,bottom_farmdep,Bottom tercile baseline farm-dependence,binary_bottom,exit-side low farm-dependence check,all,stackyear,farm_income_only,bottom-minus-rest differential,-0.00853674440666198,0.179744467257342,0.9621196865976984,2884,137,1.8082581869957286,ok
adjacent,completed_t,rb_nonfarm_n,Broad nonfarm workers,nonfarm,bottom_farmdep,Bottom tercile baseline farm-dependence,binary_bottom,exit-side low farm-dependence check,all,stackyear,farm_income_only,bottom group DID,-0.031318686912530425,0.14600435640457368,0.8301531484203823,2884,137,1.8082581869957286,ok
adjacent,completed_t,rb_nonfarm_n,Broad nonfarm workers,nonfarm,bottom_farmdep,Bottom tercile baseline farm-dependence,binary_bottom,exit-side low farm-dependence check,all,stackyear,other_baseline,lower/rest DID,0.04328130029985573,0.11191947572188056,0.6989648269383826,2676,136,1.8082581869957286,ok
adjacent,completed_t,rb_nonfarm_n,Broad nonfarm workers,nonfarm,bottom_farmdep,Bottom tercile baseline farm-dependence,binary_bottom,exit-side low farm-dependence check,all,stackyear,other_baseline,bottom-minus-rest differential,-0.05335681382808327,0.18090158576380863,0.7680325353838586,2676,136,1.8082581869957286,ok
adjacent,completed_t,rb_nonfarm_n,Broad nonfarm workers,nonfarm,bottom_farmdep,Bottom tercile baseline farm-dependence,binary_bottom,exit-side low farm-dependence check,all,stackyear,other_baseline,bottom group DID,-0.01007551352822754,0.16616516331608258,0.9516494729706426,2676,136,1.8082581869957286,ok
adjacent,completed_t,rb_nonfarm_n,Broad nonfarm workers,nonfarm,bottom_farmdep,Bottom tercile baseline farm-dependence,binary_bottom,exit-side low farm-dependence check,all,provyear,none,lower/rest DID,-0.38137712952555375,0.2167493897520442,0.07848746999613193,2880,136,1.8082581869957286,ok
adjacent,completed_t,rb_nonfarm_n,Broad nonfarm workers,nonfarm,bottom_farmdep,Bottom tercile baseline farm-dependence,binary_bottom,exit-side low farm-dependence check,all,provyear,none,bottom-minus-rest differential,0.04372665706898177,0.17351338343717368,0.8010353420137394,2880,136,1.8082581869957286,ok
adjacent,completed_t,rb_nonfarm_n,Broad nonfarm workers,nonfarm,bottom_farmdep,Bottom tercile baseline farm-dependence,binary_bottom,exit-side low farm-dependence check,all,provyear,none,bottom group DID,-0.337650472456572,0.13281043519855285,0.011011017799710195,2880,136,1.8082581869957286,ok
adjacent,completed_t,rb_nonfarm_n,Broad nonfarm workers,nonfarm,bottom_farmdep,Bottom tercile baseline farm-dependence,binary_bottom,exit-side low farm-dependence check,all,provyear,farm_income_only,lower/rest DID,-0.3755597897744663,0.2185981930832941,0.08578986174839126,2880,136,1.8082581869957286,ok
adjacent,completed_t,rb_nonfarm_n,Broad nonfarm workers,nonfarm,bottom_farmdep,Bottom tercile baseline farm-dependence,binary_bottom,exit-side low farm-dependence check,all,provyear,farm_income_only,bottom-minus-rest differential,0.04863901413464786,0.17565345677791133,0.7818543922840796,2880,136,1.8082581869957286,ok
adjacent,completed_t,rb_nonfarm_n,Broad nonfarm workers,nonfarm,bottom_farmdep,Bottom tercile baseline farm-dependence,binary_bottom,exit-side low farm-dependence check,all,provyear,farm_income_only,bottom group DID,-0.3269207756398185,0.1311003868911392,0.012643091184379694,2880,136,1.8082581869957286,ok
adjacent,completed_t,rb_nonfarm_n,Broad nonfarm workers,nonfarm,bottom_farmdep,Bottom tercile baseline farm-dependence,binary_bottom,exit-side low farm-dependence check,all,provyear,other_baseline,lower/rest DID,-0.34787013188221216,0.281358235160129,0.21631148759309626,2670,134,1.8082581869957286,ok
adjacent,completed_t,rb_nonfarm_n,Broad nonfarm workers,nonfarm,bottom_farmdep,Bottom tercile baseline farm-dependence,binary_bottom,exit-side low farm-dependence check,all,provyear,other_baseline,bottom-minus-rest differential,0.03364062769741199,0.18881905747248026,0.85859472544802,2670,134,1.8082581869957286,ok
adjacent,completed_t,rb_nonfarm_n,Broad nonfarm workers,nonfarm,bottom_farmdep,Bottom tercile baseline farm-dependence,binary_bottom,exit-side low farm-dependence check,all,provyear,other_baseline,bottom group DID,-0.31422950418480017,0.15718767434719186,0.04560054651085885,2670,134,1.8082581869957286,ok
adjacent,completed_t,rb_nonfarm_n,Broad nonfarm workers,nonfarm,nonfarm_orientation_top,Top tercile baseline nonfarm orientation,binary_top,exit-side nonfarm orientation check,all,stackyear,none,lower/rest DID,0.020788308335622695,0.14615488914725897,0.8868945614965266,2972,138,1.8082581869957286,ok
adjacent,completed_t,rb_nonfarm_n,Broad nonfarm workers,nonfarm,nonfarm_orientation_top,Top tercile baseline nonfarm orientation,binary_top,exit-side nonfarm orientation check,all,stackyear,none,top-minus-rest differential,-0.06953148745939555,0.22789836012373413,0.7602910011526278,2972,138,1.8082581869957286,ok
adjacent,completed_t,rb_nonfarm_n,Broad nonfarm workers,nonfarm,nonfarm_orientation_top,Top tercile baseline nonfarm orientation,binary_top,exit-side nonfarm orientation check,all,stackyear,none,top group DID,-0.04874317912377286,0.16613778569884038,0.7692240029486839,2972,138,1.8082581869957286,ok
adjacent,completed_t,rb_nonfarm_n,Broad nonfarm workers,nonfarm,nonfarm_orientation_top,Top tercile baseline nonfarm orientation,binary_top,exit-side nonfarm orientation check,all,stackyear,farm_income_only,lower/rest DID,0.03114837921880349,0.13802652162687423,0.8214584641927634,2944,138,1.8082581869957286,ok
adjacent,completed_t,rb_nonfarm_n,Broad nonfarm workers,nonfarm,nonfarm_orientation_top,Top tercile baseline nonfarm orientation,binary_top,exit-side nonfarm orientation check,all,stackyear,farm_income_only,top-minus-rest differential,-0.09431261926837381,0.2268214648850117,0.6775555388218971,2944,138,1.8082581869957286,ok
adjacent,completed_t,rb_nonfarm_n,Broad nonfarm workers,nonfarm,nonfarm_orientation_top,Top tercile baseline nonfarm orientation,binary_top,exit-side nonfarm orientation check,all,stackyear,farm_income_only,top group DID,-0.06316424004957032,0.17022526653231773,0.7105908624444254,2944,138,1.8082581869957286,ok
adjacent,completed_t,rb_nonfarm_n,Broad nonfarm workers,nonfarm,nonfarm_orientation_top,Top tercile baseline nonfarm orientation,binary_top,exit-side nonfarm orientation check,all,stackyear,other_baseline,lower/rest DID,0.011463286615347134,0.14445495890757817,0.936749911696874,2676,136,1.8082581869957286,ok
adjacent,completed_t,rb_nonfarm_n,Broad nonfarm workers,nonfarm,nonfarm_orientation_top,Top tercile baseline nonfarm orientation,binary_top,exit-side nonfarm orientation check,all,stackyear,other_baseline,top-minus-rest differential,0.030690564781250283,0.2344713944490833,0.89586028777179,2676,136,1.8082581869957286,ok
adjacent,completed_t,rb_nonfarm_n,Broad nonfarm workers,nonfarm,nonfarm_orientation_top,Top tercile baseline nonfarm orientation,binary_top,exit-side nonfarm orientation check,all,stackyear,other_baseline,top group DID,0.042153851396597414,0.16654538059564636,0.8001852989192678,2676,136,1.8082581869957286,ok
adjacent,completed_t,rb_nonfarm_n,Broad nonfarm workers,nonfarm,nonfarm_orientation_top,Top tercile baseline nonfarm orientation,binary_top,exit-side nonfarm orientation check,all,provyear,none,lower/rest DID,-0.33413668252658346,0.22263728733642318,0.1334042288386269,2968,137,1.8082581869957286,ok
adjacent,completed_t,rb_nonfarm_n,Broad nonfarm workers,nonfarm,nonfarm_orientation_top,Top tercile baseline nonfarm orientation,binary_top,exit-side nonfarm orientation check,all,provyear,none,top-minus-rest differential,-0.08264900126371255,0.2222851239764153,0.7100304008016272,2968,137,1.8082581869957286,ok
adjacent,completed_t,rb_nonfarm_n,Broad nonfarm workers,nonfarm,nonfarm_orientation_top,Top tercile baseline nonfarm orientation,binary_top,exit-side nonfarm orientation check,all,provyear,none,top group DID,-0.416785683790296,0.20761188944608608,0.04469398332183557,2968,137,1.8082581869957286,ok
adjacent,completed_t,rb_nonfarm_n,Broad nonfarm workers,nonfarm,nonfarm_orientation_top,Top tercile baseline nonfarm orientation,binary_top,exit-side nonfarm orientation check,all,provyear,farm_income_only,lower/rest DID,-0.26714567420757623,0.21376190178408064,0.21139646331566697,2940,137,1.8082581869957286,ok
adjacent,completed_t,rb_nonfarm_n,Broad nonfarm workers,nonfarm,nonfarm_orientation_top,Top tercile baseline nonfarm orientation,binary_top,exit-side nonfarm orientation check,all,provyear,farm_income_only,top-minus-rest differential,-0.11154626574863297,0.22292928174733356,0.6168172857697616,2940,137,1.8082581869957286,ok
adjacent,completed_t,rb_nonfarm_n,Broad nonfarm workers,nonfarm,nonfarm_orientation_top,Top tercile baseline nonfarm orientation,binary_top,exit-side nonfarm orientation check,all,provyear,farm_income_only,top group DID,-0.3786919399562092,0.20029063654588436,0.05866277972509068,2940,137,1.8082581869957286,ok
adjacent,completed_t,rb_nonfarm_n,Broad nonfarm workers,nonfarm,nonfarm_orientation_top,Top tercile baseline nonfarm orientation,binary_top,exit-side nonfarm orientation check,all,provyear,other_baseline,lower/rest DID,-0.2973035155800297,0.21931464938523368,0.1752256344960189,2670,134,1.8082581869957286,ok
adjacent,completed_t,rb_nonfarm_n,Broad nonfarm workers,nonfarm,nonfarm_orientation_top,Top tercile baseline nonfarm orientation,binary_top,exit-side nonfarm orientation check,all,provyear,other_baseline,top-minus-rest differential,-0.02958756455387627,0.22023676539663933,0.8931302867902335,2670,134,1.8082581869957286,ok
adjacent,completed_t,rb_nonfarm_n,Broad nonfarm workers,nonfarm,nonfarm_orientation_top,Top tercile baseline nonfarm orientation,binary_top,exit-side nonfarm orientation check,all,provyear,other_baseline,top group DID,-0.326891080133906,0.22301663133130592,0.14271096584166376,2670,134,1.8082581869957286,ok
adjacent,completed_t,rb_farm_any,Any own-farm production,farm-exit,farmdep_continuous,"Baseline farm-dependence, continuous winsorized z",continuous,continuous farm-dependence interaction,all,stackyear,none,DID at mean modifier,-0.09879901399048893,0.054580049782586904,0.07026986781779355,2870,136,0.7550898203592814,ok
adjacent,completed_t,rb_farm_any,Any own-farm production,farm-exit,farmdep_continuous,"Baseline farm-dependence, continuous winsorized z",continuous,continuous farm-dependence interaction,all,stackyear,none,heterogeneity slope,0.018393019599001775,0.030501326617020517,0.5464929934553739,2870,136,0.7550898203592814,ok
adjacent,completed_t,rb_farm_any,Any own-farm production,farm-exit,farmdep_continuous,"Baseline farm-dependence, continuous winsorized z",continuous,continuous farm-dependence interaction,all,stackyear,none,DID at +1 SD,-0.08040599439148716,0.05408075998126446,0.13707389241468612,2870,136,0.7550898203592814,ok
adjacent,completed_t,rb_farm_any,Any own-farm production,farm-exit,farmdep_continuous,"Baseline farm-dependence, continuous winsorized z",continuous,continuous farm-dependence interaction,all,stackyear,none,DID at -1 SD,-0.11719203358949071,0.06995639298294705,0.09389195820621642,2870,136,0.7550898203592814,ok
adjacent,completed_t,rb_farm_any,Any own-farm production,farm-exit,farmdep_continuous,"Baseline farm-dependence, continuous winsorized z",continuous,continuous farm-dependence interaction,all,stackyear,farm_income_only,DID at mean modifier,-0.08901365783747418,0.05119366182867061,0.08207641525462847,2870,136,0.7550898203592814,ok
adjacent,completed_t,rb_farm_any,Any own-farm production,farm-exit,farmdep_continuous,"Baseline farm-dependence, continuous winsorized z",continuous,continuous farm-dependence interaction,all,stackyear,farm_income_only,heterogeneity slope,0.010833899850732671,0.028797384421267586,0.7067598560546084,2870,136,0.7550898203592814,ok
adjacent,completed_t,rb_farm_any,Any own-farm production,farm-exit,farmdep_continuous,"Baseline farm-dependence, continuous winsorized z",continuous,continuous farm-dependence interaction,all,stackyear,farm_income_only,DID at +1 SD,-0.07817975798674151,0.0539081381357587,0.14699150213141318,2870,136,0.7550898203592814,ok
adjacent,completed_t,rb_farm_any,Any own-farm production,farm-exit,farmdep_continuous,"Baseline farm-dependence, continuous winsorized z",continuous,continuous farm-dependence interaction,all,stackyear,farm_income_only,DID at -1 SD,-0.09984755768820686,0.06319868166825209,0.11412991232704146,2870,136,0.7550898203592814,ok
adjacent,completed_t,rb_farm_any,Any own-farm production,farm-exit,farmdep_continuous,"Baseline farm-dependence, continuous winsorized z",continuous,continuous farm-dependence interaction,all,stackyear,other_baseline,DID at mean modifier,-0.08931942211785532,0.05299993421815408,0.09193567966899065,2676,136,0.7550898203592814,ok
adjacent,completed_t,rb_farm_any,Any own-farm production,farm-exit,farmdep_continuous,"Baseline farm-dependence, continuous winsorized z",continuous,continuous farm-dependence interaction,all,stackyear,other_baseline,heterogeneity slope,0.003439777293854019,0.02942471663625274,0.9069385462518219,2676,136,0.7550898203592814,ok
adjacent,completed_t,rb_farm_any,Any own-farm production,farm-exit,farmdep_continuous,"Baseline farm-dependence, continuous winsorized z",continuous,continuous farm-dependence interaction,all,stackyear,other_baseline,DID at +1 SD,-0.0858796448240013,0.055476415538722526,0.12161295048889065,2676,136,0.7550898203592814,ok
adjacent,completed_t,rb_farm_any,Any own-farm production,farm-exit,farmdep_continuous,"Baseline farm-dependence, continuous winsorized z",continuous,continuous farm-dependence interaction,all,stackyear,other_baseline,DID at -1 SD,-0.09275919941170933,0.06536039528246324,0.1558419359128968,2676,136,0.7550898203592814,ok
adjacent,completed_t,rb_farm_any,Any own-farm production,farm-exit,farmdep_continuous,"Baseline farm-dependence, continuous winsorized z",continuous,continuous farm-dependence interaction,all,provyear,none,DID at mean modifier,-0.0671227381590585,0.09134177075953769,0.4624292657078244,2866,135,0.7550898203592814,ok
adjacent,completed_t,rb_farm_any,Any own-farm production,farm-exit,farmdep_continuous,"Baseline farm-dependence, continuous winsorized z",continuous,continuous farm-dependence interaction,all,provyear,none,heterogeneity slope,0.027692698414602174,0.03588315681713119,0.4402646214744542,2866,135,0.7550898203592814,ok
adjacent,completed_t,rb_farm_any,Any own-farm production,farm-exit,farmdep_continuous,"Baseline farm-dependence, continuous winsorized z",continuous,continuous farm-dependence interaction,all,provyear,none,DID at +1 SD,-0.03943003974445633,0.10559581366555217,0.7088467924770234,2866,135,0.7550898203592814,ok
adjacent,completed_t,rb_farm_any,Any own-farm production,farm-exit,farmdep_continuous,"Baseline farm-dependence, continuous winsorized z",continuous,continuous farm-dependence interaction,all,provyear,none,DID at -1 SD,-0.09481543657366068,0.0900631122802866,0.2924479758632458,2866,135,0.7550898203592814,ok
adjacent,completed_t,rb_farm_any,Any own-farm production,farm-exit,farmdep_continuous,"Baseline farm-dependence, continuous winsorized z",continuous,continuous farm-dependence interaction,all,provyear,farm_income_only,DID at mean modifier,-0.0776989310562263,0.08882559260441433,0.38171764402164843,2866,135,0.7550898203592814,ok
adjacent,completed_t,rb_farm_any,Any own-farm production,farm-exit,farmdep_continuous,"Baseline farm-dependence, continuous winsorized z",continuous,continuous farm-dependence interaction,all,provyear,farm_income_only,heterogeneity slope,0.010830501500833475,0.03407254873616584,0.7505866570141959,2866,135,0.7550898203592814,ok
adjacent,completed_t,rb_farm_any,Any own-farm production,farm-exit,farmdep_continuous,"Baseline farm-dependence, continuous winsorized z",continuous,continuous farm-dependence interaction,all,provyear,farm_income_only,DID at +1 SD,-0.06686842955539282,0.10147019926019915,0.5098985010248448,2866,135,0.7550898203592814,ok
adjacent,completed_t,rb_farm_any,Any own-farm production,farm-exit,farmdep_continuous,"Baseline farm-dependence, continuous winsorized z",continuous,continuous farm-dependence interaction,all,provyear,farm_income_only,DID at -1 SD,-0.08852943255705978,0.08834957622933481,0.31632633407837907,2866,135,0.7550898203592814,ok
adjacent,completed_t,rb_farm_any,Any own-farm production,farm-exit,farmdep_continuous,"Baseline farm-dependence, continuous winsorized z",continuous,continuous farm-dependence interaction,all,provyear,other_baseline,DID at mean modifier,-0.08387930899961332,0.09874253200149977,0.3956170544952927,2670,134,0.7550898203592814,ok
adjacent,completed_t,rb_farm_any,Any own-farm production,farm-exit,farmdep_continuous,"Baseline farm-dependence, continuous winsorized z",continuous,continuous farm-dependence interaction,all,provyear,other_baseline,heterogeneity slope,0.0019854675216333948,0.03506628920631964,0.9548475792127283,2670,134,0.7550898203592814,ok
adjacent,completed_t,rb_farm_any,Any own-farm production,farm-exit,farmdep_continuous,"Baseline farm-dependence, continuous winsorized z",continuous,continuous farm-dependence interaction,all,provyear,other_baseline,DID at +1 SD,-0.08189384147797993,0.1125937856448887,0.46701836686989673,2670,134,0.7550898203592814,ok
adjacent,completed_t,rb_farm_any,Any own-farm production,farm-exit,farmdep_continuous,"Baseline farm-dependence, continuous winsorized z",continuous,continuous farm-dependence interaction,all,provyear,other_baseline,DID at -1 SD,-0.08586477652124672,0.09634367630358397,0.37280355579673885,2670,134,0.7550898203592814,ok
adjacent,completed_t,rb_farm_any,Any own-farm production,farm-exit,farmdep_top_tercile,Top tercile baseline farm-dependence,binary_top,top-third split,all,stackyear,none,lower/rest DID,-0.12196859058463974,0.06829644159821269,0.07412025148725462,2870,136,0.7550898203592814,ok
adjacent,completed_t,rb_farm_any,Any own-farm production,farm-exit,farmdep_top_tercile,Top tercile baseline farm-dependence,binary_top,top-third split,all,stackyear,none,top-minus-rest differential,0.06371927079081677,0.06206844734738234,0.30461035112995927,2870,136,0.7550898203592814,ok
adjacent,completed_t,rb_farm_any,Any own-farm production,farm-exit,farmdep_top_tercile,Top tercile baseline farm-dependence,binary_top,top-third split,all,stackyear,none,top group DID,-0.05824931979382297,0.04691982053769744,0.2144339822972282,2870,136,0.7550898203592814,ok
adjacent,completed_t,rb_farm_any,Any own-farm production,farm-exit,farmdep_top_tercile,Top tercile baseline farm-dependence,binary_top,top-third split,all,stackyear,farm_income_only,lower/rest DID,-0.10593721862521008,0.06190107227595395,0.0870081211231299,2870,136,0.7550898203592814,ok
adjacent,completed_t,rb_farm_any,Any own-farm production,farm-exit,farmdep_top_tercile,Top tercile baseline farm-dependence,binary_top,top-third split,all,stackyear,farm_income_only,top-minus-rest differential,0.04981561010328952,0.05748270558116296,0.38615074933402693,2870,136,0.7550898203592814,ok
adjacent,completed_t,rb_farm_any,Any own-farm production,farm-exit,farmdep_top_tercile,Top tercile baseline farm-dependence,binary_top,top-third split,all,stackyear,farm_income_only,top group DID,-0.05612160852192056,0.04731758588201019,0.23559766579447028,2870,136,0.7550898203592814,ok
adjacent,completed_t,rb_farm_any,Any own-farm production,farm-exit,farmdep_top_tercile,Top tercile baseline farm-dependence,binary_top,top-third split,all,stackyear,other_baseline,lower/rest DID,-0.1015363249157833,0.0651858750411041,0.11931788866076029,2676,136,0.7550898203592814,ok
adjacent,completed_t,rb_farm_any,Any own-farm production,farm-exit,farmdep_top_tercile,Top tercile baseline farm-dependence,binary_top,top-third split,all,stackyear,other_baseline,top-minus-rest differential,0.03399271520957685,0.06038325268096282,0.5734693475870902,2676,136,0.7550898203592814,ok
adjacent,completed_t,rb_farm_any,Any own-farm production,farm-exit,farmdep_top_tercile,Top tercile baseline farm-dependence,binary_top,top-third split,all,stackyear,other_baseline,top group DID,-0.06754360970620644,0.04907908513166649,0.1687535876391414,2676,136,0.7550898203592814,ok
adjacent,completed_t,rb_farm_any,Any own-farm production,farm-exit,farmdep_top_tercile,Top tercile baseline farm-dependence,binary_top,top-third split,all,provyear,none,lower/rest DID,-0.0883961292787038,0.08819471352053845,0.3162065626602919,2866,135,0.7550898203592814,ok
adjacent,completed_t,rb_farm_any,Any own-farm production,farm-exit,farmdep_top_tercile,Top tercile baseline farm-dependence,binary_top,top-third split,all,provyear,none,top-minus-rest differential,0.08469832112282455,0.0749865382314455,0.25868119987773197,2866,135,0.7550898203592814,ok
adjacent,completed_t,rb_farm_any,Any own-farm production,farm-exit,farmdep_top_tercile,Top tercile baseline farm-dependence,binary_top,top-third split,all,provyear,none,top group DID,-0.003697808155879251,0.10625107330956676,0.9722371882760501,2866,135,0.7550898203592814,ok
adjacent,completed_t,rb_farm_any,Any own-farm production,farm-exit,farmdep_top_tercile,Top tercile baseline farm-dependence,binary_top,top-third split,all,provyear,farm_income_only,lower/rest DID,-0.08703486602161267,0.08688891156860999,0.3164982743585567,2866,135,0.7550898203592814,ok
adjacent,completed_t,rb_farm_any,Any own-farm production,farm-exit,farmdep_top_tercile,Top tercile baseline farm-dependence,binary_top,top-third split,all,provyear,farm_income_only,top-minus-rest differential,0.0559600906420962,0.07180581941120627,0.43578812398872946,2866,135,0.7550898203592814,ok
adjacent,completed_t,rb_farm_any,Any own-farm production,farm-exit,farmdep_top_tercile,Top tercile baseline farm-dependence,binary_top,top-third split,all,provyear,farm_income_only,top group DID,-0.031074775379516473,0.1035367911931475,0.7640759469661332,2866,135,0.7550898203592814,ok
adjacent,completed_t,rb_farm_any,Any own-farm production,farm-exit,farmdep_top_tercile,Top tercile baseline farm-dependence,binary_top,top-third split,all,provyear,other_baseline,lower/rest DID,-0.08709058358885888,0.09593307695239647,0.36396992759501845,2670,134,0.7550898203592814,ok
adjacent,completed_t,rb_farm_any,Any own-farm production,farm-exit,farmdep_top_tercile,Top tercile baseline farm-dependence,binary_top,top-third split,all,provyear,other_baseline,top-minus-rest differential,0.037658645048885386,0.07304265035129041,0.6061543296165393,2670,134,0.7550898203592814,ok
adjacent,completed_t,rb_farm_any,Any own-farm production,farm-exit,farmdep_top_tercile,Top tercile baseline farm-dependence,binary_top,top-third split,all,provyear,other_baseline,top group DID,-0.04943193853997349,0.11273804614720703,0.661047622021664,2670,134,0.7550898203592814,ok
adjacent,completed_t,rb_farm_any,Any own-farm production,farm-exit,farmdep_top_vs_bottom,Top versus bottom tercile baseline farm-dependence,binary_top_bottom,clean top-minus-bottom contrast,top_bottom_farmdep,stackyear,none,bottom group DID,-0.11675052891218185,0.09234139223943759,0.20610952178918407,1936,130,0.753343701399689,ok
adjacent,completed_t,rb_farm_any,Any own-farm production,farm-exit,farmdep_top_vs_bottom,Top versus bottom tercile baseline farm-dependence,binary_top_bottom,clean top-minus-bottom contrast,top_bottom_farmdep,stackyear,none,top-minus-bottom differential,0.05507992260668064,0.107735129565219,0.6091738173445731,1936,130,0.753343701399689,ok
adjacent,completed_t,rb_farm_any,Any own-farm production,farm-exit,farmdep_top_vs_bottom,Top versus bottom tercile baseline farm-dependence,binary_top_bottom,clean top-minus-bottom contrast,top_bottom_farmdep,stackyear,none,top group DID,-0.06167060630550121,0.04838974172103033,0.2025017862646853,1936,130,0.753343701399689,ok
adjacent,completed_t,rb_farm_any,Any own-farm production,farm-exit,farmdep_top_vs_bottom,Top versus bottom tercile baseline farm-dependence,binary_top_bottom,clean top-minus-bottom contrast,top_bottom_farmdep,stackyear,farm_income_only,bottom group DID,-0.126282412312366,0.0910806751752111,0.16559744230151952,1936,130,0.753343701399689,ok
adjacent,completed_t,rb_farm_any,Any own-farm production,farm-exit,farmdep_top_vs_bottom,Top versus bottom tercile baseline farm-dependence,binary_top_bottom,clean top-minus-bottom contrast,top_bottom_farmdep,stackyear,farm_income_only,top-minus-bottom differential,0.06750434851893942,0.10611181367955257,0.5246705623786777,1936,130,0.753343701399689,ok
adjacent,completed_t,rb_farm_any,Any own-farm production,farm-exit,farmdep_top_vs_bottom,Top versus bottom tercile baseline farm-dependence,binary_top_bottom,clean top-minus-bottom contrast,top_bottom_farmdep,stackyear,farm_income_only,top group DID,-0.05877806379342658,0.04880079962359509,0.22841616599064063,1936,130,0.753343701399689,ok
adjacent,completed_t,rb_farm_any,Any own-farm production,farm-exit,farmdep_top_vs_bottom,Top versus bottom tercile baseline farm-dependence,binary_top_bottom,clean top-minus-bottom contrast,top_bottom_farmdep,stackyear,other_baseline,bottom group DID,-0.12331023912566405,0.09141594294065844,0.17737164055587662,1814,130,0.753343701399689,ok
adjacent,completed_t,rb_farm_any,Any own-farm production,farm-exit,farmdep_top_vs_bottom,Top versus bottom tercile baseline farm-dependence,binary_top_bottom,clean top-minus-bottom contrast,top_bottom_farmdep,stackyear,other_baseline,top-minus-bottom differential,0.054826336182156134,0.10726943550223945,0.609274980507265,1814,130,0.753343701399689,ok
adjacent,completed_t,rb_farm_any,Any own-farm production,farm-exit,farmdep_top_vs_bottom,Top versus bottom tercile baseline farm-dependence,binary_top_bottom,clean top-minus-bottom contrast,top_bottom_farmdep,stackyear,other_baseline,top group DID,-0.06848390294350792,0.05042717531693079,0.17443978119443138,1814,130,0.753343701399689,ok
adjacent,completed_t,rb_farm_any,Any own-farm production,farm-exit,farmdep_top_vs_bottom,Top versus bottom tercile baseline farm-dependence,binary_top_bottom,clean top-minus-bottom contrast,top_bottom_farmdep,provyear,none,bottom group DID,-0.06264796771447632,0.12059508128752124,0.603418917296254,1932,129,0.753343701399689,ok
adjacent,completed_t,rb_farm_any,Any own-farm production,farm-exit,farmdep_top_vs_bottom,Top versus bottom tercile baseline farm-dependence,binary_top_bottom,clean top-minus-bottom contrast,top_bottom_farmdep,provyear,none,top-minus-bottom differential,0.21470309352213152,0.161102898426742,0.18262770403672401,1932,129,0.753343701399689,ok
adjacent,completed_t,rb_farm_any,Any own-farm production,farm-exit,farmdep_top_vs_bottom,Top versus bottom tercile baseline farm-dependence,binary_top_bottom,clean top-minus-bottom contrast,top_bottom_farmdep,provyear,none,top group DID,0.15205512580765518,0.1632842009807113,0.35173466808434717,1932,129,0.753343701399689,ok
adjacent,completed_t,rb_farm_any,Any own-farm production,farm-exit,farmdep_top_vs_bottom,Top versus bottom tercile baseline farm-dependence,binary_top_bottom,clean top-minus-bottom contrast,top_bottom_farmdep,provyear,farm_income_only,bottom group DID,-0.06994424337721675,0.12057893480650764,0.5618672980007261,1932,129,0.753343701399689,ok
adjacent,completed_t,rb_farm_any,Any own-farm production,farm-exit,farmdep_top_vs_bottom,Top versus bottom tercile baseline farm-dependence,binary_top_bottom,clean top-minus-bottom contrast,top_bottom_farmdep,provyear,farm_income_only,top-minus-bottom differential,0.21809374317430869,0.15539635703351826,0.16047746446531475,1932,129,0.753343701399689,ok
adjacent,completed_t,rb_farm_any,Any own-farm production,farm-exit,farmdep_top_vs_bottom,Top versus bottom tercile baseline farm-dependence,binary_top_bottom,clean top-minus-bottom contrast,top_bottom_farmdep,provyear,farm_income_only,top group DID,0.14814949979709194,0.15943374289492274,0.35277353370773135,1932,129,0.753343701399689,ok
adjacent,completed_t,rb_farm_any,Any own-farm production,farm-exit,farmdep_top_vs_bottom,Top versus bottom tercile baseline farm-dependence,binary_top_bottom,clean top-minus-bottom contrast,top_bottom_farmdep,provyear,other_baseline,bottom group DID,-0.06323332668307818,0.12427675298202776,0.6108850031839502,1808,128,0.753343701399689,ok
adjacent,completed_t,rb_farm_any,Any own-farm production,farm-exit,farmdep_top_vs_bottom,Top versus bottom tercile baseline farm-dependence,binary_top_bottom,clean top-minus-bottom contrast,top_bottom_farmdep,provyear,other_baseline,top-minus-bottom differential,0.2225596706603685,0.156339629414595,0.15457234814417506,1808,128,0.753343701399689,ok
adjacent,completed_t,rb_farm_any,Any own-farm production,farm-exit,farmdep_top_vs_bottom,Top versus bottom tercile baseline farm-dependence,binary_top_bottom,clean top-minus-bottom contrast,top_bottom_farmdep,provyear,other_baseline,top group DID,0.1593263439772903,0.16473397963080966,0.3334572941709001,1808,128,0.753343701399689,ok
adjacent,completed_t,rb_farm_any,Any own-farm production,farm-exit,farmdep_ordered_tercile,Ordered tercile score of baseline farm-dependence,continuous,ordered farm-dependence gradient,all,stackyear,none,DID at mean modifier,-0.10004031349069556,0.05514090456690335,0.06963665745405015,2870,136,0.7550898203592814,ok
adjacent,completed_t,rb_farm_any,Any own-farm production,farm-exit,farmdep_ordered_tercile,Ordered tercile score of baseline farm-dependence,continuous,ordered farm-dependence gradient,all,stackyear,none,heterogeneity slope,0.033410148563763356,0.04211374185298578,0.42758483925707746,2870,136,0.7550898203592814,ok
adjacent,completed_t,rb_farm_any,Any own-farm production,farm-exit,farmdep_ordered_tercile,Ordered tercile score of baseline farm-dependence,continuous,ordered farm-dependence gradient,all,stackyear,none,DID at +1 SD,-0.0666301649269322,0.060337577830376514,0.2694674951102962,2870,136,0.7550898203592814,ok
adjacent,completed_t,rb_farm_any,Any own-farm production,farm-exit,farmdep_ordered_tercile,Ordered tercile score of baseline farm-dependence,continuous,ordered farm-dependence gradient,all,stackyear,none,DID at -1 SD,-0.13345046205445893,0.07737926027170197,0.08459448006672972,2870,136,0.7550898203592814,ok
adjacent,completed_t,rb_farm_any,Any own-farm production,farm-exit,farmdep_ordered_tercile,Ordered tercile score of baseline farm-dependence,continuous,ordered farm-dependence gradient,all,stackyear,farm_income_only,DID at mean modifier,-0.09353182857757342,0.051445758328162686,0.06905391359987716,2870,136,0.7550898203592814,ok
adjacent,completed_t,rb_farm_any,Any own-farm production,farm-exit,farmdep_ordered_tercile,Ordered tercile score of baseline farm-dependence,continuous,ordered farm-dependence gradient,all,stackyear,farm_income_only,heterogeneity slope,0.032931799653042174,0.038868613126584274,0.39685052515330144,2870,136,0.7550898203592814,ok
adjacent,completed_t,rb_farm_any,Any own-farm production,farm-exit,farmdep_ordered_tercile,Ordered tercile score of baseline farm-dependence,continuous,ordered farm-dependence gradient,all,stackyear,farm_income_only,DID at +1 SD,-0.06060002892453124,0.05829431213005222,0.29854760757146814,2870,136,0.7550898203592814,ok
adjacent,completed_t,rb_farm_any,Any own-farm production,farm-exit,farmdep_ordered_tercile,Ordered tercile score of baseline farm-dependence,continuous,ordered farm-dependence gradient,all,stackyear,farm_income_only,DID at -1 SD,-0.12646362823061558,0.0701187809789335,0.07129986486623631,2870,136,0.7550898203592814,ok
adjacent,completed_t,rb_farm_any,Any own-farm production,farm-exit,farmdep_ordered_tercile,Ordered tercile score of baseline farm-dependence,continuous,ordered farm-dependence gradient,all,stackyear,other_baseline,DID at mean modifier,-0.09354177354039458,0.053505072186009583,0.08041579424879663,2676,136,0.7550898203592814,ok
adjacent,completed_t,rb_farm_any,Any own-farm production,farm-exit,farmdep_ordered_tercile,Ordered tercile score of baseline farm-dependence,continuous,ordered farm-dependence gradient,all,stackyear,other_baseline,heterogeneity slope,0.025629243509126105,0.03959164202572363,0.517412082871973,2676,136,0.7550898203592814,ok
adjacent,completed_t,rb_farm_any,Any own-farm production,farm-exit,farmdep_ordered_tercile,Ordered tercile score of baseline farm-dependence,continuous,ordered farm-dependence gradient,all,stackyear,other_baseline,DID at +1 SD,-0.06791253003126849,0.06105174404667846,0.26597627145301594,2676,136,0.7550898203592814,ok
adjacent,completed_t,rb_farm_any,Any own-farm production,farm-exit,farmdep_ordered_tercile,Ordered tercile score of baseline farm-dependence,continuous,ordered farm-dependence gradient,all,stackyear,other_baseline,DID at -1 SD,-0.11917101704952068,0.07164681629148043,0.09624997623678398,2676,136,0.7550898203592814,ok
adjacent,completed_t,rb_farm_any,Any own-farm production,farm-exit,farmdep_ordered_tercile,Ordered tercile score of baseline farm-dependence,continuous,ordered farm-dependence gradient,all,provyear,none,DID at mean modifier,-0.05977274318877378,0.09440951595599789,0.5266539654341965,2866,135,0.7550898203592814,ok
adjacent,completed_t,rb_farm_any,Any own-farm production,farm-exit,farmdep_ordered_tercile,Ordered tercile score of baseline farm-dependence,continuous,ordered farm-dependence gradient,all,provyear,none,heterogeneity slope,0.047727897454755835,0.0505069787432118,0.3446709802164777,2866,135,0.7550898203592814,ok
adjacent,completed_t,rb_farm_any,Any own-farm production,farm-exit,farmdep_ordered_tercile,Ordered tercile score of baseline farm-dependence,continuous,ordered farm-dependence gradient,all,provyear,none,DID at +1 SD,-0.012044845734017942,0.11771434046987644,0.9185005608798307,2866,135,0.7550898203592814,ok
adjacent,completed_t,rb_farm_any,Any own-farm production,farm-exit,farmdep_ordered_tercile,Ordered tercile score of baseline farm-dependence,continuous,ordered farm-dependence gradient,all,provyear,none,DID at -1 SD,-0.10750064064352961,0.09524472298961317,0.2590336170434139,2866,135,0.7550898203592814,ok
adjacent,completed_t,rb_farm_any,Any own-farm production,farm-exit,farmdep_ordered_tercile,Ordered tercile score of baseline farm-dependence,continuous,ordered farm-dependence gradient,all,provyear,farm_income_only,DID at mean modifier,-0.06373244460233296,0.09011610676002692,0.4794261064207055,2866,135,0.7550898203592814,ok
adjacent,completed_t,rb_farm_any,Any own-farm production,farm-exit,farmdep_ordered_tercile,Ordered tercile score of baseline farm-dependence,continuous,ordered farm-dependence gradient,all,provyear,farm_income_only,heterogeneity slope,0.03805453249972557,0.04681998785730558,0.4163419657921309,2866,135,0.7550898203592814,ok
adjacent,completed_t,rb_farm_any,Any own-farm production,farm-exit,farmdep_ordered_tercile,Ordered tercile score of baseline farm-dependence,continuous,ordered farm-dependence gradient,all,provyear,farm_income_only,DID at +1 SD,-0.025677912102607392,0.10973289209759393,0.8149820401408321,2866,135,0.7550898203592814,ok
adjacent,completed_t,rb_farm_any,Any own-farm production,farm-exit,farmdep_ordered_tercile,Ordered tercile score of baseline farm-dependence,continuous,ordered farm-dependence gradient,all,provyear,farm_income_only,DID at -1 SD,-0.10178697710205853,0.09265387370738165,0.2719546751135735,2866,135,0.7550898203592814,ok
adjacent,completed_t,rb_farm_any,Any own-farm production,farm-exit,farmdep_ordered_tercile,Ordered tercile score of baseline farm-dependence,continuous,ordered farm-dependence gradient,all,provyear,other_baseline,DID at mean modifier,-0.07093773331359426,0.09976640068351662,0.47706049384145754,2670,134,0.7550898203592814,ok
adjacent,completed_t,rb_farm_any,Any own-farm production,farm-exit,farmdep_ordered_tercile,Ordered tercile score of baseline farm-dependence,continuous,ordered farm-dependence gradient,all,provyear,other_baseline,heterogeneity slope,0.02758446212046,0.04733104962774053,0.5600289919352706,2670,134,0.7550898203592814,ok
adjacent,completed_t,rb_farm_any,Any own-farm production,farm-exit,farmdep_ordered_tercile,Ordered tercile score of baseline farm-dependence,continuous,ordered farm-dependence gradient,all,provyear,other_baseline,DID at +1 SD,-0.043353271193134264,0.11970285288463056,0.7172219441834471,2670,134,0.7550898203592814,ok
adjacent,completed_t,rb_farm_any,Any own-farm production,farm-exit,farmdep_ordered_tercile,Ordered tercile score of baseline farm-dependence,continuous,ordered farm-dependence gradient,all,provyear,other_baseline,DID at -1 SD,-0.09852219543405427,0.10029134030261905,0.3259225526634447,2670,134,0.7550898203592814,ok
adjacent,completed_t,rb_farm_any,Any own-farm production,farm-exit,farm_orientation_continuous,"Pre-specified farm-orientation index, continuous z",continuous,pre-specified index interaction,all,stackyear,none,DID at mean modifier,-0.10062108352572163,0.05267007645853226,0.05608131692186904,2954,137,0.7550898203592814,ok
adjacent,completed_t,rb_farm_any,Any own-farm production,farm-exit,farm_orientation_continuous,"Pre-specified farm-orientation index, continuous z",continuous,pre-specified index interaction,all,stackyear,none,heterogeneity slope,-0.006841380257570898,0.04430248116971349,0.87727518389508,2954,137,0.7550898203592814,ok
adjacent,completed_t,rb_farm_any,Any own-farm production,farm-exit,farm_orientation_continuous,"Pre-specified farm-orientation index, continuous z",continuous,pre-specified index interaction,all,stackyear,none,DID at +1 SD,-0.10746246378329254,0.06754326854701088,0.11160583229858594,2954,137,0.7550898203592814,ok
adjacent,completed_t,rb_farm_any,Any own-farm production,farm-exit,farm_orientation_continuous,"Pre-specified farm-orientation index, continuous z",continuous,pre-specified index interaction,all,stackyear,none,DID at -1 SD,-0.09377970326815073,0.07008281142953153,0.1808550356805494,2954,137,0.7550898203592814,ok
adjacent,completed_t,rb_farm_any,Any own-farm production,farm-exit,farm_orientation_continuous,"Pre-specified farm-orientation index, continuous z",continuous,pre-specified index interaction,all,stackyear,farm_income_only,DID at mean modifier,-0.10062108352572163,0.05267007645853226,0.05608131692186904,2954,137,0.7550898203592814,ok
adjacent,completed_t,rb_farm_any,Any own-farm production,farm-exit,farm_orientation_continuous,"Pre-specified farm-orientation index, continuous z",continuous,pre-specified index interaction,all,stackyear,farm_income_only,heterogeneity slope,-0.006841380257570898,0.04430248116971349,0.87727518389508,2954,137,0.7550898203592814,ok
adjacent,completed_t,rb_farm_any,Any own-farm production,farm-exit,farm_orientation_continuous,"Pre-specified farm-orientation index, continuous z",continuous,pre-specified index interaction,all,stackyear,farm_income_only,DID at +1 SD,-0.10746246378329254,0.06754326854701088,0.11160583229858594,2954,137,0.7550898203592814,ok
adjacent,completed_t,rb_farm_any,Any own-farm production,farm-exit,farm_orientation_continuous,"Pre-specified farm-orientation index, continuous z",continuous,pre-specified index interaction,all,stackyear,farm_income_only,DID at -1 SD,-0.09377970326815073,0.07008281142953153,0.1808550356805494,2954,137,0.7550898203592814,ok
adjacent,completed_t,rb_farm_any,Any own-farm production,farm-exit,farm_orientation_continuous,"Pre-specified farm-orientation index, continuous z",continuous,pre-specified index interaction,all,stackyear,other_baseline,DID at mean modifier,-0.10062108352572163,0.05267007645853226,0.05608131692186904,2954,137,0.7550898203592814,ok
adjacent,completed_t,rb_farm_any,Any own-farm production,farm-exit,farm_orientation_continuous,"Pre-specified farm-orientation index, continuous z",continuous,pre-specified index interaction,all,stackyear,other_baseline,heterogeneity slope,-0.006841380257570898,0.04430248116971349,0.87727518389508,2954,137,0.7550898203592814,ok
adjacent,completed_t,rb_farm_any,Any own-farm production,farm-exit,farm_orientation_continuous,"Pre-specified farm-orientation index, continuous z",continuous,pre-specified index interaction,all,stackyear,other_baseline,DID at +1 SD,-0.10746246378329254,0.06754326854701088,0.11160583229858594,2954,137,0.7550898203592814,ok
adjacent,completed_t,rb_farm_any,Any own-farm production,farm-exit,farm_orientation_continuous,"Pre-specified farm-orientation index, continuous z",continuous,pre-specified index interaction,all,stackyear,other_baseline,DID at -1 SD,-0.09377970326815073,0.07008281142953153,0.1808550356805494,2954,137,0.7550898203592814,ok
adjacent,completed_t,rb_farm_any,Any own-farm production,farm-exit,farm_orientation_continuous,"Pre-specified farm-orientation index, continuous z",continuous,pre-specified index interaction,all,provyear,none,DID at mean modifier,-0.0795194383507447,0.08531015132736994,0.3512736645646266,2950,136,0.7550898203592814,ok
adjacent,completed_t,rb_farm_any,Any own-farm production,farm-exit,farm_orientation_continuous,"Pre-specified farm-orientation index, continuous z",continuous,pre-specified index interaction,all,provyear,none,heterogeneity slope,-0.03587252294738205,0.04934286128433877,0.46722269316549003,2950,136,0.7550898203592814,ok
adjacent,completed_t,rb_farm_any,Any own-farm production,farm-exit,farm_orientation_continuous,"Pre-specified farm-orientation index, continuous z",continuous,pre-specified index interaction,all,provyear,none,DID at +1 SD,-0.11539196129812675,0.10015733617848697,0.2492771349652062,2950,136,0.7550898203592814,ok
adjacent,completed_t,rb_farm_any,Any own-farm production,farm-exit,farm_orientation_continuous,"Pre-specified farm-orientation index, continuous z",continuous,pre-specified index interaction,all,provyear,none,DID at -1 SD,-0.04364691540336264,0.0969205229457521,0.6524673309686191,2950,136,0.7550898203592814,ok
adjacent,completed_t,rb_farm_any,Any own-farm production,farm-exit,farm_orientation_continuous,"Pre-specified farm-orientation index, continuous z",continuous,pre-specified index interaction,all,provyear,farm_income_only,DID at mean modifier,-0.0795194383507447,0.08531015132736994,0.3512736645646266,2950,136,0.7550898203592814,ok
adjacent,completed_t,rb_farm_any,Any own-farm production,farm-exit,farm_orientation_continuous,"Pre-specified farm-orientation index, continuous z",continuous,pre-specified index interaction,all,provyear,farm_income_only,heterogeneity slope,-0.03587252294738205,0.04934286128433877,0.46722269316549003,2950,136,0.7550898203592814,ok
adjacent,completed_t,rb_farm_any,Any own-farm production,farm-exit,farm_orientation_continuous,"Pre-specified farm-orientation index, continuous z",continuous,pre-specified index interaction,all,provyear,farm_income_only,DID at +1 SD,-0.11539196129812675,0.10015733617848697,0.2492771349652062,2950,136,0.7550898203592814,ok
adjacent,completed_t,rb_farm_any,Any own-farm production,farm-exit,farm_orientation_continuous,"Pre-specified farm-orientation index, continuous z",continuous,pre-specified index interaction,all,provyear,farm_income_only,DID at -1 SD,-0.04364691540336264,0.0969205229457521,0.6524673309686191,2950,136,0.7550898203592814,ok
adjacent,completed_t,rb_farm_any,Any own-farm production,farm-exit,farm_orientation_continuous,"Pre-specified farm-orientation index, continuous z",continuous,pre-specified index interaction,all,provyear,other_baseline,DID at mean modifier,-0.0795194383507447,0.08531015132736994,0.3512736645646266,2950,136,0.7550898203592814,ok
adjacent,completed_t,rb_farm_any,Any own-farm production,farm-exit,farm_orientation_continuous,"Pre-specified farm-orientation index, continuous z",continuous,pre-specified index interaction,all,provyear,other_baseline,heterogeneity slope,-0.03587252294738205,0.04934286128433877,0.46722269316549003,2950,136,0.7550898203592814,ok
adjacent,completed_t,rb_farm_any,Any own-farm production,farm-exit,farm_orientation_continuous,"Pre-specified farm-orientation index, continuous z",continuous,pre-specified index interaction,all,provyear,other_baseline,DID at +1 SD,-0.11539196129812675,0.10015733617848697,0.2492771349652062,2950,136,0.7550898203592814,ok
adjacent,completed_t,rb_farm_any,Any own-farm production,farm-exit,farm_orientation_continuous,"Pre-specified farm-orientation index, continuous z",continuous,pre-specified index interaction,all,provyear,other_baseline,DID at -1 SD,-0.04364691540336264,0.0969205229457521,0.6524673309686191,2950,136,0.7550898203592814,ok
adjacent,completed_t,rb_farm_any,Any own-farm production,farm-exit,farm_orientation_top_tercile,Top tercile pre-specified farm-orientation index,binary_top,pre-specified index top-third split,all,stackyear,none,lower/rest DID,-0.1252438284388925,0.061719498368518214,0.04243359792289501,2954,137,0.7550898203592814,ok
adjacent,completed_t,rb_farm_any,Any own-farm production,farm-exit,farm_orientation_top_tercile,Top tercile pre-specified farm-orientation index,binary_top,pre-specified index top-third split,all,stackyear,none,top-minus-rest differential,0.06426873618644907,0.05820395359970659,0.26950690662416676,2954,137,0.7550898203592814,ok
adjacent,completed_t,rb_farm_any,Any own-farm production,farm-exit,farm_orientation_top_tercile,Top tercile pre-specified farm-orientation index,binary_top,pre-specified index top-third split,all,stackyear,none,top group DID,-0.060975092252443436,0.05773121159766719,0.29088170435281246,2954,137,0.7550898203592814,ok
adjacent,completed_t,rb_farm_any,Any own-farm production,farm-exit,farm_orientation_top_tercile,Top tercile pre-specified farm-orientation index,binary_top,pre-specified index top-third split,all,stackyear,farm_income_only,lower/rest DID,-0.1252438284388925,0.061719498368518214,0.04243359792289501,2954,137,0.7550898203592814,ok
adjacent,completed_t,rb_farm_any,Any own-farm production,farm-exit,farm_orientation_top_tercile,Top tercile pre-specified farm-orientation index,binary_top,pre-specified index top-third split,all,stackyear,farm_income_only,top-minus-rest differential,0.06426873618644907,0.05820395359970659,0.26950690662416676,2954,137,0.7550898203592814,ok
adjacent,completed_t,rb_farm_any,Any own-farm production,farm-exit,farm_orientation_top_tercile,Top tercile pre-specified farm-orientation index,binary_top,pre-specified index top-third split,all,stackyear,farm_income_only,top group DID,-0.060975092252443436,0.05773121159766719,0.29088170435281246,2954,137,0.7550898203592814,ok
adjacent,completed_t,rb_farm_any,Any own-farm production,farm-exit,farm_orientation_top_tercile,Top tercile pre-specified farm-orientation index,binary_top,pre-specified index top-third split,all,stackyear,other_baseline,lower/rest DID,-0.1252438284388925,0.061719498368518214,0.04243359792289501,2954,137,0.7550898203592814,ok
adjacent,completed_t,rb_farm_any,Any own-farm production,farm-exit,farm_orientation_top_tercile,Top tercile pre-specified farm-orientation index,binary_top,pre-specified index top-third split,all,stackyear,other_baseline,top-minus-rest differential,0.06426873618644907,0.05820395359970659,0.26950690662416676,2954,137,0.7550898203592814,ok
adjacent,completed_t,rb_farm_any,Any own-farm production,farm-exit,farm_orientation_top_tercile,Top tercile pre-specified farm-orientation index,binary_top,pre-specified index top-third split,all,stackyear,other_baseline,top group DID,-0.060975092252443436,0.05773121159766719,0.29088170435281246,2954,137,0.7550898203592814,ok
adjacent,completed_t,rb_farm_any,Any own-farm production,farm-exit,farm_orientation_top_tercile,Top tercile pre-specified farm-orientation index,binary_top,pre-specified index top-third split,all,provyear,none,lower/rest DID,-0.07699972128641056,0.0876303966304887,0.37957081759362743,2950,136,0.7550898203592814,ok
adjacent,completed_t,rb_farm_any,Any own-farm production,farm-exit,farm_orientation_top_tercile,Top tercile pre-specified farm-orientation index,binary_top,pre-specified index top-third split,all,provyear,none,top-minus-rest differential,0.058912089314824,0.05886761442671065,0.31694502487993637,2950,136,0.7550898203592814,ok
adjacent,completed_t,rb_farm_any,Any own-farm production,farm-exit,farm_orientation_top_tercile,Top tercile pre-specified farm-orientation index,binary_top,pre-specified index top-third split,all,provyear,none,top group DID,-0.018087631971586554,0.09237717296446084,0.844765172133122,2950,136,0.7550898203592814,ok
adjacent,completed_t,rb_farm_any,Any own-farm production,farm-exit,farm_orientation_top_tercile,Top tercile pre-specified farm-orientation index,binary_top,pre-specified index top-third split,all,provyear,farm_income_only,lower/rest DID,-0.07699972128641056,0.0876303966304887,0.37957081759362743,2950,136,0.7550898203592814,ok
adjacent,completed_t,rb_farm_any,Any own-farm production,farm-exit,farm_orientation_top_tercile,Top tercile pre-specified farm-orientation index,binary_top,pre-specified index top-third split,all,provyear,farm_income_only,top-minus-rest differential,0.058912089314824,0.05886761442671065,0.31694502487993637,2950,136,0.7550898203592814,ok
adjacent,completed_t,rb_farm_any,Any own-farm production,farm-exit,farm_orientation_top_tercile,Top tercile pre-specified farm-orientation index,binary_top,pre-specified index top-third split,all,provyear,farm_income_only,top group DID,-0.018087631971586554,0.09237717296446084,0.844765172133122,2950,136,0.7550898203592814,ok
adjacent,completed_t,rb_farm_any,Any own-farm production,farm-exit,farm_orientation_top_tercile,Top tercile pre-specified farm-orientation index,binary_top,pre-specified index top-third split,all,provyear,other_baseline,lower/rest DID,-0.07699972128641056,0.0876303966304887,0.37957081759362743,2950,136,0.7550898203592814,ok
adjacent,completed_t,rb_farm_any,Any own-farm production,farm-exit,farm_orientation_top_tercile,Top tercile pre-specified farm-orientation index,binary_top,pre-specified index top-third split,all,provyear,other_baseline,top-minus-rest differential,0.058912089314824,0.05886761442671065,0.31694502487993637,2950,136,0.7550898203592814,ok
adjacent,completed_t,rb_farm_any,Any own-farm production,farm-exit,farm_orientation_top_tercile,Top tercile pre-specified farm-orientation index,binary_top,pre-specified index top-third split,all,provyear,other_baseline,top group DID,-0.018087631971586554,0.09237717296446084,0.844765172133122,2950,136,0.7550898203592814,ok
adjacent,completed_t,rb_farm_any,Any own-farm production,farm-exit,bottom_farmdep,Bottom tercile baseline farm-dependence,binary_bottom,exit-side low farm-dependence check,all,stackyear,none,lower/rest DID,-0.08071702356481242,0.06392861780134002,0.2067287455197656,2870,136,0.7550898203592814,ok
adjacent,completed_t,rb_farm_any,Any own-farm production,farm-exit,bottom_farmdep,Bottom tercile baseline farm-dependence,binary_bottom,exit-side low farm-dependence check,all,stackyear,none,bottom-minus-rest differential,-0.03787086364375228,0.11742051228929909,0.7470562083342712,2870,136,0.7550898203592814,ok
adjacent,completed_t,rb_farm_any,Any own-farm production,farm-exit,bottom_farmdep,Bottom tercile baseline farm-dependence,binary_bottom,exit-side low farm-dependence check,all,stackyear,none,bottom group DID,-0.1185878872085647,0.09352246312369636,0.20479258960409175,2870,136,0.7550898203592814,ok
adjacent,completed_t,rb_farm_any,Any own-farm production,farm-exit,bottom_farmdep,Bottom tercile baseline farm-dependence,binary_bottom,exit-side low farm-dependence check,all,stackyear,farm_income_only,lower/rest DID,-0.08056576028198166,0.06414880125061681,0.20914498886389976,2870,136,0.7550898203592814,ok
adjacent,completed_t,rb_farm_any,Any own-farm production,farm-exit,bottom_farmdep,Bottom tercile baseline farm-dependence,binary_bottom,exit-side low farm-dependence check,all,stackyear,farm_income_only,bottom-minus-rest differential,-0.04115907865548596,0.11707543920862062,0.7251680291643867,2870,136,0.7550898203592814,ok
adjacent,completed_t,rb_farm_any,Any own-farm production,farm-exit,bottom_farmdep,Bottom tercile baseline farm-dependence,binary_bottom,exit-side low farm-dependence check,all,stackyear,farm_income_only,bottom group DID,-0.12172483893746762,0.09293019714914454,0.19024578284875504,2870,136,0.7550898203592814,ok
adjacent,completed_t,rb_farm_any,Any own-farm production,farm-exit,bottom_farmdep,Bottom tercile baseline farm-dependence,binary_bottom,exit-side low farm-dependence check,all,stackyear,other_baseline,lower/rest DID,-0.0784661493286379,0.06747033331772014,0.2448406172986184,2676,136,0.7550898203592814,ok
adjacent,completed_t,rb_farm_any,Any own-farm production,farm-exit,bottom_farmdep,Bottom tercile baseline farm-dependence,binary_bottom,exit-side low farm-dependence check,all,stackyear,other_baseline,bottom-minus-rest differential,-0.04054769042335204,0.11804847515623247,0.7312348345230095,2676,136,0.7550898203592814,ok
adjacent,completed_t,rb_farm_any,Any own-farm production,farm-exit,bottom_farmdep,Bottom tercile baseline farm-dependence,binary_bottom,exit-side low farm-dependence check,all,stackyear,other_baseline,bottom group DID,-0.11901383975198992,0.09230881866477791,0.19729351038813536,2676,136,0.7550898203592814,ok
adjacent,completed_t,rb_farm_any,Any own-farm production,farm-exit,bottom_farmdep,Bottom tercile baseline farm-dependence,binary_bottom,exit-side low farm-dependence check,all,provyear,none,lower/rest DID,-0.06593790746231656,0.11136296676085614,0.5537842592129513,2866,135,0.7550898203592814,ok
adjacent,completed_t,rb_farm_any,Any own-farm production,farm-exit,bottom_farmdep,Bottom tercile baseline farm-dependence,binary_bottom,exit-side low farm-dependence check,all,provyear,none,bottom-minus-rest differential,-0.03508440132235274,0.1382134856763583,0.7996175480388567,2866,135,0.7550898203592814,ok
adjacent,completed_t,rb_farm_any,Any own-farm production,farm-exit,bottom_farmdep,Bottom tercile baseline farm-dependence,binary_bottom,exit-side low farm-dependence check,all,provyear,none,bottom group DID,-0.1010223087846693,0.11563142255970735,0.3823045704345829,2866,135,0.7550898203592814,ok
adjacent,completed_t,rb_farm_any,Any own-farm production,farm-exit,bottom_farmdep,Bottom tercile baseline farm-dependence,binary_bottom,exit-side low farm-dependence check,all,provyear,farm_income_only,lower/rest DID,-0.06748893657847177,0.11092616161206106,0.5429134850554718,2866,135,0.7550898203592814,ok
adjacent,completed_t,rb_farm_any,Any own-farm production,farm-exit,bottom_farmdep,Bottom tercile baseline farm-dependence,binary_bottom,exit-side low farm-dependence check,all,provyear,farm_income_only,bottom-minus-rest differential,-0.03646692589382486,0.13721034643172078,0.7904133621082466,2866,135,0.7550898203592814,ok
adjacent,completed_t,rb_farm_any,Any own-farm production,farm-exit,bottom_farmdep,Bottom tercile baseline farm-dependence,binary_bottom,exit-side low farm-dependence check,all,provyear,farm_income_only,bottom group DID,-0.10395586247229663,0.11498016852360043,0.36593180892694144,2866,135,0.7550898203592814,ok
adjacent,completed_t,rb_farm_any,Any own-farm production,farm-exit,bottom_farmdep,Bottom tercile baseline farm-dependence,binary_bottom,exit-side low farm-dependence check,all,provyear,other_baseline,lower/rest DID,-0.07675108739659657,0.12143860326908161,0.5273767067978684,2670,134,0.7550898203592814,ok
adjacent,completed_t,rb_farm_any,Any own-farm production,farm-exit,bottom_farmdep,Bottom tercile baseline farm-dependence,binary_bottom,exit-side low farm-dependence check,all,provyear,other_baseline,bottom-minus-rest differential,-0.028470874163745035,0.1397782497233226,0.838598874339685,2670,134,0.7550898203592814,ok
adjacent,completed_t,rb_farm_any,Any own-farm production,farm-exit,bottom_farmdep,Bottom tercile baseline farm-dependence,binary_bottom,exit-side low farm-dependence check,all,provyear,other_baseline,bottom group DID,-0.10522196156034161,0.11929866175378649,0.37777435090119527,2670,134,0.7550898203592814,ok
adjacent,completed_t,rb_farm_any,Any own-farm production,farm-exit,nonfarm_orientation_top,Top tercile baseline nonfarm orientation,binary_top,exit-side nonfarm orientation check,all,stackyear,none,lower/rest DID,-0.08648673491459796,0.06330397411160536,0.17187200665157887,2956,137,0.7550898203592814,ok
adjacent,completed_t,rb_farm_any,Any own-farm production,farm-exit,nonfarm_orientation_top,Top tercile baseline nonfarm orientation,binary_top,exit-side nonfarm orientation check,all,stackyear,none,top-minus-rest differential,-0.03640790590324712,0.05799708139289963,0.5301650358826909,2956,137,0.7550898203592814,ok
adjacent,completed_t,rb_farm_any,Any own-farm production,farm-exit,nonfarm_orientation_top,Top tercile baseline nonfarm orientation,binary_top,exit-side nonfarm orientation check,all,stackyear,none,top group DID,-0.12289464081784508,0.057354615205656156,0.03213592503097531,2956,137,0.7550898203592814,ok
adjacent,completed_t,rb_farm_any,Any own-farm production,farm-exit,nonfarm_orientation_top,Top tercile baseline nonfarm orientation,binary_top,exit-side nonfarm orientation check,all,stackyear,farm_income_only,lower/rest DID,-0.07280038563158323,0.06159286016337785,0.23722100174094185,2930,137,0.7550898203592814,ok
adjacent,completed_t,rb_farm_any,Any own-farm production,farm-exit,nonfarm_orientation_top,Top tercile baseline nonfarm orientation,binary_top,exit-side nonfarm orientation check,all,stackyear,farm_income_only,top-minus-rest differential,-0.033577225298637194,0.05852589599205432,0.5661602033966049,2930,137,0.7550898203592814,ok
adjacent,completed_t,rb_farm_any,Any own-farm production,farm-exit,nonfarm_orientation_top,Top tercile baseline nonfarm orientation,binary_top,exit-side nonfarm orientation check,all,stackyear,farm_income_only,top group DID,-0.10637761093022041,0.058928218361996965,0.07104235265715136,2930,137,0.7550898203592814,ok
adjacent,completed_t,rb_farm_any,Any own-farm production,farm-exit,nonfarm_orientation_top,Top tercile baseline nonfarm orientation,binary_top,exit-side nonfarm orientation check,all,stackyear,other_baseline,lower/rest DID,-0.07005373390501689,0.057317378449129666,0.2216291414394186,2676,136,0.7550898203592814,ok
adjacent,completed_t,rb_farm_any,Any own-farm production,farm-exit,nonfarm_orientation_top,Top tercile baseline nonfarm orientation,binary_top,exit-side nonfarm orientation check,all,stackyear,other_baseline,top-minus-rest differential,-0.0453384284361422,0.06132279000946534,0.45970020096087105,2676,136,0.7550898203592814,ok
adjacent,completed_t,rb_farm_any,Any own-farm production,farm-exit,nonfarm_orientation_top,Top tercile baseline nonfarm orientation,binary_top,exit-side nonfarm orientation check,all,stackyear,other_baseline,top group DID,-0.1153921623411591,0.06528505484540617,0.077142407135728,2676,136,0.7550898203592814,ok
adjacent,completed_t,rb_farm_any,Any own-farm production,farm-exit,nonfarm_orientation_top,Top tercile baseline nonfarm orientation,binary_top,exit-side nonfarm orientation check,all,provyear,none,lower/rest DID,-0.05511071555103589,0.08844938627009541,0.5332343889525097,2952,136,0.7550898203592814,ok
adjacent,completed_t,rb_farm_any,Any own-farm production,farm-exit,nonfarm_orientation_top,Top tercile baseline nonfarm orientation,binary_top,exit-side nonfarm orientation check,all,provyear,none,top-minus-rest differential,-0.01517716546845592,0.05450106215621599,0.7806480043521586,2952,136,0.7550898203592814,ok
adjacent,completed_t,rb_farm_any,Any own-farm production,farm-exit,nonfarm_orientation_top,Top tercile baseline nonfarm orientation,binary_top,exit-side nonfarm orientation check,all,provyear,none,top group DID,-0.07028788101949181,0.10143014031682134,0.4883293889800958,2952,136,0.7550898203592814,ok
adjacent,completed_t,rb_farm_any,Any own-farm production,farm-exit,nonfarm_orientation_top,Top tercile baseline nonfarm orientation,binary_top,exit-side nonfarm orientation check,all,provyear,farm_income_only,lower/rest DID,-0.06444359707121744,0.08849289386921855,0.4664699204638032,2926,136,0.7550898203592814,ok
adjacent,completed_t,rb_farm_any,Any own-farm production,farm-exit,nonfarm_orientation_top,Top tercile baseline nonfarm orientation,binary_top,exit-side nonfarm orientation check,all,provyear,farm_income_only,top-minus-rest differential,-0.019893445200424752,0.05532953457531717,0.7191875864573826,2926,136,0.7550898203592814,ok
adjacent,completed_t,rb_farm_any,Any own-farm production,farm-exit,nonfarm_orientation_top,Top tercile baseline nonfarm orientation,binary_top,exit-side nonfarm orientation check,all,provyear,farm_income_only,top group DID,-0.0843370422716422,0.10120241467666248,0.40464730921361547,2926,136,0.7550898203592814,ok
adjacent,completed_t,rb_farm_any,Any own-farm production,farm-exit,nonfarm_orientation_top,Top tercile baseline nonfarm orientation,binary_top,exit-side nonfarm orientation check,all,provyear,other_baseline,lower/rest DID,-0.06460663484515064,0.0928569243035483,0.486575762503507,2670,134,0.7550898203592814,ok
adjacent,completed_t,rb_farm_any,Any own-farm production,farm-exit,nonfarm_orientation_top,Top tercile baseline nonfarm orientation,binary_top,exit-side nonfarm orientation check,all,provyear,other_baseline,top-minus-rest differential,-0.03141787825337234,0.061342343781103356,0.6085300973217727,2670,134,0.7550898203592814,ok
adjacent,completed_t,rb_farm_any,Any own-farm production,farm-exit,nonfarm_orientation_top,Top tercile baseline nonfarm orientation,binary_top,exit-side nonfarm orientation check,all,provyear,other_baseline,top group DID,-0.09602451309852297,0.11571971845899351,0.4066504501800192,2670,134,0.7550898203592814,ok
adjacent,completed_t,asinh_rb_farm_cost_w99,asinh farm cost,farm-exit,farmdep_continuous,"Baseline farm-dependence, continuous winsorized z",continuous,continuous farm-dependence interaction,all,stackyear,none,DID at mean modifier,-0.1404069217001533,0.23640567240968005,0.5525631748523534,1962,121,8.054264442624712,ok
adjacent,completed_t,asinh_rb_farm_cost_w99,asinh farm cost,farm-exit,farmdep_continuous,"Baseline farm-dependence, continuous winsorized z",continuous,continuous farm-dependence interaction,all,stackyear,none,heterogeneity slope,-0.05351822046025508,0.18569100014196047,0.7731850987665325,1962,121,8.054264442624712,ok
adjacent,completed_t,asinh_rb_farm_cost_w99,asinh farm cost,farm-exit,farmdep_continuous,"Baseline farm-dependence, continuous winsorized z",continuous,continuous farm-dependence interaction,all,stackyear,none,DID at +1 SD,-0.19392514216040838,0.2403054578166467,0.41966974927401046,1962,121,8.054264442624712,ok
adjacent,completed_t,asinh_rb_farm_cost_w99,asinh farm cost,farm-exit,farmdep_continuous,"Baseline farm-dependence, continuous winsorized z",continuous,continuous farm-dependence interaction,all,stackyear,none,DID at -1 SD,-0.0868887012398982,0.35070053593617573,0.8043220107537391,1962,121,8.054264442624712,ok
adjacent,completed_t,asinh_rb_farm_cost_w99,asinh farm cost,farm-exit,farmdep_continuous,"Baseline farm-dependence, continuous winsorized z",continuous,continuous farm-dependence interaction,all,stackyear,farm_income_only,DID at mean modifier,-0.1144709057432296,0.17038280340861595,0.5016821114477666,1962,121,8.054264442624712,ok
adjacent,completed_t,asinh_rb_farm_cost_w99,asinh farm cost,farm-exit,farmdep_continuous,"Baseline farm-dependence, continuous winsorized z",continuous,continuous farm-dependence interaction,all,stackyear,farm_income_only,heterogeneity slope,-0.08223914458167583,0.15688715432571423,0.6001443246632351,1962,121,8.054264442624712,ok
adjacent,completed_t,asinh_rb_farm_cost_w99,asinh farm cost,farm-exit,farmdep_continuous,"Baseline farm-dependence, continuous winsorized z",continuous,continuous farm-dependence interaction,all,stackyear,farm_income_only,DID at +1 SD,-0.19671005032490543,0.2358724734862565,0.4042991230811743,1962,121,8.054264442624712,ok
adjacent,completed_t,asinh_rb_farm_cost_w99,asinh farm cost,farm-exit,farmdep_continuous,"Baseline farm-dependence, continuous winsorized z",continuous,continuous farm-dependence interaction,all,stackyear,farm_income_only,DID at -1 SD,-0.03223176116155377,0.22727061849494382,0.8872213447732537,1962,121,8.054264442624712,ok
adjacent,completed_t,asinh_rb_farm_cost_w99,asinh farm cost,farm-exit,farmdep_continuous,"Baseline farm-dependence, continuous winsorized z",continuous,continuous farm-dependence interaction,all,stackyear,other_baseline,DID at mean modifier,-0.043108811841184896,0.1935961523523313,0.8237893098325795,1822,121,8.054264442624712,ok
adjacent,completed_t,asinh_rb_farm_cost_w99,asinh farm cost,farm-exit,farmdep_continuous,"Baseline farm-dependence, continuous winsorized z",continuous,continuous farm-dependence interaction,all,stackyear,other_baseline,heterogeneity slope,-0.12357433407427373,0.1655452965100111,0.4553845082783501,1822,121,8.054264442624712,ok
adjacent,completed_t,asinh_rb_farm_cost_w99,asinh farm cost,farm-exit,farmdep_continuous,"Baseline farm-dependence, continuous winsorized z",continuous,continuous farm-dependence interaction,all,stackyear,other_baseline,DID at +1 SD,-0.16668314591545863,0.2499979846556815,0.5049395281159597,1822,121,8.054264442624712,ok
adjacent,completed_t,asinh_rb_farm_cost_w99,asinh farm cost,farm-exit,farmdep_continuous,"Baseline farm-dependence, continuous winsorized z",continuous,continuous farm-dependence interaction,all,stackyear,other_baseline,DID at -1 SD,0.08046552223308884,0.25936545350629636,0.75637850158851,1822,121,8.054264442624712,ok
adjacent,completed_t,asinh_rb_farm_cost_w99,asinh farm cost,farm-exit,farmdep_continuous,"Baseline farm-dependence, continuous winsorized z",continuous,continuous farm-dependence interaction,all,provyear,none,DID at mean modifier,-0.6085532807777139,0.5687883054490668,0.28465904196406466,1952,120,8.054264442624712,ok
adjacent,completed_t,asinh_rb_farm_cost_w99,asinh farm cost,farm-exit,farmdep_continuous,"Baseline farm-dependence, continuous winsorized z",continuous,continuous farm-dependence interaction,all,provyear,none,heterogeneity slope,-0.040621600904073685,0.19541368642600204,0.8353266464463538,1952,120,8.054264442624712,ok
adjacent,completed_t,asinh_rb_farm_cost_w99,asinh farm cost,farm-exit,farmdep_continuous,"Baseline farm-dependence, continuous winsorized z",continuous,continuous farm-dependence interaction,all,provyear,none,DID at +1 SD,-0.6491748816817875,0.6560501436319435,0.3224086824983372,1952,120,8.054264442624712,ok
adjacent,completed_t,asinh_rb_farm_cost_w99,asinh farm cost,farm-exit,farmdep_continuous,"Baseline farm-dependence, continuous winsorized z",continuous,continuous farm-dependence interaction,all,provyear,none,DID at -1 SD,-0.5679316798736402,0.5413053662739246,0.29409110299527197,1952,120,8.054264442624712,ok
adjacent,completed_t,asinh_rb_farm_cost_w99,asinh farm cost,farm-exit,farmdep_continuous,"Baseline farm-dependence, continuous winsorized z",continuous,continuous farm-dependence interaction,all,provyear,farm_income_only,DID at mean modifier,-0.8116631820721287,0.5375547982342364,0.13106457874022603,1952,120,8.054264442624712,ok
adjacent,completed_t,asinh_rb_farm_cost_w99,asinh farm cost,farm-exit,farmdep_continuous,"Baseline farm-dependence, continuous winsorized z",continuous,continuous farm-dependence interaction,all,provyear,farm_income_only,heterogeneity slope,-0.1307224148541867,0.18677583507475598,0.4839964187887772,1952,120,8.054264442624712,ok
adjacent,completed_t,asinh_rb_farm_cost_w99,asinh farm cost,farm-exit,farmdep_continuous,"Baseline farm-dependence, continuous winsorized z",continuous,continuous farm-dependence interaction,all,provyear,farm_income_only,DID at +1 SD,-0.9423855969263154,0.642335757497679,0.14234258430592972,1952,120,8.054264442624712,ok
adjacent,completed_t,asinh_rb_farm_cost_w99,asinh farm cost,farm-exit,farmdep_continuous,"Baseline farm-dependence, continuous winsorized z",continuous,continuous farm-dependence interaction,all,provyear,farm_income_only,DID at -1 SD,-0.6809407672179421,0.484876811143747,0.16021218601396214,1952,120,8.054264442624712,ok
adjacent,completed_t,asinh_rb_farm_cost_w99,asinh farm cost,farm-exit,farmdep_continuous,"Baseline farm-dependence, continuous winsorized z",continuous,continuous farm-dependence interaction,all,provyear,other_baseline,DID at mean modifier,-0.4186435924039288,0.6165241054497047,0.4971134797331902,1810,119,8.054264442624712,ok
adjacent,completed_t,asinh_rb_farm_cost_w99,asinh farm cost,farm-exit,farmdep_continuous,"Baseline farm-dependence, continuous winsorized z",continuous,continuous farm-dependence interaction,all,provyear,other_baseline,heterogeneity slope,-0.11678059264643917,0.20437559294062632,0.5677272728659678,1810,119,8.054264442624712,ok
adjacent,completed_t,asinh_rb_farm_cost_w99,asinh farm cost,farm-exit,farmdep_continuous,"Baseline farm-dependence, continuous winsorized z",continuous,continuous farm-dependence interaction,all,provyear,other_baseline,DID at +1 SD,-0.5354241850503679,0.7382783472542455,0.46830879833948313,1810,119,8.054264442624712,ok
adjacent,completed_t,asinh_rb_farm_cost_w99,asinh farm cost,farm-exit,farmdep_continuous,"Baseline farm-dependence, continuous winsorized z",continuous,continuous farm-dependence interaction,all,provyear,other_baseline,DID at -1 SD,-0.30186299975748965,0.5465233692682518,0.5807200902792591,1810,119,8.054264442624712,ok
adjacent,completed_t,asinh_rb_farm_cost_w99,asinh farm cost,farm-exit,farmdep_top_tercile,Top tercile baseline farm-dependence,binary_top,top-third split,all,stackyear,none,lower/rest DID,-0.1527441960399596,0.3245536967539695,0.6379061032434453,1962,121,8.054264442624712,ok
adjacent,completed_t,asinh_rb_farm_cost_w99,asinh farm cost,farm-exit,farmdep_top_tercile,Top tercile baseline farm-dependence,binary_top,top-third split,all,stackyear,none,top-minus-rest differential,-0.015384372696734386,0.39500775133621036,0.9689326326750305,1962,121,8.054264442624712,ok
adjacent,completed_t,asinh_rb_farm_cost_w99,asinh farm cost,farm-exit,farmdep_top_tercile,Top tercile baseline farm-dependence,binary_top,top-third split,all,stackyear,none,top group DID,-0.16812856873669396,0.27574338274062377,0.5420417450881252,1962,121,8.054264442624712,ok
adjacent,completed_t,asinh_rb_farm_cost_w99,asinh farm cost,farm-exit,farmdep_top_tercile,Top tercile baseline farm-dependence,binary_top,top-third split,all,stackyear,farm_income_only,lower/rest DID,-0.11444960916922955,0.19798334399754872,0.5632121630845863,1962,121,8.054264442624712,ok
adjacent,completed_t,asinh_rb_farm_cost_w99,asinh farm cost,farm-exit,farmdep_top_tercile,Top tercile baseline farm-dependence,binary_top,top-third split,all,stackyear,farm_income_only,top-minus-rest differential,-0.04204207283676272,0.3279782375131536,0.8980021301544836,1962,121,8.054264442624712,ok
adjacent,completed_t,asinh_rb_farm_cost_w99,asinh farm cost,farm-exit,farmdep_top_tercile,Top tercile baseline farm-dependence,binary_top,top-third split,all,stackyear,farm_income_only,top group DID,-0.15649168200599228,0.27845027235332076,0.5741095864903649,1962,121,8.054264442624712,ok
adjacent,completed_t,asinh_rb_farm_cost_w99,asinh farm cost,farm-exit,farmdep_top_tercile,Top tercile baseline farm-dependence,binary_top,top-third split,all,stackyear,other_baseline,lower/rest DID,-0.0035087818009827353,0.2339615456502088,0.9880343674630147,1822,121,8.054264442624712,ok
adjacent,completed_t,asinh_rb_farm_cost_w99,asinh farm cost,farm-exit,farmdep_top_tercile,Top tercile baseline farm-dependence,binary_top,top-third split,all,stackyear,other_baseline,top-minus-rest differential,-0.1554718190880857,0.35494986647559923,0.6613785685988876,1822,121,8.054264442624712,ok
adjacent,completed_t,asinh_rb_farm_cost_w99,asinh farm cost,farm-exit,farmdep_top_tercile,Top tercile baseline farm-dependence,binary_top,top-third split,all,stackyear,other_baseline,top group DID,-0.15898060088906843,0.29531327491135567,0.5903384785012531,1822,121,8.054264442624712,ok
adjacent,completed_t,asinh_rb_farm_cost_w99,asinh farm cost,farm-exit,farmdep_top_tercile,Top tercile baseline farm-dependence,binary_top,top-third split,all,provyear,none,lower/rest DID,-0.562256335104796,0.5462793719706952,0.30336368148921766,1952,120,8.054264442624712,ok
adjacent,completed_t,asinh_rb_farm_cost_w99,asinh farm cost,farm-exit,farmdep_top_tercile,Top tercile baseline farm-dependence,binary_top,top-third split,all,provyear,none,top-minus-rest differential,0.029345059410324878,0.40900425709029603,0.9428028024913991,1952,120,8.054264442624712,ok
adjacent,completed_t,asinh_rb_farm_cost_w99,asinh farm cost,farm-exit,farmdep_top_tercile,Top tercile baseline farm-dependence,binary_top,top-third split,all,provyear,none,top group DID,-0.5329112756944712,0.7028376346726893,0.44831441512059367,1952,120,8.054264442624712,ok
adjacent,completed_t,asinh_rb_farm_cost_w99,asinh farm cost,farm-exit,farmdep_top_tercile,Top tercile baseline farm-dependence,binary_top,top-third split,all,provyear,farm_income_only,lower/rest DID,-0.7280210146513937,0.49598158760983296,0.14214801737133667,1952,120,8.054264442624712,ok
adjacent,completed_t,asinh_rb_farm_cost_w99,asinh farm cost,farm-exit,farmdep_top_tercile,Top tercile baseline farm-dependence,binary_top,top-third split,all,provyear,farm_income_only,top-minus-rest differential,-0.1278168506842797,0.38812808715666736,0.7419167319170862,1952,120,8.054264442624712,ok
adjacent,completed_t,asinh_rb_farm_cost_w99,asinh farm cost,farm-exit,farmdep_top_tercile,Top tercile baseline farm-dependence,binary_top,top-third split,all,provyear,farm_income_only,top group DID,-0.8558378653356734,0.6870418040511418,0.21287995807159332,1952,120,8.054264442624712,ok
adjacent,completed_t,asinh_rb_farm_cost_w99,asinh farm cost,farm-exit,farmdep_top_tercile,Top tercile baseline farm-dependence,binary_top,top-third split,all,provyear,other_baseline,lower/rest DID,-0.33291403598366937,0.5606503264549583,0.5526460416190248,1810,119,8.054264442624712,ok
adjacent,completed_t,asinh_rb_farm_cost_w99,asinh farm cost,farm-exit,farmdep_top_tercile,Top tercile baseline farm-dependence,binary_top,top-third split,all,provyear,other_baseline,top-minus-rest differential,-0.12955586194062993,0.43066497498477974,0.7635460475087706,1810,119,8.054264442624712,ok
adjacent,completed_t,asinh_rb_farm_cost_w99,asinh farm cost,farm-exit,farmdep_top_tercile,Top tercile baseline farm-dependence,binary_top,top-third split,all,provyear,other_baseline,top group DID,-0.46246989792429927,0.7850434767793522,0.5557935220224921,1810,119,8.054264442624712,ok
adjacent,completed_t,asinh_rb_farm_cost_w99,asinh farm cost,farm-exit,farmdep_top_vs_bottom,Top versus bottom tercile baseline farm-dependence,binary_top_bottom,clean top-minus-bottom contrast,top_bottom_farmdep,stackyear,none,bottom group DID,0.09317748401190072,0.4099629390954966,0.8202039239281594,1266,114,7.849853413116934,ok
adjacent,completed_t,asinh_rb_farm_cost_w99,asinh farm cost,farm-exit,farmdep_top_vs_bottom,Top versus bottom tercile baseline farm-dependence,binary_top_bottom,clean top-minus-bottom contrast,top_bottom_farmdep,stackyear,none,top-minus-bottom differential,-0.26771459612535203,0.464173751425855,0.5641048790446697,1266,114,7.849853413116934,ok
adjacent,completed_t,asinh_rb_farm_cost_w99,asinh farm cost,farm-exit,farmdep_top_vs_bottom,Top versus bottom tercile baseline farm-dependence,binary_top_bottom,clean top-minus-bottom contrast,top_bottom_farmdep,stackyear,none,top group DID,-0.1745371121134513,0.2793234227577505,0.5320651133921078,1266,114,7.849853413116934,ok
adjacent,completed_t,asinh_rb_farm_cost_w99,asinh farm cost,farm-exit,farmdep_top_vs_bottom,Top versus bottom tercile baseline farm-dependence,binary_top_bottom,clean top-minus-bottom contrast,top_bottom_farmdep,stackyear,farm_income_only,bottom group DID,-0.0700500144100945,0.41605292338506805,0.8662937511182602,1266,114,7.849853413116934,ok
adjacent,completed_t,asinh_rb_farm_cost_w99,asinh farm cost,farm-exit,farmdep_top_vs_bottom,Top versus bottom tercile baseline farm-dependence,binary_top_bottom,clean top-minus-bottom contrast,top_bottom_farmdep,stackyear,farm_income_only,top-minus-bottom differential,-0.08428153014832657,0.4712268236640213,0.8580511301497357,1266,114,7.849853413116934,ok
adjacent,completed_t,asinh_rb_farm_cost_w99,asinh farm cost,farm-exit,farmdep_top_vs_bottom,Top versus bottom tercile baseline farm-dependence,binary_top_bottom,clean top-minus-bottom contrast,top_bottom_farmdep,stackyear,farm_income_only,top group DID,-0.15433154455842107,0.28119798920688505,0.5831180878420614,1266,114,7.849853413116934,ok
adjacent,completed_t,asinh_rb_farm_cost_w99,asinh farm cost,farm-exit,farmdep_top_vs_bottom,Top versus bottom tercile baseline farm-dependence,binary_top_bottom,clean top-minus-bottom contrast,top_bottom_farmdep,stackyear,other_baseline,bottom group DID,0.2150465134672456,0.4615299490097913,0.6412565113420191,1174,114,7.849853413116934,ok
adjacent,completed_t,asinh_rb_farm_cost_w99,asinh farm cost,farm-exit,farmdep_top_vs_bottom,Top versus bottom tercile baseline farm-dependence,binary_top_bottom,clean top-minus-bottom contrast,top_bottom_farmdep,stackyear,other_baseline,top-minus-bottom differential,-0.3760128217666286,0.5194689625438289,0.4691634869227691,1174,114,7.849853413116934,ok
adjacent,completed_t,asinh_rb_farm_cost_w99,asinh farm cost,farm-exit,farmdep_top_vs_bottom,Top versus bottom tercile baseline farm-dependence,binary_top_bottom,clean top-minus-bottom contrast,top_bottom_farmdep,stackyear,other_baseline,top group DID,-0.160966308299383,0.2993318952600836,0.5907483135184828,1174,114,7.849853413116934,ok
adjacent,completed_t,asinh_rb_farm_cost_w99,asinh farm cost,farm-exit,farmdep_top_vs_bottom,Top versus bottom tercile baseline farm-dependence,binary_top_bottom,clean top-minus-bottom contrast,top_bottom_farmdep,provyear,none,bottom group DID,-0.8326484120086404,0.6341698201632371,0.18919174844508613,1256,113,7.849853413116934,ok
adjacent,completed_t,asinh_rb_farm_cost_w99,asinh farm cost,farm-exit,farmdep_top_vs_bottom,Top versus bottom tercile baseline farm-dependence,binary_top_bottom,clean top-minus-bottom contrast,top_bottom_farmdep,provyear,none,top-minus-bottom differential,-0.7763959671266008,0.9979061455955784,0.43655425259531644,1256,113,7.849853413116934,ok
adjacent,completed_t,asinh_rb_farm_cost_w99,asinh farm cost,farm-exit,farmdep_top_vs_bottom,Top versus bottom tercile baseline farm-dependence,binary_top_bottom,clean top-minus-bottom contrast,top_bottom_farmdep,provyear,none,top group DID,-1.6090443791352411,1.2474876542119813,0.1971104192309744,1256,113,7.849853413116934,ok
adjacent,completed_t,asinh_rb_farm_cost_w99,asinh farm cost,farm-exit,farmdep_top_vs_bottom,Top versus bottom tercile baseline farm-dependence,binary_top_bottom,clean top-minus-bottom contrast,top_bottom_farmdep,provyear,farm_income_only,bottom group DID,-0.9960443002237771,0.6279025136119559,0.11267035408139463,1256,113,7.849853413116934,ok
adjacent,completed_t,asinh_rb_farm_cost_w99,asinh farm cost,farm-exit,farmdep_top_vs_bottom,Top versus bottom tercile baseline farm-dependence,binary_top_bottom,clean top-minus-bottom contrast,top_bottom_farmdep,provyear,farm_income_only,top-minus-bottom differential,-0.5682828909052638,1.0072352011027577,0.5726174938087751,1256,113,7.849853413116934,ok
adjacent,completed_t,asinh_rb_farm_cost_w99,asinh farm cost,farm-exit,farmdep_top_vs_bottom,Top versus bottom tercile baseline farm-dependence,binary_top_bottom,clean top-minus-bottom contrast,top_bottom_farmdep,provyear,farm_income_only,top group DID,-1.564327191129041,1.247359172249377,0.20980156589646448,1256,113,7.849853413116934,ok
adjacent,completed_t,asinh_rb_farm_cost_w99,asinh farm cost,farm-exit,farmdep_top_vs_bottom,Top versus bottom tercile baseline farm-dependence,binary_top_bottom,clean top-minus-bottom contrast,top_bottom_farmdep,provyear,other_baseline,bottom group DID,-0.6221558104582654,0.6505929497519759,0.33892552447095303,1162,112,7.849853413116934,ok
adjacent,completed_t,asinh_rb_farm_cost_w99,asinh farm cost,farm-exit,farmdep_top_vs_bottom,Top versus bottom tercile baseline farm-dependence,binary_top_bottom,clean top-minus-bottom contrast,top_bottom_farmdep,provyear,other_baseline,top-minus-bottom differential,-0.6679841780781036,1.050406048205969,0.5248223832366372,1162,112,7.849853413116934,ok
adjacent,completed_t,asinh_rb_farm_cost_w99,asinh farm cost,farm-exit,farmdep_top_vs_bottom,Top versus bottom tercile baseline farm-dependence,binary_top_bottom,clean top-minus-bottom contrast,top_bottom_farmdep,provyear,other_baseline,top group DID,-1.2901399885363691,1.340609521569153,0.33587216683467946,1162,112,7.849853413116934,ok
adjacent,completed_t,asinh_rb_farm_cost_w99,asinh farm cost,farm-exit,farmdep_ordered_tercile,Ordered tercile score of baseline farm-dependence,continuous,ordered farm-dependence gradient,all,stackyear,none,DID at mean modifier,-0.12351632139965374,0.23144097871794653,0.5935602581730348,1962,121,8.054264442624712,ok
adjacent,completed_t,asinh_rb_farm_cost_w99,asinh farm cost,farm-exit,farmdep_ordered_tercile,Ordered tercile score of baseline farm-dependence,continuous,ordered farm-dependence gradient,all,stackyear,none,heterogeneity slope,-0.047255328934805385,0.24584539781106243,0.8475733003083465,1962,121,8.054264442624712,ok
adjacent,completed_t,asinh_rb_farm_cost_w99,asinh farm cost,farm-exit,farmdep_ordered_tercile,Ordered tercile score of baseline farm-dependence,continuous,ordered farm-dependence gradient,all,stackyear,none,DID at +1 SD,-0.17077165033445912,0.2458577150467239,0.4873088641964233,1962,121,8.054264442624712,ok
adjacent,completed_t,asinh_rb_farm_cost_w99,asinh farm cost,farm-exit,farmdep_ordered_tercile,Ordered tercile score of baseline farm-dependence,continuous,ordered farm-dependence gradient,all,stackyear,none,DID at -1 SD,-0.07626099246484835,0.4093455220979032,0.8522096574619036,1962,121,8.054264442624712,ok
adjacent,completed_t,asinh_rb_farm_cost_w99,asinh farm cost,farm-exit,farmdep_ordered_tercile,Ordered tercile score of baseline farm-dependence,continuous,ordered farm-dependence gradient,all,stackyear,farm_income_only,DID at mean modifier,-0.1336344572941746,0.17835131020477576,0.4536905289099612,1962,121,8.054264442624712,ok
adjacent,completed_t,asinh_rb_farm_cost_w99,asinh farm cost,farm-exit,farmdep_ordered_tercile,Ordered tercile score of baseline farm-dependence,continuous,ordered farm-dependence gradient,all,stackyear,farm_income_only,heterogeneity slope,-0.019461894206919718,0.19276662593121965,0.9195814899010238,1962,121,8.054264442624712,ok
adjacent,completed_t,asinh_rb_farm_cost_w99,asinh farm cost,farm-exit,farmdep_ordered_tercile,Ordered tercile score of baseline farm-dependence,continuous,ordered farm-dependence gradient,all,stackyear,farm_income_only,DID at +1 SD,-0.15309635150109432,0.23363000611613324,0.512278454797798,1962,121,8.054264442624712,ok
adjacent,completed_t,asinh_rb_farm_cost_w99,asinh farm cost,farm-exit,farmdep_ordered_tercile,Ordered tercile score of baseline farm-dependence,continuous,ordered farm-dependence gradient,all,stackyear,farm_income_only,DID at -1 SD,-0.1141725630872549,0.28870979216422393,0.6925049986338687,1962,121,8.054264442624712,ok
adjacent,completed_t,asinh_rb_farm_cost_w99,asinh farm cost,farm-exit,farmdep_ordered_tercile,Ordered tercile score of baseline farm-dependence,continuous,ordered farm-dependence gradient,all,stackyear,other_baseline,DID at mean modifier,-0.04798243900834128,0.20124214540319493,0.8115465446204191,1822,121,8.054264442624712,ok
adjacent,completed_t,asinh_rb_farm_cost_w99,asinh farm cost,farm-exit,farmdep_ordered_tercile,Ordered tercile score of baseline farm-dependence,continuous,ordered farm-dependence gradient,all,stackyear,other_baseline,heterogeneity slope,-0.12214510046746584,0.20999805262235058,0.5608033128163374,1822,121,8.054264442624712,ok
adjacent,completed_t,asinh_rb_farm_cost_w99,asinh farm cost,farm-exit,farmdep_ordered_tercile,Ordered tercile score of baseline farm-dependence,continuous,ordered farm-dependence gradient,all,stackyear,other_baseline,DID at +1 SD,-0.1701275394758071,0.25259817383933225,0.5006225279335577,1822,121,8.054264442624712,ok
adjacent,completed_t,asinh_rb_farm_cost_w99,asinh farm cost,farm-exit,farmdep_ordered_tercile,Ordered tercile score of baseline farm-dependence,continuous,ordered farm-dependence gradient,all,stackyear,other_baseline,DID at -1 SD,0.07416266145912456,0.32463722669520645,0.8192981297712183,1822,121,8.054264442624712,ok
adjacent,completed_t,asinh_rb_farm_cost_w99,asinh farm cost,farm-exit,farmdep_ordered_tercile,Ordered tercile score of baseline farm-dependence,continuous,ordered farm-dependence gradient,all,provyear,none,DID at mean modifier,-0.6775167794194913,0.5678255098554157,0.2327997562062526,1952,120,8.054264442624712,ok
adjacent,completed_t,asinh_rb_farm_cost_w99,asinh farm cost,farm-exit,farmdep_ordered_tercile,Ordered tercile score of baseline farm-dependence,continuous,ordered farm-dependence gradient,all,provyear,none,heterogeneity slope,-0.04947346352495777,0.2908930338400818,0.8649516116198376,1952,120,8.054264442624712,ok
adjacent,completed_t,asinh_rb_farm_cost_w99,asinh farm cost,farm-exit,farmdep_ordered_tercile,Ordered tercile score of baseline farm-dependence,continuous,ordered farm-dependence gradient,all,provyear,none,DID at +1 SD,-0.726990242944449,0.7263534374033284,0.31688641473024126,1952,120,8.054264442624712,ok
adjacent,completed_t,asinh_rb_farm_cost_w99,asinh farm cost,farm-exit,farmdep_ordered_tercile,Ordered tercile score of baseline farm-dependence,continuous,ordered farm-dependence gradient,all,provyear,none,DID at -1 SD,-0.6280433158945335,0.535256777192843,0.24065564664192773,1952,120,8.054264442624712,ok
adjacent,completed_t,asinh_rb_farm_cost_w99,asinh farm cost,farm-exit,farmdep_ordered_tercile,Ordered tercile score of baseline farm-dependence,continuous,ordered farm-dependence gradient,all,provyear,farm_income_only,DID at mean modifier,-0.7990600779293102,0.5638446546104695,0.15643512342296204,1952,120,8.054264442624712,ok
adjacent,completed_t,asinh_rb_farm_cost_w99,asinh farm cost,farm-exit,farmdep_ordered_tercile,Ordered tercile score of baseline farm-dependence,continuous,ordered farm-dependence gradient,all,provyear,farm_income_only,heterogeneity slope,-0.08848860356828113,0.27376240331666774,0.7465200060535072,1952,120,8.054264442624712,ok
adjacent,completed_t,asinh_rb_farm_cost_w99,asinh farm cost,farm-exit,farmdep_ordered_tercile,Ordered tercile score of baseline farm-dependence,continuous,ordered farm-dependence gradient,all,provyear,farm_income_only,DID at +1 SD,-0.8875486814975914,0.7388283176865659,0.22963788221820125,1952,120,8.054264442624712,ok
adjacent,completed_t,asinh_rb_farm_cost_w99,asinh farm cost,farm-exit,farmdep_ordered_tercile,Ordered tercile score of baseline farm-dependence,continuous,ordered farm-dependence gradient,all,provyear,farm_income_only,DID at -1 SD,-0.7105714743610291,0.48976117954516757,0.14682079903339168,1952,120,8.054264442624712,ok
adjacent,completed_t,asinh_rb_farm_cost_w99,asinh farm cost,farm-exit,farmdep_ordered_tercile,Ordered tercile score of baseline farm-dependence,continuous,ordered farm-dependence gradient,all,provyear,other_baseline,DID at mean modifier,-0.4101837514703131,0.6607628033438289,0.5347489469472306,1810,119,8.054264442624712,ok
adjacent,completed_t,asinh_rb_farm_cost_w99,asinh farm cost,farm-exit,farmdep_ordered_tercile,Ordered tercile score of baseline farm-dependence,continuous,ordered farm-dependence gradient,all,provyear,other_baseline,heterogeneity slope,-0.098167539834772,0.2996671814605958,0.7432227744192874,1810,119,8.054264442624712,ok
adjacent,completed_t,asinh_rb_farm_cost_w99,asinh farm cost,farm-exit,farmdep_ordered_tercile,Ordered tercile score of baseline farm-dependence,continuous,ordered farm-dependence gradient,all,provyear,other_baseline,DID at +1 SD,-0.5083512913050852,0.8714414041720925,0.5596608390700089,1810,119,8.054264442624712,ok
adjacent,completed_t,asinh_rb_farm_cost_w99,asinh farm cost,farm-exit,farmdep_ordered_tercile,Ordered tercile score of baseline farm-dependence,continuous,ordered farm-dependence gradient,all,provyear,other_baseline,DID at -1 SD,-0.3120162116355411,0.5416693483567607,0.5645968795770626,1810,119,8.054264442624712,ok
adjacent,completed_t,asinh_rb_farm_cost_w99,asinh farm cost,farm-exit,farm_orientation_continuous,"Pre-specified farm-orientation index, continuous z",continuous,pre-specified index interaction,all,stackyear,none,DID at mean modifier,-0.17960879738455426,0.22565798162275089,0.4260705590992011,1998,121,8.054264442624712,ok
adjacent,completed_t,asinh_rb_farm_cost_w99,asinh farm cost,farm-exit,farm_orientation_continuous,"Pre-specified farm-orientation index, continuous z",continuous,pre-specified index interaction,all,stackyear,none,heterogeneity slope,0.0680611234222516,0.2247476202981226,0.762016701420789,1998,121,8.054264442624712,ok
adjacent,completed_t,asinh_rb_farm_cost_w99,asinh farm cost,farm-exit,farm_orientation_continuous,"Pre-specified farm-orientation index, continuous z",continuous,pre-specified index interaction,all,stackyear,none,DID at +1 SD,-0.11154767396230267,0.2617484685965887,0.6699886272155289,1998,121,8.054264442624712,ok
adjacent,completed_t,asinh_rb_farm_cost_w99,asinh farm cost,farm-exit,farm_orientation_continuous,"Pre-specified farm-orientation index, continuous z",continuous,pre-specified index interaction,all,stackyear,none,DID at -1 SD,-0.24766992080680586,0.3665430045530624,0.4992366580928723,1998,121,8.054264442624712,ok
adjacent,completed_t,asinh_rb_farm_cost_w99,asinh farm cost,farm-exit,farm_orientation_continuous,"Pre-specified farm-orientation index, continuous z",continuous,pre-specified index interaction,all,stackyear,farm_income_only,DID at mean modifier,-0.17960879738455426,0.22565798162275089,0.4260705590992011,1998,121,8.054264442624712,ok
adjacent,completed_t,asinh_rb_farm_cost_w99,asinh farm cost,farm-exit,farm_orientation_continuous,"Pre-specified farm-orientation index, continuous z",continuous,pre-specified index interaction,all,stackyear,farm_income_only,heterogeneity slope,0.0680611234222516,0.2247476202981226,0.762016701420789,1998,121,8.054264442624712,ok
adjacent,completed_t,asinh_rb_farm_cost_w99,asinh farm cost,farm-exit,farm_orientation_continuous,"Pre-specified farm-orientation index, continuous z",continuous,pre-specified index interaction,all,stackyear,farm_income_only,DID at +1 SD,-0.11154767396230267,0.2617484685965887,0.6699886272155289,1998,121,8.054264442624712,ok
adjacent,completed_t,asinh_rb_farm_cost_w99,asinh farm cost,farm-exit,farm_orientation_continuous,"Pre-specified farm-orientation index, continuous z",continuous,pre-specified index interaction,all,stackyear,farm_income_only,DID at -1 SD,-0.24766992080680586,0.3665430045530624,0.4992366580928723,1998,121,8.054264442624712,ok
adjacent,completed_t,asinh_rb_farm_cost_w99,asinh farm cost,farm-exit,farm_orientation_continuous,"Pre-specified farm-orientation index, continuous z",continuous,pre-specified index interaction,all,stackyear,other_baseline,DID at mean modifier,-0.17960879738455426,0.22565798162275089,0.4260705590992011,1998,121,8.054264442624712,ok
adjacent,completed_t,asinh_rb_farm_cost_w99,asinh farm cost,farm-exit,farm_orientation_continuous,"Pre-specified farm-orientation index, continuous z",continuous,pre-specified index interaction,all,stackyear,other_baseline,heterogeneity slope,0.0680611234222516,0.2247476202981226,0.762016701420789,1998,121,8.054264442624712,ok
adjacent,completed_t,asinh_rb_farm_cost_w99,asinh farm cost,farm-exit,farm_orientation_continuous,"Pre-specified farm-orientation index, continuous z",continuous,pre-specified index interaction,all,stackyear,other_baseline,DID at +1 SD,-0.11154767396230267,0.2617484685965887,0.6699886272155289,1998,121,8.054264442624712,ok
adjacent,completed_t,asinh_rb_farm_cost_w99,asinh farm cost,farm-exit,farm_orientation_continuous,"Pre-specified farm-orientation index, continuous z",continuous,pre-specified index interaction,all,stackyear,other_baseline,DID at -1 SD,-0.24766992080680586,0.3665430045530624,0.4992366580928723,1998,121,8.054264442624712,ok
adjacent,completed_t,asinh_rb_farm_cost_w99,asinh farm cost,farm-exit,farm_orientation_continuous,"Pre-specified farm-orientation index, continuous z",continuous,pre-specified index interaction,all,provyear,none,DID at mean modifier,-0.5059638514173324,0.5314124348315006,0.3410404746112846,1988,120,8.054264442624712,ok
adjacent,completed_t,asinh_rb_farm_cost_w99,asinh farm cost,farm-exit,farm_orientation_continuous,"Pre-specified farm-orientation index, continuous z",continuous,pre-specified index interaction,all,provyear,none,heterogeneity slope,0.22990068744148157,0.2355483280439962,0.3290528528557405,1988,120,8.054264442624712,ok
adjacent,completed_t,asinh_rb_farm_cost_w99,asinh farm cost,farm-exit,farm_orientation_continuous,"Pre-specified farm-orientation index, continuous z",continuous,pre-specified index interaction,all,provyear,none,DID at +1 SD,-0.2760631639758508,0.6386227096666569,0.6655386734866409,1988,120,8.054264442624712,ok
adjacent,completed_t,asinh_rb_farm_cost_w99,asinh farm cost,farm-exit,farm_orientation_continuous,"Pre-specified farm-orientation index, continuous z",continuous,pre-specified index interaction,all,provyear,none,DID at -1 SD,-0.7358645388588139,0.5176151235944992,0.15512956622393526,1988,120,8.054264442624712,ok
adjacent,completed_t,asinh_rb_farm_cost_w99,asinh farm cost,farm-exit,farm_orientation_continuous,"Pre-specified farm-orientation index, continuous z",continuous,pre-specified index interaction,all,provyear,farm_income_only,DID at mean modifier,-0.5059638514173324,0.5314124348315006,0.3410404746112846,1988,120,8.054264442624712,ok
adjacent,completed_t,asinh_rb_farm_cost_w99,asinh farm cost,farm-exit,farm_orientation_continuous,"Pre-specified farm-orientation index, continuous z",continuous,pre-specified index interaction,all,provyear,farm_income_only,heterogeneity slope,0.22990068744148157,0.2355483280439962,0.3290528528557405,1988,120,8.054264442624712,ok
adjacent,completed_t,asinh_rb_farm_cost_w99,asinh farm cost,farm-exit,farm_orientation_continuous,"Pre-specified farm-orientation index, continuous z",continuous,pre-specified index interaction,all,provyear,farm_income_only,DID at +1 SD,-0.2760631639758508,0.6386227096666569,0.6655386734866409,1988,120,8.054264442624712,ok
adjacent,completed_t,asinh_rb_farm_cost_w99,asinh farm cost,farm-exit,farm_orientation_continuous,"Pre-specified farm-orientation index, continuous z",continuous,pre-specified index interaction,all,provyear,farm_income_only,DID at -1 SD,-0.7358645388588139,0.5176151235944992,0.15512956622393526,1988,120,8.054264442624712,ok
adjacent,completed_t,asinh_rb_farm_cost_w99,asinh farm cost,farm-exit,farm_orientation_continuous,"Pre-specified farm-orientation index, continuous z",continuous,pre-specified index interaction,all,provyear,other_baseline,DID at mean modifier,-0.5059638514173324,0.5314124348315006,0.3410404746112846,1988,120,8.054264442624712,ok
adjacent,completed_t,asinh_rb_farm_cost_w99,asinh farm cost,farm-exit,farm_orientation_continuous,"Pre-specified farm-orientation index, continuous z",continuous,pre-specified index interaction,all,provyear,other_baseline,heterogeneity slope,0.22990068744148157,0.2355483280439962,0.3290528528557405,1988,120,8.054264442624712,ok
adjacent,completed_t,asinh_rb_farm_cost_w99,asinh farm cost,farm-exit,farm_orientation_continuous,"Pre-specified farm-orientation index, continuous z",continuous,pre-specified index interaction,all,provyear,other_baseline,DID at +1 SD,-0.2760631639758508,0.6386227096666569,0.6655386734866409,1988,120,8.054264442624712,ok
adjacent,completed_t,asinh_rb_farm_cost_w99,asinh farm cost,farm-exit,farm_orientation_continuous,"Pre-specified farm-orientation index, continuous z",continuous,pre-specified index interaction,all,provyear,other_baseline,DID at -1 SD,-0.7358645388588139,0.5176151235944992,0.15512956622393526,1988,120,8.054264442624712,ok
adjacent,completed_t,asinh_rb_farm_cost_w99,asinh farm cost,farm-exit,farm_orientation_top_tercile,Top tercile pre-specified farm-orientation index,binary_top,pre-specified index top-third split,all,stackyear,none,lower/rest DID,-0.23302688897921858,0.3159496409902157,0.4607913517527972,1998,121,8.054264442624712,ok
adjacent,completed_t,asinh_rb_farm_cost_w99,asinh farm cost,farm-exit,farm_orientation_top_tercile,Top tercile pre-specified farm-orientation index,binary_top,pre-specified index top-third split,all,stackyear,none,top-minus-rest differential,0.13044127095333743,0.4583222300914098,0.7759459899855281,1998,121,8.054264442624712,ok
adjacent,completed_t,asinh_rb_farm_cost_w99,asinh farm cost,farm-exit,farm_orientation_top_tercile,Top tercile pre-specified farm-orientation index,binary_top,pre-specified index top-third split,all,stackyear,none,top group DID,-0.10258561802588115,0.32927790999757645,0.7553846500173818,1998,121,8.054264442624712,ok
adjacent,completed_t,asinh_rb_farm_cost_w99,asinh farm cost,farm-exit,farm_orientation_top_tercile,Top tercile pre-specified farm-orientation index,binary_top,pre-specified index top-third split,all,stackyear,farm_income_only,lower/rest DID,-0.23302688897921858,0.3159496409902157,0.4607913517527972,1998,121,8.054264442624712,ok
adjacent,completed_t,asinh_rb_farm_cost_w99,asinh farm cost,farm-exit,farm_orientation_top_tercile,Top tercile pre-specified farm-orientation index,binary_top,pre-specified index top-third split,all,stackyear,farm_income_only,top-minus-rest differential,0.13044127095333743,0.4583222300914098,0.7759459899855281,1998,121,8.054264442624712,ok
adjacent,completed_t,asinh_rb_farm_cost_w99,asinh farm cost,farm-exit,farm_orientation_top_tercile,Top tercile pre-specified farm-orientation index,binary_top,pre-specified index top-third split,all,stackyear,farm_income_only,top group DID,-0.10258561802588115,0.32927790999757645,0.7553846500173818,1998,121,8.054264442624712,ok
adjacent,completed_t,asinh_rb_farm_cost_w99,asinh farm cost,farm-exit,farm_orientation_top_tercile,Top tercile pre-specified farm-orientation index,binary_top,pre-specified index top-third split,all,stackyear,other_baseline,lower/rest DID,-0.23302688897921858,0.3159496409902157,0.4607913517527972,1998,121,8.054264442624712,ok
adjacent,completed_t,asinh_rb_farm_cost_w99,asinh farm cost,farm-exit,farm_orientation_top_tercile,Top tercile pre-specified farm-orientation index,binary_top,pre-specified index top-third split,all,stackyear,other_baseline,top-minus-rest differential,0.13044127095333743,0.4583222300914098,0.7759459899855281,1998,121,8.054264442624712,ok
adjacent,completed_t,asinh_rb_farm_cost_w99,asinh farm cost,farm-exit,farm_orientation_top_tercile,Top tercile pre-specified farm-orientation index,binary_top,pre-specified index top-third split,all,stackyear,other_baseline,top group DID,-0.10258561802588115,0.32927790999757645,0.7553846500173818,1998,121,8.054264442624712,ok
adjacent,completed_t,asinh_rb_farm_cost_w99,asinh farm cost,farm-exit,farm_orientation_top_tercile,Top tercile pre-specified farm-orientation index,binary_top,pre-specified index top-third split,all,provyear,none,lower/rest DID,-0.5887900581039093,0.5136048963083856,0.251634993369633,1988,120,8.054264442624712,ok
adjacent,completed_t,asinh_rb_farm_cost_w99,asinh farm cost,farm-exit,farm_orientation_top_tercile,Top tercile pre-specified farm-orientation index,binary_top,pre-specified index top-third split,all,provyear,none,top-minus-rest differential,0.2813746149383425,0.4619439638379401,0.5424516342442068,1988,120,8.054264442624712,ok
adjacent,completed_t,asinh_rb_farm_cost_w99,asinh farm cost,farm-exit,farm_orientation_top_tercile,Top tercile pre-specified farm-orientation index,binary_top,pre-specified index top-third split,all,provyear,none,top group DID,-0.3074154431655668,0.6915596326732375,0.6566631653956259,1988,120,8.054264442624712,ok
adjacent,completed_t,asinh_rb_farm_cost_w99,asinh farm cost,farm-exit,farm_orientation_top_tercile,Top tercile pre-specified farm-orientation index,binary_top,pre-specified index top-third split,all,provyear,farm_income_only,lower/rest DID,-0.5887900581039093,0.5136048963083856,0.251634993369633,1988,120,8.054264442624712,ok
adjacent,completed_t,asinh_rb_farm_cost_w99,asinh farm cost,farm-exit,farm_orientation_top_tercile,Top tercile pre-specified farm-orientation index,binary_top,pre-specified index top-third split,all,provyear,farm_income_only,top-minus-rest differential,0.2813746149383425,0.4619439638379401,0.5424516342442068,1988,120,8.054264442624712,ok
adjacent,completed_t,asinh_rb_farm_cost_w99,asinh farm cost,farm-exit,farm_orientation_top_tercile,Top tercile pre-specified farm-orientation index,binary_top,pre-specified index top-third split,all,provyear,farm_income_only,top group DID,-0.3074154431655668,0.6915596326732375,0.6566631653956259,1988,120,8.054264442624712,ok
adjacent,completed_t,asinh_rb_farm_cost_w99,asinh farm cost,farm-exit,farm_orientation_top_tercile,Top tercile pre-specified farm-orientation index,binary_top,pre-specified index top-third split,all,provyear,other_baseline,lower/rest DID,-0.5887900581039093,0.5136048963083856,0.251634993369633,1988,120,8.054264442624712,ok
adjacent,completed_t,asinh_rb_farm_cost_w99,asinh farm cost,farm-exit,farm_orientation_top_tercile,Top tercile pre-specified farm-orientation index,binary_top,pre-specified index top-third split,all,provyear,other_baseline,top-minus-rest differential,0.2813746149383425,0.4619439638379401,0.5424516342442068,1988,120,8.054264442624712,ok
adjacent,completed_t,asinh_rb_farm_cost_w99,asinh farm cost,farm-exit,farm_orientation_top_tercile,Top tercile pre-specified farm-orientation index,binary_top,pre-specified index top-third split,all,provyear,other_baseline,top group DID,-0.3074154431655668,0.6915596326732375,0.6566631653956259,1988,120,8.054264442624712,ok
adjacent,completed_t,asinh_rb_farm_cost_w99,asinh farm cost,farm-exit,bottom_farmdep,Bottom tercile baseline farm-dependence,binary_bottom,exit-side low farm-dependence check,all,stackyear,none,lower/rest DID,-0.15496401845823818,0.18592480162966213,0.4045758472688683,1962,121,8.054264442624712,ok
adjacent,completed_t,asinh_rb_farm_cost_w99,asinh farm cost,farm-exit,bottom_farmdep,Bottom tercile baseline farm-dependence,binary_bottom,exit-side low farm-dependence check,all,stackyear,none,bottom-minus-rest differential,0.24904595741503285,0.42289083076099676,0.5559195579128575,1962,121,8.054264442624712,ok
adjacent,completed_t,asinh_rb_farm_cost_w99,asinh farm cost,farm-exit,bottom_farmdep,Bottom tercile baseline farm-dependence,binary_bottom,exit-side low farm-dependence check,all,stackyear,none,bottom group DID,0.09408193895679468,0.4013882537004262,0.8146811650213981,1962,121,8.054264442624712,ok
adjacent,completed_t,asinh_rb_farm_cost_w99,asinh farm cost,farm-exit,bottom_farmdep,Bottom tercile baseline farm-dependence,binary_bottom,exit-side low farm-dependence check,all,stackyear,farm_income_only,lower/rest DID,-0.1511154362031001,0.18944328151504472,0.42505523426492375,1962,121,8.054264442624712,ok
adjacent,completed_t,asinh_rb_farm_cost_w99,asinh farm cost,farm-exit,bottom_farmdep,Bottom tercile baseline farm-dependence,binary_bottom,exit-side low farm-dependence check,all,stackyear,farm_income_only,bottom-minus-rest differential,0.1303321359526806,0.42840527601077344,0.7609555179312271,1962,121,8.054264442624712,ok
adjacent,completed_t,asinh_rb_farm_cost_w99,asinh farm cost,farm-exit,bottom_farmdep,Bottom tercile baseline farm-dependence,binary_bottom,exit-side low farm-dependence check,all,stackyear,farm_income_only,bottom group DID,-0.020783300250419523,0.4071728196061013,0.9592912991578701,1962,121,8.054264442624712,ok
adjacent,completed_t,asinh_rb_farm_cost_w99,asinh farm cost,farm-exit,bottom_farmdep,Bottom tercile baseline farm-dependence,binary_bottom,exit-side low farm-dependence check,all,stackyear,other_baseline,lower/rest DID,-0.1295836874700696,0.21005656562454023,0.5373013395675954,1822,121,8.054264442624712,ok
adjacent,completed_t,asinh_rb_farm_cost_w99,asinh farm cost,farm-exit,bottom_farmdep,Bottom tercile baseline farm-dependence,binary_bottom,exit-side low farm-dependence check,all,stackyear,other_baseline,bottom-minus-rest differential,0.37853982436585926,0.47832579597461067,0.4287194039742198,1822,121,8.054264442624712,ok
adjacent,completed_t,asinh_rb_farm_cost_w99,asinh farm cost,farm-exit,bottom_farmdep,Bottom tercile baseline farm-dependence,binary_bottom,exit-side low farm-dependence check,all,stackyear,other_baseline,bottom group DID,0.24895613689578966,0.4411692285881229,0.5725432857200299,1822,121,8.054264442624712,ok
adjacent,completed_t,asinh_rb_farm_cost_w99,asinh farm cost,farm-exit,bottom_farmdep,Bottom tercile baseline farm-dependence,binary_bottom,exit-side low farm-dependence check,all,provyear,none,lower/rest DID,-0.8627450586459247,0.6728096059356086,0.19973674993093204,1952,120,8.054264442624712,ok
adjacent,completed_t,asinh_rb_farm_cost_w99,asinh farm cost,farm-exit,bottom_farmdep,Bottom tercile baseline farm-dependence,binary_bottom,exit-side low farm-dependence check,all,provyear,none,bottom-minus-rest differential,0.33813477206192405,0.6727157715692744,0.6152164428445659,1952,120,8.054264442624712,ok
adjacent,completed_t,asinh_rb_farm_cost_w99,asinh farm cost,farm-exit,bottom_farmdep,Bottom tercile baseline farm-dependence,binary_bottom,exit-side low farm-dependence check,all,provyear,none,bottom group DID,-0.5246102865840006,0.5489745094262529,0.33926492918411655,1952,120,8.054264442624712,ok
adjacent,completed_t,asinh_rb_farm_cost_w99,asinh farm cost,farm-exit,bottom_farmdep,Bottom tercile baseline farm-dependence,binary_bottom,exit-side low farm-dependence check,all,provyear,farm_income_only,lower/rest DID,-0.8828727086661721,0.6611371256478855,0.18175031807279418,1952,120,8.054264442624712,ok
adjacent,completed_t,asinh_rb_farm_cost_w99,asinh farm cost,farm-exit,bottom_farmdep,Bottom tercile baseline farm-dependence,binary_bottom,exit-side low farm-dependence check,all,provyear,farm_income_only,bottom-minus-rest differential,0.2348291913904505,0.6653977739588123,0.7241517865497042,1952,120,8.054264442624712,ok
adjacent,completed_t,asinh_rb_farm_cost_w99,asinh farm cost,farm-exit,bottom_farmdep,Bottom tercile baseline farm-dependence,binary_bottom,exit-side low farm-dependence check,all,provyear,farm_income_only,bottom group DID,-0.6480435172757215,0.5554653715555625,0.2433445845476938,1952,120,8.054264442624712,ok
adjacent,completed_t,asinh_rb_farm_cost_w99,asinh farm cost,farm-exit,bottom_farmdep,Bottom tercile baseline farm-dependence,binary_bottom,exit-side low farm-dependence check,all,provyear,other_baseline,lower/rest DID,-0.5378017079153171,0.8199932291443347,0.5119134625579893,1810,119,8.054264442624712,ok
adjacent,completed_t,asinh_rb_farm_cost_w99,asinh farm cost,farm-exit,bottom_farmdep,Bottom tercile baseline farm-dependence,binary_bottom,exit-side low farm-dependence check,all,provyear,other_baseline,bottom-minus-rest differential,0.2779208338373115,0.7631983654055867,0.7157438989549249,1810,119,8.054264442624712,ok
adjacent,completed_t,asinh_rb_farm_cost_w99,asinh farm cost,farm-exit,bottom_farmdep,Bottom tercile baseline farm-dependence,binary_bottom,exit-side low farm-dependence check,all,provyear,other_baseline,bottom group DID,-0.25988087407800564,0.5680353998656889,0.6473057834973406,1810,119,8.054264442624712,ok
adjacent,completed_t,asinh_rb_farm_cost_w99,asinh farm cost,farm-exit,nonfarm_orientation_top,Top tercile baseline nonfarm orientation,binary_top,exit-side nonfarm orientation check,all,stackyear,none,lower/rest DID,0.07052796504497999,0.34281695469534873,0.8370012923472254,1998,121,8.054264442624712,ok
adjacent,completed_t,asinh_rb_farm_cost_w99,asinh farm cost,farm-exit,nonfarm_orientation_top,Top tercile baseline nonfarm orientation,binary_top,exit-side nonfarm orientation check,all,stackyear,none,top-minus-rest differential,-0.6461712468087487,0.3880606285879555,0.09588689856951792,1998,121,8.054264442624712,ok
adjacent,completed_t,asinh_rb_farm_cost_w99,asinh farm cost,farm-exit,nonfarm_orientation_top,Top tercile baseline nonfarm orientation,binary_top,exit-side nonfarm orientation check,all,stackyear,none,top group DID,-0.5756432817637687,0.21627199967563565,0.007775557403064409,1998,121,8.054264442624712,ok
adjacent,completed_t,asinh_rb_farm_cost_w99,asinh farm cost,farm-exit,nonfarm_orientation_top,Top tercile baseline nonfarm orientation,binary_top,exit-side nonfarm orientation check,all,stackyear,farm_income_only,lower/rest DID,0.0485043452362176,0.280509616904,0.862718171385529,1992,121,8.054264442624712,ok
adjacent,completed_t,asinh_rb_farm_cost_w99,asinh farm cost,farm-exit,nonfarm_orientation_top,Top tercile baseline nonfarm orientation,binary_top,exit-side nonfarm orientation check,all,stackyear,farm_income_only,top-minus-rest differential,-0.47034960334885423,0.3409238967986208,0.16769990205009433,1992,121,8.054264442624712,ok
adjacent,completed_t,asinh_rb_farm_cost_w99,asinh farm cost,farm-exit,nonfarm_orientation_top,Top tercile baseline nonfarm orientation,binary_top,exit-side nonfarm orientation check,all,stackyear,farm_income_only,top group DID,-0.4218452581126366,0.18935963840773895,0.02589742907530436,1992,121,8.054264442624712,ok
adjacent,completed_t,asinh_rb_farm_cost_w99,asinh farm cost,farm-exit,nonfarm_orientation_top,Top tercile baseline nonfarm orientation,binary_top,exit-side nonfarm orientation check,all,stackyear,other_baseline,lower/rest DID,0.13453891699320616,0.2866674516761865,0.6388405512132522,1822,121,8.054264442624712,ok
adjacent,completed_t,asinh_rb_farm_cost_w99,asinh farm cost,farm-exit,nonfarm_orientation_top,Top tercile baseline nonfarm orientation,binary_top,exit-side nonfarm orientation check,all,stackyear,other_baseline,top-minus-rest differential,-0.5416960813973658,0.3441828412056336,0.11551950006880313,1822,121,8.054264442624712,ok
adjacent,completed_t,asinh_rb_farm_cost_w99,asinh farm cost,farm-exit,nonfarm_orientation_top,Top tercile baseline nonfarm orientation,binary_top,exit-side nonfarm orientation check,all,stackyear,other_baseline,top group DID,-0.4071571644041596,0.18309858369770768,0.026168324960193074,1822,121,8.054264442624712,ok
adjacent,completed_t,asinh_rb_farm_cost_w99,asinh farm cost,farm-exit,nonfarm_orientation_top,Top tercile baseline nonfarm orientation,binary_top,exit-side nonfarm orientation check,all,provyear,none,lower/rest DID,-0.2676055115881357,0.5738713449011349,0.6409891762262764,1988,120,8.054264442624712,ok
adjacent,completed_t,asinh_rb_farm_cost_w99,asinh farm cost,farm-exit,nonfarm_orientation_top,Top tercile baseline nonfarm orientation,binary_top,exit-side nonfarm orientation check,all,provyear,none,top-minus-rest differential,-0.520228829901555,0.3801085241747123,0.17111422058382242,1988,120,8.054264442624712,ok
adjacent,completed_t,asinh_rb_farm_cost_w99,asinh farm cost,farm-exit,nonfarm_orientation_top,Top tercile baseline nonfarm orientation,binary_top,exit-side nonfarm orientation check,all,provyear,none,top group DID,-0.7878343414896907,0.48924013004801303,0.10732749107976765,1988,120,8.054264442624712,ok
adjacent,completed_t,asinh_rb_farm_cost_w99,asinh farm cost,farm-exit,nonfarm_orientation_top,Top tercile baseline nonfarm orientation,binary_top,exit-side nonfarm orientation check,all,provyear,farm_income_only,lower/rest DID,-0.5621429399103337,0.5592524756280902,0.3148157479801649,1982,120,8.054264442624712,ok
adjacent,completed_t,asinh_rb_farm_cost_w99,asinh farm cost,farm-exit,nonfarm_orientation_top,Top tercile baseline nonfarm orientation,binary_top,exit-side nonfarm orientation check,all,provyear,farm_income_only,top-minus-rest differential,-0.5240400677876733,0.3779768438664729,0.16561432340372817,1982,120,8.054264442624712,ok
adjacent,completed_t,asinh_rb_farm_cost_w99,asinh farm cost,farm-exit,nonfarm_orientation_top,Top tercile baseline nonfarm orientation,binary_top,exit-side nonfarm orientation check,all,provyear,farm_income_only,top group DID,-1.086183007698007,0.49398742655845734,0.027891649096078462,1982,120,8.054264442624712,ok
adjacent,completed_t,asinh_rb_farm_cost_w99,asinh farm cost,farm-exit,nonfarm_orientation_top,Top tercile baseline nonfarm orientation,binary_top,exit-side nonfarm orientation check,all,provyear,other_baseline,lower/rest DID,-0.27374629169838616,0.5930418820612621,0.6443704212484932,1810,119,8.054264442624712,ok
adjacent,completed_t,asinh_rb_farm_cost_w99,asinh farm cost,farm-exit,nonfarm_orientation_top,Top tercile baseline nonfarm orientation,binary_top,exit-side nonfarm orientation check,all,provyear,other_baseline,top-minus-rest differential,-0.6548837804968061,0.384872064359044,0.08883745687158197,1810,119,8.054264442624712,ok
adjacent,completed_t,asinh_rb_farm_cost_w99,asinh farm cost,farm-exit,nonfarm_orientation_top,Top tercile baseline nonfarm orientation,binary_top,exit-side nonfarm orientation check,all,provyear,other_baseline,top group DID,-0.9286300721951922,0.5673322913351903,0.10166468478310804,1810,119,8.054264442624712,ok
adjacent,completed_t,asinh_rb_inc_farm_w99,asinh farm income,farm-exit,farmdep_continuous,"Baseline farm-dependence, continuous winsorized z",continuous,continuous farm-dependence interaction,all,stackyear,none,DID at mean modifier,-1.5223278840327148,0.39667685646223866,0.00012419065803535238,2850,137,6.3600797353934455,ok
adjacent,completed_t,asinh_rb_inc_farm_w99,asinh farm income,farm-exit,farmdep_continuous,"Baseline farm-dependence, continuous winsorized z",continuous,continuous farm-dependence interaction,all,stackyear,none,heterogeneity slope,0.4585654243585429,0.4045274810598262,0.2569695604122666,2850,137,6.3600797353934455,ok
adjacent,completed_t,asinh_rb_inc_farm_w99,asinh farm income,farm-exit,farmdep_continuous,"Baseline farm-dependence, continuous winsorized z",continuous,continuous farm-dependence interaction,all,stackyear,none,DID at +1 SD,-1.063762459674172,0.5967006974067263,0.07462856625587679,2850,137,6.3600797353934455,ok
adjacent,completed_t,asinh_rb_inc_farm_w99,asinh farm income,farm-exit,farmdep_continuous,"Baseline farm-dependence, continuous winsorized z",continuous,continuous farm-dependence interaction,all,stackyear,none,DID at -1 SD,-1.9808933083912577,0.5347319893975575,0.0002118414643396039,2850,137,6.3600797353934455,ok
adjacent,completed_t,asinh_rb_inc_farm_w99,asinh farm income,farm-exit,farmdep_continuous,"Baseline farm-dependence, continuous winsorized z",continuous,continuous farm-dependence interaction,all,stackyear,farm_income_only,DID at mean modifier,-1.2226165427548814,0.5333903172732203,0.02189634803876382,2850,137,6.3600797353934455,ok
adjacent,completed_t,asinh_rb_inc_farm_w99,asinh farm income,farm-exit,farmdep_continuous,"Baseline farm-dependence, continuous winsorized z",continuous,continuous farm-dependence interaction,all,stackyear,farm_income_only,heterogeneity slope,0.22469104535754608,0.4040843204569469,0.5781767438777334,2850,137,6.3600797353934455,ok
adjacent,completed_t,asinh_rb_inc_farm_w99,asinh farm income,farm-exit,farmdep_continuous,"Baseline farm-dependence, continuous winsorized z",continuous,continuous farm-dependence interaction,all,stackyear,farm_income_only,DID at +1 SD,-0.9979254973973353,0.6059945605264202,0.09960810040958122,2850,137,6.3600797353934455,ok
adjacent,completed_t,asinh_rb_inc_farm_w99,asinh farm income,farm-exit,farmdep_continuous,"Baseline farm-dependence, continuous winsorized z",continuous,continuous farm-dependence interaction,all,stackyear,farm_income_only,DID at -1 SD,-1.4473075881124275,0.7268764199039264,0.04646627314845181,2850,137,6.3600797353934455,ok
adjacent,completed_t,asinh_rb_inc_farm_w99,asinh farm income,farm-exit,farmdep_continuous,"Baseline farm-dependence, continuous winsorized z",continuous,continuous farm-dependence interaction,all,stackyear,other_baseline,DID at mean modifier,-1.452827066610826,0.5406786856888837,0.007208759647590095,2642,136,6.3600797353934455,ok
adjacent,completed_t,asinh_rb_inc_farm_w99,asinh farm income,farm-exit,farmdep_continuous,"Baseline farm-dependence, continuous winsorized z",continuous,continuous farm-dependence interaction,all,stackyear,other_baseline,heterogeneity slope,0.29200679638887045,0.3987892036880485,0.4640260879989374,2642,136,6.3600797353934455,ok
adjacent,completed_t,asinh_rb_inc_farm_w99,asinh farm income,farm-exit,farmdep_continuous,"Baseline farm-dependence, continuous winsorized z",continuous,continuous farm-dependence interaction,all,stackyear,other_baseline,DID at +1 SD,-1.1608202702219557,0.6125693102186659,0.05809209297142802,2642,136,6.3600797353934455,ok
adjacent,completed_t,asinh_rb_inc_farm_w99,asinh farm income,farm-exit,farmdep_continuous,"Baseline farm-dependence, continuous winsorized z",continuous,continuous farm-dependence interaction,all,stackyear,other_baseline,DID at -1 SD,-1.7448338629996964,0.726286018350237,0.016287621551922458,2642,136,6.3600797353934455,ok
adjacent,completed_t,asinh_rb_inc_farm_w99,asinh farm income,farm-exit,farmdep_continuous,"Baseline farm-dependence, continuous winsorized z",continuous,continuous farm-dependence interaction,all,provyear,none,DID at mean modifier,-1.383631832021037,0.9330438886350674,0.13809498673687431,2846,136,6.3600797353934455,ok
adjacent,completed_t,asinh_rb_inc_farm_w99,asinh farm income,farm-exit,farmdep_continuous,"Baseline farm-dependence, continuous winsorized z",continuous,continuous farm-dependence interaction,all,provyear,none,heterogeneity slope,0.2877459952730387,0.4805821032969804,0.5493431329852194,2846,136,6.3600797353934455,ok
adjacent,completed_t,asinh_rb_inc_farm_w99,asinh farm income,farm-exit,farmdep_continuous,"Baseline farm-dependence, continuous winsorized z",continuous,continuous farm-dependence interaction,all,provyear,none,DID at +1 SD,-1.0958858367479984,1.2716018139157235,0.388789190963571,2846,136,6.3600797353934455,ok
adjacent,completed_t,asinh_rb_inc_farm_w99,asinh farm income,farm-exit,farmdep_continuous,"Baseline farm-dependence, continuous winsorized z",continuous,continuous farm-dependence interaction,all,provyear,none,DID at -1 SD,-1.6713778272940756,0.7655644578371159,0.029021324867750185,2846,136,6.3600797353934455,ok
adjacent,completed_t,asinh_rb_inc_farm_w99,asinh farm income,farm-exit,farmdep_continuous,"Baseline farm-dependence, continuous winsorized z",continuous,continuous farm-dependence interaction,all,provyear,farm_income_only,DID at mean modifier,-1.735446427751578,1.2093277471595618,0.15127269828851428,2846,136,6.3600797353934455,ok
adjacent,completed_t,asinh_rb_inc_farm_w99,asinh farm income,farm-exit,farmdep_continuous,"Baseline farm-dependence, continuous winsorized z",continuous,continuous farm-dependence interaction,all,provyear,farm_income_only,heterogeneity slope,-0.27536962517908736,0.3981511358014955,0.48917546728922756,2846,136,6.3600797353934455,ok
adjacent,completed_t,asinh_rb_inc_farm_w99,asinh farm income,farm-exit,farmdep_continuous,"Baseline farm-dependence, continuous winsorized z",continuous,continuous farm-dependence interaction,all,provyear,farm_income_only,DID at +1 SD,-2.0108160529306653,1.4545175540445974,0.1668297204533783,2846,136,6.3600797353934455,ok
adjacent,completed_t,asinh_rb_inc_farm_w99,asinh farm income,farm-exit,farmdep_continuous,"Baseline farm-dependence, continuous winsorized z",continuous,continuous farm-dependence interaction,all,provyear,farm_income_only,DID at -1 SD,-1.4600768025724906,1.0613079378560237,0.16890418010635333,2846,136,6.3600797353934455,ok
adjacent,completed_t,asinh_rb_inc_farm_w99,asinh farm income,farm-exit,farmdep_continuous,"Baseline farm-dependence, continuous winsorized z",continuous,continuous farm-dependence interaction,all,provyear,other_baseline,DID at mean modifier,-1.8250291820723867,1.226173626870573,0.13664707970943576,2636,134,6.3600797353934455,ok
adjacent,completed_t,asinh_rb_inc_farm_w99,asinh farm income,farm-exit,farmdep_continuous,"Baseline farm-dependence, continuous winsorized z",continuous,continuous farm-dependence interaction,all,provyear,other_baseline,heterogeneity slope,-0.23115332121786375,0.4006162634085849,0.5639432710776123,2636,134,6.3600797353934455,ok
adjacent,completed_t,asinh_rb_inc_farm_w99,asinh farm income,farm-exit,farmdep_continuous,"Baseline farm-dependence, continuous winsorized z",continuous,continuous farm-dependence interaction,all,provyear,other_baseline,DID at +1 SD,-2.0561825032902505,1.4676779713837924,0.16122106881692655,2636,134,6.3600797353934455,ok
adjacent,completed_t,asinh_rb_inc_farm_w99,asinh farm income,farm-exit,farmdep_continuous,"Baseline farm-dependence, continuous winsorized z",continuous,continuous farm-dependence interaction,all,provyear,other_baseline,DID at -1 SD,-1.593875860854523,1.08347204846066,0.14126903390945314,2636,134,6.3600797353934455,ok
adjacent,completed_t,asinh_rb_inc_farm_w99,asinh farm income,farm-exit,farmdep_top_tercile,Top tercile baseline farm-dependence,binary_top,top-third split,all,stackyear,none,lower/rest DID,-1.8217276739353545,0.4566177635864023,6.618148554120123e-05,2850,137,6.3600797353934455,ok
adjacent,completed_t,asinh_rb_inc_farm_w99,asinh farm income,farm-exit,farmdep_top_tercile,Top tercile baseline farm-dependence,binary_top,top-third split,all,stackyear,none,top-minus-rest differential,0.7195949012162576,0.759885400053896,0.34364989237170873,2850,137,6.3600797353934455,ok
adjacent,completed_t,asinh_rb_inc_farm_w99,asinh farm income,farm-exit,farmdep_top_tercile,Top tercile baseline farm-dependence,binary_top,top-third split,all,stackyear,none,top group DID,-1.1021327727190968,0.6478133388869979,0.0888843678683219,2850,137,6.3600797353934455,ok
adjacent,completed_t,asinh_rb_inc_farm_w99,asinh farm income,farm-exit,farmdep_top_tercile,Top tercile baseline farm-dependence,binary_top,top-third split,all,stackyear,farm_income_only,lower/rest DID,-1.3073020135838354,0.6746758955539728,0.0526629948488213,2850,137,6.3600797353934455,ok
adjacent,completed_t,asinh_rb_inc_farm_w99,asinh farm income,farm-exit,farmdep_top_tercile,Top tercile baseline farm-dependence,binary_top,top-third split,all,stackyear,farm_income_only,top-minus-rest differential,0.2805140776953512,0.851094693650087,0.7417082012448719,2850,137,6.3600797353934455,ok
adjacent,completed_t,asinh_rb_inc_farm_w99,asinh farm income,farm-exit,farmdep_top_tercile,Top tercile baseline farm-dependence,binary_top,top-third split,all,stackyear,farm_income_only,top group DID,-1.0267879358884842,0.6875948507790342,0.13535770708071845,2850,137,6.3600797353934455,ok
adjacent,completed_t,asinh_rb_inc_farm_w99,asinh farm income,farm-exit,farmdep_top_tercile,Top tercile baseline farm-dependence,binary_top,top-third split,all,stackyear,other_baseline,lower/rest DID,-1.5796568738262458,0.6873043816271045,0.021542634073462255,2642,136,6.3600797353934455,ok
adjacent,completed_t,asinh_rb_inc_farm_w99,asinh farm income,farm-exit,farmdep_top_tercile,Top tercile baseline farm-dependence,binary_top,top-third split,all,stackyear,other_baseline,top-minus-rest differential,0.3977270020144589,0.8658798312819185,0.645995201605388,2642,136,6.3600797353934455,ok
adjacent,completed_t,asinh_rb_inc_farm_w99,asinh farm income,farm-exit,farmdep_top_tercile,Top tercile baseline farm-dependence,binary_top,top-third split,all,stackyear,other_baseline,top group DID,-1.181929871811787,0.6983909155419742,0.09057707532684109,2642,136,6.3600797353934455,ok
adjacent,completed_t,asinh_rb_inc_farm_w99,asinh farm income,farm-exit,farmdep_top_tercile,Top tercile baseline farm-dependence,binary_top,top-third split,all,provyear,none,lower/rest DID,-1.5758832993935004,0.7801684788289424,0.04339097022095528,2846,136,6.3600797353934455,ok
adjacent,completed_t,asinh_rb_inc_farm_w99,asinh farm income,farm-exit,farmdep_top_tercile,Top tercile baseline farm-dependence,binary_top,top-third split,all,provyear,none,top-minus-rest differential,0.4102632396722058,0.8654527572731188,0.6354680755373194,2846,136,6.3600797353934455,ok
adjacent,completed_t,asinh_rb_inc_farm_w99,asinh farm income,farm-exit,farmdep_top_tercile,Top tercile baseline farm-dependence,binary_top,top-third split,all,provyear,none,top group DID,-1.1656200597212947,1.266624402982182,0.35743843826572685,2846,136,6.3600797353934455,ok
adjacent,completed_t,asinh_rb_inc_farm_w99,asinh farm income,farm-exit,farmdep_top_tercile,Top tercile baseline farm-dependence,binary_top,top-third split,all,provyear,farm_income_only,lower/rest DID,-1.526417182070591,1.086812859280545,0.16017315461300907,2846,136,6.3600797353934455,ok
adjacent,completed_t,asinh_rb_inc_farm_w99,asinh farm income,farm-exit,farmdep_top_tercile,Top tercile baseline farm-dependence,binary_top,top-third split,all,provyear,farm_income_only,top-minus-rest differential,-0.5774751445886583,0.7591898367053234,0.4468681965167466,2846,136,6.3600797353934455,ok
adjacent,completed_t,asinh_rb_inc_farm_w99,asinh farm income,farm-exit,farmdep_top_tercile,Top tercile baseline farm-dependence,binary_top,top-third split,all,provyear,farm_income_only,top group DID,-2.103892326659249,1.4390426885563112,0.14373894077140972,2846,136,6.3600797353934455,ok
adjacent,completed_t,asinh_rb_inc_farm_w99,asinh farm income,farm-exit,farmdep_top_tercile,Top tercile baseline farm-dependence,binary_top,top-third split,all,provyear,other_baseline,lower/rest DID,-1.6432362993331353,1.1106159560860933,0.13898749674538963,2636,134,6.3600797353934455,ok
adjacent,completed_t,asinh_rb_inc_farm_w99,asinh farm income,farm-exit,farmdep_top_tercile,Top tercile baseline farm-dependence,binary_top,top-third split,all,provyear,other_baseline,top-minus-rest differential,-0.5479843348149547,0.7781741497151969,0.4813129531638187,2636,134,6.3600797353934455,ok
adjacent,completed_t,asinh_rb_inc_farm_w99,asinh farm income,farm-exit,farmdep_top_tercile,Top tercile baseline farm-dependence,binary_top,top-third split,all,provyear,other_baseline,top group DID,-2.19122063414809,1.460286940953558,0.13347428457690316,2636,134,6.3600797353934455,ok
adjacent,completed_t,asinh_rb_inc_farm_w99,asinh farm income,farm-exit,farmdep_top_vs_bottom,Top versus bottom tercile baseline farm-dependence,binary_top_bottom,clean top-minus-bottom contrast,top_bottom_farmdep,stackyear,none,bottom group DID,-2.8294212524661404,0.7832371031355952,0.00030329313714874115,1920,131,6.038519886517698,ok
adjacent,completed_t,asinh_rb_inc_farm_w99,asinh farm income,farm-exit,farmdep_top_vs_bottom,Top versus bottom tercile baseline farm-dependence,binary_top_bottom,clean top-minus-bottom contrast,top_bottom_farmdep,stackyear,none,top-minus-bottom differential,1.6127885599940388,1.0307778046694351,0.11766907961997297,1920,131,6.038519886517698,ok
adjacent,completed_t,asinh_rb_inc_farm_w99,asinh farm income,farm-exit,farmdep_top_vs_bottom,Top versus bottom tercile baseline farm-dependence,binary_top_bottom,clean top-minus-bottom contrast,top_bottom_farmdep,stackyear,none,top group DID,-1.2166326924721016,0.6462629907374493,0.05975921628384549,1920,131,6.038519886517698,ok
adjacent,completed_t,asinh_rb_inc_farm_w99,asinh farm income,farm-exit,farmdep_top_vs_bottom,Top versus bottom tercile baseline farm-dependence,binary_top_bottom,clean top-minus-bottom contrast,top_bottom_farmdep,stackyear,farm_income_only,bottom group DID,-3.1155195520145895,0.763855466001508,4.529275526934886e-05,1920,131,6.038519886517698,ok
adjacent,completed_t,asinh_rb_inc_farm_w99,asinh farm income,farm-exit,farmdep_top_vs_bottom,Top versus bottom tercile baseline farm-dependence,binary_top_bottom,clean top-minus-bottom contrast,top_bottom_farmdep,stackyear,farm_income_only,top-minus-bottom differential,1.9936010551638383,1.0282303515548126,0.0525176348841246,1920,131,6.038519886517698,ok
adjacent,completed_t,asinh_rb_inc_farm_w99,asinh farm income,farm-exit,farmdep_top_vs_bottom,Top versus bottom tercile baseline farm-dependence,binary_top_bottom,clean top-minus-bottom contrast,top_bottom_farmdep,stackyear,farm_income_only,top group DID,-1.1219184968507512,0.6891682570808314,0.10353947824966667,1920,131,6.038519886517698,ok
adjacent,completed_t,asinh_rb_inc_farm_w99,asinh farm income,farm-exit,farmdep_top_vs_bottom,Top versus bottom tercile baseline farm-dependence,binary_top_bottom,clean top-minus-bottom contrast,top_bottom_farmdep,stackyear,other_baseline,bottom group DID,-3.159294714652783,0.7644899950912699,3.587574522856834e-05,1790,130,6.038519886517698,ok
adjacent,completed_t,asinh_rb_inc_farm_w99,asinh farm income,farm-exit,farmdep_top_vs_bottom,Top versus bottom tercile baseline farm-dependence,binary_top_bottom,clean top-minus-bottom contrast,top_bottom_farmdep,stackyear,other_baseline,top-minus-bottom differential,1.8764826204332967,1.0112167305240762,0.06350088160170725,1790,130,6.038519886517698,ok
adjacent,completed_t,asinh_rb_inc_farm_w99,asinh farm income,farm-exit,farmdep_top_vs_bottom,Top versus bottom tercile baseline farm-dependence,binary_top_bottom,clean top-minus-bottom contrast,top_bottom_farmdep,stackyear,other_baseline,top group DID,-1.2828120942194865,0.6876805769086024,0.06212276133791239,1790,130,6.038519886517698,ok
adjacent,completed_t,asinh_rb_inc_farm_w99,asinh farm income,farm-exit,farmdep_top_vs_bottom,Top versus bottom tercile baseline farm-dependence,binary_top_bottom,clean top-minus-bottom contrast,top_bottom_farmdep,provyear,none,bottom group DID,-2.4887356205486073,0.6465724109247327,0.00011854231194725412,1916,130,6.038519886517698,ok
adjacent,completed_t,asinh_rb_inc_farm_w99,asinh farm income,farm-exit,farmdep_top_vs_bottom,Top versus bottom tercile baseline farm-dependence,binary_top_bottom,clean top-minus-bottom contrast,top_bottom_farmdep,provyear,none,top-minus-bottom differential,-0.15628482584299008,1.9998467480270021,0.937710006361963,1916,130,6.038519886517698,ok
adjacent,completed_t,asinh_rb_inc_farm_w99,asinh farm income,farm-exit,farmdep_top_vs_bottom,Top versus bottom tercile baseline farm-dependence,binary_top_bottom,clean top-minus-bottom contrast,top_bottom_farmdep,provyear,none,top group DID,-2.645020446391597,2.03714458040092,0.19415128084552136,1916,130,6.038519886517698,ok
adjacent,completed_t,asinh_rb_inc_farm_w99,asinh farm income,farm-exit,farmdep_top_vs_bottom,Top versus bottom tercile baseline farm-dependence,binary_top_bottom,clean top-minus-bottom contrast,top_bottom_farmdep,provyear,farm_income_only,bottom group DID,-2.7194260218404738,0.6299966620090639,1.5847092580919475e-05,1916,130,6.038519886517698,ok
adjacent,completed_t,asinh_rb_inc_farm_w99,asinh farm income,farm-exit,farmdep_top_vs_bottom,Top versus bottom tercile baseline farm-dependence,binary_top_bottom,clean top-minus-bottom contrast,top_bottom_farmdep,provyear,farm_income_only,top-minus-bottom differential,-0.042479825066236154,1.8153481763969181,0.9813309072078678,1916,130,6.038519886517698,ok
adjacent,completed_t,asinh_rb_inc_farm_w99,asinh farm income,farm-exit,farmdep_top_vs_bottom,Top versus bottom tercile baseline farm-dependence,binary_top_bottom,clean top-minus-bottom contrast,top_bottom_farmdep,provyear,farm_income_only,top group DID,-2.7619058469067097,1.9197430394642598,0.15023974209280053,1916,130,6.038519886517698,ok
adjacent,completed_t,asinh_rb_inc_farm_w99,asinh farm income,farm-exit,farmdep_top_vs_bottom,Top versus bottom tercile baseline farm-dependence,binary_top_bottom,clean top-minus-bottom contrast,top_bottom_farmdep,provyear,other_baseline,bottom group DID,-2.789885357595835,0.7077835358879808,8.089898471350079e-05,1784,128,6.038519886517698,ok
adjacent,completed_t,asinh_rb_inc_farm_w99,asinh farm income,farm-exit,farmdep_top_vs_bottom,Top versus bottom tercile baseline farm-dependence,binary_top_bottom,clean top-minus-bottom contrast,top_bottom_farmdep,provyear,other_baseline,top-minus-bottom differential,0.13439893197301478,1.7271273376149043,0.9379740545358394,1784,128,6.038519886517698,ok
adjacent,completed_t,asinh_rb_inc_farm_w99,asinh farm income,farm-exit,farmdep_top_vs_bottom,Top versus bottom tercile baseline farm-dependence,binary_top_bottom,clean top-minus-bottom contrast,top_bottom_farmdep,provyear,other_baseline,top group DID,-2.6554864256228203,1.8877446120904733,0.15951698180098617,1784,128,6.038519886517698,ok
adjacent,completed_t,asinh_rb_inc_farm_w99,asinh farm income,farm-exit,farmdep_ordered_tercile,Ordered tercile score of baseline farm-dependence,continuous,ordered farm-dependence gradient,all,stackyear,none,DID at mean modifier,-1.4662309958841826,0.4084591887377844,0.00033110524373119175,2850,137,6.3600797353934455,ok
adjacent,completed_t,asinh_rb_inc_farm_w99,asinh farm income,farm-exit,farmdep_ordered_tercile,Ordered tercile score of baseline farm-dependence,continuous,ordered farm-dependence gradient,all,stackyear,none,heterogeneity slope,0.7285994214505402,0.4423800427705332,0.09955828232821627,2850,137,6.3600797353934455,ok
adjacent,completed_t,asinh_rb_inc_farm_w99,asinh farm income,farm-exit,farmdep_ordered_tercile,Ordered tercile score of baseline farm-dependence,continuous,ordered farm-dependence gradient,all,stackyear,none,DID at +1 SD,-0.7376315744336424,0.6103114823352831,0.2268108147115645,2850,137,6.3600797353934455,ok
adjacent,completed_t,asinh_rb_inc_farm_w99,asinh farm income,farm-exit,farmdep_ordered_tercile,Ordered tercile score of baseline farm-dependence,continuous,ordered farm-dependence gradient,all,stackyear,none,DID at -1 SD,-2.194830417334723,0.5937995593983588,0.00021880926264456691,2850,137,6.3600797353934455,ok
adjacent,completed_t,asinh_rb_inc_farm_w99,asinh farm income,farm-exit,farmdep_ordered_tercile,Ordered tercile score of baseline farm-dependence,continuous,ordered farm-dependence gradient,all,stackyear,farm_income_only,DID at mean modifier,-1.3129736125012972,0.49279007064639185,0.007713335587629468,2850,137,6.3600797353934455,ok
adjacent,completed_t,asinh_rb_inc_farm_w99,asinh farm income,farm-exit,farmdep_ordered_tercile,Ordered tercile score of baseline farm-dependence,continuous,ordered farm-dependence gradient,all,stackyear,farm_income_only,heterogeneity slope,0.7169564352013537,0.44667723586308705,0.10847435895731347,2850,137,6.3600797353934455,ok
adjacent,completed_t,asinh_rb_inc_farm_w99,asinh farm income,farm-exit,farmdep_ordered_tercile,Ordered tercile score of baseline farm-dependence,continuous,ordered farm-dependence gradient,all,stackyear,farm_income_only,DID at +1 SD,-0.5960171772999435,0.589221269056167,0.3117610545187952,2850,137,6.3600797353934455,ok
adjacent,completed_t,asinh_rb_inc_farm_w99,asinh farm income,farm-exit,farmdep_ordered_tercile,Ordered tercile score of baseline farm-dependence,continuous,ordered farm-dependence gradient,all,stackyear,farm_income_only,DID at -1 SD,-2.029930047702651,0.7331735876474054,0.005628223677598259,2850,137,6.3600797353934455,ok
adjacent,completed_t,asinh_rb_inc_farm_w99,asinh farm income,farm-exit,farmdep_ordered_tercile,Ordered tercile score of baseline farm-dependence,continuous,ordered farm-dependence gradient,all,stackyear,other_baseline,DID at mean modifier,-1.5200491351272478,0.49618346696428484,0.0021877734338514652,2642,136,6.3600797353934455,ok
adjacent,completed_t,asinh_rb_inc_farm_w99,asinh farm income,farm-exit,farmdep_ordered_tercile,Ordered tercile score of baseline farm-dependence,continuous,ordered farm-dependence gradient,all,stackyear,other_baseline,heterogeneity slope,0.7102541083294788,0.4390300839269748,0.10571000864352233,2642,136,6.3600797353934455,ok
adjacent,completed_t,asinh_rb_inc_farm_w99,asinh farm income,farm-exit,farmdep_ordered_tercile,Ordered tercile score of baseline farm-dependence,continuous,ordered farm-dependence gradient,all,stackyear,other_baseline,DID at +1 SD,-0.809795026797769,0.6009719430131377,0.17782710814719815,2642,136,6.3600797353934455,ok
adjacent,completed_t,asinh_rb_inc_farm_w99,asinh farm income,farm-exit,farmdep_ordered_tercile,Ordered tercile score of baseline farm-dependence,continuous,ordered farm-dependence gradient,all,stackyear,other_baseline,DID at -1 SD,-2.2303032434567265,0.7188349036282685,0.001917871913594726,2642,136,6.3600797353934455,ok
adjacent,completed_t,asinh_rb_inc_farm_w99,asinh farm income,farm-exit,farmdep_ordered_tercile,Ordered tercile score of baseline farm-dependence,continuous,ordered farm-dependence gradient,all,provyear,none,DID at mean modifier,-1.4570166696539424,1.0909029792303537,0.18167805644904433,2846,136,6.3600797353934455,ok
adjacent,completed_t,asinh_rb_inc_farm_w99,asinh farm income,farm-exit,farmdep_ordered_tercile,Ordered tercile score of baseline farm-dependence,continuous,ordered farm-dependence gradient,all,provyear,none,heterogeneity slope,0.4055615881515866,0.645007285662244,0.5294992804787741,2846,136,6.3600797353934455,ok
adjacent,completed_t,asinh_rb_inc_farm_w99,asinh farm income,farm-exit,farmdep_ordered_tercile,Ordered tercile score of baseline farm-dependence,continuous,ordered farm-dependence gradient,all,provyear,none,DID at +1 SD,-1.0514550815023558,1.6273890395438415,0.5182149841369665,2846,136,6.3600797353934455,ok
adjacent,completed_t,asinh_rb_inc_farm_w99,asinh farm income,farm-exit,farmdep_ordered_tercile,Ordered tercile score of baseline farm-dependence,continuous,ordered farm-dependence gradient,all,provyear,none,DID at -1 SD,-1.862578257805529,0.7508743778253772,0.01311814228647928,2846,136,6.3600797353934455,ok
adjacent,completed_t,asinh_rb_inc_farm_w99,asinh farm income,farm-exit,farmdep_ordered_tercile,Ordered tercile score of baseline farm-dependence,continuous,ordered farm-dependence gradient,all,provyear,farm_income_only,DID at mean modifier,-1.5621693178709743,1.2829993517169278,0.22337918309203508,2846,136,6.3600797353934455,ok
adjacent,completed_t,asinh_rb_inc_farm_w99,asinh farm income,farm-exit,farmdep_ordered_tercile,Ordered tercile score of baseline farm-dependence,continuous,ordered farm-dependence gradient,all,provyear,farm_income_only,heterogeneity slope,0.13765442410375606,0.5684196080951155,0.8086481022724009,2846,136,6.3600797353934455,ok
adjacent,completed_t,asinh_rb_inc_farm_w99,asinh farm income,farm-exit,farmdep_ordered_tercile,Ordered tercile score of baseline farm-dependence,continuous,ordered farm-dependence gradient,all,provyear,farm_income_only,DID at +1 SD,-1.4245148937672183,1.7327590330049025,0.4110154884071633,2846,136,6.3600797353934455,ok
adjacent,completed_t,asinh_rb_inc_farm_w99,asinh farm income,farm-exit,farmdep_ordered_tercile,Ordered tercile score of baseline farm-dependence,continuous,ordered farm-dependence gradient,all,provyear,farm_income_only,DID at -1 SD,-1.6998237419747304,0.9674308803661573,0.07890940801714476,2846,136,6.3600797353934455,ok
adjacent,completed_t,asinh_rb_inc_farm_w99,asinh farm income,farm-exit,farmdep_ordered_tercile,Ordered tercile score of baseline farm-dependence,continuous,ordered farm-dependence gradient,all,provyear,other_baseline,DID at mean modifier,-1.658441664662359,1.3091182022133068,0.20521295387765237,2636,134,6.3600797353934455,ok
adjacent,completed_t,asinh_rb_inc_farm_w99,asinh farm income,farm-exit,farmdep_ordered_tercile,Ordered tercile score of baseline farm-dependence,continuous,ordered farm-dependence gradient,all,provyear,other_baseline,heterogeneity slope,0.16848830678997756,0.5674609946135489,0.7665305623049747,2636,134,6.3600797353934455,ok
adjacent,completed_t,asinh_rb_inc_farm_w99,asinh farm income,farm-exit,farmdep_ordered_tercile,Ordered tercile score of baseline farm-dependence,continuous,ordered farm-dependence gradient,all,provyear,other_baseline,DID at +1 SD,-1.4899533578723814,1.7488415985568893,0.39423303408293475,2636,134,6.3600797353934455,ok
adjacent,completed_t,asinh_rb_inc_farm_w99,asinh farm income,farm-exit,farmdep_ordered_tercile,Ordered tercile score of baseline farm-dependence,continuous,ordered farm-dependence gradient,all,provyear,other_baseline,DID at -1 SD,-1.8269299714523366,1.0065574790865057,0.06951961224919705,2636,134,6.3600797353934455,ok
adjacent,completed_t,asinh_rb_inc_farm_w99,asinh farm income,farm-exit,farm_orientation_continuous,"Pre-specified farm-orientation index, continuous z",continuous,pre-specified index interaction,all,stackyear,none,DID at mean modifier,-1.5805100683351259,0.42655446065035457,0.0002111449255759668,2916,138,6.3600797353934455,ok
adjacent,completed_t,asinh_rb_inc_farm_w99,asinh farm income,farm-exit,farm_orientation_continuous,"Pre-specified farm-orientation index, continuous z",continuous,pre-specified index interaction,all,stackyear,none,heterogeneity slope,0.8950316344798084,0.5395990706915358,0.0971767615858545,2916,138,6.3600797353934455,ok
adjacent,completed_t,asinh_rb_inc_farm_w99,asinh farm income,farm-exit,farm_orientation_continuous,"Pre-specified farm-orientation index, continuous z",continuous,pre-specified index interaction,all,stackyear,none,DID at +1 SD,-0.6854784338553175,0.6836587117927369,0.3160240956489222,2916,138,6.3600797353934455,ok
adjacent,completed_t,asinh_rb_inc_farm_w99,asinh farm income,farm-exit,farm_orientation_continuous,"Pre-specified farm-orientation index, continuous z",continuous,pre-specified index interaction,all,stackyear,none,DID at -1 SD,-2.475541702814934,0.6919844620897665,0.0003469589392189156,2916,138,6.3600797353934455,ok
adjacent,completed_t,asinh_rb_inc_farm_w99,asinh farm income,farm-exit,farm_orientation_continuous,"Pre-specified farm-orientation index, continuous z",continuous,pre-specified index interaction,all,stackyear,farm_income_only,DID at mean modifier,-1.5805100683351259,0.42655446065035457,0.0002111449255759668,2916,138,6.3600797353934455,ok
adjacent,completed_t,asinh_rb_inc_farm_w99,asinh farm income,farm-exit,farm_orientation_continuous,"Pre-specified farm-orientation index, continuous z",continuous,pre-specified index interaction,all,stackyear,farm_income_only,heterogeneity slope,0.8950316344798084,0.5395990706915358,0.0971767615858545,2916,138,6.3600797353934455,ok
adjacent,completed_t,asinh_rb_inc_farm_w99,asinh farm income,farm-exit,farm_orientation_continuous,"Pre-specified farm-orientation index, continuous z",continuous,pre-specified index interaction,all,stackyear,farm_income_only,DID at +1 SD,-0.6854784338553175,0.6836587117927369,0.3160240956489222,2916,138,6.3600797353934455,ok
adjacent,completed_t,asinh_rb_inc_farm_w99,asinh farm income,farm-exit,farm_orientation_continuous,"Pre-specified farm-orientation index, continuous z",continuous,pre-specified index interaction,all,stackyear,farm_income_only,DID at -1 SD,-2.475541702814934,0.6919844620897665,0.0003469589392189156,2916,138,6.3600797353934455,ok
adjacent,completed_t,asinh_rb_inc_farm_w99,asinh farm income,farm-exit,farm_orientation_continuous,"Pre-specified farm-orientation index, continuous z",continuous,pre-specified index interaction,all,stackyear,other_baseline,DID at mean modifier,-1.5805100683351259,0.42655446065035457,0.0002111449255759668,2916,138,6.3600797353934455,ok
adjacent,completed_t,asinh_rb_inc_farm_w99,asinh farm income,farm-exit,farm_orientation_continuous,"Pre-specified farm-orientation index, continuous z",continuous,pre-specified index interaction,all,stackyear,other_baseline,heterogeneity slope,0.8950316344798084,0.5395990706915358,0.0971767615858545,2916,138,6.3600797353934455,ok
adjacent,completed_t,asinh_rb_inc_farm_w99,asinh farm income,farm-exit,farm_orientation_continuous,"Pre-specified farm-orientation index, continuous z",continuous,pre-specified index interaction,all,stackyear,other_baseline,DID at +1 SD,-0.6854784338553175,0.6836587117927369,0.3160240956489222,2916,138,6.3600797353934455,ok
adjacent,completed_t,asinh_rb_inc_farm_w99,asinh farm income,farm-exit,farm_orientation_continuous,"Pre-specified farm-orientation index, continuous z",continuous,pre-specified index interaction,all,stackyear,other_baseline,DID at -1 SD,-2.475541702814934,0.6919844620897665,0.0003469589392189156,2916,138,6.3600797353934455,ok
adjacent,completed_t,asinh_rb_inc_farm_w99,asinh farm income,farm-exit,farm_orientation_continuous,"Pre-specified farm-orientation index, continuous z",continuous,pre-specified index interaction,all,provyear,none,DID at mean modifier,-1.2499904289767647,0.9528845877023701,0.18958889050424865,2912,137,6.3600797353934455,ok
adjacent,completed_t,asinh_rb_inc_farm_w99,asinh farm income,farm-exit,farm_orientation_continuous,"Pre-specified farm-orientation index, continuous z",continuous,pre-specified index interaction,all,provyear,none,heterogeneity slope,1.0082254499084213,0.6353478183128128,0.11253814827338461,2912,137,6.3600797353934455,ok
adjacent,completed_t,asinh_rb_inc_farm_w99,asinh farm income,farm-exit,farm_orientation_continuous,"Pre-specified farm-orientation index, continuous z",continuous,pre-specified index interaction,all,provyear,none,DID at +1 SD,-0.24176497906834338,1.3803291513105804,0.8609615842951774,2912,137,6.3600797353934455,ok
adjacent,completed_t,asinh_rb_inc_farm_w99,asinh farm income,farm-exit,farm_orientation_continuous,"Pre-specified farm-orientation index, continuous z",continuous,pre-specified index interaction,all,provyear,none,DID at -1 SD,-2.258215878885186,0.847350700402936,0.007698122759689797,2912,137,6.3600797353934455,ok
adjacent,completed_t,asinh_rb_inc_farm_w99,asinh farm income,farm-exit,farm_orientation_continuous,"Pre-specified farm-orientation index, continuous z",continuous,pre-specified index interaction,all,provyear,farm_income_only,DID at mean modifier,-1.2499904289767647,0.9528845877023701,0.18958889050424865,2912,137,6.3600797353934455,ok
adjacent,completed_t,asinh_rb_inc_farm_w99,asinh farm income,farm-exit,farm_orientation_continuous,"Pre-specified farm-orientation index, continuous z",continuous,pre-specified index interaction,all,provyear,farm_income_only,heterogeneity slope,1.0082254499084213,0.6353478183128128,0.11253814827338461,2912,137,6.3600797353934455,ok
adjacent,completed_t,asinh_rb_inc_farm_w99,asinh farm income,farm-exit,farm_orientation_continuous,"Pre-specified farm-orientation index, continuous z",continuous,pre-specified index interaction,all,provyear,farm_income_only,DID at +1 SD,-0.24176497906834338,1.3803291513105804,0.8609615842951774,2912,137,6.3600797353934455,ok
adjacent,completed_t,asinh_rb_inc_farm_w99,asinh farm income,farm-exit,farm_orientation_continuous,"Pre-specified farm-orientation index, continuous z",continuous,pre-specified index interaction,all,provyear,farm_income_only,DID at -1 SD,-2.258215878885186,0.847350700402936,0.007698122759689797,2912,137,6.3600797353934455,ok
adjacent,completed_t,asinh_rb_inc_farm_w99,asinh farm income,farm-exit,farm_orientation_continuous,"Pre-specified farm-orientation index, continuous z",continuous,pre-specified index interaction,all,provyear,other_baseline,DID at mean modifier,-1.2499904289767647,0.9528845877023701,0.18958889050424865,2912,137,6.3600797353934455,ok
adjacent,completed_t,asinh_rb_inc_farm_w99,asinh farm income,farm-exit,farm_orientation_continuous,"Pre-specified farm-orientation index, continuous z",continuous,pre-specified index interaction,all,provyear,other_baseline,heterogeneity slope,1.0082254499084213,0.6353478183128128,0.11253814827338461,2912,137,6.3600797353934455,ok
adjacent,completed_t,asinh_rb_inc_farm_w99,asinh farm income,farm-exit,farm_orientation_continuous,"Pre-specified farm-orientation index, continuous z",continuous,pre-specified index interaction,all,provyear,other_baseline,DID at +1 SD,-0.24176497906834338,1.3803291513105804,0.8609615842951774,2912,137,6.3600797353934455,ok
adjacent,completed_t,asinh_rb_inc_farm_w99,asinh farm income,farm-exit,farm_orientation_continuous,"Pre-specified farm-orientation index, continuous z",continuous,pre-specified index interaction,all,provyear,other_baseline,DID at -1 SD,-2.258215878885186,0.847350700402936,0.007698122759689797,2912,137,6.3600797353934455,ok
adjacent,completed_t,asinh_rb_inc_farm_w99,asinh farm income,farm-exit,farm_orientation_top_tercile,Top tercile pre-specified farm-orientation index,binary_top,pre-specified index top-third split,all,stackyear,none,lower/rest DID,-1.867922885999893,0.4726125375012822,7.739241989058937e-05,2916,138,6.3600797353934455,ok
adjacent,completed_t,asinh_rb_inc_farm_w99,asinh farm income,farm-exit,farm_orientation_top_tercile,Top tercile pre-specified farm-orientation index,binary_top,pre-specified index top-third split,all,stackyear,none,top-minus-rest differential,0.6188353661944143,0.77872810314706,0.42680286920826793,2916,138,6.3600797353934455,ok
adjacent,completed_t,asinh_rb_inc_farm_w99,asinh farm income,farm-exit,farm_orientation_top_tercile,Top tercile pre-specified farm-orientation index,binary_top,pre-specified index top-third split,all,stackyear,none,top group DID,-1.249087519805479,0.7017479648484839,0.07508152473297772,2916,138,6.3600797353934455,ok
adjacent,completed_t,asinh_rb_inc_farm_w99,asinh farm income,farm-exit,farm_orientation_top_tercile,Top tercile pre-specified farm-orientation index,binary_top,pre-specified index top-third split,all,stackyear,farm_income_only,lower/rest DID,-1.867922885999893,0.4726125375012822,7.739241989058937e-05,2916,138,6.3600797353934455,ok
adjacent,completed_t,asinh_rb_inc_farm_w99,asinh farm income,farm-exit,farm_orientation_top_tercile,Top tercile pre-specified farm-orientation index,binary_top,pre-specified index top-third split,all,stackyear,farm_income_only,top-minus-rest differential,0.6188353661944143,0.77872810314706,0.42680286920826793,2916,138,6.3600797353934455,ok
adjacent,completed_t,asinh_rb_inc_farm_w99,asinh farm income,farm-exit,farm_orientation_top_tercile,Top tercile pre-specified farm-orientation index,binary_top,pre-specified index top-third split,all,stackyear,farm_income_only,top group DID,-1.249087519805479,0.7017479648484839,0.07508152473297772,2916,138,6.3600797353934455,ok
adjacent,completed_t,asinh_rb_inc_farm_w99,asinh farm income,farm-exit,farm_orientation_top_tercile,Top tercile pre-specified farm-orientation index,binary_top,pre-specified index top-third split,all,stackyear,other_baseline,lower/rest DID,-1.867922885999893,0.4726125375012822,7.739241989058937e-05,2916,138,6.3600797353934455,ok
adjacent,completed_t,asinh_rb_inc_farm_w99,asinh farm income,farm-exit,farm_orientation_top_tercile,Top tercile pre-specified farm-orientation index,binary_top,pre-specified index top-third split,all,stackyear,other_baseline,top-minus-rest differential,0.6188353661944143,0.77872810314706,0.42680286920826793,2916,138,6.3600797353934455,ok
adjacent,completed_t,asinh_rb_inc_farm_w99,asinh farm income,farm-exit,farm_orientation_top_tercile,Top tercile pre-specified farm-orientation index,binary_top,pre-specified index top-third split,all,stackyear,other_baseline,top group DID,-1.249087519805479,0.7017479648484839,0.07508152473297772,2916,138,6.3600797353934455,ok
adjacent,completed_t,asinh_rb_inc_farm_w99,asinh farm income,farm-exit,farm_orientation_top_tercile,Top tercile pre-specified farm-orientation index,binary_top,pre-specified index top-third split,all,provyear,none,lower/rest DID,-1.7916396506396466,0.8256190747837716,0.030002601711509584,2912,137,6.3600797353934455,ok
adjacent,completed_t,asinh_rb_inc_farm_w99,asinh farm income,farm-exit,farm_orientation_top_tercile,Top tercile pre-specified farm-orientation index,binary_top,pre-specified index top-third split,all,provyear,none,top-minus-rest differential,0.695802453554774,0.9039428989093029,0.44145318794558874,2912,137,6.3600797353934455,ok
adjacent,completed_t,asinh_rb_inc_farm_w99,asinh farm income,farm-exit,farm_orientation_top_tercile,Top tercile pre-specified farm-orientation index,binary_top,pre-specified index top-third split,all,provyear,none,top group DID,-1.0958371970848726,1.3541433986763505,0.4183727819850681,2912,137,6.3600797353934455,ok
adjacent,completed_t,asinh_rb_inc_farm_w99,asinh farm income,farm-exit,farm_orientation_top_tercile,Top tercile pre-specified farm-orientation index,binary_top,pre-specified index top-third split,all,provyear,farm_income_only,lower/rest DID,-1.7916396506396466,0.8256190747837716,0.030002601711509584,2912,137,6.3600797353934455,ok
adjacent,completed_t,asinh_rb_inc_farm_w99,asinh farm income,farm-exit,farm_orientation_top_tercile,Top tercile pre-specified farm-orientation index,binary_top,pre-specified index top-third split,all,provyear,farm_income_only,top-minus-rest differential,0.695802453554774,0.9039428989093029,0.44145318794558874,2912,137,6.3600797353934455,ok
adjacent,completed_t,asinh_rb_inc_farm_w99,asinh farm income,farm-exit,farm_orientation_top_tercile,Top tercile pre-specified farm-orientation index,binary_top,pre-specified index top-third split,all,provyear,farm_income_only,top group DID,-1.0958371970848726,1.3541433986763505,0.4183727819850681,2912,137,6.3600797353934455,ok
adjacent,completed_t,asinh_rb_inc_farm_w99,asinh farm income,farm-exit,farm_orientation_top_tercile,Top tercile pre-specified farm-orientation index,binary_top,pre-specified index top-third split,all,provyear,other_baseline,lower/rest DID,-1.7916396506396466,0.8256190747837716,0.030002601711509584,2912,137,6.3600797353934455,ok
adjacent,completed_t,asinh_rb_inc_farm_w99,asinh farm income,farm-exit,farm_orientation_top_tercile,Top tercile pre-specified farm-orientation index,binary_top,pre-specified index top-third split,all,provyear,other_baseline,top-minus-rest differential,0.695802453554774,0.9039428989093029,0.44145318794558874,2912,137,6.3600797353934455,ok
adjacent,completed_t,asinh_rb_inc_farm_w99,asinh farm income,farm-exit,farm_orientation_top_tercile,Top tercile pre-specified farm-orientation index,binary_top,pre-specified index top-third split,all,provyear,other_baseline,top group DID,-1.0958371970848726,1.3541433986763505,0.4183727819850681,2912,137,6.3600797353934455,ok
adjacent,completed_t,asinh_rb_inc_farm_w99,asinh farm income,farm-exit,bottom_farmdep,Bottom tercile baseline farm-dependence,binary_bottom,exit-side low farm-dependence check,all,stackyear,none,lower/rest DID,-0.6888461439840309,0.49318326105778526,0.16249338372883482,2850,137,6.3600797353934455,ok
adjacent,completed_t,asinh_rb_inc_farm_w99,asinh farm income,farm-exit,bottom_farmdep,Bottom tercile baseline farm-dependence,binary_bottom,exit-side low farm-dependence check,all,stackyear,none,bottom-minus-rest differential,-2.2065429313403144,0.9795308974378408,0.024281054812345954,2850,137,6.3600797353934455,ok
adjacent,completed_t,asinh_rb_inc_farm_w99,asinh farm income,farm-exit,bottom_farmdep,Bottom tercile baseline farm-dependence,binary_bottom,exit-side low farm-dependence check,all,stackyear,none,bottom group DID,-2.895389075324345,0.8284840499689088,0.0004744106370914747,2850,137,6.3600797353934455,ok
adjacent,completed_t,asinh_rb_inc_farm_w99,asinh farm income,farm-exit,bottom_farmdep,Bottom tercile baseline farm-dependence,binary_bottom,exit-side low farm-dependence check,all,stackyear,farm_income_only,lower/rest DID,-0.6732240234796312,0.5074941688438277,0.18465260615988643,2850,137,6.3600797353934455,ok
adjacent,completed_t,asinh_rb_inc_farm_w99,asinh farm income,farm-exit,bottom_farmdep,Bottom tercile baseline farm-dependence,binary_bottom,exit-side low farm-dependence check,all,stackyear,farm_income_only,bottom-minus-rest differential,-2.4557463539721978,0.9582346772968138,0.010383729541153535,2850,137,6.3600797353934455,ok
adjacent,completed_t,asinh_rb_inc_farm_w99,asinh farm income,farm-exit,bottom_farmdep,Bottom tercile baseline farm-dependence,binary_bottom,exit-side low farm-dependence check,all,stackyear,farm_income_only,bottom group DID,-3.1289703774518287,0.8098090720247877,0.00011161965076005209,2850,137,6.3600797353934455,ok
adjacent,completed_t,asinh_rb_inc_farm_w99,asinh farm income,farm-exit,bottom_farmdep,Bottom tercile baseline farm-dependence,binary_bottom,exit-side low farm-dependence check,all,stackyear,other_baseline,lower/rest DID,-0.8707413768270459,0.5295408546173002,0.10010748521592108,2642,136,6.3600797353934455,ok
adjacent,completed_t,asinh_rb_inc_farm_w99,asinh farm income,farm-exit,bottom_farmdep,Bottom tercile baseline farm-dependence,binary_bottom,exit-side low farm-dependence check,all,stackyear,other_baseline,bottom-minus-rest differential,-2.3059907848750267,0.9490679125073113,0.01510954708667233,2642,136,6.3600797353934455,ok
adjacent,completed_t,asinh_rb_inc_farm_w99,asinh farm income,farm-exit,bottom_farmdep,Bottom tercile baseline farm-dependence,binary_bottom,exit-side low farm-dependence check,all,stackyear,other_baseline,bottom group DID,-3.1767321617020725,0.791448155433441,5.974336077123079e-05,2642,136,6.3600797353934455,ok
adjacent,completed_t,asinh_rb_inc_farm_w99,asinh farm income,farm-exit,bottom_farmdep,Bottom tercile baseline farm-dependence,binary_bottom,exit-side low farm-dependence check,all,provyear,none,lower/rest DID,-0.8158407094400846,1.646258787528294,0.6201960047840511,2846,136,6.3600797353934455,ok
adjacent,completed_t,asinh_rb_inc_farm_w99,asinh farm income,farm-exit,bottom_farmdep,Bottom tercile baseline farm-dependence,binary_bottom,exit-side low farm-dependence check,all,provyear,none,bottom-minus-rest differential,-1.3175026920070494,1.638155323350322,0.421246871765648,2846,136,6.3600797353934455,ok
adjacent,completed_t,asinh_rb_inc_farm_w99,asinh farm income,farm-exit,bottom_farmdep,Bottom tercile baseline farm-dependence,binary_bottom,exit-side low farm-dependence check,all,provyear,none,bottom group DID,-2.133343401447134,0.7395937118263378,0.003920604396943041,2846,136,6.3600797353934455,ok
adjacent,completed_t,asinh_rb_inc_farm_w99,asinh farm income,farm-exit,bottom_farmdep,Bottom tercile baseline farm-dependence,binary_bottom,exit-side low farm-dependence check,all,provyear,farm_income_only,lower/rest DID,-0.9238057638042247,1.584688670368846,0.5599220730936454,2846,136,6.3600797353934455,ok
adjacent,completed_t,asinh_rb_inc_farm_w99,asinh farm income,farm-exit,bottom_farmdep,Bottom tercile baseline farm-dependence,binary_bottom,exit-side low farm-dependence check,all,provyear,farm_income_only,bottom-minus-rest differential,-1.4192591030956967,1.5320556698709091,0.3542507816998701,2846,136,6.3600797353934455,ok
adjacent,completed_t,asinh_rb_inc_farm_w99,asinh farm income,farm-exit,bottom_farmdep,Bottom tercile baseline farm-dependence,binary_bottom,exit-side low farm-dependence check,all,provyear,farm_income_only,bottom group DID,-2.3430648668999217,0.7151183131062968,0.0010511287126596788,2846,136,6.3600797353934455,ok
adjacent,completed_t,asinh_rb_inc_farm_w99,asinh farm income,farm-exit,bottom_farmdep,Bottom tercile baseline farm-dependence,binary_bottom,exit-side low farm-dependence check,all,provyear,other_baseline,lower/rest DID,-0.9867541111745629,1.6354430478078492,0.546271993977311,2636,134,6.3600797353934455,ok
adjacent,completed_t,asinh_rb_inc_farm_w99,asinh farm income,farm-exit,bottom_farmdep,Bottom tercile baseline farm-dependence,binary_bottom,exit-side low farm-dependence check,all,provyear,other_baseline,bottom-minus-rest differential,-1.4874062462241902,1.5218229450668186,0.32837880504932826,2636,134,6.3600797353934455,ok
adjacent,completed_t,asinh_rb_inc_farm_w99,asinh farm income,farm-exit,bottom_farmdep,Bottom tercile baseline farm-dependence,binary_bottom,exit-side low farm-dependence check,all,provyear,other_baseline,bottom group DID,-2.474160357398753,0.7735333490231533,0.0013813589881545715,2636,134,6.3600797353934455,ok
adjacent,completed_t,asinh_rb_inc_farm_w99,asinh farm income,farm-exit,nonfarm_orientation_top,Top tercile baseline nonfarm orientation,binary_top,exit-side nonfarm orientation check,all,stackyear,none,lower/rest DID,-1.4271232621568322,0.45515240166897575,0.0017157054402576486,2916,138,6.3600797353934455,ok
adjacent,completed_t,asinh_rb_inc_farm_w99,asinh farm income,farm-exit,nonfarm_orientation_top,Top tercile baseline nonfarm orientation,binary_top,exit-side nonfarm orientation check,all,stackyear,none,top-minus-rest differential,-0.530077023326159,0.6164836692574556,0.38987751008908733,2916,138,6.3600797353934455,ok
adjacent,completed_t,asinh_rb_inc_farm_w99,asinh farm income,farm-exit,nonfarm_orientation_top,Top tercile baseline nonfarm orientation,binary_top,exit-side nonfarm orientation check,all,stackyear,none,top group DID,-1.9572002854829913,0.5564973490859982,0.0004364564153383332,2916,138,6.3600797353934455,ok
adjacent,completed_t,asinh_rb_inc_farm_w99,asinh farm income,farm-exit,nonfarm_orientation_top,Top tercile baseline nonfarm orientation,binary_top,exit-side nonfarm orientation check,all,stackyear,farm_income_only,lower/rest DID,-1.3462865473409877,0.733288236363003,0.06636383962342055,2910,138,6.3600797353934455,ok
adjacent,completed_t,asinh_rb_inc_farm_w99,asinh farm income,farm-exit,nonfarm_orientation_top,Top tercile baseline nonfarm orientation,binary_top,exit-side nonfarm orientation check,all,stackyear,farm_income_only,top-minus-rest differential,0.3633657330048114,0.8482639548212323,0.6683861368944686,2910,138,6.3600797353934455,ok
adjacent,completed_t,asinh_rb_inc_farm_w99,asinh farm income,farm-exit,nonfarm_orientation_top,Top tercile baseline nonfarm orientation,binary_top,exit-side nonfarm orientation check,all,stackyear,farm_income_only,top group DID,-0.9829208143361763,0.7050412085259039,0.1632776172721505,2910,138,6.3600797353934455,ok
adjacent,completed_t,asinh_rb_inc_farm_w99,asinh farm income,farm-exit,nonfarm_orientation_top,Top tercile baseline nonfarm orientation,binary_top,exit-side nonfarm orientation check,all,stackyear,other_baseline,lower/rest DID,-1.4252566233509423,0.7125718640860728,0.045483158662488345,2642,136,6.3600797353934455,ok
adjacent,completed_t,asinh_rb_inc_farm_w99,asinh farm income,farm-exit,nonfarm_orientation_top,Top tercile baseline nonfarm orientation,binary_top,exit-side nonfarm orientation check,all,stackyear,other_baseline,top-minus-rest differential,-0.0028782660978446378,0.9028904044164131,0.9974564795677682,2642,136,6.3600797353934455,ok
adjacent,completed_t,asinh_rb_inc_farm_w99,asinh farm income,farm-exit,nonfarm_orientation_top,Top tercile baseline nonfarm orientation,binary_top,exit-side nonfarm orientation check,all,stackyear,other_baseline,top group DID,-1.4281348894487869,0.723168893488711,0.0482875589376334,2642,136,6.3600797353934455,ok
adjacent,completed_t,asinh_rb_inc_farm_w99,asinh farm income,farm-exit,nonfarm_orientation_top,Top tercile baseline nonfarm orientation,binary_top,exit-side nonfarm orientation check,all,provyear,none,lower/rest DID,-1.057143241720076,0.9216931759188409,0.25139903347904446,2912,137,6.3600797353934455,ok
adjacent,completed_t,asinh_rb_inc_farm_w99,asinh farm income,farm-exit,nonfarm_orientation_top,Top tercile baseline nonfarm orientation,binary_top,exit-side nonfarm orientation check,all,provyear,none,top-minus-rest differential,-0.6820977659657594,0.6470068805164648,0.2917750089718194,2912,137,6.3600797353934455,ok
adjacent,completed_t,asinh_rb_inc_farm_w99,asinh farm income,farm-exit,nonfarm_orientation_top,Top tercile baseline nonfarm orientation,binary_top,exit-side nonfarm orientation check,all,provyear,none,top group DID,-1.7392410076858353,1.0402395522362669,0.09453181452947743,2912,137,6.3600797353934455,ok
adjacent,completed_t,asinh_rb_inc_farm_w99,asinh farm income,farm-exit,nonfarm_orientation_top,Top tercile baseline nonfarm orientation,binary_top,exit-side nonfarm orientation check,all,provyear,farm_income_only,lower/rest DID,-1.8467692595281218,1.216891930633966,0.12911235126809228,2906,137,6.3600797353934455,ok
adjacent,completed_t,asinh_rb_inc_farm_w99,asinh farm income,farm-exit,nonfarm_orientation_top,Top tercile baseline nonfarm orientation,binary_top,exit-side nonfarm orientation check,all,provyear,farm_income_only,top-minus-rest differential,-0.053539581266743214,0.6818747727305243,0.9374158516751365,2906,137,6.3600797353934455,ok
adjacent,completed_t,asinh_rb_inc_farm_w99,asinh farm income,farm-exit,nonfarm_orientation_top,Top tercile baseline nonfarm orientation,binary_top,exit-side nonfarm orientation check,all,provyear,farm_income_only,top group DID,-1.900308840794865,1.2864049751220965,0.13961549042129648,2906,137,6.3600797353934455,ok
adjacent,completed_t,asinh_rb_inc_farm_w99,asinh farm income,farm-exit,nonfarm_orientation_top,Top tercile baseline nonfarm orientation,binary_top,exit-side nonfarm orientation check,all,provyear,other_baseline,lower/rest DID,-1.5866701540385306,1.2006287551143255,0.18632380846358032,2636,134,6.3600797353934455,ok
adjacent,completed_t,asinh_rb_inc_farm_w99,asinh farm income,farm-exit,nonfarm_orientation_top,Top tercile baseline nonfarm orientation,binary_top,exit-side nonfarm orientation check,all,provyear,other_baseline,top-minus-rest differential,-0.3512676884338136,0.7644122124128299,0.6458561079135363,2636,134,6.3600797353934455,ok
adjacent,completed_t,asinh_rb_inc_farm_w99,asinh farm income,farm-exit,nonfarm_orientation_top,Top tercile baseline nonfarm orientation,binary_top,exit-side nonfarm orientation check,all,provyear,other_baseline,top group DID,-1.9379378424723441,1.2463028906088571,0.1199581379062024,2636,134,6.3600797353934455,ok
adjacent,high_sat80_t,any_rentin,Any rented-in land,rent-in,farmdep_continuous,"Baseline farm-dependence, continuous winsorized z",continuous,continuous farm-dependence interaction,all,stackyear,none,DID at mean modifier,-0.03595001590895147,0.048776557857079184,0.4611012449554309,2740,135,0.1260217152616811,ok
adjacent,high_sat80_t,any_rentin,Any rented-in land,rent-in,farmdep_continuous,"Baseline farm-dependence, continuous winsorized z",continuous,continuous farm-dependence interaction,all,stackyear,none,heterogeneity slope,0.04952960791123879,0.033608873002688895,0.14056068562093385,2740,135,0.1260217152616811,ok
adjacent,high_sat80_t,any_rentin,Any rented-in land,rent-in,farmdep_continuous,"Baseline farm-dependence, continuous winsorized z",continuous,continuous farm-dependence interaction,all,stackyear,none,DID at +1 SD,0.013579592002287318,0.05642199665932746,0.8098038850075086,2740,135,0.1260217152616811,ok
adjacent,high_sat80_t,any_rentin,Any rented-in land,rent-in,farmdep_continuous,"Baseline farm-dependence, continuous winsorized z",continuous,continuous farm-dependence interaction,all,stackyear,none,DID at -1 SD,-0.08547962382019025,0.06191910993196339,0.16743129588983918,2740,135,0.1260217152616811,ok
adjacent,high_sat80_t,any_rentin,Any rented-in land,rent-in,farmdep_continuous,"Baseline farm-dependence, continuous winsorized z",continuous,continuous farm-dependence interaction,all,provyear,none,DID at mean modifier,-0.17237535618469524,0.09651752794727433,0.07410756031436257,2734,133,0.1260217152616811,ok
adjacent,high_sat80_t,any_rentin,Any rented-in land,rent-in,farmdep_continuous,"Baseline farm-dependence, continuous winsorized z",continuous,continuous farm-dependence interaction,all,provyear,none,heterogeneity slope,0.0226886587195818,0.027598224079118893,0.4110167129424752,2734,133,0.1260217152616811,ok
adjacent,high_sat80_t,any_rentin,Any rented-in land,rent-in,farmdep_continuous,"Baseline farm-dependence, continuous winsorized z",continuous,continuous farm-dependence interaction,all,provyear,none,DID at +1 SD,-0.14968669746511343,0.10354748763047038,0.14829362941700622,2734,133,0.1260217152616811,ok
adjacent,high_sat80_t,any_rentin,Any rented-in land,rent-in,farmdep_continuous,"Baseline farm-dependence, continuous winsorized z",continuous,continuous farm-dependence interaction,all,provyear,none,DID at -1 SD,-0.19506401490427705,0.09712110044766722,0.044594247252570385,2734,133,0.1260217152616811,ok
adjacent,high_sat80_t,any_rentin,Any rented-in land,rent-in,farmdep_top_tercile,Top tercile baseline farm-dependence,binary_top,top-third split,all,stackyear,none,lower/rest DID,-0.059818870699340096,0.0548784457929991,0.27570218927635004,2740,135,0.1260217152616811,ok
adjacent,high_sat80_t,any_rentin,Any rented-in land,rent-in,farmdep_top_tercile,Top tercile baseline farm-dependence,binary_top,top-third split,all,stackyear,none,top-minus-rest differential,0.0714257329256416,0.06212345815445373,0.2502515833021228,2740,135,0.1260217152616811,ok
adjacent,high_sat80_t,any_rentin,Any rented-in land,rent-in,farmdep_top_tercile,Top tercile baseline farm-dependence,binary_top,top-third split,all,stackyear,none,top group DID,0.011606862226301501,0.06396243806621378,0.8560036042395683,2740,135,0.1260217152616811,ok
adjacent,high_sat80_t,any_rentin,Any rented-in land,rent-in,farmdep_top_tercile,Top tercile baseline farm-dependence,binary_top,top-third split,all,provyear,none,lower/rest DID,-0.18268930698254163,0.09591444158601106,0.05681762793981245,2734,133,0.1260217152616811,ok
adjacent,high_sat80_t,any_rentin,Any rented-in land,rent-in,farmdep_top_tercile,Top tercile baseline farm-dependence,binary_top,top-third split,all,provyear,none,top-minus-rest differential,0.005651525442291395,0.04851429614255828,0.9072626577628362,2734,133,0.1260217152616811,ok
adjacent,high_sat80_t,any_rentin,Any rented-in land,rent-in,farmdep_top_tercile,Top tercile baseline farm-dependence,binary_top,top-third split,all,provyear,none,top group DID,-0.17703778154025024,0.11121031661761187,0.11140297547408536,2734,133,0.1260217152616811,ok
adjacent,high_sat80_t,any_rentin,Any rented-in land,rent-in,farm_orientation_top_tercile,Top tercile pre-specified farm-orientation index,binary_top,pre-specified index top-third split,all,stackyear,none,lower/rest DID,-0.08760004075253484,0.04887149101323916,0.07305980898269539,2822,136,0.1260217152616811,ok
adjacent,high_sat80_t,any_rentin,Any rented-in land,rent-in,farm_orientation_top_tercile,Top tercile pre-specified farm-orientation index,binary_top,pre-specified index top-third split,all,stackyear,none,top-minus-rest differential,0.13909587894099945,0.0655308332697429,0.03378721571941115,2822,136,0.1260217152616811,ok
adjacent,high_sat80_t,any_rentin,Any rented-in land,rent-in,farm_orientation_top_tercile,Top tercile pre-specified farm-orientation index,binary_top,pre-specified index top-third split,all,stackyear,none,top group DID,0.05149583818846461,0.0701934813061808,0.463176056541708,2822,136,0.1260217152616811,ok
adjacent,high_sat80_t,any_rentin,Any rented-in land,rent-in,farm_orientation_top_tercile,Top tercile pre-specified farm-orientation index,binary_top,pre-specified index top-third split,all,provyear,none,lower/rest DID,-0.20861277678590467,0.09684510396558005,0.031233352002708926,2816,134,0.1260217152616811,ok
adjacent,high_sat80_t,any_rentin,Any rented-in land,rent-in,farm_orientation_top_tercile,Top tercile pre-specified farm-orientation index,binary_top,pre-specified index top-third split,all,provyear,none,top-minus-rest differential,0.09573317108000373,0.06294318320112753,0.1282734354360208,2816,134,0.1260217152616811,ok
adjacent,high_sat80_t,any_rentin,Any rented-in land,rent-in,farm_orientation_top_tercile,Top tercile pre-specified farm-orientation index,binary_top,pre-specified index top-third split,all,provyear,none,top group DID,-0.11287960570590094,0.12114293860466017,0.35144580202248477,2816,134,0.1260217152616811,ok
adjacent,high_sat80_t,any_rentin,Any rented-in land,rent-in,bottom_farmdep,Bottom tercile baseline farm-dependence,binary_bottom,exit-side low farm-dependence check,all,stackyear,none,lower/rest DID,0.018738236778803888,0.04161450635304885,0.6525075731424612,2740,135,0.1260217152616811,ok
adjacent,high_sat80_t,any_rentin,Any rented-in land,rent-in,bottom_farmdep,Bottom tercile baseline farm-dependence,binary_bottom,exit-side low farm-dependence check,all,stackyear,none,bottom-minus-rest differential,-0.2007195375130559,0.10609802489799766,0.05851349526688657,2740,135,0.1260217152616811,ok
adjacent,high_sat80_t,any_rentin,Any rented-in land,rent-in,bottom_farmdep,Bottom tercile baseline farm-dependence,binary_bottom,exit-side low farm-dependence check,all,stackyear,none,bottom group DID,-0.181981300734252,0.10413539511271432,0.08054282679236165,2740,135,0.1260217152616811,ok
adjacent,high_sat80_t,any_rentin,Any rented-in land,rent-in,bottom_farmdep,Bottom tercile baseline farm-dependence,binary_bottom,exit-side low farm-dependence check,all,provyear,none,lower/rest DID,-0.10200085924566962,0.08885145730954418,0.2509714154185264,2734,133,0.1260217152616811,ok
adjacent,high_sat80_t,any_rentin,Any rented-in land,rent-in,bottom_farmdep,Bottom tercile baseline farm-dependence,binary_bottom,exit-side low farm-dependence check,all,provyear,none,bottom-minus-rest differential,-0.1639616512721913,0.09639490589709665,0.08895483887128335,2734,133,0.1260217152616811,ok
adjacent,high_sat80_t,any_rentin,Any rented-in land,rent-in,bottom_farmdep,Bottom tercile baseline farm-dependence,binary_bottom,exit-side low farm-dependence check,all,provyear,none,bottom group DID,-0.2659625105178609,0.09613707384775001,0.005666285796940166,2734,133,0.1260217152616811,ok
adjacent,high_sat80_t,asinh_rentin,asinh rented-in area,rent-in,farmdep_continuous,"Baseline farm-dependence, continuous winsorized z",continuous,continuous farm-dependence interaction,all,stackyear,none,DID at mean modifier,-0.06893993224912087,0.08529265488435706,0.41893221247456225,2734,135,0.26419062794158865,ok
adjacent,high_sat80_t,asinh_rentin,asinh rented-in area,rent-in,farmdep_continuous,"Baseline farm-dependence, continuous winsorized z",continuous,continuous farm-dependence interaction,all,stackyear,none,heterogeneity slope,0.08366087574657916,0.05820686975632485,0.15063207672967363,2734,135,0.26419062794158865,ok
adjacent,high_sat80_t,asinh_rentin,asinh rented-in area,rent-in,farmdep_continuous,"Baseline farm-dependence, continuous winsorized z",continuous,continuous farm-dependence interaction,all,stackyear,none,DID at +1 SD,0.014720943497458283,0.09790503630604658,0.8804810632566391,2734,135,0.26419062794158865,ok
adjacent,high_sat80_t,asinh_rentin,asinh rented-in area,rent-in,farmdep_continuous,"Baseline farm-dependence, continuous winsorized z",continuous,continuous farm-dependence interaction,all,stackyear,none,DID at -1 SD,-0.15260080799570003,0.10835292886680685,0.15902210158007923,2734,135,0.26419062794158865,ok
adjacent,high_sat80_t,asinh_rentin,asinh rented-in area,rent-in,farmdep_continuous,"Baseline farm-dependence, continuous winsorized z",continuous,continuous farm-dependence interaction,all,provyear,none,DID at mean modifier,-0.2136975495303882,0.193963227923509,0.2705735944778741,2728,133,0.26419062794158865,ok
adjacent,high_sat80_t,asinh_rentin,asinh rented-in area,rent-in,farmdep_continuous,"Baseline farm-dependence, continuous winsorized z",continuous,continuous farm-dependence interaction,all,provyear,none,heterogeneity slope,0.034548357896933925,0.04894769580776175,0.48029887262819815,2728,133,0.26419062794158865,ok
adjacent,high_sat80_t,asinh_rentin,asinh rented-in area,rent-in,farmdep_continuous,"Baseline farm-dependence, continuous winsorized z",continuous,continuous farm-dependence interaction,all,provyear,none,DID at +1 SD,-0.17914919163345427,0.21098235901617224,0.3958149156823869,2728,133,0.26419062794158865,ok
adjacent,high_sat80_t,asinh_rentin,asinh rented-in area,rent-in,farmdep_continuous,"Baseline farm-dependence, continuous winsorized z",continuous,continuous farm-dependence interaction,all,provyear,none,DID at -1 SD,-0.2482459074273221,0.18847192259528628,0.1877881461866674,2728,133,0.26419062794158865,ok
adjacent,high_sat80_t,asinh_rentin,asinh rented-in area,rent-in,farmdep_top_tercile,Top tercile baseline farm-dependence,binary_top,top-third split,all,stackyear,none,lower/rest DID,-0.11319741041746628,0.09914514908095376,0.2535645080977682,2734,135,0.26419062794158865,ok
adjacent,high_sat80_t,asinh_rentin,asinh rented-in area,rent-in,farmdep_top_tercile,Top tercile baseline farm-dependence,binary_top,top-third split,all,stackyear,none,top-minus-rest differential,0.13167250801190933,0.11798183906817551,0.26440480866746985,2734,135,0.26419062794158865,ok
adjacent,high_sat80_t,asinh_rentin,asinh rented-in area,rent-in,farmdep_top_tercile,Top tercile baseline farm-dependence,binary_top,top-third split,all,stackyear,none,top group DID,0.018475097594443046,0.11272648134895576,0.8698152633396461,2734,135,0.26419062794158865,ok
adjacent,high_sat80_t,asinh_rentin,asinh rented-in area,rent-in,farmdep_top_tercile,Top tercile baseline farm-dependence,binary_top,top-third split,all,provyear,none,lower/rest DID,-0.231247336470758,0.18856175779504347,0.22005776745890804,2728,133,0.26419062794158865,ok
adjacent,high_sat80_t,asinh_rentin,asinh rented-in area,rent-in,farmdep_top_tercile,Top tercile baseline farm-dependence,binary_top,top-third split,all,provyear,none,top-minus-rest differential,0.016823393826528525,0.1051983567351298,0.872943549783984,2728,133,0.26419062794158865,ok
adjacent,high_sat80_t,asinh_rentin,asinh rented-in area,rent-in,farmdep_top_tercile,Top tercile baseline farm-dependence,binary_top,top-third split,all,provyear,none,top group DID,-0.21442394264422948,0.22898489351526735,0.3490616850344408,2728,133,0.26419062794158865,ok
adjacent,high_sat80_t,asinh_rentin,asinh rented-in area,rent-in,farm_orientation_top_tercile,Top tercile pre-specified farm-orientation index,binary_top,pre-specified index top-third split,all,stackyear,none,lower/rest DID,-0.15051801356774294,0.09161744082058525,0.10040425737445001,2816,136,0.26419062794158865,ok
adjacent,high_sat80_t,asinh_rentin,asinh rented-in area,rent-in,farm_orientation_top_tercile,Top tercile pre-specified farm-orientation index,binary_top,pre-specified index top-third split,all,stackyear,none,top-minus-rest differential,0.22801791148530318,0.1242612813009971,0.06650752541270462,2816,136,0.26419062794158865,ok
adjacent,high_sat80_t,asinh_rentin,asinh rented-in area,rent-in,farm_orientation_top_tercile,Top tercile pre-specified farm-orientation index,binary_top,pre-specified index top-third split,all,stackyear,none,top group DID,0.07749989791756023,0.12468583402135883,0.5342303282824459,2816,136,0.26419062794158865,ok
adjacent,high_sat80_t,asinh_rentin,asinh rented-in area,rent-in,farm_orientation_top_tercile,Top tercile pre-specified farm-orientation index,binary_top,pre-specified index top-third split,all,provyear,none,lower/rest DID,-0.2914646425492197,0.19475733621500804,0.1345096518390416,2810,134,0.26419062794158865,ok
adjacent,high_sat80_t,asinh_rentin,asinh rented-in area,rent-in,farm_orientation_top_tercile,Top tercile pre-specified farm-orientation index,binary_top,pre-specified index top-third split,all,provyear,none,top-minus-rest differential,0.16059256888239704,0.1234718412276189,0.19338128341008998,2810,134,0.26419062794158865,ok
adjacent,high_sat80_t,asinh_rentin,asinh rented-in area,rent-in,farm_orientation_top_tercile,Top tercile pre-specified farm-orientation index,binary_top,pre-specified index top-third split,all,provyear,none,top group DID,-0.13087207366682269,0.23946548588102357,0.5847102760755816,2810,134,0.26419062794158865,ok
adjacent,high_sat80_t,asinh_rentin,asinh rented-in area,rent-in,bottom_farmdep,Bottom tercile baseline farm-dependence,binary_bottom,exit-side low farm-dependence check,all,stackyear,none,lower/rest DID,0.03143699290130774,0.07159224745748419,0.6605806077524227,2734,135,0.26419062794158865,ok
adjacent,high_sat80_t,asinh_rentin,asinh rented-in area,rent-in,bottom_farmdep,Bottom tercile baseline farm-dependence,binary_bottom,exit-side low farm-dependence check,all,stackyear,none,bottom-minus-rest differential,-0.37261611022484287,0.17589589561831714,0.034142050199024825,2734,135,0.26419062794158865,ok
adjacent,high_sat80_t,asinh_rentin,asinh rented-in area,rent-in,bottom_farmdep,Bottom tercile baseline farm-dependence,binary_bottom,exit-side low farm-dependence check,all,stackyear,none,bottom group DID,-0.3411791173235351,0.17378457098265926,0.04961943221517298,2734,135,0.26419062794158865,ok
adjacent,high_sat80_t,asinh_rentin,asinh rented-in area,rent-in,bottom_farmdep,Bottom tercile baseline farm-dependence,binary_bottom,exit-side low farm-dependence check,all,provyear,none,lower/rest DID,-0.07044671360527548,0.19303656511395773,0.7151563899175672,2728,133,0.26419062794158865,ok
adjacent,high_sat80_t,asinh_rentin,asinh rented-in area,rent-in,bottom_farmdep,Bottom tercile baseline farm-dependence,binary_bottom,exit-side low farm-dependence check,all,provyear,none,bottom-minus-rest differential,-0.3207554486748512,0.16086222669455472,0.04615465745289432,2728,133,0.26419062794158865,ok
adjacent,high_sat80_t,asinh_rentin,asinh rented-in area,rent-in,bottom_farmdep,Bottom tercile baseline farm-dependence,binary_bottom,exit-side low farm-dependence check,all,provyear,none,bottom group DID,-0.39120216228012666,0.15904224628411381,0.013903870555064885,2728,133,0.26419062794158865,ok
adjacent,high_sat80_t,ib_nonfarm_curr_n,Current nonfarm workers,nonfarm,farmdep_continuous,"Baseline farm-dependence, continuous winsorized z",continuous,continuous farm-dependence interaction,all,stackyear,none,DID at mean modifier,-0.01107867158762147,0.12730533906647765,0.9306521120489002,2884,137,0.5472235405790223,ok
adjacent,high_sat80_t,ib_nonfarm_curr_n,Current nonfarm workers,nonfarm,farmdep_continuous,"Baseline farm-dependence, continuous winsorized z",continuous,continuous farm-dependence interaction,all,stackyear,none,heterogeneity slope,-0.06207571136190017,0.072295943150565,0.39054280576735834,2884,137,0.5472235405790223,ok
adjacent,high_sat80_t,ib_nonfarm_curr_n,Current nonfarm workers,nonfarm,farmdep_continuous,"Baseline farm-dependence, continuous winsorized z",continuous,continuous farm-dependence interaction,all,stackyear,none,DID at +1 SD,-0.07315438294952165,0.10852362586941071,0.5002559010629039,2884,137,0.5472235405790223,ok
adjacent,high_sat80_t,ib_nonfarm_curr_n,Current nonfarm workers,nonfarm,farmdep_continuous,"Baseline farm-dependence, continuous winsorized z",continuous,continuous farm-dependence interaction,all,stackyear,none,DID at -1 SD,0.0509970397742787,0.1763216609775365,0.7724074338203023,2884,137,0.5472235405790223,ok
adjacent,high_sat80_t,ib_nonfarm_curr_n,Current nonfarm workers,nonfarm,farmdep_continuous,"Baseline farm-dependence, continuous winsorized z",continuous,continuous farm-dependence interaction,all,provyear,none,DID at mean modifier,0.13261978152963028,0.15518829953634478,0.3927873988384999,2880,136,0.5472235405790223,ok
adjacent,high_sat80_t,ib_nonfarm_curr_n,Current nonfarm workers,nonfarm,farmdep_continuous,"Baseline farm-dependence, continuous winsorized z",continuous,continuous farm-dependence interaction,all,provyear,none,heterogeneity slope,0.007692676408313143,0.08940880975540653,0.9314351316774192,2880,136,0.5472235405790223,ok
adjacent,high_sat80_t,ib_nonfarm_curr_n,Current nonfarm workers,nonfarm,farmdep_continuous,"Baseline farm-dependence, continuous winsorized z",continuous,continuous farm-dependence interaction,all,provyear,none,DID at +1 SD,0.14031245793794342,0.192998186926811,0.46721714440462125,2880,136,0.5472235405790223,ok
adjacent,high_sat80_t,ib_nonfarm_curr_n,Current nonfarm workers,nonfarm,farmdep_continuous,"Baseline farm-dependence, continuous winsorized z",continuous,continuous farm-dependence interaction,all,provyear,none,DID at -1 SD,0.12492710512131713,0.16403166460377464,0.4462966297778618,2880,136,0.5472235405790223,ok
adjacent,high_sat80_t,ib_nonfarm_curr_n,Current nonfarm workers,nonfarm,farmdep_top_tercile,Top tercile baseline farm-dependence,binary_top,top-third split,all,stackyear,none,lower/rest DID,0.04836152603920439,0.16009051722395254,0.7625844949034425,2884,137,0.5472235405790223,ok
adjacent,high_sat80_t,ib_nonfarm_curr_n,Current nonfarm workers,nonfarm,farmdep_top_tercile,Top tercile baseline farm-dependence,binary_top,top-third split,all,stackyear,none,top-minus-rest differential,-0.15441773463763214,0.14180762139107797,0.27618736336123995,2884,137,0.5472235405790223,ok
adjacent,high_sat80_t,ib_nonfarm_curr_n,Current nonfarm workers,nonfarm,farmdep_top_tercile,Top tercile baseline farm-dependence,binary_top,top-third split,all,stackyear,none,top group DID,-0.10605620859842775,0.1064116048953642,0.3189294873774563,2884,137,0.5472235405790223,ok
adjacent,high_sat80_t,ib_nonfarm_curr_n,Current nonfarm workers,nonfarm,farmdep_top_tercile,Top tercile baseline farm-dependence,binary_top,top-third split,all,provyear,none,lower/rest DID,0.1341869596828183,0.1552302284788856,0.38734714359524836,2880,136,0.5472235405790223,ok
adjacent,high_sat80_t,ib_nonfarm_curr_n,Current nonfarm workers,nonfarm,farmdep_top_tercile,Top tercile baseline farm-dependence,binary_top,top-third split,all,provyear,none,top-minus-rest differential,-0.026194339015358174,0.17590959048451182,0.8816262567019572,2880,136,0.5472235405790223,ok
adjacent,high_sat80_t,ib_nonfarm_curr_n,Current nonfarm workers,nonfarm,farmdep_top_tercile,Top tercile baseline farm-dependence,binary_top,top-third split,all,provyear,none,top group DID,0.10799262066746013,0.20292019436124525,0.5945926252902942,2880,136,0.5472235405790223,ok
adjacent,high_sat80_t,ib_nonfarm_curr_n,Current nonfarm workers,nonfarm,farm_orientation_top_tercile,Top tercile pre-specified farm-orientation index,binary_top,pre-specified index top-third split,all,stackyear,none,lower/rest DID,-0.06111854097004087,0.17095567602957032,0.7207092653127503,2968,138,0.5472235405790223,ok
adjacent,high_sat80_t,ib_nonfarm_curr_n,Current nonfarm workers,nonfarm,farm_orientation_top_tercile,Top tercile pre-specified farm-orientation index,binary_top,pre-specified index top-third split,all,stackyear,none,top-minus-rest differential,0.1365959489233119,0.1921749056524443,0.4772145469045401,2968,138,0.5472235405790223,ok
adjacent,high_sat80_t,ib_nonfarm_curr_n,Current nonfarm workers,nonfarm,farm_orientation_top_tercile,Top tercile pre-specified farm-orientation index,binary_top,pre-specified index top-third split,all,stackyear,none,top group DID,0.07547740795327101,0.10921429793699189,0.4895061142624263,2968,138,0.5472235405790223,ok
adjacent,high_sat80_t,ib_nonfarm_curr_n,Current nonfarm workers,nonfarm,farm_orientation_top_tercile,Top tercile pre-specified farm-orientation index,binary_top,pre-specified index top-third split,all,provyear,none,lower/rest DID,0.08566859362758823,0.1620134288423576,0.5969617872522326,2964,137,0.5472235405790223,ok
adjacent,high_sat80_t,ib_nonfarm_curr_n,Current nonfarm workers,nonfarm,farm_orientation_top_tercile,Top tercile pre-specified farm-orientation index,binary_top,pre-specified index top-third split,all,provyear,none,top-minus-rest differential,0.311051683680022,0.19945589514612835,0.11887782940662892,2964,137,0.5472235405790223,ok
adjacent,high_sat80_t,ib_nonfarm_curr_n,Current nonfarm workers,nonfarm,farm_orientation_top_tercile,Top tercile pre-specified farm-orientation index,binary_top,pre-specified index top-third split,all,provyear,none,top group DID,0.3967202773076102,0.22137272786696863,0.07311824269928466,2964,137,0.5472235405790223,ok
adjacent,high_sat80_t,ib_nonfarm_curr_n,Current nonfarm workers,nonfarm,bottom_farmdep,Bottom tercile baseline farm-dependence,binary_bottom,exit-side low farm-dependence check,all,stackyear,none,lower/rest DID,-0.10971103849299614,0.14946493360412982,0.4629333359638782,2884,137,0.5472235405790223,ok
adjacent,high_sat80_t,ib_nonfarm_curr_n,Current nonfarm workers,nonfarm,bottom_farmdep,Bottom tercile baseline farm-dependence,binary_bottom,exit-side low farm-dependence check,all,stackyear,none,bottom-minus-rest differential,0.3659108073947932,0.1949742725075133,0.06055740087283086,2884,137,0.5472235405790223,ok
adjacent,high_sat80_t,ib_nonfarm_curr_n,Current nonfarm workers,nonfarm,bottom_farmdep,Bottom tercile baseline farm-dependence,binary_bottom,exit-side low farm-dependence check,all,stackyear,none,bottom group DID,0.2561997689017971,0.12666591110731135,0.04311008931765049,2884,137,0.5472235405790223,ok
adjacent,high_sat80_t,ib_nonfarm_curr_n,Current nonfarm workers,nonfarm,bottom_farmdep,Bottom tercile baseline farm-dependence,binary_bottom,exit-side low farm-dependence check,all,provyear,none,lower/rest DID,0.045457428137081146,0.20084990175877793,0.8209483686048089,2880,136,0.5472235405790223,ok
adjacent,high_sat80_t,ib_nonfarm_curr_n,Current nonfarm workers,nonfarm,bottom_farmdep,Bottom tercile baseline farm-dependence,binary_bottom,exit-side low farm-dependence check,all,provyear,none,bottom-minus-rest differential,0.14500977679121277,0.20298824711928073,0.47499518119686746,2880,136,0.5472235405790223,ok
adjacent,high_sat80_t,ib_nonfarm_curr_n,Current nonfarm workers,nonfarm,bottom_farmdep,Bottom tercile baseline farm-dependence,binary_bottom,exit-side low farm-dependence check,all,provyear,none,bottom group DID,0.19046720492829392,0.14933711743129077,0.20216143211834392,2880,136,0.5472235405790223,ok
adjacent,high_sat80_t,ib_nonfarm_curr_ge2,At least two current nonfarm workers,nonfarm,farmdep_continuous,"Baseline farm-dependence, continuous winsorized z",continuous,continuous farm-dependence interaction,all,stackyear,none,DID at mean modifier,-0.03736340111707292,0.05753879764903912,0.5161056282450907,2884,137,0.12482202183198861,ok
adjacent,high_sat80_t,ib_nonfarm_curr_ge2,At least two current nonfarm workers,nonfarm,farmdep_continuous,"Baseline farm-dependence, continuous winsorized z",continuous,continuous farm-dependence interaction,all,stackyear,none,heterogeneity slope,-0.004666188417248798,0.027656377238143952,0.8660167600256107,2884,137,0.12482202183198861,ok
adjacent,high_sat80_t,ib_nonfarm_curr_ge2,At least two current nonfarm workers,nonfarm,farmdep_continuous,"Baseline farm-dependence, continuous winsorized z",continuous,continuous farm-dependence interaction,all,stackyear,none,DID at +1 SD,-0.04202958953432172,0.0408172493792735,0.3031500750466364,2884,137,0.12482202183198861,ok
adjacent,high_sat80_t,ib_nonfarm_curr_ge2,At least two current nonfarm workers,nonfarm,farmdep_continuous,"Baseline farm-dependence, continuous winsorized z",continuous,continuous farm-dependence interaction,all,stackyear,none,DID at -1 SD,-0.03269721269982412,0.08053029881219484,0.6847251609754763,2884,137,0.12482202183198861,ok
adjacent,high_sat80_t,ib_nonfarm_curr_ge2,At least two current nonfarm workers,nonfarm,farmdep_continuous,"Baseline farm-dependence, continuous winsorized z",continuous,continuous farm-dependence interaction,all,provyear,none,DID at mean modifier,0.03625454343298066,0.07216457685283982,0.6153953396874426,2880,136,0.12482202183198861,ok
adjacent,high_sat80_t,ib_nonfarm_curr_ge2,At least two current nonfarm workers,nonfarm,farmdep_continuous,"Baseline farm-dependence, continuous winsorized z",continuous,continuous farm-dependence interaction,all,provyear,none,heterogeneity slope,0.030819397995921045,0.03899942906348662,0.4293802959751618,2880,136,0.12482202183198861,ok
adjacent,high_sat80_t,ib_nonfarm_curr_ge2,At least two current nonfarm workers,nonfarm,farmdep_continuous,"Baseline farm-dependence, continuous winsorized z",continuous,continuous farm-dependence interaction,all,provyear,none,DID at +1 SD,0.0670739414289017,0.08686456859620324,0.44001560506188886,2880,136,0.12482202183198861,ok
adjacent,high_sat80_t,ib_nonfarm_curr_ge2,At least two current nonfarm workers,nonfarm,farmdep_continuous,"Baseline farm-dependence, continuous winsorized z",continuous,continuous farm-dependence interaction,all,provyear,none,DID at -1 SD,0.005435145437059613,0.07688894564142625,0.9436458681823925,2880,136,0.12482202183198861,ok
adjacent,high_sat80_t,ib_nonfarm_curr_ge2,At least two current nonfarm workers,nonfarm,farmdep_top_tercile,Top tercile baseline farm-dependence,binary_top,top-third split,all,stackyear,none,lower/rest DID,-0.04456681191894542,0.0721786009917622,0.5369367202151378,2884,137,0.12482202183198861,ok
adjacent,high_sat80_t,ib_nonfarm_curr_ge2,At least two current nonfarm workers,nonfarm,farmdep_top_tercile,Top tercile baseline farm-dependence,binary_top,top-third split,all,stackyear,none,top-minus-rest differential,0.022186439757133133,0.05020927264542144,0.6585765288260184,2884,137,0.12482202183198861,ok
adjacent,high_sat80_t,ib_nonfarm_curr_ge2,At least two current nonfarm workers,nonfarm,farmdep_top_tercile,Top tercile baseline farm-dependence,binary_top,top-third split,all,stackyear,none,top group DID,-0.022380372161812285,0.035748196593000256,0.5312782256843032,2884,137,0.12482202183198861,ok
adjacent,high_sat80_t,ib_nonfarm_curr_ge2,At least two current nonfarm workers,nonfarm,farmdep_top_tercile,Top tercile baseline farm-dependence,binary_top,top-third split,all,provyear,none,lower/rest DID,0.01139807427913729,0.07161813281732818,0.8735501630007453,2880,136,0.12482202183198861,ok
adjacent,high_sat80_t,ib_nonfarm_curr_ge2,At least two current nonfarm workers,nonfarm,farmdep_top_tercile,Top tercile baseline farm-dependence,binary_top,top-third split,all,provyear,none,top-minus-rest differential,0.09210868492873946,0.06987246228164584,0.18742327008182225,2880,136,0.12482202183198861,ok
adjacent,high_sat80_t,ib_nonfarm_curr_ge2,At least two current nonfarm workers,nonfarm,farmdep_top_tercile,Top tercile baseline farm-dependence,binary_top,top-third split,all,provyear,none,top group DID,0.10350675920787675,0.08516887294368444,0.22424709043081004,2880,136,0.12482202183198861,ok
adjacent,high_sat80_t,ib_nonfarm_curr_ge2,At least two current nonfarm workers,nonfarm,farm_orientation_top_tercile,Top tercile pre-specified farm-orientation index,binary_top,pre-specified index top-third split,all,stackyear,none,lower/rest DID,-0.07283748866985774,0.07903404148540397,0.3567391333019512,2968,138,0.12482202183198861,ok
adjacent,high_sat80_t,ib_nonfarm_curr_ge2,At least two current nonfarm workers,nonfarm,farm_orientation_top_tercile,Top tercile pre-specified farm-orientation index,binary_top,pre-specified index top-third split,all,stackyear,none,top-minus-rest differential,0.10811772086985477,0.07718792098143734,0.16130147746071521,2968,138,0.12482202183198861,ok
adjacent,high_sat80_t,ib_nonfarm_curr_ge2,At least two current nonfarm workers,nonfarm,farm_orientation_top_tercile,Top tercile pre-specified farm-orientation index,binary_top,pre-specified index top-third split,all,stackyear,none,top group DID,0.03528023219999703,0.02461269953887744,0.1517390480530783,2968,138,0.12482202183198861,ok
adjacent,high_sat80_t,ib_nonfarm_curr_ge2,At least two current nonfarm workers,nonfarm,farm_orientation_top_tercile,Top tercile pre-specified farm-orientation index,binary_top,pre-specified index top-third split,all,provyear,none,lower/rest DID,-0.004696313960276921,0.07091338222444094,0.9471978488250089,2964,137,0.12482202183198861,ok
adjacent,high_sat80_t,ib_nonfarm_curr_ge2,At least two current nonfarm workers,nonfarm,farm_orientation_top_tercile,Top tercile pre-specified farm-orientation index,binary_top,pre-specified index top-third split,all,provyear,none,top-minus-rest differential,0.2015028237209839,0.09038314638375203,0.02578536266443304,2964,137,0.12482202183198861,ok
adjacent,high_sat80_t,ib_nonfarm_curr_ge2,At least two current nonfarm workers,nonfarm,farm_orientation_top_tercile,Top tercile pre-specified farm-orientation index,binary_top,pre-specified index top-third split,all,provyear,none,top group DID,0.196806509760707,0.09824508192824065,0.045153683429917886,2964,137,0.12482202183198861,ok
adjacent,high_sat80_t,ib_nonfarm_curr_ge2,At least two current nonfarm workers,nonfarm,bottom_farmdep,Bottom tercile baseline farm-dependence,binary_bottom,exit-side low farm-dependence check,all,stackyear,none,lower/rest DID,-0.0730150167080322,0.0661405109881145,0.26962007748465355,2884,137,0.12482202183198861,ok
adjacent,high_sat80_t,ib_nonfarm_curr_ge2,At least two current nonfarm workers,nonfarm,bottom_farmdep,Bottom tercile baseline farm-dependence,binary_bottom,exit-side low farm-dependence check,all,stackyear,none,bottom-minus-rest differential,0.13937583510818496,0.09046625039254035,0.12340466632988661,2884,137,0.12482202183198861,ok
adjacent,high_sat80_t,ib_nonfarm_curr_ge2,At least two current nonfarm workers,nonfarm,bottom_farmdep,Bottom tercile baseline farm-dependence,binary_bottom,exit-side low farm-dependence check,all,stackyear,none,bottom group DID,0.06636081840015276,0.06505490677352486,0.30769337071035063,2884,137,0.12482202183198861,ok
adjacent,high_sat80_t,ib_nonfarm_curr_ge2,At least two current nonfarm workers,nonfarm,bottom_farmdep,Bottom tercile baseline farm-dependence,binary_bottom,exit-side low farm-dependence check,all,provyear,none,lower/rest DID,-0.004983523194542691,0.08620869401314411,0.9539018336119142,2880,136,0.12482202183198861,ok
adjacent,high_sat80_t,ib_nonfarm_curr_ge2,At least two current nonfarm workers,nonfarm,bottom_farmdep,Bottom tercile baseline farm-dependence,binary_bottom,exit-side low farm-dependence check,all,provyear,none,bottom-minus-rest differential,0.04725864823915756,0.08719820395483104,0.5878404554549242,2880,136,0.12482202183198861,ok
adjacent,high_sat80_t,ib_nonfarm_curr_ge2,At least two current nonfarm workers,nonfarm,bottom_farmdep,Bottom tercile baseline farm-dependence,binary_bottom,exit-side low farm-dependence check,all,provyear,none,bottom group DID,0.04227512504461487,0.07528037892898529,0.5744097252160062,2880,136,0.12482202183198861,ok
adjacent,high_sat80_t,nonfarm_ge2_no_rentin,>=2 nonfarm workers without rent-in,nonfarm,farmdep_continuous,"Baseline farm-dependence, continuous winsorized z",continuous,continuous farm-dependence interaction,all,stackyear,none,DID at mean modifier,0.00956253314059122,0.029233370323879848,0.7435845495762896,2740,135,0.11504208856898865,ok
adjacent,high_sat80_t,nonfarm_ge2_no_rentin,>=2 nonfarm workers without rent-in,nonfarm,farmdep_continuous,"Baseline farm-dependence, continuous winsorized z",continuous,continuous farm-dependence interaction,all,stackyear,none,heterogeneity slope,-0.026387630712292276,0.022275395682227972,0.2361721389378565,2740,135,0.11504208856898865,ok
adjacent,high_sat80_t,nonfarm_ge2_no_rentin,>=2 nonfarm workers without rent-in,nonfarm,farmdep_continuous,"Baseline farm-dependence, continuous winsorized z",continuous,continuous farm-dependence interaction,all,stackyear,none,DID at +1 SD,-0.016825097571701055,0.019442048560776744,0.3868207274156116,2740,135,0.11504208856898865,ok
adjacent,high_sat80_t,nonfarm_ge2_no_rentin,>=2 nonfarm workers without rent-in,nonfarm,farmdep_continuous,"Baseline farm-dependence, continuous winsorized z",continuous,continuous farm-dependence interaction,all,stackyear,none,DID at -1 SD,0.03595016385288349,0.04820345562660667,0.4557879059830978,2740,135,0.11504208856898865,ok
adjacent,high_sat80_t,nonfarm_ge2_no_rentin,>=2 nonfarm workers without rent-in,nonfarm,farmdep_continuous,"Baseline farm-dependence, continuous winsorized z",continuous,continuous farm-dependence interaction,all,provyear,none,DID at mean modifier,0.013792886175563566,0.06837545760695135,0.8401334667291938,2734,133,0.11504208856898865,ok
adjacent,high_sat80_t,nonfarm_ge2_no_rentin,>=2 nonfarm workers without rent-in,nonfarm,farmdep_continuous,"Baseline farm-dependence, continuous winsorized z",continuous,continuous farm-dependence interaction,all,provyear,none,heterogeneity slope,-0.012929262022040311,0.029948619222261136,0.6659487127115027,2734,133,0.11504208856898865,ok
adjacent,high_sat80_t,nonfarm_ge2_no_rentin,>=2 nonfarm workers without rent-in,nonfarm,farmdep_continuous,"Baseline farm-dependence, continuous winsorized z",continuous,continuous farm-dependence interaction,all,provyear,none,DID at +1 SD,0.0008636241535232552,0.07773878730341545,0.9911362367647658,2734,133,0.11504208856898865,ok
adjacent,high_sat80_t,nonfarm_ge2_no_rentin,>=2 nonfarm workers without rent-in,nonfarm,farmdep_continuous,"Baseline farm-dependence, continuous winsorized z",continuous,continuous farm-dependence interaction,all,provyear,none,DID at -1 SD,0.02672214819760388,0.07142077387675322,0.7082920371451114,2734,133,0.11504208856898865,ok
adjacent,high_sat80_t,nonfarm_ge2_no_rentin,>=2 nonfarm workers without rent-in,nonfarm,farmdep_top_tercile,Top tercile baseline farm-dependence,binary_top,top-third split,all,stackyear,none,lower/rest DID,0.017374427652109604,0.04183859462737873,0.6779422576760946,2740,135,0.11504208856898865,ok
adjacent,high_sat80_t,nonfarm_ge2_no_rentin,>=2 nonfarm workers without rent-in,nonfarm,farmdep_top_tercile,Top tercile baseline farm-dependence,binary_top,top-third split,all,stackyear,none,top-minus-rest differential,-0.022010744188718522,0.043475112438527974,0.6126574490880812,2740,135,0.11504208856898865,ok
adjacent,high_sat80_t,nonfarm_ge2_no_rentin,>=2 nonfarm workers without rent-in,nonfarm,farmdep_top_tercile,Top tercile baseline farm-dependence,binary_top,top-third split,all,stackyear,none,top group DID,-0.0046363165366089185,0.020530763099239957,0.821339162656751,2740,135,0.11504208856898865,ok
adjacent,high_sat80_t,nonfarm_ge2_no_rentin,>=2 nonfarm workers without rent-in,nonfarm,farmdep_top_tercile,Top tercile baseline farm-dependence,binary_top,top-third split,all,provyear,none,lower/rest DID,0.01948056033676795,0.06958891163200048,0.77952529747846,2734,133,0.11504208856898865,ok
adjacent,high_sat80_t,nonfarm_ge2_no_rentin,>=2 nonfarm workers without rent-in,nonfarm,farmdep_top_tercile,Top tercile baseline farm-dependence,binary_top,top-third split,all,provyear,none,top-minus-rest differential,0.009423706336415188,0.05581917530715321,0.8659338133778147,2734,133,0.11504208856898865,ok
adjacent,high_sat80_t,nonfarm_ge2_no_rentin,>=2 nonfarm workers without rent-in,nonfarm,farmdep_top_tercile,Top tercile baseline farm-dependence,binary_top,top-third split,all,provyear,none,top group DID,0.02890426667318314,0.07588848587999,0.7032936609026041,2734,133,0.11504208856898865,ok
adjacent,high_sat80_t,nonfarm_ge2_no_rentin,>=2 nonfarm workers without rent-in,nonfarm,farm_orientation_top_tercile,Top tercile pre-specified farm-orientation index,binary_top,pre-specified index top-third split,all,stackyear,none,lower/rest DID,0.009710685834424155,0.04277507706093468,0.8204102293028948,2822,136,0.11504208856898865,ok
adjacent,high_sat80_t,nonfarm_ge2_no_rentin,>=2 nonfarm workers without rent-in,nonfarm,farm_orientation_top_tercile,Top tercile pre-specified farm-orientation index,binary_top,pre-specified index top-third split,all,stackyear,none,top-minus-rest differential,0.0006149107802931664,0.04803394676474805,0.9897860898279834,2822,136,0.11504208856898865,ok
adjacent,high_sat80_t,nonfarm_ge2_no_rentin,>=2 nonfarm workers without rent-in,nonfarm,farm_orientation_top_tercile,Top tercile pre-specified farm-orientation index,binary_top,pre-specified index top-third split,all,stackyear,none,top group DID,0.010325596614717322,0.020141023048795018,0.6081857100958086,2822,136,0.11504208856898865,ok
adjacent,high_sat80_t,nonfarm_ge2_no_rentin,>=2 nonfarm workers without rent-in,nonfarm,farm_orientation_top_tercile,Top tercile pre-specified farm-orientation index,binary_top,pre-specified index top-third split,all,provyear,none,lower/rest DID,0.01562535845296323,0.06722971759755501,0.8162138092471924,2816,134,0.11504208856898865,ok
adjacent,high_sat80_t,nonfarm_ge2_no_rentin,>=2 nonfarm workers without rent-in,nonfarm,farm_orientation_top_tercile,Top tercile pre-specified farm-orientation index,binary_top,pre-specified index top-third split,all,provyear,none,top-minus-rest differential,0.058676476515415146,0.05624208797643423,0.2968167297403782,2816,134,0.11504208856898865,ok
adjacent,high_sat80_t,nonfarm_ge2_no_rentin,>=2 nonfarm workers without rent-in,nonfarm,farm_orientation_top_tercile,Top tercile pre-specified farm-orientation index,binary_top,pre-specified index top-third split,all,provyear,none,top group DID,0.07430183496837837,0.07408913634079657,0.31592317992447483,2816,134,0.11504208856898865,ok
adjacent,high_sat80_t,nonfarm_ge2_no_rentin,>=2 nonfarm workers without rent-in,nonfarm,bottom_farmdep,Bottom tercile baseline farm-dependence,binary_bottom,exit-side low farm-dependence check,all,stackyear,none,lower/rest DID,-0.016135443365040116,0.028325325800721095,0.5689169883005876,2740,135,0.11504208856898865,ok
adjacent,high_sat80_t,nonfarm_ge2_no_rentin,>=2 nonfarm workers without rent-in,nonfarm,bottom_farmdep,Bottom tercile baseline farm-dependence,binary_bottom,exit-side low farm-dependence check,all,stackyear,none,bottom-minus-rest differential,0.08135246355079911,0.066812314349521,0.22336583085593387,2740,135,0.11504208856898865,ok
adjacent,high_sat80_t,nonfarm_ge2_no_rentin,>=2 nonfarm workers without rent-in,nonfarm,bottom_farmdep,Bottom tercile baseline farm-dependence,binary_bottom,exit-side low farm-dependence check,all,stackyear,none,bottom group DID,0.065217020185759,0.0636222974437596,0.3053322973237158,2740,135,0.11504208856898865,ok
adjacent,high_sat80_t,nonfarm_ge2_no_rentin,>=2 nonfarm workers without rent-in,nonfarm,bottom_farmdep,Bottom tercile baseline farm-dependence,binary_bottom,exit-side low farm-dependence check,all,provyear,none,lower/rest DID,-0.0015156221365338236,0.08119385629598387,0.9851069855186277,2734,133,0.11504208856898865,ok
adjacent,high_sat80_t,nonfarm_ge2_no_rentin,>=2 nonfarm workers without rent-in,nonfarm,bottom_farmdep,Bottom tercile baseline farm-dependence,binary_bottom,exit-side low farm-dependence check,all,provyear,none,bottom-minus-rest differential,0.03970894847572683,0.08702776842157302,0.6481893189637944,2734,133,0.11504208856898865,ok
adjacent,high_sat80_t,nonfarm_ge2_no_rentin,>=2 nonfarm workers without rent-in,nonfarm,bottom_farmdep,Bottom tercile baseline farm-dependence,binary_bottom,exit-side low farm-dependence check,all,provyear,none,bottom group DID,0.03819332633919301,0.07853537110902373,0.6267402591511806,2734,133,0.11504208856898865,ok
adjacent,signoff_or_issue_t,any_rentin,Any rented-in land,rent-in,farmdep_continuous,"Baseline farm-dependence, continuous winsorized z",continuous,continuous farm-dependence interaction,all,stackyear,none,DID at mean modifier,-0.047981323897693724,0.05582712033574693,0.39008532664336404,2746,135,0.12555891238670694,ok
adjacent,signoff_or_issue_t,any_rentin,Any rented-in land,rent-in,farmdep_continuous,"Baseline farm-dependence, continuous winsorized z",continuous,continuous farm-dependence interaction,all,stackyear,none,heterogeneity slope,0.0586676231611233,0.037148902972276805,0.11427737911047785,2746,135,0.12555891238670694,ok
adjacent,signoff_or_issue_t,any_rentin,Any rented-in land,rent-in,farmdep_continuous,"Baseline farm-dependence, continuous winsorized z",continuous,continuous farm-dependence interaction,all,stackyear,none,DID at +1 SD,0.010686299263429573,0.06096252342893341,0.8608494679473593,2746,135,0.12555891238670694,ok
adjacent,signoff_or_issue_t,any_rentin,Any rented-in land,rent-in,farmdep_continuous,"Baseline farm-dependence, continuous winsorized z",continuous,continuous farm-dependence interaction,all,stackyear,none,DID at -1 SD,-0.10664894705881703,0.07264287612166767,0.14206980624284668,2746,135,0.12555891238670694,ok
adjacent,signoff_or_issue_t,any_rentin,Any rented-in land,rent-in,farmdep_continuous,"Baseline farm-dependence, continuous winsorized z",continuous,continuous farm-dependence interaction,all,provyear,none,DID at mean modifier,-0.19935846606804417,0.10387750257162752,0.054962969679571774,2740,133,0.12555891238670694,ok
adjacent,signoff_or_issue_t,any_rentin,Any rented-in land,rent-in,farmdep_continuous,"Baseline farm-dependence, continuous winsorized z",continuous,continuous farm-dependence interaction,all,provyear,none,heterogeneity slope,0.027584427116992345,0.029832675854660144,0.3551542156393529,2740,133,0.12555891238670694,ok
adjacent,signoff_or_issue_t,any_rentin,Any rented-in land,rent-in,farmdep_continuous,"Baseline farm-dependence, continuous winsorized z",continuous,continuous farm-dependence interaction,all,provyear,none,DID at +1 SD,-0.1717740389510518,0.10922066586549184,0.11578257797338772,2740,133,0.12555891238670694,ok
adjacent,signoff_or_issue_t,any_rentin,Any rented-in land,rent-in,farmdep_continuous,"Baseline farm-dependence, continuous winsorized z",continuous,continuous farm-dependence interaction,all,provyear,none,DID at -1 SD,-0.22694289318503652,0.10692003706618322,0.03379176020918564,2740,133,0.12555891238670694,ok
adjacent,signoff_or_issue_t,any_rentin,Any rented-in land,rent-in,farmdep_top_tercile,Top tercile baseline farm-dependence,binary_top,top-third split,all,stackyear,none,lower/rest DID,-0.07441620572979958,0.06395867684358472,0.24462488985195252,2746,135,0.12555891238670694,ok
adjacent,signoff_or_issue_t,any_rentin,Any rented-in land,rent-in,farmdep_top_tercile,Top tercile baseline farm-dependence,binary_top,top-third split,all,stackyear,none,top-minus-rest differential,0.08486487856334077,0.06908171236715338,0.21927021856527185,2746,135,0.12555891238670694,ok
adjacent,signoff_or_issue_t,any_rentin,Any rented-in land,rent-in,farmdep_top_tercile,Top tercile baseline farm-dependence,binary_top,top-third split,all,stackyear,none,top group DID,0.010448672833541187,0.07027857289656837,0.8818100216092994,2746,135,0.12555891238670694,ok
adjacent,signoff_or_issue_t,any_rentin,Any rented-in land,rent-in,farmdep_top_tercile,Top tercile baseline farm-dependence,binary_top,top-third split,all,provyear,none,lower/rest DID,-0.21150742172464224,0.10537297294522256,0.04472555314615928,2740,133,0.12555891238670694,ok
adjacent,signoff_or_issue_t,any_rentin,Any rented-in land,rent-in,farmdep_top_tercile,Top tercile baseline farm-dependence,binary_top,top-third split,all,provyear,none,top-minus-rest differential,0.011406475420577525,0.05233114538193925,0.8274546350046703,2740,133,0.12555891238670694,ok
adjacent,signoff_or_issue_t,any_rentin,Any rented-in land,rent-in,farmdep_top_tercile,Top tercile baseline farm-dependence,binary_top,top-third split,all,provyear,none,top group DID,-0.20010094630406472,0.11718497722877459,0.0877171179666568,2740,133,0.12555891238670694,ok
adjacent,signoff_or_issue_t,any_rentin,Any rented-in land,rent-in,farm_orientation_top_tercile,Top tercile pre-specified farm-orientation index,binary_top,pre-specified index top-third split,all,stackyear,none,lower/rest DID,-0.10450008939498454,0.05540395961908741,0.059274960621256194,2828,136,0.12555891238670694,ok
adjacent,signoff_or_issue_t,any_rentin,Any rented-in land,rent-in,farm_orientation_top_tercile,Top tercile pre-specified farm-orientation index,binary_top,pre-specified index top-third split,all,stackyear,none,top-minus-rest differential,0.1581719331768263,0.07095705171828978,0.025805780866892097,2828,136,0.12555891238670694,ok
adjacent,signoff_or_issue_t,any_rentin,Any rented-in land,rent-in,farm_orientation_top_tercile,Top tercile pre-specified farm-orientation index,binary_top,pre-specified index top-third split,all,stackyear,none,top group DID,0.053671843781841755,0.07720594323905419,0.486943996538479,2828,136,0.12555891238670694,ok
adjacent,signoff_or_issue_t,any_rentin,Any rented-in land,rent-in,farm_orientation_top_tercile,Top tercile pre-specified farm-orientation index,binary_top,pre-specified index top-third split,all,provyear,none,lower/rest DID,-0.24202271362180455,0.10710669190302134,0.02384351689849308,2822,134,0.12555891238670694,ok
adjacent,signoff_or_issue_t,any_rentin,Any rented-in land,rent-in,farm_orientation_top_tercile,Top tercile pre-specified farm-orientation index,binary_top,pre-specified index top-third split,all,provyear,none,top-minus-rest differential,0.10677968899894029,0.06440829328239563,0.09734649258066504,2822,134,0.12555891238670694,ok
adjacent,signoff_or_issue_t,any_rentin,Any rented-in land,rent-in,farm_orientation_top_tercile,Top tercile pre-specified farm-orientation index,binary_top,pre-specified index top-third split,all,provyear,none,top group DID,-0.13524302462286425,0.1264334694268382,0.28476454325125844,2822,134,0.12555891238670694,ok
adjacent,signoff_or_issue_t,any_rentin,Any rented-in land,rent-in,bottom_farmdep,Bottom tercile baseline farm-dependence,binary_bottom,exit-side low farm-dependence check,all,stackyear,none,lower/rest DID,0.017458019910669385,0.046721962183303725,0.7086590160468598,2746,135,0.12555891238670694,ok
adjacent,signoff_or_issue_t,any_rentin,Any rented-in land,rent-in,bottom_farmdep,Bottom tercile baseline farm-dependence,binary_bottom,exit-side low farm-dependence check,all,stackyear,none,bottom-minus-rest differential,-0.2457023554943525,0.12038897063128808,0.04126035052251551,2746,135,0.12555891238670694,ok
adjacent,signoff_or_issue_t,any_rentin,Any rented-in land,rent-in,bottom_farmdep,Bottom tercile baseline farm-dependence,binary_bottom,exit-side low farm-dependence check,all,stackyear,none,bottom group DID,-0.2282443355836831,0.11701240583419943,0.05110471155717389,2746,135,0.12555891238670694,ok
adjacent,signoff_or_issue_t,any_rentin,Any rented-in land,rent-in,bottom_farmdep,Bottom tercile baseline farm-dependence,binary_bottom,exit-side low farm-dependence check,all,provyear,none,lower/rest DID,-0.11671217116813487,0.10432516715630687,0.2632533918251567,2740,133,0.12555891238670694,ok
adjacent,signoff_or_issue_t,any_rentin,Any rented-in land,rent-in,bottom_farmdep,Bottom tercile baseline farm-dependence,binary_bottom,exit-side low farm-dependence check,all,provyear,none,bottom-minus-rest differential,-0.19146690631121274,0.11909867816203185,0.10791568882198772,2740,133,0.12555891238670694,ok
adjacent,signoff_or_issue_t,any_rentin,Any rented-in land,rent-in,bottom_farmdep,Bottom tercile baseline farm-dependence,binary_bottom,exit-side low farm-dependence check,all,provyear,none,bottom group DID,-0.3081790774793476,0.09656957287043054,0.0014165139584609054,2740,133,0.12555891238670694,ok
adjacent,signoff_or_issue_t,asinh_rentin,asinh rented-in area,rent-in,farmdep_continuous,"Baseline farm-dependence, continuous winsorized z",continuous,continuous farm-dependence interaction,all,stackyear,none,DID at mean modifier,-0.08685787826754524,0.09816937616716248,0.37627761933610515,2740,135,0.26384976715935904,ok
adjacent,signoff_or_issue_t,asinh_rentin,asinh rented-in area,rent-in,farmdep_continuous,"Baseline farm-dependence, continuous winsorized z",continuous,continuous farm-dependence interaction,all,stackyear,none,heterogeneity slope,0.09575834485802555,0.06479789562981196,0.1394612576672705,2740,135,0.26384976715935904,ok
adjacent,signoff_or_issue_t,asinh_rentin,asinh rented-in area,rent-in,farmdep_continuous,"Baseline farm-dependence, continuous winsorized z",continuous,continuous farm-dependence interaction,all,stackyear,none,DID at +1 SD,0.008900466590480313,0.10579857817084133,0.9329558365523576,2740,135,0.26384976715935904,ok
adjacent,signoff_or_issue_t,asinh_rentin,asinh rented-in area,rent-in,farmdep_continuous,"Baseline farm-dependence, continuous winsorized z",continuous,continuous farm-dependence interaction,all,stackyear,none,DID at -1 SD,-0.1826162231255708,0.1283691872967656,0.15485617216934383,2740,135,0.26384976715935904,ok
adjacent,signoff_or_issue_t,asinh_rentin,asinh rented-in area,rent-in,farmdep_continuous,"Baseline farm-dependence, continuous winsorized z",continuous,continuous farm-dependence interaction,all,provyear,none,DID at mean modifier,-0.2668719674944384,0.20831713657106432,0.20016379743008084,2734,133,0.26384976715935904,ok
adjacent,signoff_or_issue_t,asinh_rentin,asinh rented-in area,rent-in,farmdep_continuous,"Baseline farm-dependence, continuous winsorized z",continuous,continuous farm-dependence interaction,all,provyear,none,heterogeneity slope,0.04319286907131231,0.052753344552781585,0.41291750789832915,2734,133,0.26384976715935904,ok
adjacent,signoff_or_issue_t,asinh_rentin,asinh rented-in area,rent-in,farmdep_continuous,"Baseline farm-dependence, continuous winsorized z",continuous,continuous farm-dependence interaction,all,provyear,none,DID at +1 SD,-0.2236790984231261,0.22255523102961003,0.3148728533952735,2734,133,0.26384976715935904,ok
adjacent,signoff_or_issue_t,asinh_rentin,asinh rented-in area,rent-in,farmdep_continuous,"Baseline farm-dependence, continuous winsorized z",continuous,continuous farm-dependence interaction,all,provyear,none,DID at -1 SD,-0.31006483656575073,0.2069469947660531,0.13406015008369415,2734,133,0.26384976715935904,ok
adjacent,signoff_or_issue_t,asinh_rentin,asinh rented-in area,rent-in,farmdep_top_tercile,Top tercile baseline farm-dependence,binary_top,top-third split,all,stackyear,none,lower/rest DID,-0.1326500599988617,0.11625737262705174,0.25386849896962105,2740,135,0.26384976715935904,ok
adjacent,signoff_or_issue_t,asinh_rentin,asinh rented-in area,rent-in,farmdep_top_tercile,Top tercile baseline farm-dependence,binary_top,top-third split,all,stackyear,none,top-minus-rest differential,0.14677137690453426,0.13175000611299856,0.2652730973055527,2740,135,0.26384976715935904,ok
adjacent,signoff_or_issue_t,asinh_rentin,asinh rented-in area,rent-in,farmdep_top_tercile,Top tercile baseline farm-dependence,binary_top,top-third split,all,stackyear,none,top group DID,0.01412131690567256,0.12349791610663576,0.9089646473288424,2740,135,0.26384976715935904,ok
adjacent,signoff_or_issue_t,asinh_rentin,asinh rented-in area,rent-in,farmdep_top_tercile,Top tercile baseline farm-dependence,binary_top,top-third split,all,provyear,none,lower/rest DID,-0.2882495214663838,0.2065138804093909,0.16277845391614276,2734,133,0.26384976715935904,ok
adjacent,signoff_or_issue_t,asinh_rentin,asinh rented-in area,rent-in,farmdep_top_tercile,Top tercile baseline farm-dependence,binary_top,top-third split,all,provyear,none,top-minus-rest differential,0.027622395225006532,0.11445423455651553,0.8092915419575328,2734,133,0.26384976715935904,ok
adjacent,signoff_or_issue_t,asinh_rentin,asinh rented-in area,rent-in,farmdep_top_tercile,Top tercile baseline farm-dependence,binary_top,top-third split,all,provyear,none,top group DID,-0.26062712624137724,0.24139714422440778,0.28029308548325405,2734,133,0.26384976715935904,ok
adjacent,signoff_or_issue_t,asinh_rentin,asinh rented-in area,rent-in,farm_orientation_top_tercile,Top tercile pre-specified farm-orientation index,binary_top,pre-specified index top-third split,all,stackyear,none,lower/rest DID,-0.18021570032326203,0.10511977629415234,0.08645815913459416,2822,136,0.26384976715935904,ok
adjacent,signoff_or_issue_t,asinh_rentin,asinh rented-in area,rent-in,farm_orientation_top_tercile,Top tercile pre-specified farm-orientation index,binary_top,pre-specified index top-third split,all,stackyear,none,top-minus-rest differential,0.27238574264875376,0.1343498846239162,0.042617881462263356,2822,136,0.26384976715935904,ok
adjacent,signoff_or_issue_t,asinh_rentin,asinh rented-in area,rent-in,farm_orientation_top_tercile,Top tercile pre-specified farm-orientation index,binary_top,pre-specified index top-third split,all,stackyear,none,top group DID,0.09217004232549172,0.13522481326737562,0.495488128157067,2822,136,0.26384976715935904,ok
adjacent,signoff_or_issue_t,asinh_rentin,asinh rented-in area,rent-in,farm_orientation_top_tercile,Top tercile pre-specified farm-orientation index,binary_top,pre-specified index top-third split,all,provyear,none,lower/rest DID,-0.3571007912516171,0.21599027226658318,0.098265986090804,2816,134,0.26384976715935904,ok
adjacent,signoff_or_issue_t,asinh_rentin,asinh rented-in area,rent-in,farm_orientation_top_tercile,Top tercile pre-specified farm-orientation index,binary_top,pre-specified index top-third split,all,provyear,none,top-minus-rest differential,0.1792949828792013,0.12776920210724182,0.160535653204264,2816,134,0.26384976715935904,ok
adjacent,signoff_or_issue_t,asinh_rentin,asinh rented-in area,rent-in,farm_orientation_top_tercile,Top tercile pre-specified farm-orientation index,binary_top,pre-specified index top-third split,all,provyear,none,top group DID,-0.1778058083724158,0.25042626462326134,0.4776963100199678,2816,134,0.26384976715935904,ok
adjacent,signoff_or_issue_t,asinh_rentin,asinh rented-in area,rent-in,bottom_farmdep,Bottom tercile baseline farm-dependence,binary_bottom,exit-side low farm-dependence check,all,stackyear,none,lower/rest DID,0.035557951834700036,0.07947623839235675,0.65458370730125,2740,135,0.26384976715935904,ok
adjacent,signoff_or_issue_t,asinh_rentin,asinh rented-in area,rent-in,bottom_farmdep,Bottom tercile baseline farm-dependence,binary_bottom,exit-side low farm-dependence check,all,stackyear,none,bottom-minus-rest differential,-0.46941875438224123,0.2026295008939294,0.02052357989928465,2740,135,0.26384976715935904,ok
adjacent,signoff_or_issue_t,asinh_rentin,asinh rented-in area,rent-in,bottom_farmdep,Bottom tercile baseline farm-dependence,binary_bottom,exit-side low farm-dependence check,all,stackyear,none,bottom group DID,-0.4338608025475412,0.19758169930549674,0.0281023089422879,2740,135,0.26384976715935904,ok
adjacent,signoff_or_issue_t,asinh_rentin,asinh rented-in area,rent-in,bottom_farmdep,Bottom tercile baseline farm-dependence,binary_bottom,exit-side low farm-dependence check,all,provyear,none,lower/rest DID,-0.09800031267776618,0.22534085925674574,0.6636363901322309,2734,133,0.26384976715935904,ok
adjacent,signoff_or_issue_t,asinh_rentin,asinh rented-in area,rent-in,bottom_farmdep,Bottom tercile baseline farm-dependence,binary_bottom,exit-side low farm-dependence check,all,provyear,none,bottom-minus-rest differential,-0.3759349149182801,0.2040465017337391,0.06541691959921146,2734,133,0.26384976715935904,ok
adjacent,signoff_or_issue_t,asinh_rentin,asinh rented-in area,rent-in,bottom_farmdep,Bottom tercile baseline farm-dependence,binary_bottom,exit-side low farm-dependence check,all,provyear,none,bottom group DID,-0.47393522759604634,0.1515012902277184,0.0017584533856282974,2734,133,0.26384976715935904,ok
adjacent,signoff_or_issue_t,ib_nonfarm_curr_n,Current nonfarm workers,nonfarm,farmdep_continuous,"Baseline farm-dependence, continuous winsorized z",continuous,continuous farm-dependence interaction,all,stackyear,none,DID at mean modifier,-0.061331619226455567,0.14355388009528566,0.6692062570323513,2890,137,0.5548371928999647,ok
adjacent,signoff_or_issue_t,ib_nonfarm_curr_n,Current nonfarm workers,nonfarm,farmdep_continuous,"Baseline farm-dependence, continuous winsorized z",continuous,continuous farm-dependence interaction,all,stackyear,none,heterogeneity slope,-0.02910149047920081,0.07980187700373213,0.7153564455465526,2890,137,0.5548371928999647,ok
adjacent,signoff_or_issue_t,ib_nonfarm_curr_n,Current nonfarm workers,nonfarm,farmdep_continuous,"Baseline farm-dependence, continuous winsorized z",continuous,continuous farm-dependence interaction,all,stackyear,none,DID at +1 SD,-0.09043310970565638,0.11824560506482222,0.44439633442100457,2890,137,0.5548371928999647,ok
adjacent,signoff_or_issue_t,ib_nonfarm_curr_n,Current nonfarm workers,nonfarm,farmdep_continuous,"Baseline farm-dependence, continuous winsorized z",continuous,continuous farm-dependence interaction,all,stackyear,none,DID at -1 SD,-0.032230128747254755,0.19992520854138174,0.871927273027441,2890,137,0.5548371928999647,ok
adjacent,signoff_or_issue_t,ib_nonfarm_curr_n,Current nonfarm workers,nonfarm,farmdep_continuous,"Baseline farm-dependence, continuous winsorized z",continuous,continuous farm-dependence interaction,all,provyear,none,DID at mean modifier,0.022437501322488757,0.16593131378825554,0.8924366525411199,2886,136,0.5548371928999647,ok
adjacent,signoff_or_issue_t,ib_nonfarm_curr_n,Current nonfarm workers,nonfarm,farmdep_continuous,"Baseline farm-dependence, continuous winsorized z",continuous,continuous farm-dependence interaction,all,provyear,none,heterogeneity slope,0.03308439439818812,0.09619708232137614,0.7309041532267818,2886,136,0.5548371928999647,ok
adjacent,signoff_or_issue_t,ib_nonfarm_curr_n,Current nonfarm workers,nonfarm,farmdep_continuous,"Baseline farm-dependence, continuous winsorized z",continuous,continuous farm-dependence interaction,all,provyear,none,DID at +1 SD,0.055521895720676874,0.19966177612641947,0.7809511441874575,2886,136,0.5548371928999647,ok
adjacent,signoff_or_issue_t,ib_nonfarm_curr_n,Current nonfarm workers,nonfarm,farmdep_continuous,"Baseline farm-dependence, continuous winsorized z",continuous,continuous farm-dependence interaction,all,provyear,none,DID at -1 SD,-0.010646893075699361,0.18360101916745408,0.9537571580778283,2886,136,0.5548371928999647,ok
adjacent,signoff_or_issue_t,ib_nonfarm_curr_n,Current nonfarm workers,nonfarm,farmdep_top_tercile,Top tercile baseline farm-dependence,binary_top,top-third split,all,stackyear,none,lower/rest DID,-0.021511426124090675,0.17660737242562766,0.903054507294672,2890,137,0.5548371928999647,ok
adjacent,signoff_or_issue_t,ib_nonfarm_curr_n,Current nonfarm workers,nonfarm,farmdep_top_tercile,Top tercile baseline farm-dependence,binary_top,top-third split,all,stackyear,none,top-minus-rest differential,-0.08980387603045421,0.14980497045601773,0.5488582174341424,2890,137,0.5548371928999647,ok
adjacent,signoff_or_issue_t,ib_nonfarm_curr_n,Current nonfarm workers,nonfarm,farmdep_top_tercile,Top tercile baseline farm-dependence,binary_top,top-third split,all,stackyear,none,top group DID,-0.11131530215454488,0.11695672982885574,0.34121626199575505,2890,137,0.5548371928999647,ok
adjacent,signoff_or_issue_t,ib_nonfarm_curr_n,Current nonfarm workers,nonfarm,farmdep_top_tercile,Top tercile baseline farm-dependence,binary_top,top-third split,all,provyear,none,lower/rest DID,0.004597295768543813,0.16659536236335817,0.9779847064046612,2886,136,0.5548371928999647,ok
adjacent,signoff_or_issue_t,ib_nonfarm_curr_n,Current nonfarm workers,nonfarm,farmdep_top_tercile,Top tercile baseline farm-dependence,binary_top,top-third split,all,provyear,none,top-minus-rest differential,0.025105450664841544,0.18892490907385673,0.8942836429115001,2886,136,0.5548371928999647,ok
adjacent,signoff_or_issue_t,ib_nonfarm_curr_n,Current nonfarm workers,nonfarm,farmdep_top_tercile,Top tercile baseline farm-dependence,binary_top,top-third split,all,provyear,none,top group DID,0.029702746433385357,0.22032512483260835,0.8927595284240386,2886,136,0.5548371928999647,ok
adjacent,signoff_or_issue_t,ib_nonfarm_curr_n,Current nonfarm workers,nonfarm,farm_orientation_top_tercile,Top tercile pre-specified farm-orientation index,binary_top,pre-specified index top-third split,all,stackyear,none,lower/rest DID,-0.14827551073968456,0.18548465283412072,0.424061387866571,2974,138,0.5548371928999647,ok
adjacent,signoff_or_issue_t,ib_nonfarm_curr_n,Current nonfarm workers,nonfarm,farm_orientation_top_tercile,Top tercile pre-specified farm-orientation index,binary_top,pre-specified index top-third split,all,stackyear,none,top-minus-rest differential,0.24389583929901548,0.2033969269952412,0.23048412458825107,2974,138,0.5548371928999647,ok
adjacent,signoff_or_issue_t,ib_nonfarm_curr_n,Current nonfarm workers,nonfarm,farm_orientation_top_tercile,Top tercile pre-specified farm-orientation index,binary_top,pre-specified index top-third split,all,stackyear,none,top group DID,0.09562032855933092,0.12034400793930193,0.426870491993798,2974,138,0.5548371928999647,ok
adjacent,signoff_or_issue_t,ib_nonfarm_curr_n,Current nonfarm workers,nonfarm,farm_orientation_top_tercile,Top tercile pre-specified farm-orientation index,binary_top,pre-specified index top-third split,all,provyear,none,lower/rest DID,-0.04700964701357556,0.1746457299451337,0.7877977376640448,2970,137,0.5548371928999647,ok
adjacent,signoff_or_issue_t,ib_nonfarm_curr_n,Current nonfarm workers,nonfarm,farm_orientation_top_tercile,Top tercile pre-specified farm-orientation index,binary_top,pre-specified index top-third split,all,provyear,none,top-minus-rest differential,0.3630098641263922,0.20952648040411118,0.08318013098102607,2970,137,0.5548371928999647,ok
adjacent,signoff_or_issue_t,ib_nonfarm_curr_n,Current nonfarm workers,nonfarm,farm_orientation_top_tercile,Top tercile pre-specified farm-orientation index,binary_top,pre-specified index top-third split,all,provyear,none,top group DID,0.3160002171128166,0.22621113232208234,0.1624358186094933,2970,137,0.5548371928999647,ok
adjacent,signoff_or_issue_t,ib_nonfarm_curr_n,Current nonfarm workers,nonfarm,bottom_farmdep,Bottom tercile baseline farm-dependence,binary_bottom,exit-side low farm-dependence check,all,stackyear,none,lower/rest DID,-0.15922412486819595,0.16179600618728457,0.3250642953314158,2890,137,0.5548371928999647,ok
adjacent,signoff_or_issue_t,ib_nonfarm_curr_n,Current nonfarm workers,nonfarm,bottom_farmdep,Bottom tercile baseline farm-dependence,binary_bottom,exit-side low farm-dependence check,all,stackyear,none,bottom-minus-rest differential,0.41485797721519413,0.19065240837061034,0.029555912954409836,2890,137,0.5548371928999647,ok
adjacent,signoff_or_issue_t,ib_nonfarm_curr_n,Current nonfarm workers,nonfarm,bottom_farmdep,Bottom tercile baseline farm-dependence,binary_bottom,exit-side low farm-dependence check,all,stackyear,none,bottom group DID,0.2556338523469982,0.10976787617520234,0.01986656264528514,2890,137,0.5548371928999647,ok
adjacent,signoff_or_issue_t,ib_nonfarm_curr_n,Current nonfarm workers,nonfarm,bottom_farmdep,Bottom tercile baseline farm-dependence,binary_bottom,exit-side low farm-dependence check,all,provyear,none,lower/rest DID,-0.13778560284712618,0.1499340362775599,0.3581087468585398,2886,136,0.5548371928999647,ok
adjacent,signoff_or_issue_t,ib_nonfarm_curr_n,Current nonfarm workers,nonfarm,bottom_farmdep,Bottom tercile baseline farm-dependence,binary_bottom,exit-side low farm-dependence check,all,provyear,none,bottom-minus-rest differential,0.2762694227733434,0.16064829569292075,0.08548410256513449,2886,136,0.5548371928999647,ok
adjacent,signoff_or_issue_t,ib_nonfarm_curr_n,Current nonfarm workers,nonfarm,bottom_farmdep,Bottom tercile baseline farm-dependence,binary_bottom,exit-side low farm-dependence check,all,provyear,none,bottom group DID,0.1384838199262172,0.1709794576572259,0.4179722472483145,2886,136,0.5548371928999647,ok
adjacent,signoff_or_issue_t,ib_nonfarm_curr_ge2,At least two current nonfarm workers,nonfarm,farmdep_continuous,"Baseline farm-dependence, continuous winsorized z",continuous,continuous farm-dependence interaction,all,stackyear,none,DID at mean modifier,-0.05647728396576198,0.06522111510398135,0.38652549145970927,2890,137,0.12754202421535207,ok
adjacent,signoff_or_issue_t,ib_nonfarm_curr_ge2,At least two current nonfarm workers,nonfarm,farmdep_continuous,"Baseline farm-dependence, continuous winsorized z",continuous,continuous farm-dependence interaction,all,stackyear,none,heterogeneity slope,0.008829853059159676,0.031474042552594984,0.7790601909546535,2890,137,0.12754202421535207,ok
adjacent,signoff_or_issue_t,ib_nonfarm_curr_ge2,At least two current nonfarm workers,nonfarm,farmdep_continuous,"Baseline farm-dependence, continuous winsorized z",continuous,continuous farm-dependence interaction,all,stackyear,none,DID at +1 SD,-0.047647430906602305,0.044563419320712686,0.28497730468039906,2890,137,0.12754202421535207,ok
adjacent,signoff_or_issue_t,ib_nonfarm_curr_ge2,At least two current nonfarm workers,nonfarm,farmdep_continuous,"Baseline farm-dependence, continuous winsorized z",continuous,continuous farm-dependence interaction,all,stackyear,none,DID at -1 SD,-0.06530713702492166,0.09221127956202006,0.47880013278302913,2890,137,0.12754202421535207,ok
adjacent,signoff_or_issue_t,ib_nonfarm_curr_ge2,At least two current nonfarm workers,nonfarm,farmdep_continuous,"Baseline farm-dependence, continuous winsorized z",continuous,continuous farm-dependence interaction,all,provyear,none,DID at mean modifier,0.010684626448191126,0.06818839104250692,0.8754870018806273,2886,136,0.12754202421535207,ok
adjacent,signoff_or_issue_t,ib_nonfarm_curr_ge2,At least two current nonfarm workers,nonfarm,farmdep_continuous,"Baseline farm-dependence, continuous winsorized z",continuous,continuous farm-dependence interaction,all,provyear,none,heterogeneity slope,0.04414535586079508,0.04172221746109328,0.2900199330411045,2886,136,0.12754202421535207,ok
adjacent,signoff_or_issue_t,ib_nonfarm_curr_ge2,At least two current nonfarm workers,nonfarm,farmdep_continuous,"Baseline farm-dependence, continuous winsorized z",continuous,continuous farm-dependence interaction,all,provyear,none,DID at +1 SD,0.054829982308986204,0.08492251703914908,0.5185078853417757,2886,136,0.12754202421535207,ok
adjacent,signoff_or_issue_t,ib_nonfarm_curr_ge2,At least two current nonfarm workers,nonfarm,farmdep_continuous,"Baseline farm-dependence, continuous winsorized z",continuous,continuous farm-dependence interaction,all,provyear,none,DID at -1 SD,-0.03346072941260395,0.07462550706969182,0.653877575574195,2886,136,0.12754202421535207,ok
adjacent,signoff_or_issue_t,ib_nonfarm_curr_ge2,At least two current nonfarm workers,nonfarm,farmdep_top_tercile,Top tercile baseline farm-dependence,binary_top,top-third split,all,stackyear,none,lower/rest DID,-0.0736692057634072,0.08029636708154156,0.3588983773044947,2890,137,0.12754202421535207,ok
adjacent,signoff_or_issue_t,ib_nonfarm_curr_ge2,At least two current nonfarm workers,nonfarm,farmdep_top_tercile,Top tercile baseline farm-dependence,binary_top,top-third split,all,stackyear,none,top-minus-rest differential,0.053028814170470846,0.053616817573514386,0.3226468845544156,2890,137,0.12754202421535207,ok
adjacent,signoff_or_issue_t,ib_nonfarm_curr_ge2,At least two current nonfarm workers,nonfarm,farmdep_top_tercile,Top tercile baseline farm-dependence,binary_top,top-third split,all,stackyear,none,top group DID,-0.020640391592936354,0.039341216921078975,0.5998261303662703,2890,137,0.12754202421535207,ok
adjacent,signoff_or_issue_t,ib_nonfarm_curr_ge2,At least two current nonfarm workers,nonfarm,farmdep_top_tercile,Top tercile baseline farm-dependence,binary_top,top-third split,all,provyear,none,lower/rest DID,-0.024474529205863214,0.06540596686413874,0.7082598870393049,2886,136,0.12754202421535207,ok
adjacent,signoff_or_issue_t,ib_nonfarm_curr_ge2,At least two current nonfarm workers,nonfarm,farmdep_top_tercile,Top tercile baseline farm-dependence,binary_top,top-third split,all,provyear,none,top-minus-rest differential,0.12588806218346624,0.07434532250076457,0.09040061063744924,2886,136,0.12754202421535207,ok
adjacent,signoff_or_issue_t,ib_nonfarm_curr_ge2,At least two current nonfarm workers,nonfarm,farmdep_top_tercile,Top tercile baseline farm-dependence,binary_top,top-third split,all,provyear,none,top group DID,0.10141353297760303,0.08485283208726668,0.2320207383989057,2886,136,0.12754202421535207,ok
adjacent,signoff_or_issue_t,ib_nonfarm_curr_ge2,At least two current nonfarm workers,nonfarm,farm_orientation_top_tercile,Top tercile pre-specified farm-orientation index,binary_top,pre-specified index top-third split,all,stackyear,none,lower/rest DID,-0.10593823999154336,0.08703664717432981,0.22354022301282728,2974,138,0.12754202421535207,ok
adjacent,signoff_or_issue_t,ib_nonfarm_curr_ge2,At least two current nonfarm workers,nonfarm,farm_orientation_top_tercile,Top tercile pre-specified farm-orientation index,binary_top,pre-specified index top-third split,all,stackyear,none,top-minus-rest differential,0.15085441919597029,0.08336798873887766,0.07037327902833568,2974,138,0.12754202421535207,ok
adjacent,signoff_or_issue_t,ib_nonfarm_curr_ge2,At least two current nonfarm workers,nonfarm,farm_orientation_top_tercile,Top tercile pre-specified farm-orientation index,binary_top,pre-specified index top-third split,all,stackyear,none,top group DID,0.04491617920442692,0.026698395983650466,0.09250002747110156,2974,138,0.12754202421535207,ok
adjacent,signoff_or_issue_t,ib_nonfarm_curr_ge2,At least two current nonfarm workers,nonfarm,farm_orientation_top_tercile,Top tercile pre-specified farm-orientation index,binary_top,pre-specified index top-third split,all,provyear,none,lower/rest DID,-0.03614931058054184,0.0670366987644187,0.5897167232654323,2970,137,0.12754202421535207,ok
adjacent,signoff_or_issue_t,ib_nonfarm_curr_ge2,At least two current nonfarm workers,nonfarm,farm_orientation_top_tercile,Top tercile pre-specified farm-orientation index,binary_top,pre-specified index top-third split,all,provyear,none,top-minus-rest differential,0.22257056866476432,0.09536218234952318,0.019598338444506314,2970,137,0.12754202421535207,ok
adjacent,signoff_or_issue_t,ib_nonfarm_curr_ge2,At least two current nonfarm workers,nonfarm,farm_orientation_top_tercile,Top tercile pre-specified farm-orientation index,binary_top,pre-specified index top-third split,all,provyear,none,top group DID,0.1864212580842225,0.09706034610570734,0.054772852069518166,2970,137,0.12754202421535207,ok
adjacent,signoff_or_issue_t,ib_nonfarm_curr_ge2,At least two current nonfarm workers,nonfarm,bottom_farmdep,Bottom tercile baseline farm-dependence,binary_bottom,exit-side low farm-dependence check,all,stackyear,none,lower/rest DID,-0.08959326758341968,0.07210517387739314,0.21403890105091894,2890,137,0.12754202421535207,ok
adjacent,signoff_or_issue_t,ib_nonfarm_curr_ge2,At least two current nonfarm workers,nonfarm,bottom_farmdep,Bottom tercile baseline farm-dependence,binary_bottom,exit-side low farm-dependence check,all,stackyear,none,bottom-minus-rest differential,0.1510970448485111,0.09390524773217988,0.1076081891100832,2890,137,0.12754202421535207,ok
adjacent,signoff_or_issue_t,ib_nonfarm_curr_ge2,At least two current nonfarm workers,nonfarm,bottom_farmdep,Bottom tercile baseline farm-dependence,binary_bottom,exit-side low farm-dependence check,all,stackyear,none,bottom group DID,0.06150377726509143,0.06481834472650883,0.3426899164059106,2890,137,0.12754202421535207,ok
adjacent,signoff_or_issue_t,ib_nonfarm_curr_ge2,At least two current nonfarm workers,nonfarm,bottom_farmdep,Bottom tercile baseline farm-dependence,binary_bottom,exit-side low farm-dependence check,all,provyear,none,lower/rest DID,-0.05479884528590408,0.07298558813284585,0.45276259111875594,2886,136,0.12754202421535207,ok
adjacent,signoff_or_issue_t,ib_nonfarm_curr_ge2,At least two current nonfarm workers,nonfarm,bottom_farmdep,Bottom tercile baseline farm-dependence,binary_bottom,exit-side low farm-dependence check,all,provyear,none,bottom-minus-rest differential,0.08740033812557674,0.08833579606648337,0.3224624834289813,2886,136,0.12754202421535207,ok
adjacent,signoff_or_issue_t,ib_nonfarm_curr_ge2,At least two current nonfarm workers,nonfarm,bottom_farmdep,Bottom tercile baseline farm-dependence,binary_bottom,exit-side low farm-dependence check,all,provyear,none,bottom group DID,0.03260149283967266,0.0731214759703919,0.6557028079578248,2886,136,0.12754202421535207,ok
adjacent,signoff_or_issue_t,nonfarm_ge2_no_rentin,>=2 nonfarm workers without rent-in,nonfarm,farmdep_continuous,"Baseline farm-dependence, continuous winsorized z",continuous,continuous farm-dependence interaction,all,stackyear,none,DID at mean modifier,-0.0023109946197658825,0.031148802800375665,0.9408575438840601,2746,135,0.11770392749244712,ok
adjacent,signoff_or_issue_t,nonfarm_ge2_no_rentin,>=2 nonfarm workers without rent-in,nonfarm,farmdep_continuous,"Baseline farm-dependence, continuous winsorized z",continuous,continuous farm-dependence interaction,all,stackyear,none,heterogeneity slope,-0.01806699418928485,0.023315275709634764,0.4383990805860374,2746,135,0.11770392749244712,ok
adjacent,signoff_or_issue_t,nonfarm_ge2_no_rentin,>=2 nonfarm workers without rent-in,nonfarm,farmdep_continuous,"Baseline farm-dependence, continuous winsorized z",continuous,continuous farm-dependence interaction,all,stackyear,none,DID at +1 SD,-0.020377988809050732,0.02068144625362299,0.32446344079623646,2746,135,0.11770392749244712,ok
adjacent,signoff_or_issue_t,nonfarm_ge2_no_rentin,>=2 nonfarm workers without rent-in,nonfarm,farmdep_continuous,"Baseline farm-dependence, continuous winsorized z",continuous,continuous farm-dependence interaction,all,stackyear,none,DID at -1 SD,0.01575599956951897,0.05098997720615744,0.757320085514285,2746,135,0.11770392749244712,ok
adjacent,signoff_or_issue_t,nonfarm_ge2_no_rentin,>=2 nonfarm workers without rent-in,nonfarm,farmdep_continuous,"Baseline farm-dependence, continuous winsorized z",continuous,continuous farm-dependence interaction,all,provyear,none,DID at mean modifier,-0.0004600340847766187,0.0656469131617765,0.9944087075565249,2740,133,0.11770392749244712,ok
adjacent,signoff_or_issue_t,nonfarm_ge2_no_rentin,>=2 nonfarm workers without rent-in,nonfarm,farmdep_continuous,"Baseline farm-dependence, continuous winsorized z",continuous,continuous farm-dependence interaction,all,provyear,none,heterogeneity slope,-0.003369070530229148,0.0308367577527159,0.9130002232065971,2740,133,0.11770392749244712,ok
adjacent,signoff_or_issue_t,nonfarm_ge2_no_rentin,>=2 nonfarm workers without rent-in,nonfarm,farmdep_continuous,"Baseline farm-dependence, continuous winsorized z",continuous,continuous farm-dependence interaction,all,provyear,none,DID at +1 SD,-0.0038291046150057666,0.07632367687853246,0.9599874844245032,2740,133,0.11770392749244712,ok
adjacent,signoff_or_issue_t,nonfarm_ge2_no_rentin,>=2 nonfarm workers without rent-in,nonfarm,farmdep_continuous,"Baseline farm-dependence, continuous winsorized z",continuous,continuous farm-dependence interaction,all,provyear,none,DID at -1 SD,0.0029090364454525293,0.06852402513338214,0.9661377413032414,2740,133,0.11770392749244712,ok
adjacent,signoff_or_issue_t,nonfarm_ge2_no_rentin,>=2 nonfarm workers without rent-in,nonfarm,farmdep_top_tercile,Top tercile baseline farm-dependence,binary_top,top-third split,all,stackyear,none,lower/rest DID,-0.003340779255291415,0.04314274536125651,0.9382771154465988,2746,135,0.11770392749244712,ok
adjacent,signoff_or_issue_t,nonfarm_ge2_no_rentin,>=2 nonfarm workers without rent-in,nonfarm,farmdep_top_tercile,Top tercile baseline farm-dependence,binary_top,top-third split,all,stackyear,none,top-minus-rest differential,0.0019810462820760563,0.044180047771896144,0.9642346082929232,2746,135,0.11770392749244712,ok
adjacent,signoff_or_issue_t,nonfarm_ge2_no_rentin,>=2 nonfarm workers without rent-in,nonfarm,farmdep_top_tercile,Top tercile baseline farm-dependence,binary_top,top-third split,all,stackyear,none,top group DID,-0.0013597329732153588,0.022370770975534724,0.9515330830607425,2746,135,0.11770392749244712,ok
adjacent,signoff_or_issue_t,nonfarm_ge2_no_rentin,>=2 nonfarm workers without rent-in,nonfarm,farmdep_top_tercile,Top tercile baseline farm-dependence,binary_top,top-third split,all,provyear,none,lower/rest DID,-0.003609759808676807,0.06558718435205801,0.9561085258199313,2740,133,0.11770392749244712,ok
adjacent,signoff_or_issue_t,nonfarm_ge2_no_rentin,>=2 nonfarm workers without rent-in,nonfarm,farmdep_top_tercile,Top tercile baseline farm-dependence,binary_top,top-third split,all,provyear,none,top-minus-rest differential,0.03853245204402027,0.058308824838284694,0.5087187968509918,2740,133,0.11770392749244712,ok
adjacent,signoff_or_issue_t,nonfarm_ge2_no_rentin,>=2 nonfarm workers without rent-in,nonfarm,farmdep_top_tercile,Top tercile baseline farm-dependence,binary_top,top-third split,all,provyear,none,top group DID,0.03492269223534346,0.07630281643570397,0.6471784111555104,2740,133,0.11770392749244712,ok
adjacent,signoff_or_issue_t,nonfarm_ge2_no_rentin,>=2 nonfarm workers without rent-in,nonfarm,farm_orientation_top_tercile,Top tercile pre-specified farm-orientation index,binary_top,pre-specified index top-third split,all,stackyear,none,lower/rest DID,-0.013556572211481724,0.04450974877591661,0.7606895980969562,2828,136,0.11770392749244712,ok
adjacent,signoff_or_issue_t,nonfarm_ge2_no_rentin,>=2 nonfarm workers without rent-in,nonfarm,farm_orientation_top_tercile,Top tercile pre-specified farm-orientation index,binary_top,pre-specified index top-third split,all,stackyear,none,top-minus-rest differential,0.030763274421059205,0.049821710417136685,0.5369265777493271,2828,136,0.11770392749244712,ok
adjacent,signoff_or_issue_t,nonfarm_ge2_no_rentin,>=2 nonfarm workers without rent-in,nonfarm,farm_orientation_top_tercile,Top tercile pre-specified farm-orientation index,binary_top,pre-specified index top-third split,all,stackyear,none,top group DID,0.01720670220957748,0.02228094933595738,0.43996001877149205,2828,136,0.11770392749244712,ok
adjacent,signoff_or_issue_t,nonfarm_ge2_no_rentin,>=2 nonfarm workers without rent-in,nonfarm,farm_orientation_top_tercile,Top tercile pre-specified farm-orientation index,binary_top,pre-specified index top-third split,all,provyear,none,lower/rest DID,-0.003925537299286264,0.06469248201277099,0.9516140909035453,2822,134,0.11770392749244712,ok
adjacent,signoff_or_issue_t,nonfarm_ge2_no_rentin,>=2 nonfarm workers without rent-in,nonfarm,farm_orientation_top_tercile,Top tercile pre-specified farm-orientation index,binary_top,pre-specified index top-third split,all,provyear,none,top-minus-rest differential,0.06938738150422695,0.059046540960573136,0.23994257574463929,2822,134,0.11770392749244712,ok
adjacent,signoff_or_issue_t,nonfarm_ge2_no_rentin,>=2 nonfarm workers without rent-in,nonfarm,farm_orientation_top_tercile,Top tercile pre-specified farm-orientation index,binary_top,pre-specified index top-third split,all,provyear,none,top group DID,0.06546184420494068,0.07300932191511013,0.3699200699434154,2822,134,0.11770392749244712,ok
adjacent,signoff_or_issue_t,nonfarm_ge2_no_rentin,>=2 nonfarm workers without rent-in,nonfarm,bottom_farmdep,Bottom tercile baseline farm-dependence,binary_bottom,exit-side low farm-dependence check,all,stackyear,none,lower/rest DID,-0.028563145350681496,0.02995498460902451,0.34031874856075384,2746,135,0.11770392749244712,ok
adjacent,signoff_or_issue_t,nonfarm_ge2_no_rentin,>=2 nonfarm workers without rent-in,nonfarm,bottom_farmdep,Bottom tercile baseline farm-dependence,binary_bottom,exit-side low farm-dependence check,all,stackyear,none,bottom-minus-rest differential,0.08825816131866315,0.06491490441405087,0.17395723428843324,2746,135,0.11770392749244712,ok
adjacent,signoff_or_issue_t,nonfarm_ge2_no_rentin,>=2 nonfarm workers without rent-in,nonfarm,bottom_farmdep,Bottom tercile baseline farm-dependence,binary_bottom,exit-side low farm-dependence check,all,stackyear,none,bottom group DID,0.05969501596798166,0.0621196385632304,0.33656800582377466,2746,135,0.11770392749244712,ok
adjacent,signoff_or_issue_t,nonfarm_ge2_no_rentin,>=2 nonfarm workers without rent-in,nonfarm,bottom_farmdep,Bottom tercile baseline farm-dependence,binary_bottom,exit-side low farm-dependence check,all,provyear,none,lower/rest DID,-0.033159294689308796,0.07259239423435702,0.6478238268089378,2740,133,0.11770392749244712,ok
adjacent,signoff_or_issue_t,nonfarm_ge2_no_rentin,>=2 nonfarm workers without rent-in,nonfarm,bottom_farmdep,Bottom tercile baseline farm-dependence,binary_bottom,exit-side low farm-dependence check,all,provyear,none,bottom-minus-rest differential,0.07071818230530733,0.08868307535657534,0.4252037148581298,2740,133,0.11770392749244712,ok
adjacent,signoff_or_issue_t,nonfarm_ge2_no_rentin,>=2 nonfarm workers without rent-in,nonfarm,bottom_farmdep,Bottom tercile baseline farm-dependence,binary_bottom,exit-side low farm-dependence check,all,provyear,none,bottom group DID,0.03755888761599853,0.07615431644612103,0.6218751860346885,2740,133,0.11770392749244712,ok
mech,completed_t,any_rentin,Any rented-in land,rent-in,farmdep_continuous,"Baseline farm-dependence, continuous winsorized z",continuous,continuous farm-dependence interaction,all,stackyear,none,DID at mean modifier,-0.03696969881476761,0.04935140799982349,0.4537901075374198,2760,135,0.1425059187761792,ok
mech,completed_t,any_rentin,Any rented-in land,rent-in,farmdep_continuous,"Baseline farm-dependence, continuous winsorized z",continuous,continuous farm-dependence interaction,all,stackyear,none,heterogeneity slope,0.050790065518332074,0.03407412370383731,0.13607289165428466,2760,135,0.1425059187761792,ok
mech,completed_t,any_rentin,Any rented-in land,rent-in,farmdep_continuous,"Baseline farm-dependence, continuous winsorized z",continuous,continuous farm-dependence interaction,all,stackyear,none,DID at +1 SD,0.013820366703564464,0.05729075431889971,0.8093752639181849,2760,135,0.1425059187761792,ok
mech,completed_t,any_rentin,Any rented-in land,rent-in,farmdep_continuous,"Baseline farm-dependence, continuous winsorized z",continuous,continuous farm-dependence interaction,all,stackyear,none,DID at -1 SD,-0.08775976433309968,0.06253786233211343,0.16052557692020186,2760,135,0.1425059187761792,ok
mech,completed_t,any_rentin,Any rented-in land,rent-in,farmdep_continuous,"Baseline farm-dependence, continuous winsorized z",continuous,continuous farm-dependence interaction,all,provyear,none,DID at mean modifier,-0.17178463369866148,0.09654650176174204,0.07519153613046878,2754,133,0.1425059187761792,ok
mech,completed_t,any_rentin,Any rented-in land,rent-in,farmdep_continuous,"Baseline farm-dependence, continuous winsorized z",continuous,continuous farm-dependence interaction,all,provyear,none,heterogeneity slope,0.0242004927973739,0.02841455914643782,0.3943842787089906,2754,133,0.1425059187761792,ok
mech,completed_t,any_rentin,Any rented-in land,rent-in,farmdep_continuous,"Baseline farm-dependence, continuous winsorized z",continuous,continuous farm-dependence interaction,all,provyear,none,DID at +1 SD,-0.14758414090128757,0.10392108502988838,0.15556230236918717,2754,133,0.1425059187761792,ok
mech,completed_t,any_rentin,Any rented-in land,rent-in,farmdep_continuous,"Baseline farm-dependence, continuous winsorized z",continuous,continuous farm-dependence interaction,all,provyear,none,DID at -1 SD,-0.1959851264960354,0.09725038012287486,0.043877063264798656,2754,133,0.1425059187761792,ok
mech,completed_t,any_rentin,Any rented-in land,rent-in,farmdep_top_tercile,Top tercile baseline farm-dependence,binary_top,top-third split,all,stackyear,none,lower/rest DID,-0.06080103336064982,0.05540372513780759,0.27245880202591355,2760,135,0.1425059187761792,ok
mech,completed_t,any_rentin,Any rented-in land,rent-in,farmdep_top_tercile,Top tercile baseline farm-dependence,binary_top,top-third split,all,stackyear,none,top-minus-rest differential,0.07221841932428502,0.06296543608605328,0.25140089195019777,2760,135,0.1425059187761792,ok
mech,completed_t,any_rentin,Any rented-in land,rent-in,farmdep_top_tercile,Top tercile baseline farm-dependence,binary_top,top-third split,all,stackyear,none,top group DID,0.011417385963635202,0.06509502339846523,0.8607687339870916,2760,135,0.1425059187761792,ok
mech,completed_t,any_rentin,Any rented-in land,rent-in,farmdep_top_tercile,Top tercile baseline farm-dependence,binary_top,top-third split,all,provyear,none,lower/rest DID,-0.182711780273796,0.09590902247960631,0.0567731694581496,2754,133,0.1425059187761792,ok
mech,completed_t,any_rentin,Any rented-in land,rent-in,farmdep_top_tercile,Top tercile baseline farm-dependence,binary_top,top-third split,all,provyear,none,top-minus-rest differential,0.0058588752009145345,0.049181670431964176,0.9051745734651666,2754,133,0.1425059187761792,ok
mech,completed_t,any_rentin,Any rented-in land,rent-in,farmdep_top_tercile,Top tercile baseline farm-dependence,binary_top,top-third split,all,provyear,none,top group DID,-0.17685290507288148,0.1115523266322669,0.11287986476959669,2754,133,0.1425059187761792,ok
mech,completed_t,any_rentin,Any rented-in land,rent-in,farm_orientation_top_tercile,Top tercile pre-specified farm-orientation index,binary_top,pre-specified index top-third split,all,stackyear,none,lower/rest DID,-0.08992817727886465,0.049656513663272187,0.07014013146272653,2842,136,0.1425059187761792,ok
mech,completed_t,any_rentin,Any rented-in land,rent-in,farm_orientation_top_tercile,Top tercile pre-specified farm-orientation index,binary_top,pre-specified index top-third split,all,stackyear,none,top-minus-rest differential,0.14134639121547224,0.06562397927429259,0.031249327107242483,2842,136,0.1425059187761792,ok
mech,completed_t,any_rentin,Any rented-in land,rent-in,farm_orientation_top_tercile,Top tercile pre-specified farm-orientation index,binary_top,pre-specified index top-third split,all,stackyear,none,top group DID,0.05141821393660759,0.07020263566302529,0.4639087827165026,2842,136,0.1425059187761792,ok
mech,completed_t,any_rentin,Any rented-in land,rent-in,farm_orientation_top_tercile,Top tercile pre-specified farm-orientation index,binary_top,pre-specified index top-third split,all,provyear,none,lower/rest DID,-0.2086127767859049,0.0968448610903398,0.031232928433344038,2836,134,0.1425059187761792,ok
mech,completed_t,any_rentin,Any rented-in land,rent-in,farm_orientation_top_tercile,Top tercile pre-specified farm-orientation index,binary_top,pre-specified index top-third split,all,provyear,none,top-minus-rest differential,0.09573317108000387,0.06294302534757694,0.12827247815875,2836,134,0.1425059187761792,ok
mech,completed_t,any_rentin,Any rented-in land,rent-in,farm_orientation_top_tercile,Top tercile pre-specified farm-orientation index,binary_top,pre-specified index top-third split,all,provyear,none,top group DID,-0.11287960570590103,0.12114263479353359,0.35144459412551476,2836,134,0.1425059187761792,ok
mech,completed_t,any_rentin,Any rented-in land,rent-in,bottom_farmdep,Bottom tercile baseline farm-dependence,binary_bottom,exit-side low farm-dependence check,all,stackyear,none,lower/rest DID,0.017254361065967713,0.04202923025787707,0.6814154358702367,2760,135,0.1425059187761792,ok
mech,completed_t,any_rentin,Any rented-in land,rent-in,bottom_farmdep,Bottom tercile baseline farm-dependence,binary_bottom,exit-side low farm-dependence check,all,stackyear,none,bottom-minus-rest differential,-0.20146706987467594,0.10776585286188323,0.06155482116176659,2760,135,0.1425059187761792,ok
mech,completed_t,any_rentin,Any rented-in land,rent-in,bottom_farmdep,Bottom tercile baseline farm-dependence,binary_bottom,exit-side low farm-dependence check,all,stackyear,none,bottom group DID,-0.18421270880870821,0.10574754330664392,0.08150763615480272,2760,135,0.1425059187761792,ok
mech,completed_t,any_rentin,Any rented-in land,rent-in,bottom_farmdep,Bottom tercile baseline farm-dependence,binary_bottom,exit-side low farm-dependence check,all,provyear,none,lower/rest DID,-0.10235771670625297,0.08940375228384537,0.25225354639329534,2754,133,0.1425059187761792,ok
mech,completed_t,any_rentin,Any rented-in land,rent-in,bottom_farmdep,Bottom tercile baseline farm-dependence,binary_bottom,exit-side low farm-dependence check,all,provyear,none,bottom-minus-rest differential,-0.16274471198388085,0.09870714380051428,0.09919614495597556,2754,133,0.1425059187761792,ok
mech,completed_t,any_rentin,Any rented-in land,rent-in,bottom_farmdep,Bottom tercile baseline farm-dependence,binary_bottom,exit-side low farm-dependence check,all,provyear,none,bottom group DID,-0.26510242869013384,0.09650722506918837,0.006014868041268839,2754,133,0.1425059187761792,ok
mech,completed_t,asinh_rentin,asinh rented-in area,rent-in,farmdep_continuous,"Baseline farm-dependence, continuous winsorized z",continuous,continuous farm-dependence interaction,all,stackyear,none,DID at mean modifier,-0.07107591955387563,0.08641938092659977,0.410818859343559,2754,135,0.32675755341373264,ok
mech,completed_t,asinh_rentin,asinh rented-in area,rent-in,farmdep_continuous,"Baseline farm-dependence, continuous winsorized z",continuous,continuous farm-dependence interaction,all,stackyear,none,heterogeneity slope,0.08494874596454147,0.05856492494682517,0.14691760551495975,2754,135,0.32675755341373264,ok
mech,completed_t,asinh_rentin,asinh rented-in area,rent-in,farmdep_continuous,"Baseline farm-dependence, continuous winsorized z",continuous,continuous farm-dependence interaction,all,stackyear,none,DID at +1 SD,0.01387282641066584,0.0990708361448551,0.888636787968249,2754,135,0.32675755341373264,ok
mech,completed_t,asinh_rentin,asinh rented-in area,rent-in,farmdep_continuous,"Baseline farm-dependence, continuous winsorized z",continuous,continuous farm-dependence interaction,all,stackyear,none,DID at -1 SD,-0.1560246655184171,0.10945907496908294,0.15403712108391152,2754,135,0.32675755341373264,ok
mech,completed_t,asinh_rentin,asinh rented-in area,rent-in,farmdep_continuous,"Baseline farm-dependence, continuous winsorized z",continuous,continuous farm-dependence interaction,all,provyear,none,DID at mean modifier,-0.213223603260788,0.19386091953393148,0.27138473560977583,2748,133,0.32675755341373264,ok
mech,completed_t,asinh_rentin,asinh rented-in area,rent-in,farmdep_continuous,"Baseline farm-dependence, continuous winsorized z",continuous,continuous farm-dependence interaction,all,provyear,none,heterogeneity slope,0.035980337395192276,0.049363891631491345,0.4660752673054094,2748,133,0.32675755341373264,ok
mech,completed_t,asinh_rentin,asinh rented-in area,rent-in,farmdep_continuous,"Baseline farm-dependence, continuous winsorized z",continuous,continuous farm-dependence interaction,all,provyear,none,DID at +1 SD,-0.17724326586559574,0.21085146490471654,0.4005680069857477,2748,133,0.32675755341373264,ok
mech,completed_t,asinh_rentin,asinh rented-in area,rent-in,farmdep_continuous,"Baseline farm-dependence, continuous winsorized z",continuous,continuous farm-dependence interaction,all,provyear,none,DID at -1 SD,-0.24920394065598028,0.1886249177246454,0.18644758864175415,2748,133,0.32675755341373264,ok
mech,completed_t,asinh_rentin,asinh rented-in area,rent-in,farmdep_top_tercile,Top tercile baseline farm-dependence,binary_top,top-third split,all,stackyear,none,lower/rest DID,-0.11528543158625199,0.100180112891015,0.24982209231810515,2754,135,0.32675755341373264,ok
mech,completed_t,asinh_rentin,asinh rented-in area,rent-in,farmdep_top_tercile,Top tercile baseline farm-dependence,binary_top,top-third split,all,stackyear,none,top-minus-rest differential,0.13297771130200992,0.1195348805246677,0.26594064186022515,2754,135,0.32675755341373264,ok
mech,completed_t,asinh_rentin,asinh rented-in area,rent-in,farmdep_top_tercile,Top tercile baseline farm-dependence,binary_top,top-third split,all,stackyear,none,top group DID,0.01769227971575793,0.11465619197853535,0.8773674946154563,2754,135,0.32675755341373264,ok
mech,completed_t,asinh_rentin,asinh rented-in area,rent-in,farmdep_top_tercile,Top tercile baseline farm-dependence,binary_top,top-third split,all,provyear,none,lower/rest DID,-0.2312759708919659,0.1885392858586799,0.21994568023039163,2748,133,0.32675755341373264,ok
mech,completed_t,asinh_rentin,asinh rented-in area,rent-in,farmdep_top_tercile,Top tercile baseline farm-dependence,binary_top,top-third split,all,provyear,none,top-minus-rest differential,0.0171105896669944,0.10669890960764147,0.8725948947190149,2748,133,0.32675755341373264,ok
mech,completed_t,asinh_rentin,asinh rented-in area,rent-in,farmdep_top_tercile,Top tercile baseline farm-dependence,binary_top,top-third split,all,provyear,none,top group DID,-0.21416538122497147,0.22983044641493125,0.35141881886804316,2748,133,0.32675755341373264,ok
mech,completed_t,asinh_rentin,asinh rented-in area,rent-in,farm_orientation_top_tercile,Top tercile pre-specified farm-orientation index,binary_top,pre-specified index top-third split,all,stackyear,none,lower/rest DID,-0.15486049846252256,0.09326828569890513,0.09683867281424206,2836,136,0.32675755341373264,ok
mech,completed_t,asinh_rentin,asinh rented-in area,rent-in,farm_orientation_top_tercile,Top tercile pre-specified farm-orientation index,binary_top,pre-specified index top-third split,all,stackyear,none,top-minus-rest differential,0.23222523962226535,0.12473869838977335,0.06264628764903332,2836,136,0.32675755341373264,ok
mech,completed_t,asinh_rentin,asinh rented-in area,rent-in,farm_orientation_top_tercile,Top tercile pre-specified farm-orientation index,binary_top,pre-specified index top-third split,all,stackyear,none,top group DID,0.07736474115974279,0.12470451174794968,0.5350047010863122,2836,136,0.32675755341373264,ok
mech,completed_t,asinh_rentin,asinh rented-in area,rent-in,farm_orientation_top_tercile,Top tercile pre-specified farm-orientation index,binary_top,pre-specified index top-third split,all,provyear,none,lower/rest DID,-0.29146464254921983,0.19475684570620738,0.13450867043753786,2830,134,0.32675755341373264,ok
mech,completed_t,asinh_rentin,asinh rented-in area,rent-in,farm_orientation_top_tercile,Top tercile pre-specified farm-orientation index,binary_top,pre-specified index top-third split,all,provyear,none,top-minus-rest differential,0.16059256888239695,0.12347153025630085,0.1933801616261962,2830,134,0.32675755341373264,ok
mech,completed_t,asinh_rentin,asinh rented-in area,rent-in,farm_orientation_top_tercile,Top tercile pre-specified farm-orientation index,binary_top,pre-specified index top-third split,all,provyear,none,top group DID,-0.13087207366682288,0.23946488277198413,0.5847093301866866,2830,134,0.32675755341373264,ok
mech,completed_t,asinh_rentin,asinh rented-in area,rent-in,bottom_farmdep,Bottom tercile baseline farm-dependence,binary_bottom,exit-side low farm-dependence check,all,stackyear,none,lower/rest DID,0.02900329969599842,0.07230715821802171,0.6883373521871587,2754,135,0.32675755341373264,ok
mech,completed_t,asinh_rentin,asinh rented-in area,rent-in,bottom_farmdep,Bottom tercile baseline farm-dependence,binary_bottom,exit-side low farm-dependence check,all,stackyear,none,bottom-minus-rest differential,-0.3763529376387799,0.17906219793850695,0.03557079425322746,2754,135,0.32675755341373264,ok
mech,completed_t,asinh_rentin,asinh rented-in area,rent-in,bottom_farmdep,Bottom tercile baseline farm-dependence,binary_bottom,exit-side low farm-dependence check,all,stackyear,none,bottom group DID,-0.3473496379427815,0.17676510858308017,0.0494101783841978,2754,135,0.32675755341373264,ok
mech,completed_t,asinh_rentin,asinh rented-in area,rent-in,bottom_farmdep,Bottom tercile baseline farm-dependence,binary_bottom,exit-side low farm-dependence check,all,provyear,none,lower/rest DID,-0.0696394630428558,0.19408121082438856,0.7197326680022142,2748,133,0.32675755341373264,ok
mech,completed_t,asinh_rentin,asinh rented-in area,rent-in,bottom_farmdep,Bottom tercile baseline farm-dependence,binary_bottom,exit-side low farm-dependence check,all,provyear,none,bottom-minus-rest differential,-0.32166343692723504,0.16474251026715506,0.050876217474105125,2748,133,0.32675755341373264,ok
mech,completed_t,asinh_rentin,asinh rented-in area,rent-in,bottom_farmdep,Bottom tercile baseline farm-dependence,binary_bottom,exit-side low farm-dependence check,all,provyear,none,bottom group DID,-0.3913028999700908,0.1587857328258373,0.013726374156339698,2748,133,0.32675755341373264,ok
mech,completed_t,ib_nonfarm_curr_n,Current nonfarm workers,nonfarm,farmdep_continuous,"Baseline farm-dependence, continuous winsorized z",continuous,continuous farm-dependence interaction,all,stackyear,none,DID at mean modifier,-0.026450900376554363,0.12824418318257785,0.8365923586749535,2904,137,0.5052388563310247,ok
mech,completed_t,ib_nonfarm_curr_n,Current nonfarm workers,nonfarm,farmdep_continuous,"Baseline farm-dependence, continuous winsorized z",continuous,continuous farm-dependence interaction,all,stackyear,none,heterogeneity slope,-0.04701602961173739,0.07234391354224562,0.5157593166225246,2904,137,0.5052388563310247,ok
mech,completed_t,ib_nonfarm_curr_n,Current nonfarm workers,nonfarm,farmdep_continuous,"Baseline farm-dependence, continuous winsorized z",continuous,continuous farm-dependence interaction,all,stackyear,none,DID at +1 SD,-0.07346692998829175,0.10974649167172472,0.503225077899008,2904,137,0.5052388563310247,ok
mech,completed_t,ib_nonfarm_curr_n,Current nonfarm workers,nonfarm,farmdep_continuous,"Baseline farm-dependence, continuous winsorized z",continuous,continuous farm-dependence interaction,all,stackyear,none,DID at -1 SD,0.020565129235183027,0.17696364671676795,0.9074852882421246,2904,137,0.5052388563310247,ok
mech,completed_t,ib_nonfarm_curr_n,Current nonfarm workers,nonfarm,farmdep_continuous,"Baseline farm-dependence, continuous winsorized z",continuous,continuous farm-dependence interaction,all,provyear,none,DID at mean modifier,0.14116028338646247,0.1554707855541304,0.3639026555640542,2900,136,0.5052388563310247,ok
mech,completed_t,ib_nonfarm_curr_n,Current nonfarm workers,nonfarm,farmdep_continuous,"Baseline farm-dependence, continuous winsorized z",continuous,continuous farm-dependence interaction,all,provyear,none,heterogeneity slope,0.02791721333744302,0.08839241055043057,0.7521294994989032,2900,136,0.5052388563310247,ok
mech,completed_t,ib_nonfarm_curr_n,Current nonfarm workers,nonfarm,farmdep_continuous,"Baseline farm-dependence, continuous winsorized z",continuous,continuous farm-dependence interaction,all,provyear,none,DID at +1 SD,0.16907749672390548,0.19208593791749617,0.37874123371457946,2900,136,0.5052388563310247,ok
mech,completed_t,ib_nonfarm_curr_n,Current nonfarm workers,nonfarm,farmdep_continuous,"Baseline farm-dependence, continuous winsorized z",continuous,continuous farm-dependence interaction,all,provyear,none,DID at -1 SD,0.11324307004901946,0.16453497883983315,0.49128820312905774,2900,136,0.5052388563310247,ok
mech,completed_t,ib_nonfarm_curr_n,Current nonfarm workers,nonfarm,farmdep_top_tercile,Top tercile baseline farm-dependence,binary_top,top-third split,all,stackyear,none,lower/rest DID,0.025895653233648595,0.15999024813919227,0.8714179157435021,2904,137,0.5052388563310247,ok
mech,completed_t,ib_nonfarm_curr_n,Current nonfarm workers,nonfarm,farmdep_top_tercile,Top tercile baseline farm-dependence,binary_top,top-third split,all,stackyear,none,top-minus-rest differential,-0.1326199857289765,0.14103255648722907,0.34703798309248446,2904,137,0.5052388563310247,ok
mech,completed_t,ib_nonfarm_curr_n,Current nonfarm workers,nonfarm,farmdep_top_tercile,Top tercile baseline farm-dependence,binary_top,top-third split,all,stackyear,none,top group DID,-0.10672433249532792,0.10797916229949044,0.3229670862305345,2904,137,0.5052388563310247,ok
mech,completed_t,ib_nonfarm_curr_n,Current nonfarm workers,nonfarm,farmdep_top_tercile,Top tercile baseline farm-dependence,binary_top,top-third split,all,provyear,none,lower/rest DID,0.1296177176345978,0.15485007847740487,0.4025627959404017,2900,136,0.5052388563310247,ok
mech,completed_t,ib_nonfarm_curr_n,Current nonfarm workers,nonfarm,farmdep_top_tercile,Top tercile baseline farm-dependence,binary_top,top-third split,all,provyear,none,top-minus-rest differential,0.007839218274930358,0.17520898217362382,0.9643128741786985,2900,136,0.5052388563310247,ok
mech,completed_t,ib_nonfarm_curr_n,Current nonfarm workers,nonfarm,farmdep_top_tercile,Top tercile baseline farm-dependence,binary_top,top-third split,all,provyear,none,top group DID,0.13745693590952818,0.2030837391536265,0.49850204588376656,2900,136,0.5052388563310247,ok
mech,completed_t,ib_nonfarm_curr_n,Current nonfarm workers,nonfarm,farm_orientation_top_tercile,Top tercile pre-specified farm-orientation index,binary_top,pre-specified index top-third split,all,stackyear,none,lower/rest DID,-0.0858896337119899,0.17173277987203572,0.6169797776417699,2988,138,0.5052388563310247,ok
mech,completed_t,ib_nonfarm_curr_n,Current nonfarm workers,nonfarm,farm_orientation_top_tercile,Top tercile pre-specified farm-orientation index,binary_top,pre-specified index top-third split,all,stackyear,none,top-minus-rest differential,0.16118300269403238,0.19135816459697216,0.39961414192692324,2988,138,0.5052388563310247,ok
mech,completed_t,ib_nonfarm_curr_n,Current nonfarm workers,nonfarm,farm_orientation_top_tercile,Top tercile pre-specified farm-orientation index,binary_top,pre-specified index top-third split,all,stackyear,none,top group DID,0.07529336898204247,0.10920958855458983,0.49054693584743214,2988,138,0.5052388563310247,ok
mech,completed_t,ib_nonfarm_curr_n,Current nonfarm workers,nonfarm,farm_orientation_top_tercile,Top tercile pre-specified farm-orientation index,binary_top,pre-specified index top-third split,all,provyear,none,lower/rest DID,0.08566859362758797,0.16201306199301943,0.5969609565730669,2984,137,0.5052388563310247,ok
mech,completed_t,ib_nonfarm_curr_n,Current nonfarm workers,nonfarm,farm_orientation_top_tercile,Top tercile pre-specified farm-orientation index,binary_top,pre-specified index top-third split,all,provyear,none,top-minus-rest differential,0.3110516836800219,0.19945544351646524,0.11887699428535041,2984,137,0.5052388563310247,ok
mech,completed_t,ib_nonfarm_curr_n,Current nonfarm workers,nonfarm,farm_orientation_top_tercile,Top tercile pre-specified farm-orientation index,binary_top,pre-specified index top-third split,all,provyear,none,top group DID,0.39672027730760984,0.22137222661001246,0.07311759279801479,2984,137,0.5052388563310247,ok
mech,completed_t,ib_nonfarm_curr_n,Current nonfarm workers,nonfarm,bottom_farmdep,Bottom tercile baseline farm-dependence,binary_bottom,exit-side low farm-dependence check,all,stackyear,none,lower/rest DID,-0.11034260701527668,0.150536777868897,0.4635618779729149,2904,137,0.5052388563310247,ok
mech,completed_t,ib_nonfarm_curr_n,Current nonfarm workers,nonfarm,bottom_farmdep,Bottom tercile baseline farm-dependence,binary_bottom,exit-side low farm-dependence check,all,stackyear,none,bottom-minus-rest differential,0.3081252953187231,0.19651212373916535,0.11688791924073412,2904,137,0.5052388563310247,ok
mech,completed_t,ib_nonfarm_curr_n,Current nonfarm workers,nonfarm,bottom_farmdep,Bottom tercile baseline farm-dependence,binary_bottom,exit-side low farm-dependence check,all,stackyear,none,bottom group DID,0.19778268830344645,0.12825287213742556,0.1230418420744746,2904,137,0.5052388563310247,ok
mech,completed_t,ib_nonfarm_curr_n,Current nonfarm workers,nonfarm,bottom_farmdep,Bottom tercile baseline farm-dependence,binary_bottom,exit-side low farm-dependence check,all,provyear,none,lower/rest DID,0.07366876765657854,0.20695175628127438,0.7218624857568793,2900,136,0.5052388563310247,ok
mech,completed_t,ib_nonfarm_curr_n,Current nonfarm workers,nonfarm,bottom_farmdep,Bottom tercile baseline farm-dependence,binary_bottom,exit-side low farm-dependence check,all,provyear,none,bottom-minus-rest differential,0.0890240130765646,0.2057011055222536,0.6651721720928564,2900,136,0.5052388563310247,ok
mech,completed_t,ib_nonfarm_curr_n,Current nonfarm workers,nonfarm,bottom_farmdep,Bottom tercile baseline farm-dependence,binary_bottom,exit-side low farm-dependence check,all,provyear,none,bottom group DID,0.16269278073314314,0.15278572767874457,0.2869470771720638,2900,136,0.5052388563310247,ok
mech,completed_t,ib_nonfarm_curr_ge2,At least two current nonfarm workers,nonfarm,farmdep_continuous,"Baseline farm-dependence, continuous winsorized z",continuous,continuous farm-dependence interaction,all,stackyear,none,DID at mean modifier,-0.04502671203664391,0.0577134002764625,0.43528624409587513,2904,137,0.11276860237968389,ok
mech,completed_t,ib_nonfarm_curr_ge2,At least two current nonfarm workers,nonfarm,farmdep_continuous,"Baseline farm-dependence, continuous winsorized z",continuous,continuous farm-dependence interaction,all,stackyear,none,heterogeneity slope,0.0021019421517525956,0.0271715082824423,0.9383384995681419,2904,137,0.11276860237968389,ok
mech,completed_t,ib_nonfarm_curr_ge2,At least two current nonfarm workers,nonfarm,farmdep_continuous,"Baseline farm-dependence, continuous winsorized z",continuous,continuous farm-dependence interaction,all,stackyear,none,DID at +1 SD,-0.042924769884891315,0.041218067512824245,0.29768685438766507,2904,137,0.11276860237968389,ok
mech,completed_t,ib_nonfarm_curr_ge2,At least two current nonfarm workers,nonfarm,farmdep_continuous,"Baseline farm-dependence, continuous winsorized z",continuous,continuous farm-dependence interaction,all,stackyear,none,DID at -1 SD,-0.0471286541883965,0.08024540970134234,0.556997847354801,2904,137,0.11276860237968389,ok
mech,completed_t,ib_nonfarm_curr_ge2,At least two current nonfarm workers,nonfarm,farmdep_continuous,"Baseline farm-dependence, continuous winsorized z",continuous,continuous farm-dependence interaction,all,provyear,none,DID at mean modifier,0.0399459622278628,0.07247681546534974,0.5815273966438603,2900,136,0.11276860237968389,ok
mech,completed_t,ib_nonfarm_curr_ge2,At least two current nonfarm workers,nonfarm,farmdep_continuous,"Baseline farm-dependence, continuous winsorized z",continuous,continuous farm-dependence interaction,all,provyear,none,heterogeneity slope,0.040015771817099345,0.03800661649652718,0.2924036466001023,2900,136,0.11276860237968389,ok
mech,completed_t,ib_nonfarm_curr_ge2,At least two current nonfarm workers,nonfarm,farmdep_continuous,"Baseline farm-dependence, continuous winsorized z",continuous,continuous farm-dependence interaction,all,provyear,none,DID at +1 SD,0.07996173404496215,0.0866620114276816,0.3561714089008414,2900,136,0.11276860237968389,ok
mech,completed_t,ib_nonfarm_curr_ge2,At least two current nonfarm workers,nonfarm,farmdep_continuous,"Baseline farm-dependence, continuous winsorized z",continuous,continuous farm-dependence interaction,all,provyear,none,DID at -1 SD,-6.980958923654551e-05,0.07671035868990111,0.9992738922524822,2900,136,0.11276860237968389,ok
mech,completed_t,ib_nonfarm_curr_ge2,At least two current nonfarm workers,nonfarm,farmdep_top_tercile,Top tercile baseline farm-dependence,binary_top,top-third split,all,stackyear,none,lower/rest DID,-0.056005930095435565,0.07188178178385196,0.43589758851614346,2904,137,0.11276860237968389,ok
mech,completed_t,ib_nonfarm_curr_ge2,At least two current nonfarm workers,nonfarm,farmdep_top_tercile,Top tercile baseline farm-dependence,binary_top,top-third split,all,stackyear,none,top-minus-rest differential,0.03392849830675267,0.04928211240445178,0.49116653374791164,2904,137,0.11276860237968389,ok
mech,completed_t,ib_nonfarm_curr_ge2,At least two current nonfarm workers,nonfarm,farmdep_top_tercile,Top tercile baseline farm-dependence,binary_top,top-third split,all,stackyear,none,top group DID,-0.02207743178868289,0.03627078446933834,0.5427341772869885,2904,137,0.11276860237968389,ok
mech,completed_t,ib_nonfarm_curr_ge2,At least two current nonfarm workers,nonfarm,farmdep_top_tercile,Top tercile baseline farm-dependence,binary_top,top-third split,all,provyear,none,lower/rest DID,0.009016008629482361,0.07131715166285564,0.8993984246552955,2900,136,0.11276860237968389,ok
mech,completed_t,ib_nonfarm_curr_ge2,At least two current nonfarm workers,nonfarm,farmdep_top_tercile,Top tercile baseline farm-dependence,binary_top,top-third split,all,provyear,none,top-minus-rest differential,0.1100465807751714,0.06867382473351075,0.1090554589601047,2900,136,0.11276860237968389,ok
mech,completed_t,ib_nonfarm_curr_ge2,At least two current nonfarm workers,nonfarm,farmdep_top_tercile,Top tercile baseline farm-dependence,binary_top,top-third split,all,provyear,none,top group DID,0.11906258940465377,0.08562553799714516,0.1643761111962665,2900,136,0.11276860237968389,ok
mech,completed_t,ib_nonfarm_curr_ge2,At least two current nonfarm workers,nonfarm,farm_orientation_top_tercile,Top tercile pre-specified farm-orientation index,binary_top,pre-specified index top-third split,all,stackyear,none,lower/rest DID,-0.08505391278811203,0.07924463874052261,0.28313290129740143,2988,138,0.11276860237968389,ok
mech,completed_t,ib_nonfarm_curr_ge2,At least two current nonfarm workers,nonfarm,farm_orientation_top_tercile,Top tercile pre-specified farm-orientation index,binary_top,pre-specified index top-third split,all,stackyear,none,top-minus-rest differential,0.12020432165426995,0.07702490593481676,0.1186204470836789,2988,138,0.11276860237968389,ok
mech,completed_t,ib_nonfarm_curr_ge2,At least two current nonfarm workers,nonfarm,farm_orientation_top_tercile,Top tercile pre-specified farm-orientation index,binary_top,pre-specified index top-third split,all,stackyear,none,top group DID,0.03515040886615792,0.024602588103749268,0.153082399085117,2988,138,0.11276860237968389,ok
mech,completed_t,ib_nonfarm_curr_ge2,At least two current nonfarm workers,nonfarm,farm_orientation_top_tercile,Top tercile pre-specified farm-orientation index,binary_top,pre-specified index top-third split,all,provyear,none,lower/rest DID,-0.004696313960276831,0.07091322165419298,0.9471977294387188,2984,137,0.11276860237968389,ok
mech,completed_t,ib_nonfarm_curr_ge2,At least two current nonfarm workers,nonfarm,farm_orientation_top_tercile,Top tercile pre-specified farm-orientation index,binary_top,pre-specified index top-third split,all,provyear,none,top-minus-rest differential,0.20150282372098413,0.09038294172788011,0.025785027104361164,2984,137,0.11276860237968389,ok
mech,completed_t,ib_nonfarm_curr_ge2,At least two current nonfarm workers,nonfarm,farm_orientation_top_tercile,Top tercile pre-specified farm-orientation index,binary_top,pre-specified index top-third split,all,provyear,none,top group DID,0.1968065097607073,0.09824485947046606,0.04515319678024178,2984,137,0.11276860237968389,ok
mech,completed_t,ib_nonfarm_curr_ge2,At least two current nonfarm workers,nonfarm,bottom_farmdep,Bottom tercile baseline farm-dependence,binary_bottom,exit-side low farm-dependence check,all,stackyear,none,lower/rest DID,-0.07329725193775355,0.06655384884969469,0.27075631715213067,2904,137,0.11276860237968389,ok
mech,completed_t,ib_nonfarm_curr_ge2,At least two current nonfarm workers,nonfarm,bottom_farmdep,Bottom tercile baseline farm-dependence,binary_bottom,exit-side low farm-dependence check,all,stackyear,none,bottom-minus-rest differential,0.11000467347504994,0.08891167413437709,0.2159996912420522,2904,137,0.11276860237968389,ok
mech,completed_t,ib_nonfarm_curr_ge2,At least two current nonfarm workers,nonfarm,bottom_farmdep,Bottom tercile baseline farm-dependence,binary_bottom,exit-side low farm-dependence check,all,stackyear,none,bottom group DID,0.03670742153729639,0.06303900951080875,0.5603666948463923,2904,137,0.11276860237968389,ok
mech,completed_t,ib_nonfarm_curr_ge2,At least two current nonfarm workers,nonfarm,bottom_farmdep,Bottom tercile baseline farm-dependence,binary_bottom,exit-side low farm-dependence check,all,provyear,none,lower/rest DID,0.009078553539967393,0.08929602673910092,0.9190201575196548,2900,136,0.11276860237968389,ok
mech,completed_t,ib_nonfarm_curr_ge2,At least two current nonfarm workers,nonfarm,bottom_farmdep,Bottom tercile baseline farm-dependence,binary_bottom,exit-side low farm-dependence check,all,provyear,none,bottom-minus-rest differential,0.019318243208272738,0.08668790373659249,0.8236536538592748,2900,136,0.11276860237968389,ok
mech,completed_t,ib_nonfarm_curr_ge2,At least two current nonfarm workers,nonfarm,bottom_farmdep,Bottom tercile baseline farm-dependence,binary_bottom,exit-side low farm-dependence check,all,provyear,none,bottom group DID,0.02839679674824013,0.07558934606585298,0.7071607964166488,2900,136,0.11276860237968389,ok
mech,completed_t,nonfarm_ge2_no_rentin,>=2 nonfarm workers without rent-in,nonfarm,farmdep_continuous,"Baseline farm-dependence, continuous winsorized z",continuous,continuous farm-dependence interaction,all,stackyear,none,DID at mean modifier,0.0016930033424501396,0.02864971582010528,0.9528778760282621,2760,135,0.10407940265889637,ok
mech,completed_t,nonfarm_ge2_no_rentin,>=2 nonfarm workers without rent-in,nonfarm,farmdep_continuous,"Baseline farm-dependence, continuous winsorized z",continuous,continuous farm-dependence interaction,all,stackyear,none,heterogeneity slope,-0.019001852491148254,0.021551815611185538,0.3779486821588516,2760,135,0.10407940265889637,ok
mech,completed_t,nonfarm_ge2_no_rentin,>=2 nonfarm workers without rent-in,nonfarm,farmdep_continuous,"Baseline farm-dependence, continuous winsorized z",continuous,continuous farm-dependence interaction,all,stackyear,none,DID at +1 SD,-0.017308849148698114,0.019362606596880043,0.37135839926887926,2760,135,0.10407940265889637,ok
mech,completed_t,nonfarm_ge2_no_rentin,>=2 nonfarm workers without rent-in,nonfarm,farmdep_continuous,"Baseline farm-dependence, continuous winsorized z",continuous,continuous farm-dependence interaction,all,stackyear,none,DID at -1 SD,0.020694855833598393,0.04685790660280419,0.6587415483657764,2760,135,0.10407940265889637,ok
mech,completed_t,nonfarm_ge2_no_rentin,>=2 nonfarm workers without rent-in,nonfarm,farmdep_continuous,"Baseline farm-dependence, continuous winsorized z",continuous,continuous farm-dependence interaction,all,provyear,none,DID at mean modifier,0.018790682293760907,0.06878186514803707,0.7847053276177977,2754,133,0.10407940265889637,ok
mech,completed_t,nonfarm_ge2_no_rentin,>=2 nonfarm workers without rent-in,nonfarm,farmdep_continuous,"Baseline farm-dependence, continuous winsorized z",continuous,continuous farm-dependence interaction,all,provyear,none,heterogeneity slope,-0.0022747485415398694,0.02857425128766664,0.9365487666491803,2754,133,0.10407940265889637,ok
mech,completed_t,nonfarm_ge2_no_rentin,>=2 nonfarm workers without rent-in,nonfarm,farmdep_continuous,"Baseline farm-dependence, continuous winsorized z",continuous,continuous farm-dependence interaction,all,provyear,none,DID at +1 SD,0.01651593375222104,0.07759979620904045,0.8314558527948067,2754,133,0.10407940265889637,ok
mech,completed_t,nonfarm_ge2_no_rentin,>=2 nonfarm workers without rent-in,nonfarm,farmdep_continuous,"Baseline farm-dependence, continuous winsorized z",continuous,continuous farm-dependence interaction,all,provyear,none,DID at -1 SD,0.021065430835300776,0.07122595908868017,0.7674172199998388,2754,133,0.10407940265889637,ok
mech,completed_t,nonfarm_ge2_no_rentin,>=2 nonfarm workers without rent-in,nonfarm,farmdep_top_tercile,Top tercile baseline farm-dependence,binary_top,top-third split,all,stackyear,none,lower/rest DID,0.005174009895635929,0.040735025801148246,0.8989275433997796,2760,135,0.10407940265889637,ok
mech,completed_t,nonfarm_ge2_no_rentin,>=2 nonfarm workers without rent-in,nonfarm,farmdep_top_tercile,Top tercile baseline farm-dependence,binary_top,top-third split,all,stackyear,none,top-minus-rest differential,-0.009360545316824075,0.04244608148673382,0.8254600442115986,2760,135,0.10407940265889637,ok
mech,completed_t,nonfarm_ge2_no_rentin,>=2 nonfarm workers without rent-in,nonfarm,farmdep_top_tercile,Top tercile baseline farm-dependence,binary_top,top-third split,all,stackyear,none,top group DID,-0.004186535421188146,0.02086485695391358,0.8409721884854198,2760,135,0.10407940265889637,ok
mech,completed_t,nonfarm_ge2_no_rentin,>=2 nonfarm workers without rent-in,nonfarm,farmdep_top_tercile,Top tercile baseline farm-dependence,binary_top,top-third split,all,provyear,none,lower/rest DID,0.017135119516713447,0.06918873681725835,0.8043993066127357,2754,133,0.10407940265889637,ok
mech,completed_t,nonfarm_ge2_no_rentin,>=2 nonfarm workers without rent-in,nonfarm,farmdep_top_tercile,Top tercile baseline farm-dependence,binary_top,top-third split,all,provyear,none,top-minus-rest differential,0.029603073491629585,0.05384457278280833,0.5824651277178501,2754,133,0.10407940265889637,ok
mech,completed_t,nonfarm_ge2_no_rentin,>=2 nonfarm workers without rent-in,nonfarm,farmdep_top_tercile,Top tercile baseline farm-dependence,binary_top,top-third split,all,provyear,none,top group DID,0.04673819300834303,0.07604637534901028,0.53881812640645,2754,133,0.10407940265889637,ok
mech,completed_t,nonfarm_ge2_no_rentin,>=2 nonfarm workers without rent-in,nonfarm,farm_orientation_top_tercile,Top tercile pre-specified farm-orientation index,binary_top,pre-specified index top-third split,all,stackyear,none,lower/rest DID,-0.0025143813414881754,0.042079984908869245,0.9523528134082652,2842,136,0.10407940265889637,ok
mech,completed_t,nonfarm_ge2_no_rentin,>=2 nonfarm workers without rent-in,nonfarm,farm_orientation_top_tercile,Top tercile pre-specified farm-orientation index,binary_top,pre-specified index top-third split,all,stackyear,none,top-minus-rest differential,0.012810591883641453,0.047140040153593576,0.785809588149175,2842,136,0.10407940265889637,ok
mech,completed_t,nonfarm_ge2_no_rentin,>=2 nonfarm workers without rent-in,nonfarm,farm_orientation_top_tercile,Top tercile pre-specified farm-orientation index,binary_top,pre-specified index top-third split,all,stackyear,none,top group DID,0.010296210542153277,0.020126611531308854,0.6089505988817276,2842,136,0.10407940265889637,ok
mech,completed_t,nonfarm_ge2_no_rentin,>=2 nonfarm workers without rent-in,nonfarm,farm_orientation_top_tercile,Top tercile pre-specified farm-orientation index,binary_top,pre-specified index top-third split,all,provyear,none,lower/rest DID,0.015625358452963062,0.06722954899394183,0.8162133565731603,2836,134,0.10407940265889637,ok
mech,completed_t,nonfarm_ge2_no_rentin,>=2 nonfarm workers without rent-in,nonfarm,farm_orientation_top_tercile,Top tercile pre-specified farm-orientation index,binary_top,pre-specified index top-third split,all,provyear,none,top-minus-rest differential,0.05867647651541511,0.05624194692847643,0.2968155183157509,2836,134,0.10407940265889637,ok
mech,completed_t,nonfarm_ge2_no_rentin,>=2 nonfarm workers without rent-in,nonfarm,farm_orientation_top_tercile,Top tercile pre-specified farm-orientation index,binary_top,pre-specified index top-third split,all,provyear,none,top group DID,0.07430183496837817,0.07408895053469858,0.31592196626956714,2836,134,0.10407940265889637,ok
mech,completed_t,nonfarm_ge2_no_rentin,>=2 nonfarm workers without rent-in,nonfarm,bottom_farmdep,Bottom tercile baseline farm-dependence,binary_bottom,exit-side low farm-dependence check,all,stackyear,none,lower/rest DID,-0.016011357973012036,0.028399952224960837,0.5729030759442448,2760,135,0.10407940265889637,ok
mech,completed_t,nonfarm_ge2_no_rentin,>=2 nonfarm workers without rent-in,nonfarm,bottom_farmdep,Bottom tercile baseline farm-dependence,binary_bottom,exit-side low farm-dependence check,all,stackyear,none,bottom-minus-rest differential,0.051336742466729424,0.06389681764008227,0.4217251354282876,2760,135,0.10407940265889637,ok
mech,completed_t,nonfarm_ge2_no_rentin,>=2 nonfarm workers without rent-in,nonfarm,bottom_farmdep,Bottom tercile baseline farm-dependence,binary_bottom,exit-side low farm-dependence check,all,stackyear,none,bottom group DID,0.03532538449371739,0.06078938575703139,0.5611656039125743,2760,135,0.10407940265889637,ok
mech,completed_t,nonfarm_ge2_no_rentin,>=2 nonfarm workers without rent-in,nonfarm,bottom_farmdep,Bottom tercile baseline farm-dependence,binary_bottom,exit-side low farm-dependence check,all,provyear,none,lower/rest DID,0.013128686960756308,0.08429081652418755,0.8762264151803322,2754,133,0.10407940265889637,ok
mech,completed_t,nonfarm_ge2_no_rentin,>=2 nonfarm workers without rent-in,nonfarm,bottom_farmdep,Bottom tercile baseline farm-dependence,binary_bottom,exit-side low farm-dependence check,all,provyear,none,bottom-minus-rest differential,0.01109717592315335,0.08651465771300194,0.8979358471883561,2754,133,0.10407940265889637,ok
mech,completed_t,nonfarm_ge2_no_rentin,>=2 nonfarm workers without rent-in,nonfarm,bottom_farmdep,Bottom tercile baseline farm-dependence,binary_bottom,exit-side low farm-dependence check,all,provyear,none,bottom group DID,0.024225862883909658,0.07939474653655738,0.7602657632175318,2754,133,0.10407940265889637,ok
mech,high_sat80_t,any_rentin,Any rented-in land,rent-in,farmdep_continuous,"Baseline farm-dependence, continuous winsorized z",continuous,continuous farm-dependence interaction,all,stackyear,none,DID at mean modifier,-0.03622767871066783,0.04875966353234526,0.4574910090162214,2760,135,0.1425059187761792,ok
mech,high_sat80_t,any_rentin,Any rented-in land,rent-in,farmdep_continuous,"Baseline farm-dependence, continuous winsorized z",continuous,continuous farm-dependence interaction,all,stackyear,none,heterogeneity slope,0.05008147588238938,0.033608925777025615,0.136191564628598,2760,135,0.1425059187761792,ok
mech,high_sat80_t,any_rentin,Any rented-in land,rent-in,farmdep_continuous,"Baseline farm-dependence, continuous winsorized z",continuous,continuous farm-dependence interaction,all,stackyear,none,DID at +1 SD,0.013853797171721548,0.056376290074271154,0.8058850487088169,2760,135,0.1425059187761792,ok
mech,high_sat80_t,any_rentin,Any rented-in land,rent-in,farmdep_continuous,"Baseline farm-dependence, continuous winsorized z",continuous,continuous farm-dependence interaction,all,stackyear,none,DID at -1 SD,-0.08630915459305721,0.06193418504192907,0.16344977458704302,2760,135,0.1425059187761792,ok
mech,high_sat80_t,any_rentin,Any rented-in land,rent-in,farmdep_continuous,"Baseline farm-dependence, continuous winsorized z",continuous,continuous farm-dependence interaction,all,provyear,none,DID at mean modifier,-0.17199901438796014,0.09650179086913505,0.074693782461267,2754,133,0.1425059187761792,ok
mech,high_sat80_t,any_rentin,Any rented-in land,rent-in,farmdep_continuous,"Baseline farm-dependence, continuous winsorized z",continuous,continuous farm-dependence interaction,all,provyear,none,heterogeneity slope,0.023773708234695393,0.027934435201820592,0.39473944773411396,2754,133,0.1425059187761792,ok
mech,high_sat80_t,any_rentin,Any rented-in land,rent-in,farmdep_continuous,"Baseline farm-dependence, continuous winsorized z",continuous,continuous farm-dependence interaction,all,provyear,none,DID at +1 SD,-0.14822530615326474,0.10358635500779358,0.15244894107756898,2754,133,0.1425059187761792,ok
mech,high_sat80_t,any_rentin,Any rented-in land,rent-in,farmdep_continuous,"Baseline farm-dependence, continuous winsorized z",continuous,continuous farm-dependence interaction,all,provyear,none,DID at -1 SD,-0.19577272262265555,0.09724054544370542,0.04408488135553639,2754,133,0.1425059187761792,ok
mech,high_sat80_t,any_rentin,Any rented-in land,rent-in,farmdep_top_tercile,Top tercile baseline farm-dependence,binary_top,top-third split,all,stackyear,none,lower/rest DID,-0.05981887069934012,0.05487830044686355,0.27570091760697857,2760,135,0.1425059187761792,ok
mech,high_sat80_t,any_rentin,Any rented-in land,rent-in,farmdep_top_tercile,Top tercile baseline farm-dependence,binary_top,top-third split,all,stackyear,none,top-minus-rest differential,0.07142573292564205,0.062123293619752905,0.25025032873249564,2760,135,0.1425059187761792,ok
mech,high_sat80_t,any_rentin,Any rented-in land,rent-in,farmdep_top_tercile,Top tercile baseline farm-dependence,binary_top,top-third split,all,stackyear,none,top group DID,0.011606862226301938,0.06396226866096472,0.85600322703025,2760,135,0.1425059187761792,ok
mech,high_sat80_t,any_rentin,Any rented-in land,rent-in,farmdep_top_tercile,Top tercile baseline farm-dependence,binary_top,top-third split,all,provyear,none,lower/rest DID,-0.18268930698254163,0.09591418644258676,0.0568169689559055,2754,133,0.1425059187761792,ok
mech,high_sat80_t,any_rentin,Any rented-in land,rent-in,farmdep_top_tercile,Top tercile baseline farm-dependence,binary_top,top-third split,all,provyear,none,top-minus-rest differential,0.005651525442291508,0.04851416708852241,0.9072624121832573,2754,133,0.1425059187761792,ok
mech,high_sat80_t,any_rentin,Any rented-in land,rent-in,farmdep_top_tercile,Top tercile baseline farm-dependence,binary_top,top-third split,all,provyear,none,top group DID,-0.17703778154025013,0.11121002078531518,0.11140202384985054,2754,133,0.1425059187761792,ok
mech,high_sat80_t,any_rentin,Any rented-in land,rent-in,farm_orientation_top_tercile,Top tercile pre-specified farm-orientation index,binary_top,pre-specified index top-third split,all,stackyear,none,lower/rest DID,-0.0876000407525351,0.04887136896889375,0.07305909254660178,2842,136,0.1425059187761792,ok
mech,high_sat80_t,any_rentin,Any rented-in land,rent-in,farm_orientation_top_tercile,Top tercile pre-specified farm-orientation index,binary_top,pre-specified index top-third split,all,stackyear,none,top-minus-rest differential,0.13909587894099987,0.06553066962285962,0.03378677116430275,2842,136,0.1425059187761792,ok
mech,high_sat80_t,any_rentin,Any rented-in land,rent-in,farm_orientation_top_tercile,Top tercile pre-specified farm-orientation index,binary_top,pre-specified index top-third split,all,stackyear,none,top group DID,0.051495838188464774,0.07019330601549707,0.46317493965858925,2842,136,0.1425059187761792,ok
mech,high_sat80_t,any_rentin,Any rented-in land,rent-in,farm_orientation_top_tercile,Top tercile pre-specified farm-orientation index,binary_top,pre-specified index top-third split,all,provyear,none,lower/rest DID,-0.2086127767859049,0.0968448610903398,0.031232928433344038,2836,134,0.1425059187761792,ok
mech,high_sat80_t,any_rentin,Any rented-in land,rent-in,farm_orientation_top_tercile,Top tercile pre-specified farm-orientation index,binary_top,pre-specified index top-third split,all,provyear,none,top-minus-rest differential,0.09573317108000387,0.06294302534757694,0.12827247815875,2836,134,0.1425059187761792,ok
mech,high_sat80_t,any_rentin,Any rented-in land,rent-in,farm_orientation_top_tercile,Top tercile pre-specified farm-orientation index,binary_top,pre-specified index top-third split,all,provyear,none,top group DID,-0.11287960570590103,0.12114263479353359,0.35144459412551476,2836,134,0.1425059187761792,ok
mech,high_sat80_t,any_rentin,Any rented-in land,rent-in,bottom_farmdep,Bottom tercile baseline farm-dependence,binary_bottom,exit-side low farm-dependence check,all,stackyear,none,lower/rest DID,0.017467710503382805,0.041620163864476985,0.6747094046591442,2760,135,0.1425059187761792,ok
mech,high_sat80_t,any_rentin,Any rented-in land,rent-in,bottom_farmdep,Bottom tercile baseline farm-dependence,binary_bottom,exit-side low farm-dependence check,all,stackyear,none,bottom-minus-rest differential,-0.19680393168297977,0.10615293526916426,0.06374402588139404,2760,135,0.1425059187761792,ok
mech,high_sat80_t,any_rentin,Any rented-in land,rent-in,bottom_farmdep,Bottom tercile baseline farm-dependence,binary_bottom,exit-side low farm-dependence check,all,stackyear,none,bottom group DID,-0.17933622117959697,0.10417434247250379,0.08515997447459984,2760,135,0.1425059187761792,ok
mech,high_sat80_t,any_rentin,Any rented-in land,rent-in,bottom_farmdep,Bottom tercile baseline farm-dependence,binary_bottom,exit-side low farm-dependence check,all,provyear,none,lower/rest DID,-0.10390920671860032,0.08905420156958835,0.24328768018289104,2754,133,0.1425059187761792,ok
mech,high_sat80_t,any_rentin,Any rented-in land,rent-in,bottom_farmdep,Bottom tercile baseline farm-dependence,binary_bottom,exit-side low farm-dependence check,all,provyear,none,bottom-minus-rest differential,-0.15972966333262137,0.09645756841636269,0.09773036395541379,2754,133,0.1425059187761792,ok
mech,high_sat80_t,any_rentin,Any rented-in land,rent-in,bottom_farmdep,Bottom tercile baseline farm-dependence,binary_bottom,exit-side low farm-dependence check,all,provyear,none,bottom group DID,-0.26363887005122166,0.09632301401793358,0.006199685229996976,2754,133,0.1425059187761792,ok
mech,high_sat80_t,asinh_rentin,asinh rented-in area,rent-in,farmdep_continuous,"Baseline farm-dependence, continuous winsorized z",continuous,continuous farm-dependence interaction,all,stackyear,none,DID at mean modifier,-0.0693621847654824,0.08533860904813166,0.41633970148740407,2754,135,0.32675755341373264,ok
mech,high_sat80_t,asinh_rentin,asinh rented-in area,rent-in,farmdep_continuous,"Baseline farm-dependence, continuous winsorized z",continuous,continuous farm-dependence interaction,all,stackyear,none,heterogeneity slope,0.08372923088778837,0.05777477626790049,0.14727195181485964,2754,135,0.32675755341373264,ok
mech,high_sat80_t,asinh_rentin,asinh rented-in area,rent-in,farmdep_continuous,"Baseline farm-dependence, continuous winsorized z",continuous,continuous farm-dependence interaction,all,stackyear,none,DID at +1 SD,0.01436704612230598,0.09752489330392444,0.8828820461502752,2754,135,0.32675755341373264,ok
mech,high_sat80_t,asinh_rentin,asinh rented-in area,rent-in,farmdep_continuous,"Baseline farm-dependence, continuous winsorized z",continuous,continuous farm-dependence interaction,all,stackyear,none,DID at -1 SD,-0.15309141565327078,0.10830559136171036,0.1575047944486545,2754,135,0.32675755341373264,ok
mech,high_sat80_t,asinh_rentin,asinh rented-in area,rent-in,farmdep_continuous,"Baseline farm-dependence, continuous winsorized z",continuous,continuous farm-dependence interaction,all,provyear,none,DID at mean modifier,-0.21352718251097647,0.19373645045117113,0.2703952229242854,2748,133,0.32675755341373264,ok
mech,high_sat80_t,asinh_rentin,asinh rented-in area,rent-in,farmdep_continuous,"Baseline farm-dependence, continuous winsorized z",continuous,continuous farm-dependence interaction,all,provyear,none,heterogeneity slope,0.03537716016794919,0.0485769470486526,0.46644798350326233,2748,133,0.32675755341373264,ok
mech,high_sat80_t,asinh_rentin,asinh rented-in area,rent-in,farmdep_continuous,"Baseline farm-dependence, continuous winsorized z",continuous,continuous farm-dependence interaction,all,provyear,none,DID at +1 SD,-0.1781500223430273,0.2102176920396976,0.3967415907740698,2748,133,0.32675755341373264,ok
mech,high_sat80_t,asinh_rentin,asinh rented-in area,rent-in,farmdep_continuous,"Baseline farm-dependence, continuous winsorized z",continuous,continuous farm-dependence interaction,all,provyear,none,DID at -1 SD,-0.24890434267892564,0.18866792517403755,0.1870781389720807,2748,133,0.32675755341373264,ok
mech,high_sat80_t,asinh_rentin,asinh rented-in area,rent-in,farmdep_top_tercile,Top tercile baseline farm-dependence,binary_top,top-third split,all,stackyear,none,lower/rest DID,-0.11319741041746625,0.09914488534374138,0.25356324527730834,2754,135,0.32675755341373264,ok
mech,high_sat80_t,asinh_rentin,asinh rented-in area,rent-in,farmdep_top_tercile,Top tercile baseline farm-dependence,binary_top,top-third split,all,stackyear,none,top-minus-rest differential,0.13167250801191027,0.11798152522326734,0.2644035379370768,2754,135,0.32675755341373264,ok
mech,high_sat80_t,asinh_rentin,asinh rented-in area,rent-in,farmdep_top_tercile,Top tercile baseline farm-dependence,binary_top,top-third split,all,stackyear,none,top group DID,0.018475097594444018,0.11272618148355744,0.8698149201219909,2754,135,0.32675755341373264,ok
mech,high_sat80_t,asinh_rentin,asinh rented-in area,rent-in,farmdep_top_tercile,Top tercile baseline farm-dependence,binary_top,top-third split,all,provyear,none,lower/rest DID,-0.23124733647075785,0.18856125399673027,0.22005653498336597,2748,133,0.32675755341373264,ok
mech,high_sat80_t,asinh_rentin,asinh rented-in area,rent-in,farmdep_top_tercile,Top tercile baseline farm-dependence,binary_top,top-third split,all,provyear,none,top-minus-rest differential,0.016823393826528553,0.10519807566665515,0.8729432131983434,2748,133,0.32675755341373264,ok
mech,high_sat80_t,asinh_rentin,asinh rented-in area,rent-in,farmdep_top_tercile,Top tercile baseline farm-dependence,binary_top,top-third split,all,provyear,none,top group DID,-0.2144239426442293,0.22898428171462068,0.3490603973739387,2748,133,0.32675755341373264,ok
mech,high_sat80_t,asinh_rentin,asinh rented-in area,rent-in,farm_orientation_top_tercile,Top tercile pre-specified farm-orientation index,binary_top,pre-specified index top-third split,all,stackyear,none,lower/rest DID,-0.1505180135677435,0.09161721105564391,0.10040340476284466,2836,136,0.32675755341373264,ok
mech,high_sat80_t,asinh_rentin,asinh rented-in area,rent-in,farm_orientation_top_tercile,Top tercile pre-specified farm-orientation index,binary_top,pre-specified index top-third split,all,stackyear,none,top-minus-rest differential,0.2280179114853042,0.1242609696694551,0.06650684353845328,2836,136,0.32675755341373264,ok
mech,high_sat80_t,asinh_rentin,asinh rented-in area,rent-in,farm_orientation_top_tercile,Top tercile pre-specified farm-orientation index,binary_top,pre-specified index top-third split,all,stackyear,none,top group DID,0.0774998979175607,0.12468552132510846,0.5342293030126379,2836,136,0.32675755341373264,ok
mech,high_sat80_t,asinh_rentin,asinh rented-in area,rent-in,farm_orientation_top_tercile,Top tercile pre-specified farm-orientation index,binary_top,pre-specified index top-third split,all,provyear,none,lower/rest DID,-0.29146464254921983,0.19475684570620738,0.13450867043753786,2830,134,0.32675755341373264,ok
mech,high_sat80_t,asinh_rentin,asinh rented-in area,rent-in,farm_orientation_top_tercile,Top tercile pre-specified farm-orientation index,binary_top,pre-specified index top-third split,all,provyear,none,top-minus-rest differential,0.16059256888239695,0.12347153025630085,0.1933801616261962,2830,134,0.32675755341373264,ok
mech,high_sat80_t,asinh_rentin,asinh rented-in area,rent-in,farm_orientation_top_tercile,Top tercile pre-specified farm-orientation index,binary_top,pre-specified index top-third split,all,provyear,none,top group DID,-0.13087207366682288,0.23946488277198413,0.5847093301866866,2830,134,0.32675755341373264,ok
mech,high_sat80_t,asinh_rentin,asinh rented-in area,rent-in,bottom_farmdep,Bottom tercile baseline farm-dependence,binary_bottom,exit-side low farm-dependence check,all,stackyear,none,lower/rest DID,0.02958383227894335,0.0716085838982117,0.6795095494859427,2754,135,0.32675755341373264,ok
mech,high_sat80_t,asinh_rentin,asinh rented-in area,rent-in,bottom_farmdep,Bottom tercile baseline farm-dependence,binary_bottom,exit-side low farm-dependence check,all,stackyear,none,bottom-minus-rest differential,-0.36690160441952513,0.17605761717832702,0.037161443313283506,2754,135,0.32675755341373264,ok
mech,high_sat80_t,asinh_rentin,asinh rented-in area,rent-in,bottom_farmdep,Bottom tercile baseline farm-dependence,binary_bottom,exit-side low farm-dependence check,all,stackyear,none,bottom group DID,-0.3373177721405818,0.17390277556276967,0.05241716764966225,2754,135,0.32675755341373264,ok
mech,high_sat80_t,asinh_rentin,asinh rented-in area,rent-in,bottom_farmdep,Bottom tercile baseline farm-dependence,binary_bottom,exit-side low farm-dependence check,all,provyear,none,lower/rest DID,-0.07279275366803986,0.1933003290219885,0.7064868460167342,2748,133,0.32675755341373264,ok
mech,high_sat80_t,asinh_rentin,asinh rented-in area,rent-in,bottom_farmdep,Bottom tercile baseline farm-dependence,binary_bottom,exit-side low farm-dependence check,all,provyear,none,bottom-minus-rest differential,-0.3155440594784398,0.16101710990813928,0.05003171556620192,2748,133,0.32675755341373264,ok
mech,high_sat80_t,asinh_rentin,asinh rented-in area,rent-in,bottom_farmdep,Bottom tercile baseline farm-dependence,binary_bottom,exit-side low farm-dependence check,all,provyear,none,bottom group DID,-0.3883368131464796,0.1592863852554944,0.014769644587385021,2748,133,0.32675755341373264,ok
mech,high_sat80_t,ib_nonfarm_curr_n,Current nonfarm workers,nonfarm,farmdep_continuous,"Baseline farm-dependence, continuous winsorized z",continuous,continuous farm-dependence interaction,all,stackyear,none,DID at mean modifier,-0.011137055800086934,0.12754426248154338,0.930417837564996,2904,137,0.5052388563310247,ok
mech,high_sat80_t,ib_nonfarm_curr_n,Current nonfarm workers,nonfarm,farmdep_continuous,"Baseline farm-dependence, continuous winsorized z",continuous,continuous farm-dependence interaction,all,stackyear,none,heterogeneity slope,-0.060634640195501244,0.07241989423533705,0.4024436479091805,2904,137,0.5052388563310247,ok
mech,high_sat80_t,ib_nonfarm_curr_n,Current nonfarm workers,nonfarm,farmdep_continuous,"Baseline farm-dependence, continuous winsorized z",continuous,continuous farm-dependence interaction,all,stackyear,none,DID at +1 SD,-0.07177169599558818,0.10834846904740564,0.5077050277684018,2904,137,0.5052388563310247,ok
mech,high_sat80_t,ib_nonfarm_curr_n,Current nonfarm workers,nonfarm,farmdep_continuous,"Baseline farm-dependence, continuous winsorized z",continuous,continuous farm-dependence interaction,all,stackyear,none,DID at -1 SD,0.04949758439541431,0.1768755754792613,0.7795971239070135,2904,137,0.5052388563310247,ok
mech,high_sat80_t,ib_nonfarm_curr_n,Current nonfarm workers,nonfarm,farmdep_continuous,"Baseline farm-dependence, continuous winsorized z",continuous,continuous farm-dependence interaction,all,provyear,none,DID at mean modifier,0.13285475108881212,0.15472428764829874,0.3905309988992466,2900,136,0.5052388563310247,ok
mech,high_sat80_t,ib_nonfarm_curr_n,Current nonfarm workers,nonfarm,farmdep_continuous,"Baseline farm-dependence, continuous winsorized z",continuous,continuous farm-dependence interaction,all,provyear,none,heterogeneity slope,0.008726271178110742,0.0892039992835135,0.9220722351216496,2900,136,0.5052388563310247,ok
mech,high_sat80_t,ib_nonfarm_curr_n,Current nonfarm workers,nonfarm,farmdep_continuous,"Baseline farm-dependence, continuous winsorized z",continuous,continuous farm-dependence interaction,all,provyear,none,DID at +1 SD,0.14158102226692287,0.19190255014486335,0.4606508128161324,2900,136,0.5052388563310247,ok
mech,high_sat80_t,ib_nonfarm_curr_n,Current nonfarm workers,nonfarm,farmdep_continuous,"Baseline farm-dependence, continuous winsorized z",continuous,continuous farm-dependence interaction,all,provyear,none,DID at -1 SD,0.12412847991070138,0.1642173212568983,0.4497215437214749,2900,136,0.5052388563310247,ok
mech,high_sat80_t,ib_nonfarm_curr_n,Current nonfarm workers,nonfarm,farmdep_top_tercile,Top tercile baseline farm-dependence,binary_top,top-third split,all,stackyear,none,lower/rest DID,0.04836152603920178,0.16009013439579675,0.762583944225893,2904,137,0.5052388563310247,ok
mech,high_sat80_t,ib_nonfarm_curr_n,Current nonfarm workers,nonfarm,farmdep_top_tercile,Top tercile baseline farm-dependence,binary_top,top-third split,all,stackyear,none,top-minus-rest differential,-0.15441773463763175,0.14180728228308723,0.2761862149618106,2904,137,0.5052388563310247,ok
mech,high_sat80_t,ib_nonfarm_curr_n,Current nonfarm workers,nonfarm,farmdep_top_tercile,Top tercile baseline farm-dependence,binary_top,top-third split,all,stackyear,none,top group DID,-0.10605620859842997,0.10641135043083806,0.3189283301286223,2904,137,0.5052388563310247,ok
mech,high_sat80_t,ib_nonfarm_curr_n,Current nonfarm workers,nonfarm,farmdep_top_tercile,Top tercile baseline farm-dependence,binary_top,top-third split,all,provyear,none,lower/rest DID,0.13418695968281869,0.1552298562442731,0.3873460053099571,2900,136,0.5052388563310247,ok
mech,high_sat80_t,ib_nonfarm_curr_n,Current nonfarm workers,nonfarm,farmdep_top_tercile,Top tercile baseline farm-dependence,binary_top,top-third split,all,provyear,none,top-minus-rest differential,-0.026194339015357872,0.17590916866075754,0.8816259749378957,2900,136,0.5052388563310247,ok
mech,high_sat80_t,ib_nonfarm_curr_n,Current nonfarm workers,nonfarm,farmdep_top_tercile,Top tercile baseline farm-dependence,binary_top,top-third split,all,provyear,none,top group DID,0.10799262066746082,0.2029197077679708,0.5945917415020558,2900,136,0.5052388563310247,ok
mech,high_sat80_t,ib_nonfarm_curr_n,Current nonfarm workers,nonfarm,farm_orientation_top_tercile,Top tercile pre-specified farm-orientation index,binary_top,pre-specified index top-third split,all,stackyear,none,lower/rest DID,-0.06111854097004073,0.17095528997172485,0.7207086610235923,2988,138,0.5052388563310247,ok
mech,high_sat80_t,ib_nonfarm_curr_n,Current nonfarm workers,nonfarm,farm_orientation_top_tercile,Top tercile pre-specified farm-orientation index,binary_top,pre-specified index top-third split,all,stackyear,none,top-minus-rest differential,0.13659594892331478,0.19217447167668467,0.4772135520876146,2988,138,0.5052388563310247,ok
mech,high_sat80_t,ib_nonfarm_curr_n,Current nonfarm workers,nonfarm,farm_orientation_top_tercile,Top tercile pre-specified farm-orientation index,binary_top,pre-specified index top-third split,all,stackyear,none,top group DID,0.07547740795327405,0.10921405130583077,0.48950513356580105,2988,138,0.5052388563310247,ok
mech,high_sat80_t,ib_nonfarm_curr_n,Current nonfarm workers,nonfarm,farm_orientation_top_tercile,Top tercile pre-specified farm-orientation index,binary_top,pre-specified index top-third split,all,provyear,none,lower/rest DID,0.08566859362758797,0.16201306199301943,0.5969609565730669,2984,137,0.5052388563310247,ok
mech,high_sat80_t,ib_nonfarm_curr_n,Current nonfarm workers,nonfarm,farm_orientation_top_tercile,Top tercile pre-specified farm-orientation index,binary_top,pre-specified index top-third split,all,provyear,none,top-minus-rest differential,0.3110516836800219,0.19945544351646524,0.11887699428535041,2984,137,0.5052388563310247,ok
mech,high_sat80_t,ib_nonfarm_curr_n,Current nonfarm workers,nonfarm,farm_orientation_top_tercile,Top tercile pre-specified farm-orientation index,binary_top,pre-specified index top-third split,all,provyear,none,top group DID,0.39672027730760984,0.22137222661001246,0.07311759279801479,2984,137,0.5052388563310247,ok
mech,high_sat80_t,ib_nonfarm_curr_n,Current nonfarm workers,nonfarm,bottom_farmdep,Bottom tercile baseline farm-dependence,binary_bottom,exit-side low farm-dependence check,all,stackyear,none,lower/rest DID,-0.10986163637023331,0.1494185261004954,0.4621804676817033,2904,137,0.5052388563310247,ok
mech,high_sat80_t,ib_nonfarm_curr_n,Current nonfarm workers,nonfarm,bottom_farmdep,Bottom tercile baseline farm-dependence,binary_bottom,exit-side low farm-dependence check,all,stackyear,none,bottom-minus-rest differential,0.36817345075967317,0.19474947614824262,0.05869141827408534,2904,137,0.5052388563310247,ok
mech,high_sat80_t,ib_nonfarm_curr_n,Current nonfarm workers,nonfarm,bottom_farmdep,Bottom tercile baseline farm-dependence,binary_bottom,exit-side low farm-dependence check,all,stackyear,none,bottom group DID,0.25831181438943984,0.12654312287365513,0.04122153701310639,2904,137,0.5052388563310247,ok
mech,high_sat80_t,ib_nonfarm_curr_n,Current nonfarm workers,nonfarm,bottom_farmdep,Bottom tercile baseline farm-dependence,binary_bottom,exit-side low farm-dependence check,all,provyear,none,lower/rest DID,0.04305398002311531,0.20036065500405967,0.829859000872331,2900,136,0.5052388563310247,ok
mech,high_sat80_t,ib_nonfarm_curr_n,Current nonfarm workers,nonfarm,bottom_farmdep,Bottom tercile baseline farm-dependence,binary_bottom,exit-side low farm-dependence check,all,provyear,none,bottom-minus-rest differential,0.1503187558887593,0.20245816186016227,0.457803685304509,2900,136,0.5052388563310247,ok
mech,high_sat80_t,ib_nonfarm_curr_n,Current nonfarm workers,nonfarm,bottom_farmdep,Bottom tercile baseline farm-dependence,binary_bottom,exit-side low farm-dependence check,all,provyear,none,bottom group DID,0.1933727359118746,0.14897119116198324,0.1942685828310582,2900,136,0.5052388563310247,ok
mech,high_sat80_t,ib_nonfarm_curr_ge2,At least two current nonfarm workers,nonfarm,farmdep_continuous,"Baseline farm-dependence, continuous winsorized z",continuous,continuous farm-dependence interaction,all,stackyear,none,DID at mean modifier,-0.03740071533267077,0.05764062921519919,0.5164286844890695,2904,137,0.11276860237968389,ok
mech,high_sat80_t,ib_nonfarm_curr_ge2,At least two current nonfarm workers,nonfarm,farmdep_continuous,"Baseline farm-dependence, continuous winsorized z",continuous,continuous farm-dependence interaction,all,stackyear,none,heterogeneity slope,-0.0048364618319854166,0.027471982884302002,0.8602541111587285,2904,137,0.11276860237968389,ok
mech,high_sat80_t,ib_nonfarm_curr_ge2,At least two current nonfarm workers,nonfarm,farmdep_continuous,"Baseline farm-dependence, continuous winsorized z",continuous,continuous farm-dependence interaction,all,stackyear,none,DID at +1 SD,-0.042237177164656185,0.04085881838872878,0.3012602201185913,2904,137,0.11276860237968389,ok
mech,high_sat80_t,ib_nonfarm_curr_ge2,At least two current nonfarm workers,nonfarm,farmdep_continuous,"Baseline farm-dependence, continuous winsorized z",continuous,continuous farm-dependence interaction,all,stackyear,none,DID at -1 SD,-0.03256425350068535,0.08052863416025254,0.6859325342553635,2904,137,0.11276860237968389,ok
mech,high_sat80_t,ib_nonfarm_curr_ge2,At least two current nonfarm workers,nonfarm,farmdep_continuous,"Baseline farm-dependence, continuous winsorized z",continuous,continuous farm-dependence interaction,all,provyear,none,DID at mean modifier,0.03574087104883439,0.07190494750746697,0.6191487234429407,2900,136,0.11276860237968389,ok
mech,high_sat80_t,ib_nonfarm_curr_ge2,At least two current nonfarm workers,nonfarm,farmdep_continuous,"Baseline farm-dependence, continuous winsorized z",continuous,continuous farm-dependence interaction,all,provyear,none,heterogeneity slope,0.030329817750936378,0.03864730823576233,0.43257978861545177,2900,136,0.11276860237968389,ok
mech,high_sat80_t,ib_nonfarm_curr_ge2,At least two current nonfarm workers,nonfarm,farmdep_continuous,"Baseline farm-dependence, continuous winsorized z",continuous,continuous farm-dependence interaction,all,provyear,none,DID at +1 SD,0.06607068879977077,0.0861186916352799,0.4429596544965213,2900,136,0.11276860237968389,ok
mech,high_sat80_t,ib_nonfarm_curr_ge2,At least two current nonfarm workers,nonfarm,farmdep_continuous,"Baseline farm-dependence, continuous winsorized z",continuous,continuous farm-dependence interaction,all,provyear,none,DID at -1 SD,0.005411053297898011,0.07688590749201558,0.9438930404021949,2900,136,0.11276860237968389,ok
mech,high_sat80_t,ib_nonfarm_curr_ge2,At least two current nonfarm workers,nonfarm,farmdep_top_tercile,Top tercile baseline farm-dependence,binary_top,top-third split,all,stackyear,none,lower/rest DID,-0.04456681191894519,0.07217842838941824,0.5369357465815539,2904,137,0.11276860237968389,ok
mech,high_sat80_t,ib_nonfarm_curr_ge2,At least two current nonfarm workers,nonfarm,farmdep_top_tercile,Top tercile baseline farm-dependence,binary_top,top-third split,all,stackyear,none,top-minus-rest differential,0.022186439757133098,0.05020915257878203,0.6585757641393527,2904,137,0.11276860237968389,ok
mech,high_sat80_t,ib_nonfarm_curr_ge2,At least two current nonfarm workers,nonfarm,farmdep_top_tercile,Top tercile baseline farm-dependence,binary_top,top-third split,all,stackyear,none,top group DID,-0.02238037216181209,0.03574811110752213,0.5312772437503945,2904,137,0.11276860237968389,ok
mech,high_sat80_t,ib_nonfarm_curr_ge2,At least two current nonfarm workers,nonfarm,farmdep_top_tercile,Top tercile baseline farm-dependence,binary_top,top-third split,all,provyear,none,lower/rest DID,0.011398074279137332,0.07161796108051377,0.8735498623308968,2900,136,0.11276860237968389,ok
mech,high_sat80_t,ib_nonfarm_curr_ge2,At least two current nonfarm workers,nonfarm,farmdep_top_tercile,Top tercile baseline farm-dependence,binary_top,top-third split,all,provyear,none,top-minus-rest differential,0.09210868492873958,0.06987229473057391,0.18742221222537192,2900,136,0.11276860237968389,ok
mech,high_sat80_t,ib_nonfarm_curr_ge2,At least two current nonfarm workers,nonfarm,farmdep_top_tercile,Top tercile baseline farm-dependence,binary_top,top-third split,all,provyear,none,top group DID,0.10350675920787691,0.08516866871273678,0.2242459793492969,2900,136,0.11276860237968389,ok
mech,high_sat80_t,ib_nonfarm_curr_ge2,At least two current nonfarm workers,nonfarm,farm_orientation_top_tercile,Top tercile pre-specified farm-orientation index,binary_top,pre-specified index top-third split,all,stackyear,none,lower/rest DID,-0.07283748866985847,0.07903386300812569,0.3567380473307199,2988,138,0.11276860237968389,ok
mech,high_sat80_t,ib_nonfarm_curr_ge2,At least two current nonfarm workers,nonfarm,farm_orientation_top_tercile,Top tercile pre-specified farm-orientation index,binary_top,pre-specified index top-third split,all,stackyear,none,top-minus-rest differential,0.10811772086985544,0.07718774667313082,0.16130053118580678,2988,138,0.11276860237968389,ok
mech,high_sat80_t,ib_nonfarm_curr_ge2,At least two current nonfarm workers,nonfarm,farm_orientation_top_tercile,Top tercile pre-specified farm-orientation index,binary_top,pre-specified index top-third split,all,stackyear,none,top group DID,0.03528023219999697,0.02461264395772693,0.1517381235417702,2988,138,0.11276860237968389,ok
mech,high_sat80_t,ib_nonfarm_curr_ge2,At least two current nonfarm workers,nonfarm,farm_orientation_top_tercile,Top tercile pre-specified farm-orientation index,binary_top,pre-specified index top-third split,all,provyear,none,lower/rest DID,-0.004696313960276831,0.07091322165419298,0.9471977294387188,2984,137,0.11276860237968389,ok
mech,high_sat80_t,ib_nonfarm_curr_ge2,At least two current nonfarm workers,nonfarm,farm_orientation_top_tercile,Top tercile pre-specified farm-orientation index,binary_top,pre-specified index top-third split,all,provyear,none,top-minus-rest differential,0.20150282372098413,0.09038294172788011,0.025785027104361164,2984,137,0.11276860237968389,ok
mech,high_sat80_t,ib_nonfarm_curr_ge2,At least two current nonfarm workers,nonfarm,farm_orientation_top_tercile,Top tercile pre-specified farm-orientation index,binary_top,pre-specified index top-third split,all,provyear,none,top group DID,0.1968065097607073,0.09824485947046606,0.04515319678024178,2984,137,0.11276860237968389,ok
mech,high_sat80_t,ib_nonfarm_curr_ge2,At least two current nonfarm workers,nonfarm,bottom_farmdep,Bottom tercile baseline farm-dependence,binary_bottom,exit-side low farm-dependence check,all,stackyear,none,lower/rest DID,-0.07306161965550247,0.06606850337389544,0.2687929878093537,2904,137,0.11276860237968389,ok
mech,high_sat80_t,ib_nonfarm_curr_ge2,At least two current nonfarm workers,nonfarm,bottom_farmdep,Bottom tercile baseline farm-dependence,binary_bottom,exit-side low farm-dependence check,all,stackyear,none,bottom-minus-rest differential,0.14019027365027742,0.09026206885026668,0.12038798752592092,2904,137,0.11276860237968389,ok
mech,high_sat80_t,ib_nonfarm_curr_ge2,At least two current nonfarm workers,nonfarm,bottom_farmdep,Bottom tercile baseline farm-dependence,binary_bottom,exit-side low farm-dependence check,all,stackyear,none,bottom group DID,0.06712865399477495,0.06502537676906191,0.30191030114390227,2904,137,0.11276860237968389,ok
mech,high_sat80_t,ib_nonfarm_curr_ge2,At least two current nonfarm workers,nonfarm,bottom_farmdep,Bottom tercile baseline farm-dependence,binary_bottom,exit-side low farm-dependence check,all,provyear,none,lower/rest DID,-0.00599111667015742,0.08598272586150751,0.9444498388310104,2900,136,0.11276860237968389,ok
mech,high_sat80_t,ib_nonfarm_curr_ge2,At least two current nonfarm workers,nonfarm,bottom_farmdep,Bottom tercile baseline farm-dependence,binary_bottom,exit-side low farm-dependence check,all,provyear,none,bottom-minus-rest differential,0.04948432254008539,0.08681538312339046,0.568681181242373,2900,136,0.11276860237968389,ok
mech,high_sat80_t,ib_nonfarm_curr_ge2,At least two current nonfarm workers,nonfarm,bottom_farmdep,Bottom tercile baseline farm-dependence,binary_bottom,exit-side low farm-dependence check,all,provyear,none,bottom group DID,0.04349320586992797,0.07509393731678031,0.5624650357137844,2900,136,0.11276860237968389,ok
mech,high_sat80_t,nonfarm_ge2_no_rentin,>=2 nonfarm workers without rent-in,nonfarm,farmdep_continuous,"Baseline farm-dependence, continuous winsorized z",continuous,continuous farm-dependence interaction,all,stackyear,none,DID at mean modifier,0.009631621498881717,0.029302481689062212,0.742385143244392,2760,135,0.10407940265889637,ok
mech,high_sat80_t,nonfarm_ge2_no_rentin,>=2 nonfarm workers without rent-in,nonfarm,farmdep_continuous,"Baseline farm-dependence, continuous winsorized z",continuous,continuous farm-dependence interaction,all,stackyear,none,heterogeneity slope,-0.026262924707445304,0.022136391459789125,0.23545884614010892,2760,135,0.10407940265889637,ok
mech,high_sat80_t,nonfarm_ge2_no_rentin,>=2 nonfarm workers without rent-in,nonfarm,farmdep_continuous,"Baseline farm-dependence, continuous winsorized z",continuous,continuous farm-dependence interaction,all,stackyear,none,DID at +1 SD,-0.016631303208563587,0.019407863178446512,0.39148006866931373,2760,135,0.10407940265889637,ok
mech,high_sat80_t,nonfarm_ge2_no_rentin,>=2 nonfarm workers without rent-in,nonfarm,farmdep_continuous,"Baseline farm-dependence, continuous winsorized z",continuous,continuous farm-dependence interaction,all,stackyear,none,DID at -1 SD,0.035894546206327024,0.04817307719924483,0.4562014014756842,2760,135,0.10407940265889637,ok
mech,high_sat80_t,nonfarm_ge2_no_rentin,>=2 nonfarm workers without rent-in,nonfarm,farmdep_continuous,"Baseline farm-dependence, continuous winsorized z",continuous,continuous farm-dependence interaction,all,provyear,none,DID at mean modifier,0.013894691910858339,0.0682761187311265,0.8387385023353606,2754,133,0.10407940265889637,ok
mech,high_sat80_t,nonfarm_ge2_no_rentin,>=2 nonfarm workers without rent-in,nonfarm,farmdep_continuous,"Baseline farm-dependence, continuous winsorized z",continuous,continuous farm-dependence interaction,all,provyear,none,heterogeneity slope,-0.01274558485491327,0.02964409607761775,0.667229418011739,2754,133,0.10407940265889637,ok
mech,high_sat80_t,nonfarm_ge2_no_rentin,>=2 nonfarm workers without rent-in,nonfarm,farmdep_continuous,"Baseline farm-dependence, continuous winsorized z",continuous,continuous farm-dependence interaction,all,provyear,none,DID at +1 SD,0.0011491070559450697,0.07730020187405873,0.9881394745517698,2754,133,0.10407940265889637,ok
mech,high_sat80_t,nonfarm_ge2_no_rentin,>=2 nonfarm workers without rent-in,nonfarm,farmdep_continuous,"Baseline farm-dependence, continuous winsorized z",continuous,continuous farm-dependence interaction,all,provyear,none,DID at -1 SD,0.02664027676577161,0.07145264468668461,0.7092688560317528,2754,133,0.10407940265889637,ok
mech,high_sat80_t,nonfarm_ge2_no_rentin,>=2 nonfarm workers without rent-in,nonfarm,farmdep_top_tercile,Top tercile baseline farm-dependence,binary_top,top-third split,all,stackyear,none,lower/rest DID,0.017374427652109697,0.041838483817262635,0.6779414526137777,2760,135,0.10407940265889637,ok
mech,high_sat80_t,nonfarm_ge2_no_rentin,>=2 nonfarm workers without rent-in,nonfarm,farmdep_top_tercile,Top tercile baseline farm-dependence,binary_top,top-third split,all,stackyear,none,top-minus-rest differential,-0.02201074418871881,0.043474997294013704,0.6126565078971636,2760,135,0.10407940265889637,ok
mech,high_sat80_t,nonfarm_ge2_no_rentin,>=2 nonfarm workers without rent-in,nonfarm,farmdep_top_tercile,Top tercile baseline farm-dependence,binary_top,top-third split,all,stackyear,none,top group DID,-0.004636316536609113,0.020530708723271663,0.8213386974591663,2760,135,0.10407940265889637,ok
mech,high_sat80_t,nonfarm_ge2_no_rentin,>=2 nonfarm workers without rent-in,nonfarm,farmdep_top_tercile,Top tercile baseline farm-dependence,binary_top,top-third split,all,provyear,none,lower/rest DID,0.01948056033676795,0.06958872651749361,0.7795247261495339,2754,133,0.10407940265889637,ok
mech,high_sat80_t,nonfarm_ge2_no_rentin,>=2 nonfarm workers without rent-in,nonfarm,farmdep_top_tercile,Top tercile baseline farm-dependence,binary_top,top-third split,all,provyear,none,top-minus-rest differential,0.009423706336415181,0.055819026821286574,0.8659334601197534,2754,133,0.10407940265889637,ok
mech,high_sat80_t,nonfarm_ge2_no_rentin,>=2 nonfarm workers without rent-in,nonfarm,farmdep_top_tercile,Top tercile baseline farm-dependence,binary_top,top-third split,all,provyear,none,top group DID,0.028904266673183132,0.07588828400773301,0.7032929090602317,2754,133,0.10407940265889637,ok
mech,high_sat80_t,nonfarm_ge2_no_rentin,>=2 nonfarm workers without rent-in,nonfarm,farm_orientation_top_tercile,Top tercile pre-specified farm-orientation index,binary_top,pre-specified index top-third split,all,stackyear,none,lower/rest DID,0.009710685834424089,0.04277497024087889,0.8204097884729106,2842,136,0.10407940265889637,ok
mech,high_sat80_t,nonfarm_ge2_no_rentin,>=2 nonfarm workers without rent-in,nonfarm,farm_orientation_top_tercile,Top tercile pre-specified farm-orientation index,binary_top,pre-specified index top-third split,all,stackyear,none,top-minus-rest differential,0.0006149107802936695,0.048033826811980845,0.989786064322619,2842,136,0.10407940265889637,ok
mech,high_sat80_t,nonfarm_ge2_no_rentin,>=2 nonfarm workers without rent-in,nonfarm,farm_orientation_top_tercile,Top tercile pre-specified farm-orientation index,binary_top,pre-specified index top-third split,all,stackyear,none,top group DID,0.010325596614717759,0.020140972751616863,0.6081848143909443,2842,136,0.10407940265889637,ok
mech,high_sat80_t,nonfarm_ge2_no_rentin,>=2 nonfarm workers without rent-in,nonfarm,farm_orientation_top_tercile,Top tercile pre-specified farm-orientation index,binary_top,pre-specified index top-third split,all,provyear,none,lower/rest DID,0.015625358452963062,0.06722954899394183,0.8162133565731603,2836,134,0.10407940265889637,ok
mech,high_sat80_t,nonfarm_ge2_no_rentin,>=2 nonfarm workers without rent-in,nonfarm,farm_orientation_top_tercile,Top tercile pre-specified farm-orientation index,binary_top,pre-specified index top-third split,all,provyear,none,top-minus-rest differential,0.05867647651541511,0.05624194692847643,0.2968155183157509,2836,134,0.10407940265889637,ok
mech,high_sat80_t,nonfarm_ge2_no_rentin,>=2 nonfarm workers without rent-in,nonfarm,farm_orientation_top_tercile,Top tercile pre-specified farm-orientation index,binary_top,pre-specified index top-third split,all,provyear,none,top group DID,0.07430183496837817,0.07408895053469858,0.31592196626956714,2836,134,0.10407940265889637,ok
mech,high_sat80_t,nonfarm_ge2_no_rentin,>=2 nonfarm workers without rent-in,nonfarm,bottom_farmdep,Bottom tercile baseline farm-dependence,binary_bottom,exit-side low farm-dependence check,all,stackyear,none,lower/rest DID,-0.01618375618543384,0.028149181249279887,0.5653399032209439,2760,135,0.10407940265889637,ok
mech,high_sat80_t,nonfarm_ge2_no_rentin,>=2 nonfarm workers without rent-in,nonfarm,bottom_farmdep,Bottom tercile baseline farm-dependence,binary_bottom,exit-side low farm-dependence check,all,stackyear,none,bottom-minus-rest differential,0.08218660287108477,0.0665101401740083,0.21656997088089103,2760,135,0.10407940265889637,ok
mech,high_sat80_t,nonfarm_ge2_no_rentin,>=2 nonfarm workers without rent-in,nonfarm,bottom_farmdep,Bottom tercile baseline farm-dependence,binary_bottom,exit-side low farm-dependence check,all,stackyear,none,bottom group DID,0.06600284668565093,0.06357899314331365,0.299212563541984,2760,135,0.10407940265889637,ok
mech,high_sat80_t,nonfarm_ge2_no_rentin,>=2 nonfarm workers without rent-in,nonfarm,bottom_farmdep,Bottom tercile baseline farm-dependence,binary_bottom,exit-side low farm-dependence check,all,provyear,none,lower/rest DID,-0.0025815104236517686,0.08094086979101806,0.9745567576827253,2754,133,0.10407940265889637,ok
mech,high_sat80_t,nonfarm_ge2_no_rentin,>=2 nonfarm workers without rent-in,nonfarm,bottom_farmdep,Bottom tercile baseline farm-dependence,binary_bottom,exit-side low farm-dependence check,all,provyear,none,bottom-minus-rest differential,0.042072682774640865,0.08661372041693796,0.6271438711739271,2754,133,0.10407940265889637,ok
mech,high_sat80_t,nonfarm_ge2_no_rentin,>=2 nonfarm workers without rent-in,nonfarm,bottom_farmdep,Bottom tercile baseline farm-dependence,binary_bottom,exit-side low farm-dependence check,all,provyear,none,bottom group DID,0.0394911723509891,0.07833736371785671,0.6141793805539788,2754,133,0.10407940265889637,ok
mech,signoff_or_issue_t,any_rentin,Any rented-in land,rent-in,farmdep_continuous,"Baseline farm-dependence, continuous winsorized z",continuous,continuous farm-dependence interaction,all,stackyear,none,DID at mean modifier,-0.04835123539489106,0.05582389336966955,0.3864140952668276,2766,135,0.14194188774589425,ok
mech,signoff_or_issue_t,any_rentin,Any rented-in land,rent-in,farmdep_continuous,"Baseline farm-dependence, continuous winsorized z",continuous,continuous farm-dependence interaction,all,stackyear,none,heterogeneity slope,0.05916195493490732,0.03709708404145206,0.1107598294576611,2766,135,0.14194188774589425,ok
mech,signoff_or_issue_t,any_rentin,Any rented-in land,rent-in,farmdep_continuous,"Baseline farm-dependence, continuous winsorized z",continuous,continuous farm-dependence interaction,all,stackyear,none,DID at +1 SD,0.010810719540016264,0.06088395718734509,0.859066423731895,2766,135,0.14194188774589425,ok
mech,signoff_or_issue_t,any_rentin,Any rented-in land,rent-in,farmdep_continuous,"Baseline farm-dependence, continuous winsorized z",continuous,continuous farm-dependence interaction,all,stackyear,none,DID at -1 SD,-0.10751319032979838,0.0726508443713018,0.13891020173860955,2766,135,0.14194188774589425,ok
mech,signoff_or_issue_t,any_rentin,Any rented-in land,rent-in,farmdep_continuous,"Baseline farm-dependence, continuous winsorized z",continuous,continuous farm-dependence interaction,all,provyear,none,DID at mean modifier,-0.19907841308362806,0.10388006952355622,0.05531095894047982,2760,133,0.14194188774589425,ok
mech,signoff_or_issue_t,any_rentin,Any rented-in land,rent-in,farmdep_continuous,"Baseline farm-dependence, continuous winsorized z",continuous,continuous farm-dependence interaction,all,provyear,none,heterogeneity slope,0.028656751562892893,0.030141439850185945,0.3417350458864705,2760,133,0.14194188774589425,ok
mech,signoff_or_issue_t,any_rentin,Any rented-in land,rent-in,farmdep_continuous,"Baseline farm-dependence, continuous winsorized z",continuous,continuous farm-dependence interaction,all,provyear,none,DID at +1 SD,-0.17042166152073518,0.10926397299157123,0.11882507368005064,2760,133,0.14194188774589425,ok
mech,signoff_or_issue_t,any_rentin,Any rented-in land,rent-in,farmdep_continuous,"Baseline farm-dependence, continuous winsorized z",continuous,continuous farm-dependence interaction,all,provyear,none,DID at -1 SD,-0.22773516464652094,0.10705388683751606,0.033395605968621296,2760,133,0.14194188774589425,ok
mech,signoff_or_issue_t,any_rentin,Any rented-in land,rent-in,farmdep_top_tercile,Top tercile baseline farm-dependence,binary_top,top-third split,all,stackyear,none,lower/rest DID,-0.07441620572979737,0.06395850818568405,0.24462364575501216,2766,135,0.14194188774589425,ok
mech,signoff_or_issue_t,any_rentin,Any rented-in land,rent-in,farmdep_top_tercile,Top tercile baseline farm-dependence,binary_top,top-third split,all,stackyear,none,top-minus-rest differential,0.08486487856334045,0.06908153019981576,0.21926900319987208,2766,135,0.14194188774589425,ok
mech,signoff_or_issue_t,any_rentin,Any rented-in land,rent-in,farmdep_top_tercile,Top tercile baseline farm-dependence,binary_top,top-third split,all,stackyear,none,top group DID,0.010448672833543074,0.0702783875730984,0.8818097122330101,2766,135,0.14194188774589425,ok
mech,signoff_or_issue_t,any_rentin,Any rented-in land,rent-in,farmdep_top_tercile,Top tercile baseline farm-dependence,binary_top,top-third split,all,provyear,none,lower/rest DID,-0.21150742172464215,0.1053726938637334,0.04472498735009084,2760,133,0.14194188774589425,ok
mech,signoff_or_issue_t,any_rentin,Any rented-in land,rent-in,farmdep_top_tercile,Top tercile baseline farm-dependence,binary_top,top-third split,all,provyear,none,top-minus-rest differential,0.011406475420577562,0.05233100678192311,0.8274541852052932,2760,133,0.14194188774589425,ok
mech,signoff_or_issue_t,any_rentin,Any rented-in land,rent-in,farmdep_top_tercile,Top tercile baseline farm-dependence,binary_top,top-third split,all,provyear,none,top group DID,-0.20010094630406458,0.117184666862988,0.0877162781865892,2760,133,0.14194188774589425,ok
mech,signoff_or_issue_t,any_rentin,Any rented-in land,rent-in,farm_orientation_top_tercile,Top tercile pre-specified farm-orientation index,binary_top,pre-specified index top-third split,all,stackyear,none,lower/rest DID,-0.10450008939498526,0.05540382184635335,0.05927432875649652,2848,136,0.14194188774589425,ok
mech,signoff_or_issue_t,any_rentin,Any rented-in land,rent-in,farm_orientation_top_tercile,Top tercile pre-specified farm-orientation index,binary_top,pre-specified index top-third split,all,stackyear,none,top-minus-rest differential,0.15817193317682693,0.07095687526977444,0.025805412149778464,2848,136,0.14194188774589425,ok
mech,signoff_or_issue_t,any_rentin,Any rented-in land,rent-in,farm_orientation_top_tercile,Top tercile pre-specified farm-orientation index,binary_top,pre-specified index top-third split,all,stackyear,none,top group DID,0.05367184378184167,0.07720575125145619,0.48694291331531303,2848,136,0.14194188774589425,ok
mech,signoff_or_issue_t,any_rentin,Any rented-in land,rent-in,farm_orientation_top_tercile,Top tercile pre-specified farm-orientation index,binary_top,pre-specified index top-third split,all,provyear,none,lower/rest DID,-0.24202271362180458,0.10710642443080712,0.023843166396355156,2842,134,0.14194188774589425,ok
mech,signoff_or_issue_t,any_rentin,Any rented-in land,rent-in,farm_orientation_top_tercile,Top tercile pre-specified farm-orientation index,binary_top,pre-specified index top-third split,all,provyear,none,top-minus-rest differential,0.10677968899894044,0.06440813243874173,0.09734565674241752,2842,134,0.14194188774589425,ok
mech,signoff_or_issue_t,any_rentin,Any rented-in land,rent-in,farm_orientation_top_tercile,Top tercile pre-specified farm-orientation index,binary_top,pre-specified index top-third split,all,provyear,none,top group DID,-0.13524302462286414,0.12643315369082792,0.2847633404512597,2842,134,0.14194188774589425,ok
mech,signoff_or_issue_t,any_rentin,Any rented-in land,rent-in,bottom_farmdep,Bottom tercile baseline farm-dependence,binary_bottom,exit-side low farm-dependence check,all,stackyear,none,lower/rest DID,0.016205145419536774,0.0467282453281361,0.7287449545770764,2766,135,0.14194188774589425,ok
mech,signoff_or_issue_t,any_rentin,Any rented-in land,rent-in,bottom_farmdep,Bottom tercile baseline farm-dependence,binary_bottom,exit-side low farm-dependence check,all,stackyear,none,bottom-minus-rest differential,-0.24187292848697545,0.12044334669559736,0.044623278037091554,2766,135,0.14194188774589425,ok
mech,signoff_or_issue_t,any_rentin,Any rented-in land,rent-in,bottom_farmdep,Bottom tercile baseline farm-dependence,binary_bottom,exit-side low farm-dependence check,all,stackyear,none,bottom group DID,-0.22566778306743868,0.11704997363942138,0.053859978559299866,2766,135,0.14194188774589425,ok
mech,signoff_or_issue_t,any_rentin,Any rented-in land,rent-in,bottom_farmdep,Bottom tercile baseline farm-dependence,binary_bottom,exit-side low farm-dependence check,all,provyear,none,lower/rest DID,-0.11828596801857467,0.10455983272685143,0.25793918925651327,2760,133,0.14194188774589425,ok
mech,signoff_or_issue_t,any_rentin,Any rented-in land,rent-in,bottom_farmdep,Bottom tercile baseline farm-dependence,binary_bottom,exit-side low farm-dependence check,all,provyear,none,bottom-minus-rest differential,-0.18745851320398205,0.11917464454355017,0.11572504097071258,2760,133,0.14194188774589425,ok
mech,signoff_or_issue_t,any_rentin,Any rented-in land,rent-in,bottom_farmdep,Bottom tercile baseline farm-dependence,binary_bottom,exit-side low farm-dependence check,all,provyear,none,bottom group DID,-0.3057444812225567,0.09684310007312455,0.0015934031362720264,2760,133,0.14194188774589425,ok
mech,signoff_or_issue_t,asinh_rentin,asinh rented-in area,rent-in,farmdep_continuous,"Baseline farm-dependence, continuous winsorized z",continuous,continuous farm-dependence interaction,all,stackyear,none,DID at mean modifier,-0.0873613528533505,0.09825784507838542,0.37394768291121494,2760,135,0.325780239561888,ok
mech,signoff_or_issue_t,asinh_rentin,asinh rented-in area,rent-in,farmdep_continuous,"Baseline farm-dependence, continuous winsorized z",continuous,continuous farm-dependence interaction,all,stackyear,none,heterogeneity slope,0.09571879628968949,0.06427837755221212,0.13645340174774406,2760,135,0.325780239561888,ok
mech,signoff_or_issue_t,asinh_rentin,asinh rented-in area,rent-in,farmdep_continuous,"Baseline farm-dependence, continuous winsorized z",continuous,continuous farm-dependence interaction,all,stackyear,none,DID at +1 SD,0.008357443436338985,0.10540701169133612,0.9368040617657406,2760,135,0.325780239561888,ok
mech,signoff_or_issue_t,asinh_rentin,asinh rented-in area,rent-in,farmdep_continuous,"Baseline farm-dependence, continuous winsorized z",continuous,continuous farm-dependence interaction,all,stackyear,none,DID at -1 SD,-0.18308014914304,0.12830428584691925,0.1536025113537726,2760,135,0.325780239561888,ok
mech,signoff_or_issue_t,asinh_rentin,asinh rented-in area,rent-in,farmdep_continuous,"Baseline farm-dependence, continuous winsorized z",continuous,continuous farm-dependence interaction,all,provyear,none,DID at mean modifier,-0.26682575135248354,0.20814637045760098,0.19987280780675043,2754,133,0.325780239561888,ok
mech,signoff_or_issue_t,asinh_rentin,asinh rented-in area,rent-in,farmdep_continuous,"Baseline farm-dependence, continuous winsorized z",continuous,continuous farm-dependence interaction,all,provyear,none,heterogeneity slope,0.04398822850381474,0.05230753770702838,0.40037375372690065,2754,133,0.325780239561888,ok
mech,signoff_or_issue_t,asinh_rentin,asinh rented-in area,rent-in,farmdep_continuous,"Baseline farm-dependence, continuous winsorized z",continuous,continuous farm-dependence interaction,all,provyear,none,DID at +1 SD,-0.2228375228486688,0.22180984579609678,0.3150735313632935,2754,133,0.325780239561888,ok
mech,signoff_or_issue_t,asinh_rentin,asinh rented-in area,rent-in,farmdep_continuous,"Baseline farm-dependence, continuous winsorized z",continuous,continuous farm-dependence interaction,all,provyear,none,DID at -1 SD,-0.3108139798562983,0.20717715216500562,0.1335540837164361,2754,133,0.325780239561888,ok
mech,signoff_or_issue_t,asinh_rentin,asinh rented-in area,rent-in,farmdep_top_tercile,Top tercile baseline farm-dependence,binary_top,top-third split,all,stackyear,none,lower/rest DID,-0.13265005999886154,0.1162570647183574,0.2538672414137326,2760,135,0.325780239561888,ok
mech,signoff_or_issue_t,asinh_rentin,asinh rented-in area,rent-in,farmdep_top_tercile,Top tercile baseline farm-dependence,binary_top,top-third split,all,stackyear,none,top-minus-rest differential,0.14677137690453557,0.13174965717193635,0.26527183155847334,2760,135,0.325780239561888,ok
mech,signoff_or_issue_t,asinh_rentin,asinh rented-in area,rent-in,farmdep_top_tercile,Top tercile baseline farm-dependence,binary_top,top-third split,all,stackyear,none,top group DID,0.01412131690567403,0.123497589020962,0.9089644072689798,2760,135,0.325780239561888,ok
mech,signoff_or_issue_t,asinh_rentin,asinh rented-in area,rent-in,farmdep_top_tercile,Top tercile baseline farm-dependence,binary_top,top-third split,all,provyear,none,lower/rest DID,-0.2882495214663839,0.2065133310587947,0.16277733548689843,2754,133,0.325780239561888,ok
mech,signoff_or_issue_t,asinh_rentin,asinh rented-in area,rent-in,farmdep_top_tercile,Top tercile baseline farm-dependence,binary_top,top-third split,all,provyear,none,top-minus-rest differential,0.027622395225006716,0.1144539300950848,0.809291044422893,2754,133,0.325780239561888,ok
mech,signoff_or_issue_t,asinh_rentin,asinh rented-in area,rent-in,farmdep_top_tercile,Top tercile baseline farm-dependence,binary_top,top-third split,all,provyear,none,top group DID,-0.2606271262413772,0.24139650208032218,0.28029180608209125,2754,133,0.325780239561888,ok
mech,signoff_or_issue_t,asinh_rentin,asinh rented-in area,rent-in,farm_orientation_top_tercile,Top tercile pre-specified farm-orientation index,binary_top,pre-specified index top-third split,all,stackyear,none,lower/rest DID,-0.18021570032326298,0.10511951378374794,0.08645737337552105,2842,136,0.325780239561888,ok
mech,signoff_or_issue_t,asinh_rentin,asinh rented-in area,rent-in,farm_orientation_top_tercile,Top tercile pre-specified farm-orientation index,binary_top,pre-specified index top-third split,all,stackyear,none,top-minus-rest differential,0.27238574264875287,0.13434954911862537,0.042617364134996984,2842,136,0.325780239561888,ok
mech,signoff_or_issue_t,asinh_rentin,asinh rented-in area,rent-in,farm_orientation_top_tercile,Top tercile pre-specified farm-orientation index,binary_top,pre-specified index top-third split,all,stackyear,none,top group DID,0.09217004232548989,0.13522447557719283,0.49548705156145045,2842,136,0.325780239561888,ok
mech,signoff_or_issue_t,asinh_rentin,asinh rented-in area,rent-in,farm_orientation_top_tercile,Top tercile pre-specified farm-orientation index,binary_top,pre-specified index top-third split,all,provyear,none,lower/rest DID,-0.3571007912516168,0.21598973059039983,0.09826514268259069,2836,134,0.325780239561888,ok
mech,signoff_or_issue_t,asinh_rentin,asinh rented-in area,rent-in,farm_orientation_top_tercile,Top tercile pre-specified farm-orientation index,binary_top,pre-specified index top-third split,all,provyear,none,top-minus-rest differential,0.17929498287920126,0.12776888167870007,0.1605346041776088,2836,134,0.325780239561888,ok
mech,signoff_or_issue_t,asinh_rentin,asinh rented-in area,rent-in,farm_orientation_top_tercile,Top tercile pre-specified farm-orientation index,binary_top,pre-specified index top-third split,all,provyear,none,top group DID,-0.17780580837241555,0.2504256365860567,0.47769520582789526,2836,134,0.325780239561888,ok
mech,signoff_or_issue_t,asinh_rentin,asinh rented-in area,rent-in,bottom_farmdep,Bottom tercile baseline farm-dependence,binary_bottom,exit-side low farm-dependence check,all,stackyear,none,lower/rest DID,0.03372888466606215,0.07949574460203941,0.6713576776150569,2760,135,0.325780239561888,ok
mech,signoff_or_issue_t,asinh_rentin,asinh rented-in area,rent-in,bottom_farmdep,Bottom tercile baseline farm-dependence,binary_bottom,exit-side low farm-dependence check,all,stackyear,none,bottom-minus-rest differential,-0.46383173539892936,0.20278860219762174,0.02218022684105459,2760,135,0.325780239561888,ok
mech,signoff_or_issue_t,asinh_rentin,asinh rented-in area,rent-in,bottom_farmdep,Bottom tercile baseline farm-dependence,binary_bottom,exit-side low farm-dependence check,all,stackyear,none,bottom group DID,-0.4301028507328672,0.19770160999571074,0.02959153292989231,2760,135,0.325780239561888,ok
mech,signoff_or_issue_t,asinh_rentin,asinh rented-in area,rent-in,bottom_farmdep,Bottom tercile baseline farm-dependence,binary_bottom,exit-side low farm-dependence check,all,provyear,none,lower/rest DID,-0.09996019553204952,0.22564785046648708,0.6577715117226404,2754,133,0.325780239561888,ok
mech,signoff_or_issue_t,asinh_rentin,asinh rented-in area,rent-in,bottom_farmdep,Bottom tercile baseline farm-dependence,binary_bottom,exit-side low farm-dependence check,all,provyear,none,bottom-minus-rest differential,-0.37098453500169737,0.20418207547267703,0.06922783494077597,2754,133,0.325780239561888,ok
mech,signoff_or_issue_t,asinh_rentin,asinh rented-in area,rent-in,bottom_farmdep,Bottom tercile baseline farm-dependence,binary_bottom,exit-side low farm-dependence check,all,provyear,none,bottom group DID,-0.47094473053374686,0.1518416400393559,0.0019250910842398578,2754,133,0.325780239561888,ok
mech,signoff_or_issue_t,ib_nonfarm_curr_n,Current nonfarm workers,nonfarm,farmdep_continuous,"Baseline farm-dependence, continuous winsorized z",continuous,continuous farm-dependence interaction,all,stackyear,none,DID at mean modifier,-0.061620356656858354,0.14384922695788124,0.6683834664472097,2910,137,0.5121886825662237,ok
mech,signoff_or_issue_t,ib_nonfarm_curr_n,Current nonfarm workers,nonfarm,farmdep_continuous,"Baseline farm-dependence, continuous winsorized z",continuous,continuous farm-dependence interaction,all,stackyear,none,heterogeneity slope,-0.027820935406278308,0.07983510141418833,0.727479738260734,2910,137,0.5121886825662237,ok
mech,signoff_or_issue_t,ib_nonfarm_curr_n,Current nonfarm workers,nonfarm,farmdep_continuous,"Baseline farm-dependence, continuous winsorized z",continuous,continuous farm-dependence interaction,all,stackyear,none,DID at +1 SD,-0.08944129206313667,0.11810412026690588,0.44886486746556187,2910,137,0.5121886825662237,ok
mech,signoff_or_issue_t,ib_nonfarm_curr_n,Current nonfarm workers,nonfarm,farmdep_continuous,"Baseline farm-dependence, continuous winsorized z",continuous,continuous farm-dependence interaction,all,stackyear,none,DID at -1 SD,-0.033799421250580046,0.2004592322752129,0.8661034531859959,2910,137,0.5121886825662237,ok
mech,signoff_or_issue_t,ib_nonfarm_curr_n,Current nonfarm workers,nonfarm,farmdep_continuous,"Baseline farm-dependence, continuous winsorized z",continuous,continuous farm-dependence interaction,all,provyear,none,DID at mean modifier,0.02235565623395898,0.16528517625745448,0.8924102163624406,2906,136,0.5121886825662237,ok
mech,signoff_or_issue_t,ib_nonfarm_curr_n,Current nonfarm workers,nonfarm,farmdep_continuous,"Baseline farm-dependence, continuous winsorized z",continuous,continuous farm-dependence interaction,all,provyear,none,heterogeneity slope,0.03390665326829534,0.09583978875316948,0.7235002221086551,2906,136,0.5121886825662237,ok
mech,signoff_or_issue_t,ib_nonfarm_curr_n,Current nonfarm workers,nonfarm,farmdep_continuous,"Baseline farm-dependence, continuous winsorized z",continuous,continuous farm-dependence interaction,all,provyear,none,DID at +1 SD,0.05626230950225432,0.19806505652184211,0.7763645953843612,2906,136,0.5121886825662237,ok
mech,signoff_or_issue_t,ib_nonfarm_curr_n,Current nonfarm workers,nonfarm,farmdep_continuous,"Baseline farm-dependence, continuous winsorized z",continuous,continuous farm-dependence interaction,all,provyear,none,DID at -1 SD,-0.01155099703433636,0.18379102965710645,0.9498871165688139,2906,136,0.5121886825662237,ok
mech,signoff_or_issue_t,ib_nonfarm_curr_n,Current nonfarm workers,nonfarm,farmdep_top_tercile,Top tercile baseline farm-dependence,binary_top,top-third split,all,stackyear,none,lower/rest DID,-0.02151142612408998,0.17660695184732272,0.9030542775645897,2910,137,0.5121886825662237,ok
mech,signoff_or_issue_t,ib_nonfarm_curr_n,Current nonfarm workers,nonfarm,farmdep_top_tercile,Top tercile baseline farm-dependence,binary_top,top-third split,all,stackyear,none,top-minus-rest differential,-0.0898038760304546,0.1498046137056099,0.5488572657067763,2910,137,0.5121886825662237,ok
mech,signoff_or_issue_t,ib_nonfarm_curr_n,Current nonfarm workers,nonfarm,farmdep_top_tercile,Top tercile baseline farm-dependence,binary_top,top-third split,all,stackyear,none,top group DID,-0.11131530215454458,0.11695645130441007,0.34121511224372025,2910,137,0.5121886825662237,ok
mech,signoff_or_issue_t,ib_nonfarm_curr_n,Current nonfarm workers,nonfarm,farmdep_top_tercile,Top tercile baseline farm-dependence,binary_top,top-third split,all,provyear,none,lower/rest DID,0.004597295768543647,0.16659496453047734,0.9779846538449422,2906,136,0.5121886825662237,ok
mech,signoff_or_issue_t,ib_nonfarm_curr_n,Current nonfarm workers,nonfarm,farmdep_top_tercile,Top tercile baseline farm-dependence,binary_top,top-third split,all,provyear,none,top-minus-rest differential,0.02510545066484167,0.18892445791669876,0.8942833919402393,2906,136,0.5121886825662237,ok
mech,signoff_or_issue_t,ib_nonfarm_curr_n,Current nonfarm workers,nonfarm,farmdep_top_tercile,Top tercile baseline farm-dependence,binary_top,top-third split,all,provyear,none,top group DID,0.029702746433385316,0.22032459869173338,0.8927592738787151,2906,136,0.5121886825662237,ok
mech,signoff_or_issue_t,ib_nonfarm_curr_n,Current nonfarm workers,nonfarm,farm_orientation_top_tercile,Top tercile pre-specified farm-orientation index,binary_top,pre-specified index top-third split,all,stackyear,none,lower/rest DID,-0.1482755107396847,0.18548423565038527,0.424060345651299,2994,138,0.5121886825662237,ok
mech,signoff_or_issue_t,ib_nonfarm_curr_n,Current nonfarm workers,nonfarm,farm_orientation_top_tercile,Top tercile pre-specified farm-orientation index,binary_top,pre-specified index top-third split,all,stackyear,none,top-minus-rest differential,0.24389583929901656,0.2033964695240403,0.23048307603634932,2994,138,0.5121886825662237,ok
mech,signoff_or_issue_t,ib_nonfarm_curr_n,Current nonfarm workers,nonfarm,farm_orientation_top_tercile,Top tercile pre-specified farm-orientation index,binary_top,pre-specified index top-third split,all,stackyear,none,top group DID,0.09562032855933186,0.12034373726703626,0.4268694520837838,2994,138,0.5121886825662237,ok
mech,signoff_or_issue_t,ib_nonfarm_curr_n,Current nonfarm workers,nonfarm,farm_orientation_top_tercile,Top tercile pre-specified farm-orientation index,binary_top,pre-specified index top-third split,all,provyear,none,lower/rest DID,-0.04700964701357559,0.1746453360842214,0.787797270551097,2990,137,0.5121886825662237,ok
mech,signoff_or_issue_t,ib_nonfarm_curr_n,Current nonfarm workers,nonfarm,farm_orientation_top_tercile,Top tercile pre-specified farm-orientation index,binary_top,pre-specified index top-third split,all,provyear,none,top-minus-rest differential,0.36300986412639236,0.2095260078812414,0.08317943594945779,2990,137,0.5121886825662237,ok
mech,signoff_or_issue_t,ib_nonfarm_curr_n,Current nonfarm workers,nonfarm,farm_orientation_top_tercile,Top tercile pre-specified farm-orientation index,binary_top,pre-specified index top-third split,all,provyear,none,top group DID,0.3160002171128168,0.22621062217129265,0.162434871159156,2990,137,0.5121886825662237,ok
mech,signoff_or_issue_t,ib_nonfarm_curr_n,Current nonfarm workers,nonfarm,bottom_farmdep,Bottom tercile baseline farm-dependence,binary_bottom,exit-side low farm-dependence check,all,stackyear,none,lower/rest DID,-0.15937226876282581,0.16175664270168805,0.3244966212948487,2910,137,0.5121886825662237,ok
mech,signoff_or_issue_t,ib_nonfarm_curr_n,Current nonfarm workers,nonfarm,bottom_farmdep,Bottom tercile baseline farm-dependence,binary_bottom,exit-side low farm-dependence check,all,stackyear,none,bottom-minus-rest differential,0.416994263673985,0.19042884680744662,0.02854134527351733,2910,137,0.5121886825662237,ok
mech,signoff_or_issue_t,ib_nonfarm_curr_n,Current nonfarm workers,nonfarm,bottom_farmdep,Bottom tercile baseline farm-dependence,binary_bottom,exit-side low farm-dependence check,all,stackyear,none,bottom group DID,0.2576219949111592,0.10961467738861151,0.018760759963403716,2910,137,0.5121886825662237,ok
mech,signoff_or_issue_t,ib_nonfarm_curr_n,Current nonfarm workers,nonfarm,bottom_farmdep,Bottom tercile baseline farm-dependence,binary_bottom,exit-side low farm-dependence check,all,provyear,none,lower/rest DID,-0.13973718529715004,0.1495105642145215,0.3499785761323021,2906,136,0.5121886825662237,ok
mech,signoff_or_issue_t,ib_nonfarm_curr_n,Current nonfarm workers,nonfarm,bottom_farmdep,Bottom tercile baseline farm-dependence,binary_bottom,exit-side low farm-dependence check,all,provyear,none,bottom-minus-rest differential,0.2812874750099628,0.16007214799777006,0.07887446863124568,2906,136,0.5121886825662237,ok
mech,signoff_or_issue_t,ib_nonfarm_curr_n,Current nonfarm workers,nonfarm,bottom_farmdep,Bottom tercile baseline farm-dependence,binary_bottom,exit-side low farm-dependence check,all,provyear,none,bottom group DID,0.14155028971281278,0.17048768002728068,0.4063878578441906,2906,136,0.5121886825662237,ok
mech,signoff_or_issue_t,ib_nonfarm_curr_ge2,At least two current nonfarm workers,nonfarm,farmdep_continuous,"Baseline farm-dependence, continuous winsorized z",continuous,continuous farm-dependence interaction,all,stackyear,none,DID at mean modifier,-0.05656701848093538,0.06534074586333119,0.38664181570571754,2910,137,0.11511044618498636,ok
mech,signoff_or_issue_t,ib_nonfarm_curr_ge2,At least two current nonfarm workers,nonfarm,farmdep_continuous,"Baseline farm-dependence, continuous winsorized z",continuous,continuous farm-dependence interaction,all,stackyear,none,heterogeneity slope,0.008555315796043197,0.0312431098197498,0.7842148979756072,2910,137,0.11511044618498636,ok
mech,signoff_or_issue_t,ib_nonfarm_curr_ge2,At least two current nonfarm workers,nonfarm,farmdep_continuous,"Baseline farm-dependence, continuous winsorized z",continuous,continuous farm-dependence interaction,all,stackyear,none,DID at +1 SD,-0.04801170268489218,0.044662138752223815,0.28237569542589047,2910,137,0.11511044618498636,ok
mech,signoff_or_issue_t,ib_nonfarm_curr_ge2,At least two current nonfarm workers,nonfarm,farmdep_continuous,"Baseline farm-dependence, continuous winsorized z",continuous,continuous farm-dependence interaction,all,stackyear,none,DID at -1 SD,-0.06512233427697858,0.09217582830898709,0.4798765002146492,2910,137,0.11511044618498636,ok
mech,signoff_or_issue_t,ib_nonfarm_curr_ge2,At least two current nonfarm workers,nonfarm,farmdep_continuous,"Baseline farm-dependence, continuous winsorized z",continuous,continuous farm-dependence interaction,all,provyear,none,DID at mean modifier,0.009972805212410348,0.06779345919036488,0.8830485799017662,2906,136,0.11511044618498636,ok
mech,signoff_or_issue_t,ib_nonfarm_curr_ge2,At least two current nonfarm workers,nonfarm,farmdep_continuous,"Baseline farm-dependence, continuous winsorized z",continuous,continuous farm-dependence interaction,all,provyear,none,heterogeneity slope,0.04347145576432713,0.041311689759533234,0.2926712062972029,2906,136,0.11511044618498636,ok
mech,signoff_or_issue_t,ib_nonfarm_curr_ge2,At least two current nonfarm workers,nonfarm,farmdep_continuous,"Baseline farm-dependence, continuous winsorized z",continuous,continuous farm-dependence interaction,all,provyear,none,DID at +1 SD,0.053444260976737476,0.08392446667350227,0.5242461171260935,2906,136,0.11511044618498636,ok
mech,signoff_or_issue_t,ib_nonfarm_curr_ge2,At least two current nonfarm workers,nonfarm,farmdep_continuous,"Baseline farm-dependence, continuous winsorized z",continuous,continuous farm-dependence interaction,all,provyear,none,DID at -1 SD,-0.03349865055191678,0.07457815721198392,0.653305354796226,2906,136,0.11511044618498636,ok
mech,signoff_or_issue_t,ib_nonfarm_curr_ge2,At least two current nonfarm workers,nonfarm,farmdep_top_tercile,Top tercile baseline farm-dependence,binary_top,top-third split,all,stackyear,none,lower/rest DID,-0.07366920576341006,0.08029617586129363,0.3588972328822586,2910,137,0.11511044618498636,ok
mech,signoff_or_issue_t,ib_nonfarm_curr_ge2,At least two current nonfarm workers,nonfarm,farmdep_top_tercile,Top tercile baseline farm-dependence,binary_top,top-third split,all,stackyear,none,top-minus-rest differential,0.05302881417047052,0.05361668988868519,0.32264573221825665,2910,137,0.11511044618498636,ok
mech,signoff_or_issue_t,ib_nonfarm_curr_ge2,At least two current nonfarm workers,nonfarm,farmdep_top_tercile,Top tercile baseline farm-dependence,binary_top,top-third split,all,stackyear,none,top group DID,-0.02064039159293954,0.03934112323265943,0.5998252616505388,2910,137,0.11511044618498636,ok
mech,signoff_or_issue_t,ib_nonfarm_curr_ge2,At least two current nonfarm workers,nonfarm,farmdep_top_tercile,Top tercile baseline farm-dependence,binary_top,top-third split,all,provyear,none,lower/rest DID,-0.024474529205862957,0.06540581067346124,0.7082592222706845,2906,136,0.11511044618498636,ok
mech,signoff_or_issue_t,ib_nonfarm_curr_ge2,At least two current nonfarm workers,nonfarm,farmdep_top_tercile,Top tercile baseline farm-dependence,binary_top,top-third split,all,provyear,none,top-minus-rest differential,0.1258880621834663,0.07434514496248283,0.09039984133193972,2906,136,0.11511044618498636,ok
mech,signoff_or_issue_t,ib_nonfarm_curr_ge2,At least two current nonfarm workers,nonfarm,farmdep_top_tercile,Top tercile baseline farm-dependence,binary_top,top-third split,all,provyear,none,top group DID,0.10141353297760333,0.08485262945702045,0.2320196235189732,2906,136,0.11511044618498636,ok
mech,signoff_or_issue_t,ib_nonfarm_curr_ge2,At least two current nonfarm workers,nonfarm,farm_orientation_top_tercile,Top tercile pre-specified farm-orientation index,binary_top,pre-specified index top-third split,all,stackyear,none,lower/rest DID,-0.10593823999154202,0.08703645141548073,0.22353918163851105,2994,138,0.11511044618498636,ok
mech,signoff_or_issue_t,ib_nonfarm_curr_ge2,At least two current nonfarm workers,nonfarm,farm_orientation_top_tercile,Top tercile pre-specified farm-orientation index,binary_top,pre-specified index top-third split,all,stackyear,none,top-minus-rest differential,0.1508544191959662,0.08336780123136385,0.07037264732380251,2994,138,0.11511044618498636,ok
mech,signoff_or_issue_t,ib_nonfarm_curr_ge2,At least two current nonfarm workers,nonfarm,farm_orientation_top_tercile,Top tercile pre-specified farm-orientation index,binary_top,pre-specified index top-third split,all,stackyear,none,top group DID,0.044916179204424186,0.026698335934784056,0.09249929417204818,2994,138,0.11511044618498636,ok
mech,signoff_or_issue_t,ib_nonfarm_curr_ge2,At least two current nonfarm workers,nonfarm,farm_orientation_top_tercile,Top tercile pre-specified farm-orientation index,binary_top,pre-specified index top-third split,all,provyear,none,lower/rest DID,-0.03614931058054176,0.0670365475832446,0.5897158842502398,2990,137,0.11511044618498636,ok
mech,signoff_or_issue_t,ib_nonfarm_curr_ge2,At least two current nonfarm workers,nonfarm,farm_orientation_top_tercile,Top tercile pre-specified farm-orientation index,binary_top,pre-specified index top-third split,all,provyear,none,top-minus-rest differential,0.22257056866476455,0.09536196728877394,0.019598062803521162,2990,137,0.11511044618498636,ok
mech,signoff_or_issue_t,ib_nonfarm_curr_ge2,At least two current nonfarm workers,nonfarm,farm_orientation_top_tercile,Top tercile pre-specified farm-orientation index,binary_top,pre-specified index top-third split,all,provyear,none,top group DID,0.18642125808422277,0.09706012721525904,0.05477230565236414,2990,137,0.11511044618498636,ok
mech,signoff_or_issue_t,ib_nonfarm_curr_ge2,At least two current nonfarm workers,nonfarm,bottom_farmdep,Bottom tercile baseline farm-dependence,binary_bottom,exit-side low farm-dependence check,all,stackyear,none,lower/rest DID,-0.08963744641699557,0.072043200097571,0.21341934034468657,2910,137,0.11511044618498636,ok
mech,signoff_or_issue_t,ib_nonfarm_curr_ge2,At least two current nonfarm workers,nonfarm,bottom_farmdep,Bottom tercile baseline farm-dependence,binary_bottom,exit-side low farm-dependence check,all,stackyear,none,bottom-minus-rest differential,0.15186397619299732,0.09371028171351492,0.10511010817128638,2910,137,0.11511044618498636,ok
mech,signoff_or_issue_t,ib_nonfarm_curr_ge2,At least two current nonfarm workers,nonfarm,bottom_farmdep,Bottom tercile baseline farm-dependence,binary_bottom,exit-side low farm-dependence check,all,stackyear,none,bottom group DID,0.06222652977600175,0.06477207734899344,0.3367030695376375,2910,137,0.11511044618498636,ok
mech,signoff_or_issue_t,ib_nonfarm_curr_ge2,At least two current nonfarm workers,nonfarm,bottom_farmdep,Bottom tercile baseline farm-dependence,binary_bottom,exit-side low farm-dependence check,all,provyear,none,lower/rest DID,-0.05562141235944956,0.07280306766525263,0.4448683176501047,2906,136,0.11511044618498636,ok
mech,signoff_or_issue_t,ib_nonfarm_curr_ge2,At least two current nonfarm workers,nonfarm,bottom_farmdep,Bottom tercile baseline farm-dependence,binary_bottom,exit-side low farm-dependence check,all,provyear,none,bottom-minus-rest differential,0.08951538304367641,0.08800079860728618,0.30905304972037684,2906,136,0.11511044618498636,ok
mech,signoff_or_issue_t,ib_nonfarm_curr_ge2,At least two current nonfarm workers,nonfarm,bottom_farmdep,Bottom tercile baseline farm-dependence,binary_bottom,exit-side low farm-dependence check,all,provyear,none,bottom group DID,0.03389397068422685,0.0728619702066289,0.6418021728678656,2906,136,0.11511044618498636,ok
mech,signoff_or_issue_t,nonfarm_ge2_no_rentin,>=2 nonfarm workers without rent-in,nonfarm,farmdep_continuous,"Baseline farm-dependence, continuous winsorized z",continuous,continuous farm-dependence interaction,all,stackyear,none,DID at mean modifier,-0.002277439273399763,0.031218298391650138,0.9418442639337969,2766,135,0.10638873849485653,ok
mech,signoff_or_issue_t,nonfarm_ge2_no_rentin,>=2 nonfarm workers without rent-in,nonfarm,farmdep_continuous,"Baseline farm-dependence, continuous winsorized z",continuous,continuous farm-dependence interaction,all,stackyear,none,heterogeneity slope,-0.017984991799527318,0.023153360947594466,0.4372905132582361,2766,135,0.10638873849485653,ok
mech,signoff_or_issue_t,nonfarm_ge2_no_rentin,>=2 nonfarm workers without rent-in,nonfarm,farmdep_continuous,"Baseline farm-dependence, continuous winsorized z",continuous,continuous farm-dependence interaction,all,stackyear,none,DID at +1 SD,-0.020262431072927082,0.020643612972891995,0.3263289258134222,2766,135,0.10638873849485653,ok
mech,signoff_or_issue_t,nonfarm_ge2_no_rentin,>=2 nonfarm workers without rent-in,nonfarm,farmdep_continuous,"Baseline farm-dependence, continuous winsorized z",continuous,continuous farm-dependence interaction,all,stackyear,none,DID at -1 SD,0.015707552526127554,0.05094273057762846,0.7578255590835974,2766,135,0.10638873849485653,ok
mech,signoff_or_issue_t,nonfarm_ge2_no_rentin,>=2 nonfarm workers without rent-in,nonfarm,farmdep_continuous,"Baseline farm-dependence, continuous winsorized z",continuous,continuous farm-dependence interaction,all,provyear,none,DID at mean modifier,-0.00048692356854628123,0.06550524208684687,0.9940690972590599,2760,133,0.10638873849485653,ok
mech,signoff_or_issue_t,nonfarm_ge2_no_rentin,>=2 nonfarm workers without rent-in,nonfarm,farmdep_continuous,"Baseline farm-dependence, continuous winsorized z",continuous,continuous farm-dependence interaction,all,provyear,none,heterogeneity slope,-0.003290524137544953,0.030510658163168048,0.9141159888472372,2760,133,0.10638873849485653,ok
mech,signoff_or_issue_t,nonfarm_ge2_no_rentin,>=2 nonfarm workers without rent-in,nonfarm,farmdep_continuous,"Baseline farm-dependence, continuous winsorized z",continuous,continuous farm-dependence interaction,all,provyear,none,DID at +1 SD,-0.003777447706091234,0.07580653044676362,0.9602577726415784,2760,133,0.10638873849485653,ok
mech,signoff_or_issue_t,nonfarm_ge2_no_rentin,>=2 nonfarm workers without rent-in,nonfarm,farmdep_continuous,"Baseline farm-dependence, continuous winsorized z",continuous,continuous farm-dependence interaction,all,provyear,none,DID at -1 SD,0.002803600568998672,0.06853498337663849,0.9673695715899299,2760,133,0.10638873849485653,ok
mech,signoff_or_issue_t,nonfarm_ge2_no_rentin,>=2 nonfarm workers without rent-in,nonfarm,farmdep_top_tercile,Top tercile baseline farm-dependence,binary_top,top-third split,all,stackyear,none,lower/rest DID,-0.0033407792552913322,0.04314263159446665,0.9382769530088889,2766,135,0.10638873849485653,ok
mech,signoff_or_issue_t,nonfarm_ge2_no_rentin,>=2 nonfarm workers without rent-in,nonfarm,farmdep_top_tercile,Top tercile baseline farm-dependence,binary_top,top-third split,all,stackyear,none,top-minus-rest differential,0.0019810462820757328,0.044179931269596004,0.9642345140429294,2766,135,0.10638873849485653,ok
mech,signoff_or_issue_t,nonfarm_ge2_no_rentin,>=2 nonfarm workers without rent-in,nonfarm,farmdep_top_tercile,Top tercile baseline farm-dependence,binary_top,top-third split,all,stackyear,none,top group DID,-0.0013597329732155995,0.022370711984098717,0.9515329554110724,2766,135,0.10638873849485653,ok
mech,signoff_or_issue_t,nonfarm_ge2_no_rentin,>=2 nonfarm workers without rent-in,nonfarm,farmdep_top_tercile,Top tercile baseline farm-dependence,binary_top,top-third split,all,provyear,none,lower/rest DID,-0.003609759808676812,0.06558701064365069,0.9561084096898818,2760,133,0.10638873849485653,ok
mech,signoff_or_issue_t,nonfarm_ge2_no_rentin,>=2 nonfarm workers without rent-in,nonfarm,farmdep_top_tercile,Top tercile baseline farm-dependence,binary_top,top-third split,all,provyear,none,top-minus-rest differential,0.03853245204402027,0.058308670406300604,0.508717674295683,2760,133,0.10638873849485653,ok
mech,signoff_or_issue_t,nonfarm_ge2_no_rentin,>=2 nonfarm workers without rent-in,nonfarm,farmdep_top_tercile,Top tercile baseline farm-dependence,binary_top,top-third split,all,provyear,none,top group DID,0.03492269223534346,0.07630261434669587,0.6471775401453423,2760,133,0.10638873849485653,ok
mech,signoff_or_issue_t,nonfarm_ge2_no_rentin,>=2 nonfarm workers without rent-in,nonfarm,farm_orientation_top_tercile,Top tercile pre-specified farm-orientation index,binary_top,pre-specified index top-third split,all,stackyear,none,lower/rest DID,-0.013556572211481382,0.04450963809377396,0.7606890211786249,2848,136,0.10638873849485653,ok
mech,signoff_or_issue_t,nonfarm_ge2_no_rentin,>=2 nonfarm workers without rent-in,nonfarm,farm_orientation_top_tercile,Top tercile pre-specified farm-orientation index,binary_top,pre-specified index top-third split,all,stackyear,none,top-minus-rest differential,0.030763274421058563,0.049821586525777395,0.5369255652693901,2848,136,0.10638873849485653,ok
mech,signoff_or_issue_t,nonfarm_ge2_no_rentin,>=2 nonfarm workers without rent-in,nonfarm,farm_orientation_top_tercile,Top tercile pre-specified farm-orientation index,binary_top,pre-specified index top-third split,all,stackyear,none,top group DID,0.01720670220957718,0.022280893930046692,0.43995888160655094,2848,136,0.10638873849485653,ok
mech,signoff_or_issue_t,nonfarm_ge2_no_rentin,>=2 nonfarm workers without rent-in,nonfarm,farm_orientation_top_tercile,Top tercile pre-specified farm-orientation index,binary_top,pre-specified index top-third split,all,provyear,none,lower/rest DID,-0.003925537299286221,0.06469232045944345,0.9516139702197438,2842,134,0.10638873849485653,ok
mech,signoff_or_issue_t,nonfarm_ge2_no_rentin,>=2 nonfarm workers without rent-in,nonfarm,farm_orientation_top_tercile,Top tercile pre-specified farm-orientation index,binary_top,pre-specified index top-third split,all,provyear,none,top-minus-rest differential,0.06938738150422692,0.05904639350664879,0.23994140186684842,2842,134,0.10638873849485653,ok
mech,signoff_or_issue_t,nonfarm_ge2_no_rentin,>=2 nonfarm workers without rent-in,nonfarm,farm_orientation_top_tercile,Top tercile pre-specified farm-orientation index,binary_top,pre-specified index top-third split,all,provyear,none,top group DID,0.0654618442049407,0.07300913959262458,0.3699188747430372,2842,134,0.10638873849485653,ok
mech,signoff_or_issue_t,nonfarm_ge2_no_rentin,>=2 nonfarm workers without rent-in,nonfarm,bottom_farmdep,Bottom tercile baseline farm-dependence,binary_bottom,exit-side low farm-dependence check,all,stackyear,none,lower/rest DID,-0.02860924071723187,0.029798999094846068,0.3370180326743212,2766,135,0.10638873849485653,ok
mech,signoff_or_issue_t,nonfarm_ge2_no_rentin,>=2 nonfarm workers without rent-in,nonfarm,bottom_farmdep,Bottom tercile baseline farm-dependence,binary_bottom,exit-side low farm-dependence check,all,stackyear,none,bottom-minus-rest differential,0.08904098878932566,0.06459777353995176,0.1680826048092946,2766,135,0.10638873849485653,ok
mech,signoff_or_issue_t,nonfarm_ge2_no_rentin,>=2 nonfarm workers without rent-in,nonfarm,bottom_farmdep,Bottom tercile baseline farm-dependence,binary_bottom,exit-side low farm-dependence check,all,stackyear,none,bottom group DID,0.0604317480720938,0.06204823630083906,0.33008241960629836,2766,135,0.10638873849485653,ok
mech,signoff_or_issue_t,nonfarm_ge2_no_rentin,>=2 nonfarm workers without rent-in,nonfarm,bottom_farmdep,Bottom tercile baseline farm-dependence,binary_bottom,exit-side low farm-dependence check,all,provyear,none,lower/rest DID,-0.03404682653474531,0.07238041162862693,0.6380783346773153,2760,133,0.10638873849485653,ok
mech,signoff_or_issue_t,nonfarm_ge2_no_rentin,>=2 nonfarm workers without rent-in,nonfarm,bottom_farmdep,Bottom tercile baseline farm-dependence,binary_bottom,exit-side low farm-dependence check,all,provyear,none,bottom-minus-rest differential,0.07297868786592183,0.08830942971588315,0.40857866731904635,2760,133,0.10638873849485653,ok
mech,signoff_or_issue_t,nonfarm_ge2_no_rentin,>=2 nonfarm workers without rent-in,nonfarm,bottom_farmdep,Bottom tercile baseline farm-dependence,binary_bottom,exit-side low farm-dependence check,all,provyear,none,bottom group DID,0.03893186133117652,0.07587503727369338,0.6078778711194438,2760,133,0.10638873849485653,ok
