scope,anchor,group,outcome,outcome_label,family,fe,b,se,p,N,clusters,mean_y,status
adjacent,completed_t,farmdep bottom tercile,any_rentin,Any rented-in land,rent-in,stackyear,-0.1901811084864573,0.10132497021711652,0.060526021656090646,814.0,91.0,0.09140518417462483,ok
adjacent,completed_t,farmdep bottom tercile,any_rentin,Any rented-in land,rent-in,provyear,-0.2658836091831292,0.10665012880174304,0.012665266372019226,804.0,90.0,0.09140518417462483,ok
adjacent,completed_t,farmdep bottom tercile,asinh_rentin,asinh rented-in area,rent-in,stackyear,-0.358490543022996,0.16752827776834373,0.03236440211370148,812.0,91.0,0.138906599498932,ok
adjacent,completed_t,farmdep bottom tercile,asinh_rentin,asinh rented-in area,rent-in,provyear,-0.38088329310482655,0.17141843766105075,0.026286647149637465,802.0,90.0,0.138906599498932,ok
adjacent,completed_t,farmdep bottom tercile,ib_nonfarm_curr_n,Current nonfarm workers,nonfarm,stackyear,0.19812209711691361,0.1285404809437397,0.1232387665013611,840.0,93.0,1.0026702269692924,ok
adjacent,completed_t,farmdep bottom tercile,ib_nonfarm_curr_n,Current nonfarm workers,nonfarm,provyear,0.2477517148364178,0.1557225778163968,0.11161377625854746,832.0,93.0,1.0026702269692924,ok
adjacent,completed_t,farmdep bottom tercile,ib_nonfarm_curr_ge2,At least two current nonfarm workers,nonfarm,stackyear,0.03643607963745683,0.06323878978618987,0.5645025664245842,840.0,93.0,0.2703604806408545,ok
adjacent,completed_t,farmdep bottom tercile,ib_nonfarm_curr_ge2,At least two current nonfarm workers,nonfarm,provyear,0.07210113383021238,0.07800051699477671,0.3552950702871459,832.0,93.0,0.2703604806408545,ok
adjacent,completed_t,farmdep bottom tercile,nonfarm_ge2_no_rentin,>=2 nonfarm workers without rent-in,nonfarm,stackyear,0.03481148540469524,0.06149518159236337,0.5713361595576383,814.0,91.0,0.25852660300136426,ok
adjacent,completed_t,farmdep bottom tercile,nonfarm_ge2_no_rentin,>=2 nonfarm workers without rent-in,nonfarm,provyear,0.0680726107848373,0.08450422729443649,0.42050079215216174,804.0,90.0,0.25852660300136426,ok
adjacent,completed_t,farmdep bottom tercile,rentin_and_farm_any,Rent-in and own-farm production,rent-in,stackyear,-0.191427110019827,0.10313307730460279,0.06343681131943242,814.0,91.0,0.07366984993178717,ok
adjacent,completed_t,farmdep bottom tercile,rentin_and_farm_any,Rent-in and own-farm production,rent-in,provyear,-0.25894287239722413,0.10326032078001836,0.012152989405206665,804.0,90.0,0.07366984993178717,ok
adjacent,completed_t,farmdep bottom tercile,rb_farm_any,Any own-farm production,farm-exit,stackyear,-0.10621149973424353,0.08763899390556891,0.2255427860222473,832.0,92.0,0.5942320590207915,ok
adjacent,completed_t,farmdep bottom tercile,rb_farm_any,Any own-farm production,farm-exit,provyear,0.03176721836625738,0.14524224688865114,0.8268690581102601,824.0,92.0,0.5942320590207915,ok
adjacent,completed_t,farmdep bottom tercile,asinh_rb_inc_farm_w99,asinh farm income,farm-exit,stackyear,-2.6080670882185366,0.7570774699982579,0.000571240235041076,832.0,93.0,2.364325626364282,ok
adjacent,completed_t,farmdep bottom tercile,asinh_rb_inc_farm_w99,asinh farm income,farm-exit,provyear,-1.8980233505932085,0.7072512692550477,0.007282068726147242,824.0,93.0,2.364325626364282,ok
adjacent,completed_t,farmdep middle tercile,any_rentin,Any rented-in land,rent-in,stackyear,0.027179131365915384,0.03165070435028374,0.3904943417981215,886.0,98.0,0.11724137931034483,ok
adjacent,completed_t,farmdep middle tercile,any_rentin,Any rented-in land,rent-in,provyear,-0.07385223221917596,0.07436320527736008,0.3206472468809266,872.0,95.0,0.11724137931034483,ok
adjacent,completed_t,farmdep middle tercile,asinh_rentin,asinh rented-in area,rent-in,stackyear,0.04742218789987342,0.07043685002054426,0.5007830311771224,882.0,98.0,0.2204495824699422,ok
adjacent,completed_t,farmdep middle tercile,asinh_rentin,asinh rented-in area,rent-in,provyear,-0.10519613722420175,0.20725151526086477,0.6117499058495995,868.0,95.0,0.2204495824699422,ok
adjacent,completed_t,farmdep middle tercile,ib_nonfarm_curr_n,Current nonfarm workers,nonfarm,stackyear,-0.07788179215960875,0.22626058972522284,0.7306862533535418,940.0,99.0,0.6212222968435192,ok
adjacent,completed_t,farmdep middle tercile,ib_nonfarm_curr_n,Current nonfarm workers,nonfarm,provyear,-0.17685196941337414,0.20872722397632873,0.3968348879089024,926.0,96.0,0.6212222968435192,ok
adjacent,completed_t,farmdep middle tercile,ib_nonfarm_curr_ge2,At least two current nonfarm workers,nonfarm,stackyear,-0.10848413371171618,0.09697369391141941,0.2632696312013231,940.0,99.0,0.1396910678307589,ok
adjacent,completed_t,farmdep middle tercile,ib_nonfarm_curr_ge2,At least two current nonfarm workers,nonfarm,provyear,-0.12147412137172908,0.04364545623274693,0.005382528188598838,926.0,96.0,0.1396910678307589,ok
adjacent,completed_t,farmdep middle tercile,nonfarm_ge2_no_rentin,>=2 nonfarm workers without rent-in,nonfarm,stackyear,-0.01812306309677796,0.04896041995379891,0.7112651951546268,886.0,98.0,0.12413793103448276,ok
adjacent,completed_t,farmdep middle tercile,nonfarm_ge2_no_rentin,>=2 nonfarm workers without rent-in,nonfarm,provyear,-0.09527216548370548,0.05153557185810494,0.06450575888483351,872.0,95.0,0.12413793103448276,ok
adjacent,completed_t,farmdep middle tercile,rentin_and_farm_any,Rent-in and own-farm production,rent-in,stackyear,-0.0028925520724474327,0.02998436277830894,0.9231483430003267,884.0,98.0,0.1069703243616287,ok
adjacent,completed_t,farmdep middle tercile,rentin_and_farm_any,Rent-in and own-farm production,rent-in,provyear,-0.09638061066309023,0.06921171167547344,0.1637566044517117,870.0,95.0,0.1069703243616287,ok
adjacent,completed_t,farmdep middle tercile,rb_farm_any,Any own-farm production,farm-exit,stackyear,-0.08558734650061743,0.08805515501224727,0.3310633406854431,934.0,99.0,0.8600269179004038,ok
adjacent,completed_t,farmdep middle tercile,rb_farm_any,Any own-farm production,farm-exit,provyear,-0.08050045271215733,0.13929089834137592,0.5633110706622206,920.0,96.0,0.8600269179004038,ok
adjacent,completed_t,farmdep middle tercile,asinh_rb_inc_farm_w99,asinh farm income,farm-exit,stackyear,0.0195684925895382,0.6192964572759327,0.9747926858390145,930.0,99.0,8.272152370558263,ok
adjacent,completed_t,farmdep middle tercile,asinh_rb_inc_farm_w99,asinh farm income,farm-exit,provyear,0.17343984311432625,1.3758299719347173,0.8996828670799167,916.0,96.0,8.272152370558263,ok
adjacent,completed_t,farmdep top tercile,any_rentin,Any rented-in land,rent-in,stackyear,0.008537881974349147,0.06545716431748344,0.8962225581609595,1040.0,99.0,0.18220084185207455,ok
adjacent,completed_t,farmdep top tercile,any_rentin,Any rented-in land,rent-in,provyear,-0.4442622950819667,0.10498214086386855,2.3183959587295286e-05,1030.0,97.0,0.18220084185207455,ok
adjacent,completed_t,farmdep top tercile,asinh_rentin,asinh rented-in area,rent-in,stackyear,0.010051377450336393,0.11560905903927012,0.9307169640273625,1040.0,99.0,0.40768616521252815,ok
adjacent,completed_t,farmdep top tercile,asinh_rentin,asinh rented-in area,rent-in,provyear,-0.6131401661248717,0.36969746642027046,0.09721826876767953,1030.0,97.0,0.40768616521252815,ok
adjacent,completed_t,farmdep top tercile,ib_nonfarm_curr_n,Current nonfarm workers,nonfarm,stackyear,-0.12145276380257172,0.10910909503585119,0.2656519835965725,1104.0,101.0,0.23972206137811233,ok
adjacent,completed_t,farmdep top tercile,ib_nonfarm_curr_n,Current nonfarm workers,nonfarm,provyear,-0.13567098148451565,0.08203953651013615,0.09818303156546686,1096.0,100.0,0.23972206137811233,ok
adjacent,completed_t,farmdep top tercile,ib_nonfarm_curr_ge2,At least two current nonfarm workers,nonfarm,stackyear,-0.029890500147972805,0.03674935238547864,0.41601095450529446,1104.0,101.0,0.04226983207874928,ok
adjacent,completed_t,farmdep top tercile,ib_nonfarm_curr_ge2,At least two current nonfarm workers,nonfarm,provyear,-0.009831230542356205,0.02384775328121795,0.6801563691636888,1096.0,100.0,0.04226983207874928,ok
adjacent,completed_t,farmdep top tercile,nonfarm_ge2_no_rentin,>=2 nonfarm workers without rent-in,nonfarm,stackyear,-0.009858142888617421,0.02110995267672761,0.640506826305101,1040.0,99.0,0.03367408298256164,ok
adjacent,completed_t,farmdep top tercile,nonfarm_ge2_no_rentin,>=2 nonfarm workers without rent-in,nonfarm,provyear,-0.011475409836065563,0.02788596757117582,0.680697155799028,1030.0,97.0,0.03367408298256164,ok
adjacent,completed_t,farmdep top tercile,rentin_and_farm_any,Rent-in and own-farm production,rent-in,stackyear,0.009198012431483346,0.06523604573026227,0.8878732121770565,1040.0,99.0,0.16787003610108303,ok
adjacent,completed_t,farmdep top tercile,rentin_and_farm_any,Rent-in and own-farm production,rent-in,provyear,-0.4442622950819667,0.10498214086386855,2.3183959587295286e-05,1030.0,97.0,0.16787003610108303,ok
adjacent,completed_t,farmdep top tercile,rb_farm_any,Any own-farm production,farm-exit,stackyear,-0.04649633356351335,0.051322601852055665,0.36495589850080934,1104.0,101.0,0.8909512761020881,ok
adjacent,completed_t,farmdep top tercile,rb_farm_any,Any own-farm production,farm-exit,provyear,-0.24545305587416,0.10520883391492337,0.01964772310905339,1096.0,100.0,0.8909512761020881,ok
adjacent,completed_t,farmdep top tercile,asinh_rb_inc_farm_w99,asinh farm income,farm-exit,stackyear,-0.9232412309437046,0.658164775406666,0.16069113322415352,1088.0,101.0,9.231518740073607,ok
adjacent,completed_t,farmdep top tercile,asinh_rb_inc_farm_w99,asinh farm income,farm-exit,provyear,-6.688354458343489,1.0884851981820085,8.014286235113259e-10,1080.0,100.0,9.231518740073607,ok
adjacent,completed_t,high insecurity + farmdep bottom tercile,any_rentin,Any rented-in land,rent-in,stackyear,0.02857142857142861,0.10663319005880066,0.7887445532899603,340.0,33.0,0.08156028368794327,ok
adjacent,completed_t,high insecurity + farmdep bottom tercile,any_rentin,Any rented-in land,rent-in,provyear,,,,,,,error: no regressors after FE
adjacent,completed_t,high insecurity + farmdep bottom tercile,asinh_rentin,asinh rented-in area,rent-in,stackyear,0.0402473751269367,0.11525475052839018,0.7269364550847096,338.0,33.0,0.12035488866242336,ok
adjacent,completed_t,high insecurity + farmdep bottom tercile,asinh_rentin,asinh rented-in area,rent-in,provyear,,,,,,,error: no regressors after FE
adjacent,completed_t,high insecurity + farmdep bottom tercile,ib_nonfarm_curr_n,Current nonfarm workers,nonfarm,stackyear,0.6761904761904761,0.15012156668696822,6.659645803918618e-06,348.0,33.0,1.1357388316151202,ok
adjacent,completed_t,high insecurity + farmdep bottom tercile,ib_nonfarm_curr_n,Current nonfarm workers,nonfarm,provyear,,,,,,,error: no regressors after FE
adjacent,completed_t,high insecurity + farmdep bottom tercile,ib_nonfarm_curr_ge2,At least two current nonfarm workers,nonfarm,stackyear,0.14285714285714304,0.05340352694401348,0.007471794675487979,348.0,33.0,0.31443298969072164,ok
adjacent,completed_t,high insecurity + farmdep bottom tercile,ib_nonfarm_curr_ge2,At least two current nonfarm workers,nonfarm,provyear,,,,,,,error: no regressors after FE
adjacent,completed_t,high insecurity + farmdep bottom tercile,nonfarm_ge2_no_rentin,>=2 nonfarm workers without rent-in,nonfarm,stackyear,0.1714285714285716,0.059003596531540664,0.0036679352454493126,340.0,33.0,0.3102836879432624,ok
adjacent,completed_t,high insecurity + farmdep bottom tercile,nonfarm_ge2_no_rentin,>=2 nonfarm workers without rent-in,nonfarm,provyear,,,,,,,error: no regressors after FE
adjacent,completed_t,high insecurity + farmdep bottom tercile,rentin_and_farm_any,Rent-in and own-farm production,rent-in,stackyear,0.02857142857142861,0.10663319005880066,0.7887445532899603,340.0,33.0,0.0673758865248227,ok
adjacent,completed_t,high insecurity + farmdep bottom tercile,rentin_and_farm_any,Rent-in and own-farm production,rent-in,provyear,,,,,,,error: no regressors after FE
adjacent,completed_t,high insecurity + farmdep bottom tercile,rb_farm_any,Any own-farm production,farm-exit,stackyear,-0.33333333333333326,0.04103259031068201,4.524662136828919e-16,346.0,33.0,0.5709342560553633,ok
adjacent,completed_t,high insecurity + farmdep bottom tercile,rb_farm_any,Any own-farm production,farm-exit,provyear,,,,,,,error: no regressors after FE
adjacent,completed_t,high insecurity + farmdep bottom tercile,asinh_rb_inc_farm_w99,asinh farm income,farm-exit,stackyear,-2.3855652519961636,0.6498528268985093,0.00024166805038087637,346.0,33.0,2.4279735438192,ok
adjacent,completed_t,high insecurity + farmdep bottom tercile,asinh_rb_inc_farm_w99,asinh farm income,farm-exit,provyear,,,,,,,error: no regressors after FE
adjacent,completed_t,high insecurity + farmdep top tercile,any_rentin,Any rented-in land,rent-in,stackyear,0.1618037135278517,0.0683990513551223,0.018001650524959077,318.0,33.0,0.20934959349593496,ok
adjacent,completed_t,high insecurity + farmdep top tercile,any_rentin,Any rented-in land,rent-in,provyear,,,,,,,error: no regressors after FE
adjacent,completed_t,high insecurity + farmdep top tercile,asinh_rentin,asinh rented-in area,rent-in,stackyear,0.3730092430989216,0.15287217556541285,0.014686960132182554,318.0,33.0,0.44536941791372814,ok
adjacent,completed_t,high insecurity + farmdep top tercile,asinh_rentin,asinh rented-in area,rent-in,provyear,,,,,,,error: no regressors after FE
adjacent,completed_t,high insecurity + farmdep top tercile,ib_nonfarm_curr_n,Current nonfarm workers,nonfarm,stackyear,0.16007714561234304,0.294969265637014,0.5873426188930613,342.0,34.0,0.2771317829457364,ok
adjacent,completed_t,high insecurity + farmdep top tercile,ib_nonfarm_curr_n,Current nonfarm workers,nonfarm,provyear,,,,,,,error: no regressors after FE
adjacent,completed_t,high insecurity + farmdep top tercile,ib_nonfarm_curr_ge2,At least two current nonfarm workers,nonfarm,stackyear,0.05062680810028921,0.04639157310654711,0.2751438905364444,342.0,34.0,0.046511627906976744,ok
adjacent,completed_t,high insecurity + farmdep top tercile,ib_nonfarm_curr_ge2,At least two current nonfarm workers,nonfarm,provyear,,,,,,,error: no regressors after FE
adjacent,completed_t,high insecurity + farmdep top tercile,nonfarm_ge2_no_rentin,>=2 nonfarm workers without rent-in,nonfarm,stackyear,0.0,0.024761045890250223,1.0,318.0,33.0,0.036585365853658534,ok
adjacent,completed_t,high insecurity + farmdep top tercile,nonfarm_ge2_no_rentin,>=2 nonfarm workers without rent-in,nonfarm,provyear,,,,,,,error: no regressors after FE
adjacent,completed_t,high insecurity + farmdep top tercile,rentin_and_farm_any,Rent-in and own-farm production,rent-in,stackyear,0.1790450928381966,0.06750557106471157,0.007994524067854317,318.0,33.0,0.1991869918699187,ok
adjacent,completed_t,high insecurity + farmdep top tercile,rentin_and_farm_any,Rent-in and own-farm production,rent-in,provyear,,,,,,,error: no regressors after FE
adjacent,completed_t,high insecurity + farmdep top tercile,rb_farm_any,Any own-farm production,farm-exit,stackyear,-0.1504339440694309,0.10723462157157589,0.1606619761808432,342.0,34.0,0.9089147286821705,ok
adjacent,completed_t,high insecurity + farmdep top tercile,rb_farm_any,Any own-farm production,farm-exit,provyear,,,,,,,error: no regressors after FE
adjacent,completed_t,high insecurity + farmdep top tercile,asinh_rb_inc_farm_w99,asinh farm income,farm-exit,stackyear,0.14338457287082146,0.608179109397901,0.8136185691750839,342.0,34.0,9.37436784202905,ok
adjacent,completed_t,high insecurity + farmdep top tercile,asinh_rb_inc_farm_w99,asinh farm income,farm-exit,provyear,,,,,,,error: no regressors after FE
adjacent,completed_t,farm-orientation bottom tercile,any_rentin,Any rented-in land,rent-in,stackyear,-0.11361710712124291,0.09225631813962239,0.21812193377429812,844.0,94.0,0.0800794176042356,ok
adjacent,completed_t,farm-orientation bottom tercile,any_rentin,Any rented-in land,rent-in,provyear,-0.23052774706027412,0.08797455836096804,0.008782898429385089,836.0,93.0,0.0800794176042356,ok
adjacent,completed_t,farm-orientation bottom tercile,asinh_rentin,asinh rented-in area,rent-in,stackyear,-0.19166651505540203,0.15364401489759308,0.2122246989776866,840.0,94.0,0.10984509008644623,ok
adjacent,completed_t,farm-orientation bottom tercile,asinh_rentin,asinh rented-in area,rent-in,provyear,-0.24762912489217043,0.15176893922667775,0.10275971751331102,832.0,93.0,0.10984509008644623,ok
adjacent,completed_t,farm-orientation bottom tercile,ib_nonfarm_curr_n,Current nonfarm workers,nonfarm,stackyear,0.1509052641194181,0.2073248339649364,0.4666939450796578,876.0,95.0,1.1703225806451614,ok
adjacent,completed_t,farm-orientation bottom tercile,ib_nonfarm_curr_n,Current nonfarm workers,nonfarm,provyear,0.4265829021926581,0.15702865067419391,0.006595770104986691,868.0,95.0,1.1703225806451614,ok
adjacent,completed_t,farm-orientation bottom tercile,ib_nonfarm_curr_ge2,At least two current nonfarm workers,nonfarm,stackyear,-0.0158977852714271,0.1018351596905717,0.8759440057664962,876.0,95.0,0.3367741935483871,ok
adjacent,completed_t,farm-orientation bottom tercile,ib_nonfarm_curr_ge2,At least two current nonfarm workers,nonfarm,provyear,0.1447400837644739,0.08033023042118005,0.0715747723507115,868.0,95.0,0.3367741935483871,ok
adjacent,completed_t,farm-orientation bottom tercile,nonfarm_ge2_no_rentin,>=2 nonfarm workers without rent-in,nonfarm,stackyear,0.05168448658462794,0.07313996748487138,0.47978291610534274,844.0,94.0,0.3170086035737922,ok
adjacent,completed_t,farm-orientation bottom tercile,nonfarm_ge2_no_rentin,>=2 nonfarm workers without rent-in,nonfarm,provyear,0.14871401474928442,0.08032522189731152,0.0641122099767714,836.0,93.0,0.3170086035737922,ok
adjacent,completed_t,farm-orientation bottom tercile,rentin_and_farm_any,Rent-in and own-farm production,rent-in,stackyear,-0.11314518088006413,0.09252889828451769,0.22140179923605297,842.0,94.0,0.06423841059602649,ok
adjacent,completed_t,farm-orientation bottom tercile,rentin_and_farm_any,Rent-in and own-farm production,rent-in,provyear,-0.2241632862543054,0.08438497981786422,0.007897147247149378,834.0,93.0,0.06423841059602649,ok
adjacent,completed_t,farm-orientation bottom tercile,rb_farm_any,Any own-farm production,farm-exit,stackyear,-0.10156726276133649,0.06886963244877244,0.1402728471142514,864.0,94.0,0.5937702790395847,ok
adjacent,completed_t,farm-orientation bottom tercile,rb_farm_any,Any own-farm production,farm-exit,provyear,-0.011579762926992962,0.1335916875949426,0.9309256633492329,856.0,94.0,0.5937702790395847,ok
adjacent,completed_t,farm-orientation bottom tercile,asinh_rb_inc_farm_w99,asinh farm income,farm-exit,stackyear,-2.8389949236332623,0.6914710789623132,4.030365749706152e-05,858.0,95.0,2.579725534113197,ok
adjacent,completed_t,farm-orientation bottom tercile,asinh_rb_inc_farm_w99,asinh farm income,farm-exit,provyear,-1.2004848387457758,0.8819606142758133,0.17346480518691465,850.0,95.0,2.579725534113197,ok
adjacent,completed_t,farm-orientation top tercile,any_rentin,Any rented-in land,rent-in,stackyear,0.05096912613013021,0.070379282680707,0.4689390371259209,1014.0,100.0,0.19103194103194104,ok
adjacent,completed_t,farm-orientation top tercile,any_rentin,Any rented-in land,rent-in,provyear,-0.34336624127137005,0.14419765331657863,0.017255433979315286,1008.0,99.0,0.19103194103194104,ok
adjacent,completed_t,farm-orientation top tercile,asinh_rentin,asinh rented-in area,rent-in,stackyear,0.07356694908741059,0.1255308868233648,0.5578442016011217,1012.0,100.0,0.4471377839152204,ok
adjacent,completed_t,farm-orientation top tercile,asinh_rentin,asinh rented-in area,rent-in,provyear,-0.4445539856221079,0.3694489901999756,0.22886442088804904,1006.0,99.0,0.4471377839152204,ok
adjacent,completed_t,farm-orientation top tercile,ib_nonfarm_curr_n,Current nonfarm workers,nonfarm,stackyear,0.05908348341868161,0.10894968312894879,0.5876114114524124,1082.0,102.0,0.14766686355581807,ok
adjacent,completed_t,farm-orientation top tercile,ib_nonfarm_curr_n,Current nonfarm workers,nonfarm,provyear,-0.20869439281662588,0.09816347341908924,0.03350423642513106,1074.0,100.0,0.14766686355581807,ok
adjacent,completed_t,farm-orientation top tercile,ib_nonfarm_curr_ge2,At least two current nonfarm workers,nonfarm,stackyear,0.028387917368678923,0.0237767701263409,0.2325034062418111,1082.0,102.0,0.01594802126402835,ok
adjacent,completed_t,farm-orientation top tercile,ib_nonfarm_curr_ge2,At least two current nonfarm workers,nonfarm,provyear,-0.024668710323686276,0.017295140680708487,0.15377090162370322,1074.0,100.0,0.01594802126402835,ok
adjacent,completed_t,farm-orientation top tercile,nonfarm_ge2_no_rentin,>=2 nonfarm workers without rent-in,nonfarm,stackyear,0.005608784967069156,0.019470400188893656,0.7732952483052727,1014.0,100.0,0.010442260442260442,ok
adjacent,completed_t,farm-orientation top tercile,nonfarm_ge2_no_rentin,>=2 nonfarm workers without rent-in,nonfarm,provyear,-0.025042138213339747,0.017623831550381292,0.15533864065404276,1008.0,99.0,0.010442260442260442,ok
adjacent,completed_t,farm-orientation top tercile,rentin_and_farm_any,Rent-in and own-farm production,rent-in,stackyear,0.03262604480274811,0.061450238671452474,0.5954642476168159,1014.0,100.0,0.17639827904118008,ok
adjacent,completed_t,farm-orientation top tercile,rentin_and_farm_any,Rent-in and own-farm production,rent-in,provyear,-0.3506701982502608,0.1382778234713939,0.011213220365667959,1008.0,99.0,0.17639827904118008,ok
adjacent,completed_t,farm-orientation top tercile,rb_farm_any,Any own-farm production,farm-exit,stackyear,-0.05469604235525693,0.059559936564330056,0.3584429113165364,1080.0,102.0,0.8993487270574304,ok
adjacent,completed_t,farm-orientation top tercile,rb_farm_any,Any own-farm production,farm-exit,provyear,-0.21938738564773447,0.10677911524641114,0.039918546985544354,1072.0,100.0,0.8993487270574304,ok
adjacent,completed_t,farm-orientation top tercile,asinh_rb_inc_farm_w99,asinh farm income,farm-exit,stackyear,-1.149397728870167,0.7167418870792058,0.10879288402145305,1056.0,102.0,9.350813041622805,ok
adjacent,completed_t,farm-orientation top tercile,asinh_rb_inc_farm_w99,asinh farm income,farm-exit,provyear,-5.6834705214332075,2.182369301872419,0.009207122537202054,1048.0,100.0,9.350813041622805,ok
adjacent,completed_t,nonfarm-orientation top tercile,any_rentin,Any rented-in land,rent-in,stackyear,-0.041945878249979404,0.05024304498412995,0.40379687807782094,1218.0,108.0,0.09328891004283675,ok
adjacent,completed_t,nonfarm-orientation top tercile,any_rentin,Any rented-in land,rent-in,provyear,-0.0942398064592099,0.14288427495250455,0.5095404801183154,1214.0,106.0,0.09328891004283675,ok
adjacent,completed_t,nonfarm-orientation top tercile,asinh_rentin,asinh rented-in area,rent-in,stackyear,-0.07313196855505846,0.10822118524853964,0.499190567859101,1214.0,108.0,0.16179911330873553,ok
adjacent,completed_t,nonfarm-orientation top tercile,asinh_rentin,asinh rented-in area,rent-in,provyear,-0.018162305346775036,0.2576435304615662,0.9438005306239075,1210.0,106.0,0.16179911330873553,ok
adjacent,completed_t,nonfarm-orientation top tercile,ib_nonfarm_curr_n,Current nonfarm workers,nonfarm,stackyear,-0.09070590052323793,0.15249037189679812,0.5519568814449208,1284.0,112.0,1.2166666666666666,ok
adjacent,completed_t,nonfarm-orientation top tercile,ib_nonfarm_curr_n,Current nonfarm workers,nonfarm,provyear,0.2238527760426665,0.2568813742670129,0.38352230084766503,1280.0,111.0,1.2166666666666666,ok
adjacent,completed_t,nonfarm-orientation top tercile,ib_nonfarm_curr_ge2,At least two current nonfarm workers,nonfarm,stackyear,-0.07403435766781713,0.08998343446105592,0.41064709732102234,1284.0,112.0,0.30694444444444446,ok
adjacent,completed_t,nonfarm-orientation top tercile,ib_nonfarm_curr_ge2,At least two current nonfarm workers,nonfarm,provyear,0.016044144833559953,0.14054202681283287,0.9091117097934807,1280.0,111.0,0.30694444444444446,ok
adjacent,completed_t,nonfarm-orientation top tercile,nonfarm_ge2_no_rentin,>=2 nonfarm workers without rent-in,nonfarm,stackyear,0.02994612176741484,0.05310225590348288,0.572799637101483,1218.0,108.0,0.2831984769157544,ok
adjacent,completed_t,nonfarm-orientation top tercile,nonfarm_ge2_no_rentin,>=2 nonfarm workers without rent-in,nonfarm,provyear,0.018711797638545434,0.12678799674009933,0.8826715938550103,1214.0,106.0,0.2831984769157544,ok
adjacent,completed_t,nonfarm-orientation top tercile,rentin_and_farm_any,Rent-in and own-farm production,rent-in,stackyear,-0.05451319563720082,0.046792170387874005,0.24401624941946065,1216.0,108.0,0.08099094807050977,ok
adjacent,completed_t,nonfarm-orientation top tercile,rentin_and_farm_any,Rent-in and own-farm production,rent-in,provyear,-0.14533672568092285,0.12402524858011751,0.2412646076238174,1212.0,106.0,0.08099094807050977,ok
adjacent,completed_t,nonfarm-orientation top tercile,rb_farm_any,Any own-farm production,farm-exit,stackyear,-0.13278677247126902,0.05751686178831579,0.02096255766251373,1272.0,111.0,0.6727103672710367,ok
adjacent,completed_t,nonfarm-orientation top tercile,rb_farm_any,Any own-farm production,farm-exit,provyear,-0.060122353859827324,0.1577444227305151,0.7031010395528968,1268.0,110.0,0.6727103672710367,ok
adjacent,completed_t,nonfarm-orientation top tercile,asinh_rb_inc_farm_w99,asinh farm income,farm-exit,stackyear,-1.8942933092180345,0.5735132665410909,0.000956688851769198,1256.0,111.0,5.033628800334502,ok
adjacent,completed_t,nonfarm-orientation top tercile,asinh_rb_inc_farm_w99,asinh farm income,farm-exit,provyear,-0.6678999015202711,1.4218043466568484,0.6385299672104232,1252.0,110.0,5.033628800334502,ok
adjacent,high_sat80_t,farmdep bottom tercile,any_rentin,Any rented-in land,rent-in,stackyear,-0.18627068119394416,0.09970141109815674,0.061722313876070085,814.0,91.0,0.09140518417462483,ok
adjacent,high_sat80_t,farmdep bottom tercile,any_rentin,Any rented-in land,rent-in,provyear,-0.2658836091831292,0.10665012880174304,0.012665266372019226,804.0,90.0,0.09140518417462483,ok
adjacent,high_sat80_t,farmdep bottom tercile,asinh_rentin,asinh rented-in area,rent-in,stackyear,-0.35052782998295806,0.16408703211959547,0.032660577290760634,812.0,91.0,0.138906599498932,ok
adjacent,high_sat80_t,farmdep bottom tercile,asinh_rentin,asinh rented-in area,rent-in,provyear,-0.38088329310482655,0.17141843766105075,0.026286647149637465,802.0,90.0,0.138906599498932,ok
adjacent,high_sat80_t,farmdep bottom tercile,ib_nonfarm_curr_n,Current nonfarm workers,nonfarm,stackyear,0.25960906064257866,0.12673559266237752,0.04051782999070897,840.0,93.0,1.0026702269692924,ok
adjacent,high_sat80_t,farmdep bottom tercile,ib_nonfarm_curr_n,Current nonfarm workers,nonfarm,provyear,0.2477517148364178,0.1557225778163968,0.11161377625854746,832.0,93.0,1.0026702269692924,ok
adjacent,high_sat80_t,farmdep bottom tercile,ib_nonfarm_curr_ge2,At least two current nonfarm workers,nonfarm,stackyear,0.06712146898425192,0.0650549561980242,0.30218191583120624,840.0,93.0,0.2703604806408545,ok
adjacent,high_sat80_t,farmdep bottom tercile,ib_nonfarm_curr_ge2,At least two current nonfarm workers,nonfarm,provyear,0.07210113383021238,0.07800051699477671,0.3552950702871459,832.0,93.0,0.2703604806408545,ok
adjacent,high_sat80_t,farmdep bottom tercile,nonfarm_ge2_no_rentin,>=2 nonfarm workers without rent-in,nonfarm,stackyear,0.06567214693898796,0.06408125601620128,0.3054452249418482,814.0,91.0,0.25852660300136426,ok
adjacent,high_sat80_t,farmdep bottom tercile,nonfarm_ge2_no_rentin,>=2 nonfarm workers without rent-in,nonfarm,provyear,0.0680726107848373,0.08450422729443649,0.42050079215216174,804.0,90.0,0.25852660300136426,ok
adjacent,high_sat80_t,farmdep bottom tercile,rentin_and_farm_any,Rent-in and own-farm production,rent-in,stackyear,-0.1871558558206738,0.10157404773783771,0.06539388512500942,814.0,91.0,0.07366984993178717,ok
adjacent,high_sat80_t,farmdep bottom tercile,rentin_and_farm_any,Rent-in and own-farm production,rent-in,provyear,-0.25894287239722413,0.10326032078001836,0.012152989405206665,804.0,90.0,0.07366984993178717,ok
adjacent,high_sat80_t,farmdep bottom tercile,rb_farm_any,Any own-farm production,farm-exit,stackyear,-0.10285465874510939,0.08551589102827133,0.22907117397373955,832.0,92.0,0.5942320590207915,ok
adjacent,high_sat80_t,farmdep bottom tercile,rb_farm_any,Any own-farm production,farm-exit,provyear,0.03176721836625738,0.14524224688865114,0.8268690581102601,824.0,92.0,0.5942320590207915,ok
adjacent,high_sat80_t,farmdep bottom tercile,asinh_rb_inc_farm_w99,asinh farm income,farm-exit,stackyear,-2.549649055359329,0.7532900448720297,0.0007126013908998511,832.0,93.0,2.364325626364282,ok
adjacent,high_sat80_t,farmdep bottom tercile,asinh_rb_inc_farm_w99,asinh farm income,farm-exit,provyear,-1.8980233505932085,0.7072512692550477,0.007282068726147242,824.0,93.0,2.364325626364282,ok
adjacent,high_sat80_t,farmdep middle tercile,any_rentin,Any rented-in land,rent-in,stackyear,0.027179131365915384,0.03165070435028374,0.3904943417981215,886.0,98.0,0.11724137931034483,ok
adjacent,high_sat80_t,farmdep middle tercile,any_rentin,Any rented-in land,rent-in,provyear,-0.07385223221917596,0.07436320527736008,0.3206472468809266,872.0,95.0,0.11724137931034483,ok
adjacent,high_sat80_t,farmdep middle tercile,asinh_rentin,asinh rented-in area,rent-in,stackyear,0.04742218789987342,0.07043685002054426,0.5007830311771224,882.0,98.0,0.2204495824699422,ok
adjacent,high_sat80_t,farmdep middle tercile,asinh_rentin,asinh rented-in area,rent-in,provyear,-0.10519613722420175,0.20725151526086477,0.6117499058495995,868.0,95.0,0.2204495824699422,ok
adjacent,high_sat80_t,farmdep middle tercile,ib_nonfarm_curr_n,Current nonfarm workers,nonfarm,stackyear,-0.07788179215960875,0.22626058972522284,0.7306862533535418,940.0,99.0,0.6212222968435192,ok
adjacent,high_sat80_t,farmdep middle tercile,ib_nonfarm_curr_n,Current nonfarm workers,nonfarm,provyear,-0.17685196941337414,0.20872722397632873,0.3968348879089024,926.0,96.0,0.6212222968435192,ok
adjacent,high_sat80_t,farmdep middle tercile,ib_nonfarm_curr_ge2,At least two current nonfarm workers,nonfarm,stackyear,-0.10848413371171618,0.09697369391141941,0.2632696312013231,940.0,99.0,0.1396910678307589,ok
adjacent,high_sat80_t,farmdep middle tercile,ib_nonfarm_curr_ge2,At least two current nonfarm workers,nonfarm,provyear,-0.12147412137172908,0.04364545623274693,0.005382528188598838,926.0,96.0,0.1396910678307589,ok
adjacent,high_sat80_t,farmdep middle tercile,nonfarm_ge2_no_rentin,>=2 nonfarm workers without rent-in,nonfarm,stackyear,-0.01812306309677796,0.04896041995379891,0.7112651951546268,886.0,98.0,0.12413793103448276,ok
adjacent,high_sat80_t,farmdep middle tercile,nonfarm_ge2_no_rentin,>=2 nonfarm workers without rent-in,nonfarm,provyear,-0.09527216548370548,0.05153557185810494,0.06450575888483351,872.0,95.0,0.12413793103448276,ok
adjacent,high_sat80_t,farmdep middle tercile,rentin_and_farm_any,Rent-in and own-farm production,rent-in,stackyear,-0.0028925520724474327,0.02998436277830894,0.9231483430003267,884.0,98.0,0.1069703243616287,ok
adjacent,high_sat80_t,farmdep middle tercile,rentin_and_farm_any,Rent-in and own-farm production,rent-in,provyear,-0.09638061066309023,0.06921171167547344,0.1637566044517117,870.0,95.0,0.1069703243616287,ok
adjacent,high_sat80_t,farmdep middle tercile,rb_farm_any,Any own-farm production,farm-exit,stackyear,-0.08558734650061743,0.08805515501224727,0.3310633406854431,934.0,99.0,0.8600269179004038,ok
adjacent,high_sat80_t,farmdep middle tercile,rb_farm_any,Any own-farm production,farm-exit,provyear,-0.08050045271215733,0.13929089834137592,0.5633110706622206,920.0,96.0,0.8600269179004038,ok
adjacent,high_sat80_t,farmdep middle tercile,asinh_rb_inc_farm_w99,asinh farm income,farm-exit,stackyear,0.0195684925895382,0.6192964572759327,0.9747926858390145,930.0,99.0,8.272152370558263,ok
adjacent,high_sat80_t,farmdep middle tercile,asinh_rb_inc_farm_w99,asinh farm income,farm-exit,provyear,0.17343984311432625,1.3758299719347173,0.8996828670799167,916.0,96.0,8.272152370558263,ok
adjacent,high_sat80_t,farmdep top tercile,any_rentin,Any rented-in land,rent-in,stackyear,0.009023123983633257,0.06419612148664783,0.8882210307834119,1040.0,99.0,0.18220084185207455,ok
adjacent,high_sat80_t,farmdep top tercile,any_rentin,Any rented-in land,rent-in,provyear,-0.4442622950819667,0.10498214086386855,2.3183959587295286e-05,1030.0,97.0,0.18220084185207455,ok
adjacent,high_sat80_t,farmdep top tercile,asinh_rentin,asinh rented-in area,rent-in,stackyear,0.011651175602056717,0.11341568004022094,0.9181773834714847,1040.0,99.0,0.40768616521252815,ok
adjacent,high_sat80_t,farmdep top tercile,asinh_rentin,asinh rented-in area,rent-in,provyear,-0.6131401661248717,0.36969746642027046,0.09721826876767953,1030.0,97.0,0.40768616521252815,ok
adjacent,high_sat80_t,farmdep top tercile,ib_nonfarm_curr_n,Current nonfarm workers,nonfarm,stackyear,-0.11948249619482508,0.10745890251477708,0.26618538048052387,1104.0,101.0,0.23972206137811233,ok
adjacent,high_sat80_t,farmdep top tercile,ib_nonfarm_curr_n,Current nonfarm workers,nonfarm,provyear,-0.13567098148451565,0.08203953651013615,0.09818303156546686,1096.0,100.0,0.23972206137811233,ok
adjacent,high_sat80_t,farmdep top tercile,ib_nonfarm_curr_ge2,At least two current nonfarm workers,nonfarm,stackyear,-0.029567019657372417,0.03618323300020662,0.4138444364684778,1104.0,101.0,0.04226983207874928,ok
adjacent,high_sat80_t,farmdep top tercile,ib_nonfarm_curr_ge2,At least two current nonfarm workers,nonfarm,provyear,-0.009831230542356205,0.02384775328121795,0.6801563691636888,1096.0,100.0,0.04226983207874928,ok
adjacent,high_sat80_t,farmdep top tercile,nonfarm_ge2_no_rentin,>=2 nonfarm workers without rent-in,nonfarm,stackyear,-0.00968212309185329,0.020723860935953114,0.6403590283919874,1040.0,99.0,0.03367408298256164,ok
adjacent,high_sat80_t,farmdep top tercile,nonfarm_ge2_no_rentin,>=2 nonfarm workers without rent-in,nonfarm,provyear,-0.011475409836065563,0.02788596757117582,0.680697155799028,1030.0,97.0,0.03367408298256164,ok
adjacent,high_sat80_t,farmdep top tercile,rentin_and_farm_any,Rent-in and own-farm production,rent-in,stackyear,0.009352623537743176,0.06399914742244514,0.8838134832455649,1040.0,99.0,0.16787003610108303,ok
adjacent,high_sat80_t,farmdep top tercile,rentin_and_farm_any,Rent-in and own-farm production,rent-in,provyear,-0.4442622950819667,0.10498214086386855,2.3183959587295286e-05,1030.0,97.0,0.16787003610108303,ok
adjacent,high_sat80_t,farmdep top tercile,rb_farm_any,Any own-farm production,farm-exit,stackyear,-0.04721655494025085,0.05025068442297111,0.34741244379946445,1104.0,101.0,0.8909512761020881,ok
adjacent,high_sat80_t,farmdep top tercile,rb_farm_any,Any own-farm production,farm-exit,provyear,-0.24545305587416,0.10520883391492337,0.01964772310905339,1096.0,100.0,0.8909512761020881,ok
adjacent,high_sat80_t,farmdep top tercile,asinh_rb_inc_farm_w99,asinh farm income,farm-exit,stackyear,-0.8928038195375148,0.6470104231561207,0.16762022725272518,1088.0,101.0,9.231518740073607,ok
adjacent,high_sat80_t,farmdep top tercile,asinh_rb_inc_farm_w99,asinh farm income,farm-exit,provyear,-6.688354458343489,1.0884851981820085,8.014286235113259e-10,1080.0,100.0,9.231518740073607,ok
adjacent,high_sat80_t,high insecurity + farmdep bottom tercile,any_rentin,Any rented-in land,rent-in,stackyear,0.02857142857142861,0.10663319005880066,0.7887445532899603,340.0,33.0,0.08156028368794327,ok
adjacent,high_sat80_t,high insecurity + farmdep bottom tercile,any_rentin,Any rented-in land,rent-in,provyear,,,,,,,error: no regressors after FE
adjacent,high_sat80_t,high insecurity + farmdep bottom tercile,asinh_rentin,asinh rented-in area,rent-in,stackyear,0.0402473751269367,0.11525475052839018,0.7269364550847096,338.0,33.0,0.12035488866242336,ok
adjacent,high_sat80_t,high insecurity + farmdep bottom tercile,asinh_rentin,asinh rented-in area,rent-in,provyear,,,,,,,error: no regressors after FE
adjacent,high_sat80_t,high insecurity + farmdep bottom tercile,ib_nonfarm_curr_n,Current nonfarm workers,nonfarm,stackyear,0.6761904761904761,0.15012156668696822,6.659645803918618e-06,348.0,33.0,1.1357388316151202,ok
adjacent,high_sat80_t,high insecurity + farmdep bottom tercile,ib_nonfarm_curr_n,Current nonfarm workers,nonfarm,provyear,,,,,,,error: no regressors after FE
adjacent,high_sat80_t,high insecurity + farmdep bottom tercile,ib_nonfarm_curr_ge2,At least two current nonfarm workers,nonfarm,stackyear,0.14285714285714304,0.05340352694401348,0.007471794675487979,348.0,33.0,0.31443298969072164,ok
adjacent,high_sat80_t,high insecurity + farmdep bottom tercile,ib_nonfarm_curr_ge2,At least two current nonfarm workers,nonfarm,provyear,,,,,,,error: no regressors after FE
adjacent,high_sat80_t,high insecurity + farmdep bottom tercile,nonfarm_ge2_no_rentin,>=2 nonfarm workers without rent-in,nonfarm,stackyear,0.1714285714285716,0.059003596531540664,0.0036679352454493126,340.0,33.0,0.3102836879432624,ok
adjacent,high_sat80_t,high insecurity + farmdep bottom tercile,nonfarm_ge2_no_rentin,>=2 nonfarm workers without rent-in,nonfarm,provyear,,,,,,,error: no regressors after FE
adjacent,high_sat80_t,high insecurity + farmdep bottom tercile,rentin_and_farm_any,Rent-in and own-farm production,rent-in,stackyear,0.02857142857142861,0.10663319005880066,0.7887445532899603,340.0,33.0,0.0673758865248227,ok
adjacent,high_sat80_t,high insecurity + farmdep bottom tercile,rentin_and_farm_any,Rent-in and own-farm production,rent-in,provyear,,,,,,,error: no regressors after FE
adjacent,high_sat80_t,high insecurity + farmdep bottom tercile,rb_farm_any,Any own-farm production,farm-exit,stackyear,-0.33333333333333326,0.04103259031068201,4.524662136828919e-16,346.0,33.0,0.5709342560553633,ok
adjacent,high_sat80_t,high insecurity + farmdep bottom tercile,rb_farm_any,Any own-farm production,farm-exit,provyear,,,,,,,error: no regressors after FE
adjacent,high_sat80_t,high insecurity + farmdep bottom tercile,asinh_rb_inc_farm_w99,asinh farm income,farm-exit,stackyear,-2.3855652519961636,0.6498528268985093,0.00024166805038087637,346.0,33.0,2.4279735438192,ok
adjacent,high_sat80_t,high insecurity + farmdep bottom tercile,asinh_rb_inc_farm_w99,asinh farm income,farm-exit,provyear,,,,,,,error: no regressors after FE
adjacent,high_sat80_t,high insecurity + farmdep top tercile,any_rentin,Any rented-in land,rent-in,stackyear,0.1618037135278517,0.0683990513551223,0.018001650524959077,318.0,33.0,0.20934959349593496,ok
adjacent,high_sat80_t,high insecurity + farmdep top tercile,any_rentin,Any rented-in land,rent-in,provyear,,,,,,,error: no regressors after FE
adjacent,high_sat80_t,high insecurity + farmdep top tercile,asinh_rentin,asinh rented-in area,rent-in,stackyear,0.3730092430989216,0.15287217556541285,0.014686960132182554,318.0,33.0,0.44536941791372814,ok
adjacent,high_sat80_t,high insecurity + farmdep top tercile,asinh_rentin,asinh rented-in area,rent-in,provyear,,,,,,,error: no regressors after FE
adjacent,high_sat80_t,high insecurity + farmdep top tercile,ib_nonfarm_curr_n,Current nonfarm workers,nonfarm,stackyear,0.16007714561234304,0.294969265637014,0.5873426188930613,342.0,34.0,0.2771317829457364,ok
adjacent,high_sat80_t,high insecurity + farmdep top tercile,ib_nonfarm_curr_n,Current nonfarm workers,nonfarm,provyear,,,,,,,error: no regressors after FE
adjacent,high_sat80_t,high insecurity + farmdep top tercile,ib_nonfarm_curr_ge2,At least two current nonfarm workers,nonfarm,stackyear,0.05062680810028921,0.04639157310654711,0.2751438905364444,342.0,34.0,0.046511627906976744,ok
adjacent,high_sat80_t,high insecurity + farmdep top tercile,ib_nonfarm_curr_ge2,At least two current nonfarm workers,nonfarm,provyear,,,,,,,error: no regressors after FE
adjacent,high_sat80_t,high insecurity + farmdep top tercile,nonfarm_ge2_no_rentin,>=2 nonfarm workers without rent-in,nonfarm,stackyear,0.0,0.024761045890250223,1.0,318.0,33.0,0.036585365853658534,ok
adjacent,high_sat80_t,high insecurity + farmdep top tercile,nonfarm_ge2_no_rentin,>=2 nonfarm workers without rent-in,nonfarm,provyear,,,,,,,error: no regressors after FE
adjacent,high_sat80_t,high insecurity + farmdep top tercile,rentin_and_farm_any,Rent-in and own-farm production,rent-in,stackyear,0.1790450928381966,0.06750557106471157,0.007994524067854317,318.0,33.0,0.1991869918699187,ok
adjacent,high_sat80_t,high insecurity + farmdep top tercile,rentin_and_farm_any,Rent-in and own-farm production,rent-in,provyear,,,,,,,error: no regressors after FE
adjacent,high_sat80_t,high insecurity + farmdep top tercile,rb_farm_any,Any own-farm production,farm-exit,stackyear,-0.1504339440694309,0.10723462157157589,0.1606619761808432,342.0,34.0,0.9089147286821705,ok
adjacent,high_sat80_t,high insecurity + farmdep top tercile,rb_farm_any,Any own-farm production,farm-exit,provyear,,,,,,,error: no regressors after FE
adjacent,high_sat80_t,high insecurity + farmdep top tercile,asinh_rb_inc_farm_w99,asinh farm income,farm-exit,stackyear,0.14338457287082146,0.608179109397901,0.8136185691750839,342.0,34.0,9.37436784202905,ok
adjacent,high_sat80_t,high insecurity + farmdep top tercile,asinh_rb_inc_farm_w99,asinh farm income,farm-exit,provyear,,,,,,,error: no regressors after FE
adjacent,high_sat80_t,farm-orientation bottom tercile,any_rentin,Any rented-in land,rent-in,stackyear,-0.11132194813409209,0.09060845663349233,0.21922016649470633,844.0,94.0,0.0800794176042356,ok
adjacent,high_sat80_t,farm-orientation bottom tercile,any_rentin,Any rented-in land,rent-in,provyear,-0.23052774706027412,0.08797455836096804,0.008782898429385089,836.0,93.0,0.0800794176042356,ok
adjacent,high_sat80_t,farm-orientation bottom tercile,asinh_rentin,asinh rented-in area,rent-in,stackyear,-0.18736996560401487,0.150317563701296,0.21258303115531507,840.0,94.0,0.10984509008644623,ok
adjacent,high_sat80_t,farm-orientation bottom tercile,asinh_rentin,asinh rented-in area,rent-in,provyear,-0.24762912489217043,0.15176893922667775,0.10275971751331102,832.0,93.0,0.10984509008644623,ok
adjacent,high_sat80_t,farm-orientation bottom tercile,ib_nonfarm_curr_n,Current nonfarm workers,nonfarm,stackyear,0.19994021485287264,0.20441449515508578,0.3280190685102313,876.0,95.0,1.1703225806451614,ok
adjacent,high_sat80_t,farm-orientation bottom tercile,ib_nonfarm_curr_n,Current nonfarm workers,nonfarm,provyear,0.4265829021926581,0.15702865067419391,0.006595770104986691,868.0,95.0,1.1703225806451614,ok
adjacent,high_sat80_t,farm-orientation bottom tercile,ib_nonfarm_curr_ge2,At least two current nonfarm workers,nonfarm,stackyear,0.009300326950023297,0.10114118241328882,0.9267346607143806,876.0,95.0,0.3367741935483871,ok
adjacent,high_sat80_t,farm-orientation bottom tercile,ib_nonfarm_curr_ge2,At least two current nonfarm workers,nonfarm,provyear,0.1447400837644739,0.08033023042118005,0.0715747723507115,868.0,95.0,0.3367741935483871,ok
adjacent,high_sat80_t,farm-orientation bottom tercile,nonfarm_ge2_no_rentin,>=2 nonfarm workers without rent-in,nonfarm,stackyear,0.07858950031625547,0.07347443819186138,0.2847917879920274,844.0,94.0,0.3170086035737922,ok
adjacent,high_sat80_t,farm-orientation bottom tercile,nonfarm_ge2_no_rentin,>=2 nonfarm workers without rent-in,nonfarm,provyear,0.14871401474928442,0.08032522189731152,0.0641122099767714,836.0,93.0,0.3170086035737922,ok
adjacent,high_sat80_t,farm-orientation bottom tercile,rentin_and_farm_any,Rent-in and own-farm production,rent-in,stackyear,-0.11058221206736041,0.09094630271769531,0.22402049378175304,842.0,94.0,0.06423841059602649,ok
adjacent,high_sat80_t,farm-orientation bottom tercile,rentin_and_farm_any,Rent-in and own-farm production,rent-in,provyear,-0.2241632862543054,0.08438497981786422,0.007897147247149378,834.0,93.0,0.06423841059602649,ok
adjacent,high_sat80_t,farm-orientation bottom tercile,rb_farm_any,Any own-farm production,farm-exit,stackyear,-0.09847556675447056,0.0674718951112937,0.14442617166650976,864.0,94.0,0.5937702790395847,ok
adjacent,high_sat80_t,farm-orientation bottom tercile,rb_farm_any,Any own-farm production,farm-exit,provyear,-0.011579762926992962,0.1335916875949426,0.9309256633492329,856.0,94.0,0.5937702790395847,ok
adjacent,high_sat80_t,farm-orientation bottom tercile,asinh_rb_inc_farm_w99,asinh farm income,farm-exit,stackyear,-2.7851007125645286,0.6844894858495028,4.724110915070597e-05,858.0,95.0,2.579725534113197,ok
adjacent,high_sat80_t,farm-orientation bottom tercile,asinh_rb_inc_farm_w99,asinh farm income,farm-exit,provyear,-1.2004848387457758,0.8819606142758133,0.17346480518691465,850.0,95.0,2.579725534113197,ok
adjacent,high_sat80_t,farm-orientation top tercile,any_rentin,Any rented-in land,rent-in,stackyear,0.05096912613013021,0.070379282680707,0.4689390371259209,1014.0,100.0,0.19103194103194104,ok
adjacent,high_sat80_t,farm-orientation top tercile,any_rentin,Any rented-in land,rent-in,provyear,-0.34336624127137005,0.14419765331657863,0.017255433979315286,1008.0,99.0,0.19103194103194104,ok
adjacent,high_sat80_t,farm-orientation top tercile,asinh_rentin,asinh rented-in area,rent-in,stackyear,0.07356694908741059,0.1255308868233648,0.5578442016011217,1012.0,100.0,0.4471377839152204,ok
adjacent,high_sat80_t,farm-orientation top tercile,asinh_rentin,asinh rented-in area,rent-in,provyear,-0.4445539856221079,0.3694489901999756,0.22886442088804904,1006.0,99.0,0.4471377839152204,ok
adjacent,high_sat80_t,farm-orientation top tercile,ib_nonfarm_curr_n,Current nonfarm workers,nonfarm,stackyear,0.05908348341868161,0.10894968312894879,0.5876114114524124,1082.0,102.0,0.14766686355581807,ok
adjacent,high_sat80_t,farm-orientation top tercile,ib_nonfarm_curr_n,Current nonfarm workers,nonfarm,provyear,-0.20869439281662588,0.09816347341908924,0.03350423642513106,1074.0,100.0,0.14766686355581807,ok
adjacent,high_sat80_t,farm-orientation top tercile,ib_nonfarm_curr_ge2,At least two current nonfarm workers,nonfarm,stackyear,0.028387917368678923,0.0237767701263409,0.2325034062418111,1082.0,102.0,0.01594802126402835,ok
adjacent,high_sat80_t,farm-orientation top tercile,ib_nonfarm_curr_ge2,At least two current nonfarm workers,nonfarm,provyear,-0.024668710323686276,0.017295140680708487,0.15377090162370322,1074.0,100.0,0.01594802126402835,ok
adjacent,high_sat80_t,farm-orientation top tercile,nonfarm_ge2_no_rentin,>=2 nonfarm workers without rent-in,nonfarm,stackyear,0.005608784967069156,0.019470400188893656,0.7732952483052727,1014.0,100.0,0.010442260442260442,ok
adjacent,high_sat80_t,farm-orientation top tercile,nonfarm_ge2_no_rentin,>=2 nonfarm workers without rent-in,nonfarm,provyear,-0.025042138213339747,0.017623831550381292,0.15533864065404276,1008.0,99.0,0.010442260442260442,ok
adjacent,high_sat80_t,farm-orientation top tercile,rentin_and_farm_any,Rent-in and own-farm production,rent-in,stackyear,0.03262604480274811,0.061450238671452474,0.5954642476168159,1014.0,100.0,0.17639827904118008,ok
adjacent,high_sat80_t,farm-orientation top tercile,rentin_and_farm_any,Rent-in and own-farm production,rent-in,provyear,-0.3506701982502608,0.1382778234713939,0.011213220365667959,1008.0,99.0,0.17639827904118008,ok
adjacent,high_sat80_t,farm-orientation top tercile,rb_farm_any,Any own-farm production,farm-exit,stackyear,-0.05469604235525693,0.059559936564330056,0.3584429113165364,1080.0,102.0,0.8993487270574304,ok
adjacent,high_sat80_t,farm-orientation top tercile,rb_farm_any,Any own-farm production,farm-exit,provyear,-0.21938738564773447,0.10677911524641114,0.039918546985544354,1072.0,100.0,0.8993487270574304,ok
adjacent,high_sat80_t,farm-orientation top tercile,asinh_rb_inc_farm_w99,asinh farm income,farm-exit,stackyear,-1.149397728870167,0.7167418870792058,0.10879288402145305,1056.0,102.0,9.350813041622805,ok
adjacent,high_sat80_t,farm-orientation top tercile,asinh_rb_inc_farm_w99,asinh farm income,farm-exit,provyear,-5.6834705214332075,2.182369301872419,0.009207122537202054,1048.0,100.0,9.350813041622805,ok
adjacent,high_sat80_t,nonfarm-orientation top tercile,any_rentin,Any rented-in land,rent-in,stackyear,-0.039889610726433225,0.048900990441525974,0.4146591884366493,1218.0,108.0,0.09328891004283675,ok
adjacent,high_sat80_t,nonfarm-orientation top tercile,any_rentin,Any rented-in land,rent-in,provyear,-0.0942398064592099,0.14288427495250455,0.5095404801183154,1214.0,106.0,0.09328891004283675,ok
adjacent,high_sat80_t,nonfarm-orientation top tercile,asinh_rentin,asinh rented-in area,rent-in,stackyear,-0.06951886929276327,0.10509248424796706,0.5082905496952395,1214.0,108.0,0.16179911330873553,ok
adjacent,high_sat80_t,nonfarm-orientation top tercile,asinh_rentin,asinh rented-in area,rent-in,provyear,-0.018162305346775036,0.2576435304615662,0.9438005306239075,1210.0,106.0,0.16179911330873553,ok
adjacent,high_sat80_t,nonfarm-orientation top tercile,ib_nonfarm_curr_n,Current nonfarm workers,nonfarm,stackyear,-0.056914484057660204,0.15494450678769733,0.7133790481826681,1284.0,112.0,1.2166666666666666,ok
adjacent,high_sat80_t,nonfarm-orientation top tercile,ib_nonfarm_curr_n,Current nonfarm workers,nonfarm,provyear,0.2238527760426665,0.2568813742670129,0.38352230084766503,1280.0,111.0,1.2166666666666666,ok
adjacent,high_sat80_t,nonfarm-orientation top tercile,ib_nonfarm_curr_ge2,At least two current nonfarm workers,nonfarm,stackyear,-0.057766075918708505,0.09061400008858303,0.5238017189045452,1284.0,112.0,0.30694444444444446,ok
adjacent,high_sat80_t,nonfarm-orientation top tercile,ib_nonfarm_curr_ge2,At least two current nonfarm workers,nonfarm,provyear,0.016044144833559953,0.14054202681283287,0.9091117097934807,1280.0,111.0,0.30694444444444446,ok
adjacent,high_sat80_t,nonfarm-orientation top tercile,nonfarm_ge2_no_rentin,>=2 nonfarm workers without rent-in,nonfarm,stackyear,0.046346980967695454,0.054438088306037496,0.39456358877421926,1218.0,108.0,0.2831984769157544,ok
adjacent,high_sat80_t,nonfarm-orientation top tercile,nonfarm_ge2_no_rentin,>=2 nonfarm workers without rent-in,nonfarm,provyear,0.018711797638545434,0.12678799674009933,0.8826715938550103,1214.0,106.0,0.2831984769157544,ok
adjacent,high_sat80_t,nonfarm-orientation top tercile,rentin_and_farm_any,Rent-in and own-farm production,rent-in,stackyear,-0.052126334198568616,0.04559359903345723,0.2529215887127977,1216.0,108.0,0.08099094807050977,ok
adjacent,high_sat80_t,nonfarm-orientation top tercile,rentin_and_farm_any,Rent-in and own-farm production,rent-in,provyear,-0.14533672568092285,0.12402524858011751,0.2412646076238174,1212.0,106.0,0.08099094807050977,ok
adjacent,high_sat80_t,nonfarm-orientation top tercile,rb_farm_any,Any own-farm production,farm-exit,stackyear,-0.12861090058448424,0.056271893944447905,0.022281978793819504,1272.0,111.0,0.6727103672710367,ok
adjacent,high_sat80_t,nonfarm-orientation top tercile,rb_farm_any,Any own-farm production,farm-exit,provyear,-0.060122353859827324,0.1577444227305151,0.7031010395528968,1268.0,110.0,0.6727103672710367,ok
adjacent,high_sat80_t,nonfarm-orientation top tercile,asinh_rb_inc_farm_w99,asinh farm income,farm-exit,stackyear,-1.8608428998765592,0.5619634116253132,0.0009285564858272348,1256.0,111.0,5.033628800334502,ok
adjacent,high_sat80_t,nonfarm-orientation top tercile,asinh_rb_inc_farm_w99,asinh farm income,farm-exit,provyear,-0.6678999015202711,1.4218043466568484,0.6385299672104232,1252.0,110.0,5.033628800334502,ok
adjacent,signoff_or_issue_t,farmdep bottom tercile,any_rentin,Any rented-in land,rent-in,stackyear,-0.22869950977650985,0.11301446763411772,0.04300819704534953,816.0,91.0,0.09115646258503401,ok
adjacent,signoff_or_issue_t,farmdep bottom tercile,any_rentin,Any rented-in land,rent-in,provyear,-0.3063672716087362,0.10153470462253138,0.0025498252372327234,808.0,90.0,0.09115646258503401,ok
adjacent,signoff_or_issue_t,farmdep bottom tercile,asinh_rentin,asinh rented-in area,rent-in,stackyear,-0.43483481154151327,0.19128389218710762,0.023011526932994863,814.0,91.0,0.13852810740220467,ok
adjacent,signoff_or_issue_t,farmdep bottom tercile,asinh_rentin,asinh rented-in area,rent-in,provyear,-0.4647672108550239,0.15011699647532914,0.001961283745114597,806.0,90.0,0.13852810740220467,ok
adjacent,signoff_or_issue_t,farmdep bottom tercile,ib_nonfarm_curr_n,Current nonfarm workers,nonfarm,stackyear,0.2558528176329774,0.10957788920722643,0.019548929509037916,842.0,93.0,1.0046604527296938,ok
adjacent,signoff_or_issue_t,farmdep bottom tercile,ib_nonfarm_curr_n,Current nonfarm workers,nonfarm,provyear,0.2900470801057562,0.14754344206454068,0.04931687640060459,836.0,93.0,1.0046604527296938,ok
adjacent,signoff_or_issue_t,farmdep bottom tercile,ib_nonfarm_curr_ge2,At least two current nonfarm workers,nonfarm,stackyear,0.061569383177007136,0.06499871757728808,0.34351651313993214,842.0,93.0,0.27163781624500666,ok
adjacent,signoff_or_issue_t,farmdep bottom tercile,ib_nonfarm_curr_ge2,At least two current nonfarm workers,nonfarm,provyear,0.07845911220371998,0.07753611529671293,0.31158391344755965,836.0,93.0,0.27163781624500666,ok
adjacent,signoff_or_issue_t,farmdep bottom tercile,nonfarm_ge2_no_rentin,>=2 nonfarm workers without rent-in,nonfarm,stackyear,0.059740162910771756,0.06231855051011751,0.3377473504853855,816.0,91.0,0.2598639455782313,ok
adjacent,signoff_or_issue_t,farmdep bottom tercile,nonfarm_ge2_no_rentin,>=2 nonfarm workers without rent-in,nonfarm,provyear,0.0876653337434637,0.07969565772154219,0.2713315191464116,808.0,90.0,0.2598639455782313,ok
adjacent,signoff_or_issue_t,farmdep bottom tercile,rentin_and_farm_any,Rent-in and own-farm production,rent-in,stackyear,-0.23116926690152614,0.11462342738904062,0.04371935958730771,816.0,91.0,0.07346938775510205,ok
adjacent,signoff_or_issue_t,farmdep bottom tercile,rentin_and_farm_any,Rent-in and own-farm production,rent-in,provyear,-0.2983697323900342,0.0979914622935096,0.0023279300017481313,808.0,90.0,0.07346938775510205,ok
adjacent,signoff_or_issue_t,farmdep bottom tercile,rb_farm_any,Any own-farm production,farm-exit,stackyear,-0.16004882638659326,0.10041317709173582,0.11095784678131212,834.0,92.0,0.5946488294314382,ok
adjacent,signoff_or_issue_t,farmdep bottom tercile,rb_farm_any,Any own-farm production,farm-exit,provyear,-0.12027068594278705,0.10974581345408307,0.2731215461563904,828.0,92.0,0.5946488294314382,ok
adjacent,signoff_or_issue_t,farmdep bottom tercile,asinh_rb_inc_farm_w99,asinh farm income,farm-exit,stackyear,-2.84543421442932,0.8140540366160057,0.0004733741557303163,834.0,93.0,2.3638194221361792,ok
adjacent,signoff_or_issue_t,farmdep bottom tercile,asinh_rb_inc_farm_w99,asinh farm income,farm-exit,provyear,-2.6381442707006695,0.44967878691117324,4.444721300404773e-09,828.0,93.0,2.3638194221361792,ok
adjacent,signoff_or_issue_t,farmdep middle tercile,any_rentin,Any rented-in land,rent-in,stackyear,0.024862120548193457,0.03563869883948818,0.48541747774570165,890.0,98.0,0.11675824175824176,ok
adjacent,signoff_or_issue_t,farmdep middle tercile,any_rentin,Any rented-in land,rent-in,provyear,-0.08337562635367445,0.08528638024296639,0.3282741638670702,876.0,95.0,0.11675824175824176,ok
adjacent,signoff_or_issue_t,farmdep middle tercile,asinh_rentin,asinh rented-in area,rent-in,stackyear,0.059756750190950655,0.075994286739996,0.4316729273562453,886.0,98.0,0.21953863378204988,ok
adjacent,signoff_or_issue_t,farmdep middle tercile,asinh_rentin,asinh rented-in area,rent-in,provyear,-0.11892749673043011,0.23737872194273432,0.6163688784639543,872.0,95.0,0.21953863378204988,ok
adjacent,signoff_or_issue_t,farmdep middle tercile,ib_nonfarm_curr_n,Current nonfarm workers,nonfarm,stackyear,-0.1705983087522731,0.23931287000516488,0.4759279033423185,944.0,99.0,0.6280936454849498,ok
adjacent,signoff_or_issue_t,farmdep middle tercile,ib_nonfarm_curr_n,Current nonfarm workers,nonfarm,provyear,-0.36078398734967315,0.12234990165329698,0.003190221834461919,930.0,96.0,0.6280936454849498,ok
adjacent,signoff_or_issue_t,farmdep middle tercile,ib_nonfarm_curr_ge2,At least two current nonfarm workers,nonfarm,stackyear,-0.14169841628058233,0.10451109280445176,0.17515587850060876,944.0,99.0,0.14180602006688964,ok
adjacent,signoff_or_issue_t,farmdep middle tercile,ib_nonfarm_curr_ge2,At least two current nonfarm workers,nonfarm,provyear,-0.10490616287295572,0.05060938131720451,0.03818530925613729,930.0,96.0,0.14180602006688964,ok
adjacent,signoff_or_issue_t,farmdep middle tercile,nonfarm_ge2_no_rentin,>=2 nonfarm workers without rent-in,nonfarm,stackyear,-0.04423097263565067,0.05097931931229381,0.3855992184767707,890.0,98.0,0.12637362637362637,ok
adjacent,signoff_or_issue_t,farmdep middle tercile,nonfarm_ge2_no_rentin,>=2 nonfarm workers without rent-in,nonfarm,provyear,-0.07531969949319853,0.059136106477603305,0.20278150335156298,876.0,95.0,0.12637362637362637,ok
adjacent,signoff_or_issue_t,farmdep middle tercile,rentin_and_farm_any,Rent-in and own-farm production,rent-in,stackyear,-0.00868262587836437,0.03345866073475417,0.7952470974865328,888.0,98.0,0.10652920962199312,ok
adjacent,signoff_or_issue_t,farmdep middle tercile,rentin_and_farm_any,Rent-in and own-farm production,rent-in,provyear,-0.10881363931331481,0.07938438542012113,0.17046275060698135,874.0,95.0,0.10652920962199312,ok
adjacent,signoff_or_issue_t,farmdep middle tercile,rb_farm_any,Any own-farm production,farm-exit,stackyear,-0.08426628225651019,0.09404847477482771,0.3702593004070175,938.0,99.0,0.8585790884718498,ok
adjacent,signoff_or_issue_t,farmdep middle tercile,rb_farm_any,Any own-farm production,farm-exit,provyear,-0.15535715562163588,0.14055265747206575,0.2690163558757822,924.0,96.0,0.8585790884718498,ok
adjacent,signoff_or_issue_t,farmdep middle tercile,asinh_rb_inc_farm_w99,asinh farm income,farm-exit,stackyear,0.5134323730551057,0.5796386387325833,0.37573603370522757,934.0,99.0,8.251478376051185,ok
adjacent,signoff_or_issue_t,farmdep middle tercile,asinh_rb_inc_farm_w99,asinh farm income,farm-exit,provyear,-0.442756834300367,1.5932701663042237,0.7810953609677053,920.0,96.0,8.251478376051185,ok
adjacent,signoff_or_issue_t,farmdep top tercile,any_rentin,Any rented-in land,rent-in,stackyear,0.006429153322459184,0.07129076091788959,0.9281424773672154,1040.0,99.0,0.18209134615384615,ok
adjacent,signoff_or_issue_t,farmdep top tercile,any_rentin,Any rented-in land,rent-in,provyear,-0.4442622950819667,0.10498214086386855,2.3183959587295286e-05,1030.0,97.0,0.18209134615384615,ok
adjacent,signoff_or_issue_t,farmdep top tercile,asinh_rentin,asinh rented-in area,rent-in,stackyear,0.003035512613585256,0.12581283916299188,0.9807511403215611,1040.0,99.0,0.40744116150747256,ok
adjacent,signoff_or_issue_t,farmdep top tercile,asinh_rentin,asinh rented-in area,rent-in,provyear,-0.6131401661248717,0.36969746642027046,0.09721826876767953,1030.0,97.0,0.40744116150747256,ok
adjacent,signoff_or_issue_t,farmdep top tercile,ib_nonfarm_curr_n,Current nonfarm workers,nonfarm,stackyear,-0.13200024917460979,0.11818498398888709,0.2640391088237415,1104.0,101.0,0.23958333333333334,ok
adjacent,signoff_or_issue_t,farmdep top tercile,ib_nonfarm_curr_n,Current nonfarm workers,nonfarm,provyear,-0.1542473919523099,0.09252563116514628,0.0954990082321693,1096.0,100.0,0.23958333333333334,ok
adjacent,signoff_or_issue_t,farmdep top tercile,ib_nonfarm_curr_ge2,At least two current nonfarm workers,nonfarm,stackyear,-0.03187655177937383,0.039900169411271946,0.42434394534511155,1104.0,101.0,0.04224537037037037,ok
adjacent,signoff_or_issue_t,farmdep top tercile,ib_nonfarm_curr_ge2,At least two current nonfarm workers,nonfarm,provyear,-0.011177347242921007,0.027052066283680953,0.6794754308311759,1096.0,100.0,0.04224537037037037,ok
adjacent,signoff_or_issue_t,farmdep top tercile,nonfarm_ge2_no_rentin,>=2 nonfarm workers without rent-in,nonfarm,stackyear,-0.010668592206440966,0.02291423029765812,0.6415103856243356,1040.0,99.0,0.03365384615384615,ok
adjacent,signoff_or_issue_t,farmdep top tercile,nonfarm_ge2_no_rentin,>=2 nonfarm workers without rent-in,nonfarm,provyear,-0.011475409836065563,0.02788596757117582,0.680697155799028,1030.0,97.0,0.03365384615384615,ok
adjacent,signoff_or_issue_t,farmdep top tercile,rentin_and_farm_any,Rent-in and own-farm production,rent-in,stackyear,0.008548872764450065,0.07102371028212458,0.9041928572125254,1040.0,99.0,0.16776909200240528,ok
adjacent,signoff_or_issue_t,farmdep top tercile,rentin_and_farm_any,Rent-in and own-farm production,rent-in,provyear,-0.4442622950819667,0.10498214086386855,2.3183959587295286e-05,1030.0,97.0,0.16776909200240528,ok
adjacent,signoff_or_issue_t,farmdep top tercile,rb_farm_any,Any own-farm production,farm-exit,stackyear,-0.04460225503021267,0.056516596940974446,0.43000177343524115,1104.0,101.0,0.8910144927536232,ok
adjacent,signoff_or_issue_t,farmdep top tercile,rb_farm_any,Any own-farm production,farm-exit,provyear,-0.2790611028315946,0.11754537280207417,0.01759315008155992,1096.0,100.0,0.8910144927536232,ok
adjacent,signoff_or_issue_t,farmdep top tercile,asinh_rb_inc_farm_w99,asinh farm income,farm-exit,stackyear,-0.9123941226017406,0.7072087200420623,0.19700408381339096,1088.0,101.0,9.233119327830549,ok
adjacent,signoff_or_issue_t,farmdep top tercile,asinh_rb_inc_farm_w99,asinh farm income,farm-exit,provyear,-7.66849477025357,0.8400024133617298,6.904927635084216e-20,1080.0,100.0,9.233119327830549,ok
adjacent,signoff_or_issue_t,high insecurity + farmdep bottom tercile,any_rentin,Any rented-in land,rent-in,stackyear,,,,,,,error: no regressors after FE
adjacent,signoff_or_issue_t,high insecurity + farmdep bottom tercile,any_rentin,Any rented-in land,rent-in,provyear,,,,,,,error: no regressors after FE
adjacent,signoff_or_issue_t,high insecurity + farmdep bottom tercile,asinh_rentin,asinh rented-in area,rent-in,stackyear,,,,,,,error: no regressors after FE
adjacent,signoff_or_issue_t,high insecurity + farmdep bottom tercile,asinh_rentin,asinh rented-in area,rent-in,provyear,,,,,,,error: no regressors after FE
adjacent,signoff_or_issue_t,high insecurity + farmdep bottom tercile,ib_nonfarm_curr_n,Current nonfarm workers,nonfarm,stackyear,,,,,,,error: no regressors after FE
adjacent,signoff_or_issue_t,high insecurity + farmdep bottom tercile,ib_nonfarm_curr_n,Current nonfarm workers,nonfarm,provyear,,,,,,,error: no regressors after FE
adjacent,signoff_or_issue_t,high insecurity + farmdep bottom tercile,ib_nonfarm_curr_ge2,At least two current nonfarm workers,nonfarm,stackyear,,,,,,,error: no regressors after FE
adjacent,signoff_or_issue_t,high insecurity + farmdep bottom tercile,ib_nonfarm_curr_ge2,At least two current nonfarm workers,nonfarm,provyear,,,,,,,error: no regressors after FE
adjacent,signoff_or_issue_t,high insecurity + farmdep bottom tercile,nonfarm_ge2_no_rentin,>=2 nonfarm workers without rent-in,nonfarm,stackyear,,,,,,,error: no regressors after FE
adjacent,signoff_or_issue_t,high insecurity + farmdep bottom tercile,nonfarm_ge2_no_rentin,>=2 nonfarm workers without rent-in,nonfarm,provyear,,,,,,,error: no regressors after FE
adjacent,signoff_or_issue_t,high insecurity + farmdep bottom tercile,rentin_and_farm_any,Rent-in and own-farm production,rent-in,stackyear,,,,,,,error: no regressors after FE
adjacent,signoff_or_issue_t,high insecurity + farmdep bottom tercile,rentin_and_farm_any,Rent-in and own-farm production,rent-in,provyear,,,,,,,error: no regressors after FE
adjacent,signoff_or_issue_t,high insecurity + farmdep bottom tercile,rb_farm_any,Any own-farm production,farm-exit,stackyear,,,,,,,error: no regressors after FE
adjacent,signoff_or_issue_t,high insecurity + farmdep bottom tercile,rb_farm_any,Any own-farm production,farm-exit,provyear,,,,,,,error: no regressors after FE
adjacent,signoff_or_issue_t,high insecurity + farmdep bottom tercile,asinh_rb_inc_farm_w99,asinh farm income,farm-exit,stackyear,,,,,,,error: no regressors after FE
adjacent,signoff_or_issue_t,high insecurity + farmdep bottom tercile,asinh_rb_inc_farm_w99,asinh farm income,farm-exit,provyear,,,,,,,error: no regressors after FE
adjacent,signoff_or_issue_t,high insecurity + farmdep top tercile,any_rentin,Any rented-in land,rent-in,stackyear,0.1618037135278517,0.0683990513551223,0.018001650524959077,318.0,33.0,0.20934959349593496,ok
adjacent,signoff_or_issue_t,high insecurity + farmdep top tercile,any_rentin,Any rented-in land,rent-in,provyear,,,,,,,error: no regressors after FE
adjacent,signoff_or_issue_t,high insecurity + farmdep top tercile,asinh_rentin,asinh rented-in area,rent-in,stackyear,0.3730092430989216,0.15287217556541285,0.014686960132182554,318.0,33.0,0.44536941791372814,ok
adjacent,signoff_or_issue_t,high insecurity + farmdep top tercile,asinh_rentin,asinh rented-in area,rent-in,provyear,,,,,,,error: no regressors after FE
adjacent,signoff_or_issue_t,high insecurity + farmdep top tercile,ib_nonfarm_curr_n,Current nonfarm workers,nonfarm,stackyear,0.16007714561234304,0.294969265637014,0.5873426188930613,342.0,34.0,0.2771317829457364,ok
adjacent,signoff_or_issue_t,high insecurity + farmdep top tercile,ib_nonfarm_curr_n,Current nonfarm workers,nonfarm,provyear,,,,,,,error: no regressors after FE
adjacent,signoff_or_issue_t,high insecurity + farmdep top tercile,ib_nonfarm_curr_ge2,At least two current nonfarm workers,nonfarm,stackyear,0.05062680810028921,0.04639157310654711,0.2751438905364444,342.0,34.0,0.046511627906976744,ok
adjacent,signoff_or_issue_t,high insecurity + farmdep top tercile,ib_nonfarm_curr_ge2,At least two current nonfarm workers,nonfarm,provyear,,,,,,,error: no regressors after FE
adjacent,signoff_or_issue_t,high insecurity + farmdep top tercile,nonfarm_ge2_no_rentin,>=2 nonfarm workers without rent-in,nonfarm,stackyear,0.0,0.024761045890250223,1.0,318.0,33.0,0.036585365853658534,ok
adjacent,signoff_or_issue_t,high insecurity + farmdep top tercile,nonfarm_ge2_no_rentin,>=2 nonfarm workers without rent-in,nonfarm,provyear,,,,,,,error: no regressors after FE
adjacent,signoff_or_issue_t,high insecurity + farmdep top tercile,rentin_and_farm_any,Rent-in and own-farm production,rent-in,stackyear,0.1790450928381966,0.06750557106471157,0.007994524067854317,318.0,33.0,0.1991869918699187,ok
adjacent,signoff_or_issue_t,high insecurity + farmdep top tercile,rentin_and_farm_any,Rent-in and own-farm production,rent-in,provyear,,,,,,,error: no regressors after FE
adjacent,signoff_or_issue_t,high insecurity + farmdep top tercile,rb_farm_any,Any own-farm production,farm-exit,stackyear,-0.1504339440694309,0.10723462157157589,0.1606619761808432,342.0,34.0,0.9089147286821705,ok
adjacent,signoff_or_issue_t,high insecurity + farmdep top tercile,rb_farm_any,Any own-farm production,farm-exit,provyear,,,,,,,error: no regressors after FE
adjacent,signoff_or_issue_t,high insecurity + farmdep top tercile,asinh_rb_inc_farm_w99,asinh farm income,farm-exit,stackyear,0.14338457287082146,0.608179109397901,0.8136185691750839,342.0,34.0,9.37436784202905,ok
adjacent,signoff_or_issue_t,high insecurity + farmdep top tercile,asinh_rb_inc_farm_w99,asinh farm income,farm-exit,provyear,,,,,,,error: no regressors after FE
adjacent,signoff_or_issue_t,farm-orientation bottom tercile,any_rentin,Any rented-in land,rent-in,stackyear,-0.13721696386550267,0.1079388221656938,0.20364059313038807,848.0,94.0,0.07976268951878708,ok
adjacent,signoff_or_issue_t,farm-orientation bottom tercile,any_rentin,Any rented-in land,rent-in,provyear,-0.2755745818304915,0.08191418756617062,0.0007676972206165022,842.0,93.0,0.07976268951878708,ok
adjacent,signoff_or_issue_t,farm-orientation bottom tercile,asinh_rentin,asinh rented-in area,rent-in,stackyear,-0.2352545624412881,0.18276969450776673,0.19803714853655874,844.0,94.0,0.10940948497043917,ok
adjacent,signoff_or_issue_t,farm-orientation bottom tercile,asinh_rentin,asinh rented-in area,rent-in,provyear,-0.3266984023938237,0.13807372630100137,0.017975828970316677,838.0,93.0,0.10940948497043917,ok
adjacent,signoff_or_issue_t,farm-orientation bottom tercile,ib_nonfarm_curr_n,Current nonfarm workers,nonfarm,stackyear,0.11052062954419357,0.24715276798222946,0.6547484460775099,880.0,95.0,1.1748071979434447,ok
adjacent,signoff_or_issue_t,farm-orientation bottom tercile,ib_nonfarm_curr_n,Current nonfarm workers,nonfarm,provyear,0.3471731448763248,0.20114430852993834,0.08434914042838525,874.0,95.0,1.1748071979434447,ok
adjacent,signoff_or_issue_t,farm-orientation bottom tercile,ib_nonfarm_curr_ge2,At least two current nonfarm workers,nonfarm,stackyear,-0.017665780944316346,0.12132497245409055,0.8842315396521646,880.0,95.0,0.33868894601542415,ok
adjacent,signoff_or_issue_t,farm-orientation bottom tercile,ib_nonfarm_curr_ge2,At least two current nonfarm workers,nonfarm,provyear,0.14045936395759706,0.09304349588815351,0.1311430446616841,874.0,95.0,0.33868894601542415,ok
adjacent,signoff_or_issue_t,farm-orientation bottom tercile,nonfarm_ge2_no_rentin,>=2 nonfarm workers without rent-in,nonfarm,stackyear,0.065209433666266,0.0842949193693779,0.43917520342582095,848.0,94.0,0.3190507580751483,ok
adjacent,signoff_or_issue_t,farm-orientation bottom tercile,nonfarm_ge2_no_rentin,>=2 nonfarm workers without rent-in,nonfarm,provyear,0.161489885725625,0.08671412151060012,0.06255727841616227,842.0,93.0,0.3190507580751483,ok
adjacent,signoff_or_issue_t,farm-orientation bottom tercile,rentin_and_farm_any,Rent-in and own-farm production,rent-in,stackyear,-0.1376399862075171,0.10802490319382538,0.20261007822695665,846.0,94.0,0.06398416886543536,ok
adjacent,signoff_or_issue_t,farm-orientation bottom tercile,rentin_and_farm_any,Rent-in and own-farm production,rent-in,provyear,-0.26800717454923045,0.07802237375349551,0.0005925448408544806,840.0,93.0,0.06398416886543536,ok
adjacent,signoff_or_issue_t,farm-orientation bottom tercile,rb_farm_any,Any own-farm production,farm-exit,stackyear,-0.11889810474666297,0.07876746774891867,0.1311755545735346,868.0,94.0,0.5934065934065934,ok
adjacent,signoff_or_issue_t,farm-orientation bottom tercile,rb_farm_any,Any own-farm production,farm-exit,provyear,-0.1279382611158311,0.1257332918649588,0.30889809865728723,862.0,94.0,0.5934065934065934,ok
adjacent,signoff_or_issue_t,farm-orientation bottom tercile,asinh_rb_inc_farm_w99,asinh farm income,farm-exit,stackyear,-2.780739670895275,0.7228220175831291,0.00011954370165324056,862.0,95.0,2.575320830780714,ok
adjacent,signoff_or_issue_t,farm-orientation bottom tercile,asinh_rb_inc_farm_w99,asinh farm income,farm-exit,provyear,-1.3604656905951331,0.7844605341735075,0.0828703415479329,856.0,95.0,2.575320830780714,ok
adjacent,signoff_or_issue_t,farm-orientation top tercile,any_rentin,Any rented-in land,rent-in,stackyear,0.0535333247118541,0.07825354874253297,0.4939114407751096,1014.0,100.0,0.19091467157765502,ok
adjacent,signoff_or_issue_t,farm-orientation top tercile,any_rentin,Any rented-in land,rent-in,provyear,-0.34336624127137005,0.14419765331657863,0.017255433979315286,1008.0,99.0,0.19091467157765502,ok
adjacent,signoff_or_issue_t,farm-orientation top tercile,asinh_rentin,asinh rented-in area,rent-in,stackyear,0.08651248048492459,0.1383925637823233,0.5318898317191421,1012.0,100.0,0.44686296044631124,ok
adjacent,signoff_or_issue_t,farm-orientation top tercile,asinh_rentin,asinh rented-in area,rent-in,provyear,-0.4445539856221079,0.3694489901999756,0.22886442088804904,1006.0,99.0,0.44686296044631124,ok
adjacent,signoff_or_issue_t,farm-orientation top tercile,ib_nonfarm_curr_n,Current nonfarm workers,nonfarm,stackyear,0.07119947825807425,0.12100250763809837,0.5562549491397903,1082.0,102.0,0.14757969303423848,ok
adjacent,signoff_or_issue_t,farm-orientation top tercile,ib_nonfarm_curr_n,Current nonfarm workers,nonfarm,provyear,-0.20869439281662588,0.09816347341908924,0.03350423642513106,1074.0,100.0,0.14757969303423848,ok
adjacent,signoff_or_issue_t,farm-orientation top tercile,ib_nonfarm_curr_ge2,At least two current nonfarm workers,nonfarm,stackyear,0.03420371970762253,0.026070408332587065,0.189528625076812,1082.0,102.0,0.015938606847697757,ok
adjacent,signoff_or_issue_t,farm-orientation top tercile,ib_nonfarm_curr_ge2,At least two current nonfarm workers,nonfarm,provyear,-0.024668710323686276,0.017295140680708487,0.15377090162370322,1074.0,100.0,0.015938606847697757,ok
adjacent,signoff_or_issue_t,farm-orientation top tercile,nonfarm_ge2_no_rentin,>=2 nonfarm workers without rent-in,nonfarm,stackyear,0.008139215337611728,0.02140587847492162,0.7037726749720863,1014.0,100.0,0.010435850214855739,ok
adjacent,signoff_or_issue_t,farm-orientation top tercile,nonfarm_ge2_no_rentin,>=2 nonfarm workers without rent-in,nonfarm,provyear,-0.025042138213339747,0.017623831550381292,0.15533864065404276,1008.0,99.0,0.010435850214855739,ok
adjacent,signoff_or_issue_t,farm-orientation top tercile,rentin_and_farm_any,Rent-in and own-farm production,rent-in,stackyear,0.03322569955222192,0.06864434764969246,0.6283668946768455,1014.0,100.0,0.1762899262899263,ok
adjacent,signoff_or_issue_t,farm-orientation top tercile,rentin_and_farm_any,Rent-in and own-farm production,rent-in,provyear,-0.3506701982502608,0.1382778234713939,0.011213220365667959,1008.0,99.0,0.1762899262899263,ok
adjacent,signoff_or_issue_t,farm-orientation top tercile,rb_farm_any,Any own-farm production,farm-exit,stackyear,-0.07464735106454838,0.06278124919811892,0.23443687289753723,1080.0,102.0,0.8994082840236687,ok
adjacent,signoff_or_issue_t,farm-orientation top tercile,rb_farm_any,Any own-farm production,farm-exit,provyear,-0.21938738564773447,0.10677911524641114,0.039918546985544354,1072.0,100.0,0.8994082840236687,ok
adjacent,signoff_or_issue_t,farm-orientation top tercile,asinh_rb_inc_farm_w99,asinh farm income,farm-exit,stackyear,-0.9234600582358266,0.7395275131318021,0.21176885774511456,1056.0,102.0,9.352382580115728,ok
adjacent,signoff_or_issue_t,farm-orientation top tercile,asinh_rb_inc_farm_w99,asinh farm income,farm-exit,provyear,-5.6834705214332075,2.182369301872419,0.009207122537202054,1048.0,100.0,9.352382580115728,ok
adjacent,signoff_or_issue_t,nonfarm-orientation top tercile,any_rentin,Any rented-in land,rent-in,stackyear,-0.050379657855324896,0.05904749719964062,0.3935452742290543,1224.0,108.0,0.09289099526066351,ok
adjacent,signoff_or_issue_t,nonfarm-orientation top tercile,any_rentin,Any rented-in land,rent-in,provyear,-0.13604067188972854,0.2021715068766758,0.501012596123781,1220.0,106.0,0.09289099526066351,ok
adjacent,signoff_or_issue_t,nonfarm-orientation top tercile,asinh_rentin,asinh rented-in area,rent-in,stackyear,-0.09075444351746151,0.12786936759788434,0.4778632551672314,1220.0,108.0,0.16110766410656144,ok
adjacent,signoff_or_issue_t,nonfarm-orientation top tercile,asinh_rentin,asinh rented-in area,rent-in,provyear,-0.08299573941340392,0.36111391454639113,0.8182218741053771,1216.0,106.0,0.16110766410656144,ok
adjacent,signoff_or_issue_t,nonfarm-orientation top tercile,ib_nonfarm_curr_n,Current nonfarm workers,nonfarm,stackyear,-0.1894460342096083,0.14656024095907977,0.19614408769995517,1290.0,112.0,1.2208390963577687,ok
adjacent,signoff_or_issue_t,nonfarm-orientation top tercile,ib_nonfarm_curr_n,Current nonfarm workers,nonfarm,provyear,-0.06123118117981357,0.2602388681456086,0.8139849149601524,1286.0,111.0,1.2208390963577687,ok
adjacent,signoff_or_issue_t,nonfarm-orientation top tercile,ib_nonfarm_curr_ge2,At least two current nonfarm workers,nonfarm,stackyear,-0.10460991955884201,0.0971863222383493,0.2817550155707973,1290.0,112.0,0.30889810972798526,ok
adjacent,signoff_or_issue_t,nonfarm-orientation top tercile,ib_nonfarm_curr_ge2,At least two current nonfarm workers,nonfarm,provyear,-0.06553913130595557,0.12710076903916334,0.6061009719090497,1286.0,111.0,0.30889810972798526,ok
adjacent,signoff_or_issue_t,nonfarm-orientation top tercile,nonfarm_ge2_no_rentin,>=2 nonfarm workers without rent-in,nonfarm,stackyear,0.013499500885545853,0.05584354634225688,0.8089832705946294,1224.0,108.0,0.2853080568720379,ok
adjacent,signoff_or_issue_t,nonfarm-orientation top tercile,nonfarm_ge2_no_rentin,>=2 nonfarm workers without rent-in,nonfarm,provyear,-0.03212955665785847,0.11276020452045513,0.7756923931551064,1220.0,106.0,0.2853080568720379,ok
adjacent,signoff_or_issue_t,nonfarm-orientation top tercile,rentin_and_farm_any,Rent-in and own-farm production,rent-in,stackyear,-0.06564866387133132,0.054617241763823196,0.2293724714909624,1222.0,108.0,0.08064516129032258,ok
adjacent,signoff_or_issue_t,nonfarm-orientation top tercile,rentin_and_farm_any,Rent-in and own-farm production,rent-in,provyear,-0.20980689345458617,0.16898762180578875,0.21440195868907697,1218.0,106.0,0.08064516129032258,ok
adjacent,signoff_or_issue_t,nonfarm-orientation top tercile,rb_farm_any,Any own-farm production,farm-exit,stackyear,-0.13742191183369198,0.06489574087278287,0.034210667995181736,1278.0,111.0,0.6722222222222223,ok
adjacent,signoff_or_issue_t,nonfarm-orientation top tercile,rb_farm_any,Any own-farm production,farm-exit,provyear,-0.26419850648435733,0.13645451308332812,0.052847447041790625,1274.0,110.0,0.6722222222222223,ok
adjacent,signoff_or_issue_t,nonfarm-orientation top tercile,asinh_rb_inc_farm_w99,asinh farm income,farm-exit,stackyear,-1.93104114535491,0.6095139130136843,0.0015340399758921731,1262.0,111.0,5.025336450130523,ok
adjacent,signoff_or_issue_t,nonfarm-orientation top tercile,asinh_rb_inc_farm_w99,asinh farm income,farm-exit,provyear,-1.4291382676993991,1.4846842208137154,0.33575464220611995,1258.0,110.0,5.025336450130523,ok
mech,completed_t,farmdep bottom tercile,any_rentin,Any rented-in land,rent-in,stackyear,-0.18789067356927283,0.10096289313529384,0.06274595385321603,824.0,90.0,0.09048569527611444,ok
mech,completed_t,farmdep bottom tercile,any_rentin,Any rented-in land,rent-in,provyear,-0.26588360918312937,0.10665686155190299,0.012670881107225362,812.0,89.0,0.09048569527611444,ok
mech,completed_t,farmdep bottom tercile,asinh_rentin,asinh rented-in area,rent-in,stackyear,-0.35516262759189315,0.16718212179921563,0.03363624622498433,822.0,90.0,0.13702663347396685,ok
mech,completed_t,farmdep bottom tercile,asinh_rentin,asinh rented-in area,rent-in,provyear,-0.3808832931048264,0.17142925919053753,0.026296128625406916,810.0,89.0,0.13702663347396685,ok
mech,completed_t,farmdep bottom tercile,ib_nonfarm_curr_n,Current nonfarm workers,nonfarm,stackyear,0.20280606953478594,0.1276573053859431,0.1121336091577317,850.0,92.0,1.0052117263843647,ok
mech,completed_t,farmdep bottom tercile,ib_nonfarm_curr_n,Current nonfarm workers,nonfarm,provyear,0.24775171483641778,0.1557317777441995,0.1116349304780188,840.0,92.0,1.0052117263843647,ok
mech,completed_t,farmdep bottom tercile,ib_nonfarm_curr_ge2,At least two current nonfarm workers,nonfarm,stackyear,0.038446769243860986,0.06333078265806147,0.5437986845449359,850.0,92.0,0.27231270358306187,ok
mech,completed_t,farmdep bottom tercile,ib_nonfarm_curr_ge2,At least two current nonfarm workers,nonfarm,provyear,0.07210113383021238,0.07800512518412848,0.35532349265489993,840.0,92.0,0.27231270358306187,ok
mech,completed_t,farmdep bottom tercile,nonfarm_ge2_no_rentin,>=2 nonfarm workers without rent-in,nonfarm,stackyear,0.036837762380042736,0.06142649893180321,0.5487030307930676,824.0,90.0,0.25815036593479707,ok
mech,completed_t,farmdep bottom tercile,nonfarm_ge2_no_rentin,>=2 nonfarm workers without rent-in,nonfarm,provyear,0.06807261078483726,0.08450956198888299,0.4205301238014072,812.0,89.0,0.25815036593479707,ok
mech,completed_t,farmdep bottom tercile,rentin_and_farm_any,Rent-in and own-farm production,rent-in,stackyear,-0.18912839525709568,0.10278548241946357,0.06576379869434902,824.0,90.0,0.07119095143047238,ok
mech,completed_t,farmdep bottom tercile,rentin_and_farm_any,Rent-in and own-farm production,rent-in,provyear,-0.25894287239722424,0.10326683953390133,0.01215843429571704,812.0,89.0,0.07119095143047238,ok
mech,completed_t,farmdep bottom tercile,rb_farm_any,Any own-farm production,farm-exit,stackyear,-0.1052911906931113,0.08744273370958812,0.22854476449813,842.0,91.0,0.5916230366492147,ok
mech,completed_t,farmdep bottom tercile,rb_farm_any,Any own-farm production,farm-exit,provyear,0.03176721836625733,0.14525101729093506,0.8268793463096695,832.0,91.0,0.5916230366492147,ok
mech,completed_t,farmdep bottom tercile,asinh_rb_inc_farm_w99,asinh farm income,farm-exit,stackyear,-2.6210414161540747,0.7591125404828049,0.000554860769867816,842.0,92.0,2.3369805655684512,ok
mech,completed_t,farmdep bottom tercile,asinh_rb_inc_farm_w99,asinh farm income,farm-exit,provyear,-1.8980233505932076,0.7072930529238431,0.007285522261946756,832.0,92.0,2.3369805655684512,ok
mech,completed_t,farmdep middle tercile,any_rentin,Any rented-in land,rent-in,stackyear,0.023768262126910716,0.03176532588123555,0.4543120913774439,896.0,98.0,0.11916046039268788,ok
mech,completed_t,farmdep middle tercile,any_rentin,Any rented-in land,rent-in,provyear,-0.07385223221917595,0.07436320527736005,0.32064724688092683,882.0,95.0,0.11916046039268788,ok
mech,completed_t,farmdep middle tercile,asinh_rentin,asinh rented-in area,rent-in,stackyear,0.04245904407770652,0.07070890586275254,0.5481886446774742,892.0,98.0,0.22376407768651402,ok
mech,completed_t,farmdep middle tercile,asinh_rentin,asinh rented-in area,rent-in,provyear,-0.10519613722420172,0.20725151526086477,0.6117499058495997,878.0,95.0,0.22376407768651402,ok
mech,completed_t,farmdep middle tercile,ib_nonfarm_curr_n,Current nonfarm workers,nonfarm,stackyear,-0.07382748197906329,0.2260503797701667,0.743972357835645,950.0,99.0,0.6207124010554089,ok
mech,completed_t,farmdep middle tercile,ib_nonfarm_curr_n,Current nonfarm workers,nonfarm,provyear,-0.1768519694133741,0.20872722397632876,0.39683488790890264,936.0,96.0,0.6207124010554089,ok
mech,completed_t,farmdep middle tercile,ib_nonfarm_curr_ge2,At least two current nonfarm workers,nonfarm,stackyear,-0.10636377540137103,0.09672155495699576,0.27146699412932884,950.0,99.0,0.1391820580474934,ok
mech,completed_t,farmdep middle tercile,ib_nonfarm_curr_ge2,At least two current nonfarm workers,nonfarm,provyear,-0.1214741213717291,0.043645456232746925,0.005382528188598832,936.0,96.0,0.1391820580474934,ok
mech,completed_t,farmdep middle tercile,nonfarm_ge2_no_rentin,>=2 nonfarm workers without rent-in,nonfarm,stackyear,-0.01605162487995144,0.048600061023396944,0.7411884544273319,896.0,98.0,0.12389979688557888,ok
mech,completed_t,farmdep middle tercile,nonfarm_ge2_no_rentin,>=2 nonfarm workers without rent-in,nonfarm,provyear,-0.09527216548370546,0.05153557185810492,0.06450575888483351,882.0,95.0,0.12389979688557888,ok
mech,completed_t,farmdep middle tercile,rentin_and_farm_any,Rent-in and own-farm production,rent-in,stackyear,-0.006339378848548069,0.03017053325105696,0.8335754026649809,894.0,98.0,0.10907859078590786,ok
mech,completed_t,farmdep middle tercile,rentin_and_farm_any,Rent-in and own-farm production,rent-in,provyear,-0.09638061066309023,0.06921171167547344,0.1637566044517117,880.0,95.0,0.10907859078590786,ok
mech,completed_t,farmdep middle tercile,rb_farm_any,Any own-farm production,farm-exit,stackyear,-0.08371337127106315,0.0879787985362728,0.3413417113224686,944.0,99.0,0.8598810310641111,ok
mech,completed_t,farmdep middle tercile,rb_farm_any,Any own-farm production,farm-exit,provyear,-0.08050045271215733,0.13929089834137595,0.5633110706622206,930.0,96.0,0.8598810310641111,ok
mech,completed_t,farmdep middle tercile,asinh_rb_inc_farm_w99,asinh farm income,farm-exit,stackyear,0.005540058402217841,0.6193182594434693,0.9928626872441881,940.0,99.0,8.281567992700236,ok
mech,completed_t,farmdep middle tercile,asinh_rb_inc_farm_w99,asinh farm income,farm-exit,provyear,0.17343984311432598,1.3758299719347173,0.8996828670799168,926.0,96.0,8.281567992700236,ok
mech,completed_t,farmdep top tercile,any_rentin,Any rented-in land,rent-in,stackyear,0.008537881974349147,0.06545716431748344,0.8962225581609595,1040.0,99.0,0.1813349084465446,ok
mech,completed_t,farmdep top tercile,any_rentin,Any rented-in land,rent-in,provyear,-0.4442622950819667,0.10498214086386855,2.3183959587295286e-05,1030.0,97.0,0.1813349084465446,ok
mech,completed_t,farmdep top tercile,asinh_rentin,asinh rented-in area,rent-in,stackyear,0.010051377450336393,0.11560905903927012,0.9307169640273625,1040.0,99.0,0.40349598344453985,ok
mech,completed_t,farmdep top tercile,asinh_rentin,asinh rented-in area,rent-in,provyear,-0.6131401661248717,0.36969746642027046,0.09721826876767953,1030.0,97.0,0.40349598344453985,ok
mech,completed_t,farmdep top tercile,ib_nonfarm_curr_n,Current nonfarm workers,nonfarm,stackyear,-0.12145276380257172,0.10910909503585119,0.2656519835965725,1104.0,101.0,0.23934053439454236,ok
mech,completed_t,farmdep top tercile,ib_nonfarm_curr_n,Current nonfarm workers,nonfarm,provyear,-0.13567098148451565,0.08203953651013615,0.09818303156546686,1096.0,100.0,0.23934053439454236,ok
mech,completed_t,farmdep top tercile,ib_nonfarm_curr_ge2,At least two current nonfarm workers,nonfarm,stackyear,-0.029890500147972805,0.03674935238547864,0.41601095450529446,1104.0,101.0,0.04263786242183058,ok
mech,completed_t,farmdep top tercile,ib_nonfarm_curr_ge2,At least two current nonfarm workers,nonfarm,provyear,-0.009831230542356205,0.02384775328121795,0.6801563691636888,1096.0,100.0,0.04263786242183058,ok
mech,completed_t,farmdep top tercile,nonfarm_ge2_no_rentin,>=2 nonfarm workers without rent-in,nonfarm,stackyear,-0.009858142888617421,0.02110995267672761,0.640506826305101,1040.0,99.0,0.03366804489072652,ok
mech,completed_t,farmdep top tercile,nonfarm_ge2_no_rentin,>=2 nonfarm workers without rent-in,nonfarm,provyear,-0.011475409836065563,0.02788596757117582,0.680697155799028,1030.0,97.0,0.03366804489072652,ok
mech,completed_t,farmdep top tercile,rentin_and_farm_any,Rent-in and own-farm production,rent-in,stackyear,0.009198012431483346,0.06523604573026227,0.8878732121770565,1040.0,99.0,0.16666666666666666,ok
mech,completed_t,farmdep top tercile,rentin_and_farm_any,Rent-in and own-farm production,rent-in,provyear,-0.4442622950819667,0.10498214086386855,2.3183959587295286e-05,1030.0,97.0,0.16666666666666666,ok
mech,completed_t,farmdep top tercile,rb_farm_any,Any own-farm production,farm-exit,stackyear,-0.04649633356351335,0.051322601852055665,0.36495589850080934,1104.0,101.0,0.8889521640091116,ok
mech,completed_t,farmdep top tercile,rb_farm_any,Any own-farm production,farm-exit,provyear,-0.24545305587416,0.10520883391492337,0.01964772310905339,1096.0,100.0,0.8889521640091116,ok
mech,completed_t,farmdep top tercile,asinh_rb_inc_farm_w99,asinh farm income,farm-exit,stackyear,-0.9232412309437046,0.658164775406666,0.16069113322415352,1088.0,101.0,9.232014376075885,ok
mech,completed_t,farmdep top tercile,asinh_rb_inc_farm_w99,asinh farm income,farm-exit,provyear,-6.688354458343489,1.0884851981820085,8.014286235113259e-10,1080.0,100.0,9.232014376075885,ok
mech,completed_t,high insecurity + farmdep bottom tercile,any_rentin,Any rented-in land,rent-in,stackyear,0.028571428571428626,0.10663318968035869,0.7887445525579839,354.0,33.0,0.07705479452054795,ok
mech,completed_t,high insecurity + farmdep bottom tercile,any_rentin,Any rented-in land,rent-in,provyear,,,,,,,error: no regressors after FE
mech,completed_t,high insecurity + farmdep bottom tercile,asinh_rentin,asinh rented-in area,rent-in,stackyear,0.0402473751269367,0.11525475011707727,0.7269364541491905,352.0,33.0,0.11176606447678306,ok
mech,completed_t,high insecurity + farmdep bottom tercile,asinh_rentin,asinh rented-in area,rent-in,provyear,,,,,,,error: no regressors after FE
mech,completed_t,high insecurity + farmdep bottom tercile,ib_nonfarm_curr_n,Current nonfarm workers,nonfarm,stackyear,0.6761904761904765,0.15012156667366633,6.659645791403725e-06,362.0,33.0,1.1312292358803986,ok
mech,completed_t,high insecurity + farmdep bottom tercile,ib_nonfarm_curr_n,Current nonfarm workers,nonfarm,provyear,,,,,,,error: no regressors after FE
mech,completed_t,high insecurity + farmdep bottom tercile,ib_nonfarm_curr_ge2,At least two current nonfarm workers,nonfarm,stackyear,0.14285714285714302,0.05340352676168223,0.007471794471933779,362.0,33.0,0.313953488372093,ok
mech,completed_t,high insecurity + farmdep bottom tercile,ib_nonfarm_curr_ge2,At least two current nonfarm workers,nonfarm,provyear,,,,,,,error: no regressors after FE
mech,completed_t,high insecurity + farmdep bottom tercile,nonfarm_ge2_no_rentin,>=2 nonfarm workers without rent-in,nonfarm,stackyear,0.17142857142857143,0.059003596374484116,0.003667935154809978,354.0,33.0,0.3082191780821918,ok
mech,completed_t,high insecurity + farmdep bottom tercile,nonfarm_ge2_no_rentin,>=2 nonfarm workers without rent-in,nonfarm,provyear,,,,,,,error: no regressors after FE
mech,completed_t,high insecurity + farmdep bottom tercile,rentin_and_farm_any,Rent-in and own-farm production,rent-in,stackyear,0.028571428571428626,0.10663318968035869,0.7887445525579839,354.0,33.0,0.06335616438356165,ok
mech,completed_t,high insecurity + farmdep bottom tercile,rentin_and_farm_any,Rent-in and own-farm production,rent-in,provyear,,,,,,,error: no regressors after FE
mech,completed_t,high insecurity + farmdep bottom tercile,rb_farm_any,Any own-farm production,farm-exit,stackyear,-0.3333333333333334,0.04103259016887939,4.524661089725531e-16,360.0,33.0,0.5702341137123745,ok
mech,completed_t,high insecurity + farmdep bottom tercile,rb_farm_any,Any own-farm production,farm-exit,provyear,,,,,,,error: no regressors after FE
mech,completed_t,high insecurity + farmdep bottom tercile,asinh_rb_inc_farm_w99,asinh farm income,farm-exit,stackyear,-2.385565251996164,0.6498528263609867,0.0002416680475095755,360.0,33.0,2.407288920249249,ok
mech,completed_t,high insecurity + farmdep bottom tercile,asinh_rb_inc_farm_w99,asinh farm income,farm-exit,provyear,,,,,,,error: no regressors after FE
mech,completed_t,high insecurity + farmdep top tercile,any_rentin,Any rented-in land,rent-in,stackyear,0.1618037135278517,0.0683990513551223,0.018001650524959077,318.0,33.0,0.20841683366733466,ok
mech,completed_t,high insecurity + farmdep top tercile,any_rentin,Any rented-in land,rent-in,provyear,,,,,,,error: no regressors after FE
mech,completed_t,high insecurity + farmdep top tercile,asinh_rentin,asinh rented-in area,rent-in,stackyear,0.3730092430989216,0.15287217556541285,0.014686960132182554,318.0,33.0,0.4420148077930522,ok
mech,completed_t,high insecurity + farmdep top tercile,asinh_rentin,asinh rented-in area,rent-in,provyear,,,,,,,error: no regressors after FE
mech,completed_t,high insecurity + farmdep top tercile,ib_nonfarm_curr_n,Current nonfarm workers,nonfarm,stackyear,0.16007714561234304,0.294969265637014,0.5873426188930613,342.0,34.0,0.27915869980879543,ok
mech,completed_t,high insecurity + farmdep top tercile,ib_nonfarm_curr_n,Current nonfarm workers,nonfarm,provyear,,,,,,,error: no regressors after FE
mech,completed_t,high insecurity + farmdep top tercile,ib_nonfarm_curr_ge2,At least two current nonfarm workers,nonfarm,stackyear,0.05062680810028921,0.04639157310654711,0.2751438905364444,342.0,34.0,0.04780114722753346,ok
mech,completed_t,high insecurity + farmdep top tercile,ib_nonfarm_curr_ge2,At least two current nonfarm workers,nonfarm,provyear,,,,,,,error: no regressors after FE
mech,completed_t,high insecurity + farmdep top tercile,nonfarm_ge2_no_rentin,>=2 nonfarm workers without rent-in,nonfarm,stackyear,0.0,0.024761045890250223,1.0,318.0,33.0,0.03807615230460922,ok
mech,completed_t,high insecurity + farmdep top tercile,nonfarm_ge2_no_rentin,>=2 nonfarm workers without rent-in,nonfarm,provyear,,,,,,,error: no regressors after FE
mech,completed_t,high insecurity + farmdep top tercile,rentin_and_farm_any,Rent-in and own-farm production,rent-in,stackyear,0.1790450928381966,0.06750557106471157,0.007994524067854317,318.0,33.0,0.19839679358717435,ok
mech,completed_t,high insecurity + farmdep top tercile,rentin_and_farm_any,Rent-in and own-farm production,rent-in,provyear,,,,,,,error: no regressors after FE
mech,completed_t,high insecurity + farmdep top tercile,rb_farm_any,Any own-farm production,farm-exit,stackyear,-0.1504339440694309,0.10723462157157589,0.1606619761808432,342.0,34.0,0.9063097514340345,ok
mech,completed_t,high insecurity + farmdep top tercile,rb_farm_any,Any own-farm production,farm-exit,provyear,,,,,,,error: no regressors after FE
mech,completed_t,high insecurity + farmdep top tercile,asinh_rb_inc_farm_w99,asinh farm income,farm-exit,stackyear,0.14338457287082146,0.608179109397901,0.8136185691750839,342.0,34.0,9.371814885024827,ok
mech,completed_t,high insecurity + farmdep top tercile,asinh_rb_inc_farm_w99,asinh farm income,farm-exit,provyear,,,,,,,error: no regressors after FE
mech,completed_t,farm-orientation bottom tercile,any_rentin,Any rented-in land,rent-in,stackyear,-0.11370250723941727,0.09228132591785881,0.21790086188078694,852.0,94.0,0.08085381630012936,ok
mech,completed_t,farm-orientation bottom tercile,any_rentin,Any rented-in land,rent-in,provyear,-0.23052774706027418,0.08797455836096803,0.008782898429385058,844.0,93.0,0.08085381630012936,ok
mech,completed_t,farm-orientation bottom tercile,asinh_rentin,asinh rented-in area,rent-in,stackyear,-0.19172947423143333,0.15367303730792042,0.21216090618707129,848.0,94.0,0.11072732612750964,ok
mech,completed_t,farm-orientation bottom tercile,asinh_rentin,asinh rented-in area,rent-in,provyear,-0.24762912489217043,0.15176893922667775,0.10275971751331102,840.0,93.0,0.11072732612750964,ok
mech,completed_t,farm-orientation bottom tercile,ib_nonfarm_curr_n,Current nonfarm workers,nonfarm,stackyear,0.16267286637563413,0.21197047991046938,0.44282488527740305,882.0,95.0,1.168560606060606,ok
mech,completed_t,farm-orientation bottom tercile,ib_nonfarm_curr_n,Current nonfarm workers,nonfarm,provyear,0.42658290219265865,0.1570286506741942,0.006595770104986716,874.0,95.0,1.168560606060606,ok
mech,completed_t,farm-orientation bottom tercile,ib_nonfarm_curr_ge2,At least two current nonfarm workers,nonfarm,stackyear,-0.00027797608142173164,0.10183371736443454,0.9978220126502415,882.0,95.0,0.33775252525252525,ok
mech,completed_t,farm-orientation bottom tercile,ib_nonfarm_curr_ge2,At least two current nonfarm workers,nonfarm,provyear,0.14474008376447406,0.08033023042118025,0.07157477235071183,874.0,95.0,0.33775252525252525,ok
mech,completed_t,farm-orientation bottom tercile,nonfarm_ge2_no_rentin,>=2 nonfarm workers without rent-in,nonfarm,stackyear,0.04974825744677749,0.07310195260267362,0.49616732551494647,852.0,94.0,0.3163001293661061,ok
mech,completed_t,farm-orientation bottom tercile,nonfarm_ge2_no_rentin,>=2 nonfarm workers without rent-in,nonfarm,provyear,0.14871401474928442,0.08032522189731156,0.06411220997677157,844.0,93.0,0.3163001293661061,ok
mech,completed_t,farm-orientation bottom tercile,rentin_and_farm_any,Rent-in and own-farm production,rent-in,stackyear,-0.11320615243091094,0.09256285872610454,0.22132244861867145,850.0,94.0,0.0634304207119741,ok
mech,completed_t,farm-orientation bottom tercile,rentin_and_farm_any,Rent-in and own-farm production,rent-in,provyear,-0.22416328625430548,0.08438497981786426,0.007897147247149386,842.0,93.0,0.0634304207119741,ok
mech,completed_t,farm-orientation bottom tercile,rb_farm_any,Any own-farm production,farm-exit,stackyear,-0.10538376378412069,0.07019900509069454,0.13330009276306717,870.0,94.0,0.5892063492063492,ok
mech,completed_t,farm-orientation bottom tercile,rb_farm_any,Any own-farm production,farm-exit,provyear,-0.011579762926992972,0.13359168759494253,0.9309256633492328,862.0,94.0,0.5892063492063492,ok
mech,completed_t,farm-orientation bottom tercile,asinh_rb_inc_farm_w99,asinh farm income,farm-exit,stackyear,-2.8049549706715373,0.6950144213507263,5.44112982525822e-05,864.0,95.0,2.538863756004436,ok
mech,completed_t,farm-orientation bottom tercile,asinh_rb_inc_farm_w99,asinh farm income,farm-exit,provyear,-1.2004848387457767,0.8819606142758143,0.17346480518691476,856.0,95.0,2.538863756004436,ok
mech,completed_t,farm-orientation top tercile,any_rentin,Any rented-in land,rent-in,stackyear,0.05096912613013021,0.070379282680707,0.4689390371259209,1014.0,100.0,0.18923821039903266,ok
mech,completed_t,farm-orientation top tercile,any_rentin,Any rented-in land,rent-in,provyear,-0.34336624127137005,0.14419765331657863,0.017255433979315286,1008.0,99.0,0.18923821039903266,ok
mech,completed_t,farm-orientation top tercile,asinh_rentin,asinh rented-in area,rent-in,stackyear,0.07356694908741059,0.1255308868233648,0.5578442016011217,1012.0,100.0,0.4410907328064419,ok
mech,completed_t,farm-orientation top tercile,asinh_rentin,asinh rented-in area,rent-in,provyear,-0.4445539856221079,0.3694489901999756,0.22886442088804904,1006.0,99.0,0.4410907328064419,ok
mech,completed_t,farm-orientation top tercile,ib_nonfarm_curr_n,Current nonfarm workers,nonfarm,stackyear,0.05908348341868161,0.10894968312894879,0.5876114114524124,1082.0,102.0,0.147588611272516,ok
mech,completed_t,farm-orientation top tercile,ib_nonfarm_curr_n,Current nonfarm workers,nonfarm,provyear,-0.20869439281662588,0.09816347341908924,0.03350423642513106,1074.0,100.0,0.147588611272516,ok
mech,completed_t,farm-orientation top tercile,ib_nonfarm_curr_ge2,At least two current nonfarm workers,nonfarm,stackyear,0.028387917368678923,0.0237767701263409,0.2325034062418111,1082.0,102.0,0.016269610691458453,ok
mech,completed_t,farm-orientation top tercile,ib_nonfarm_curr_ge2,At least two current nonfarm workers,nonfarm,provyear,-0.024668710323686276,0.017295140680708487,0.15377090162370322,1074.0,100.0,0.016269610691458453,ok
mech,completed_t,farm-orientation top tercile,nonfarm_ge2_no_rentin,>=2 nonfarm workers without rent-in,nonfarm,stackyear,0.005608784967069156,0.019470400188893656,0.7732952483052727,1014.0,100.0,0.010882708585247884,ok
mech,completed_t,farm-orientation top tercile,nonfarm_ge2_no_rentin,>=2 nonfarm workers without rent-in,nonfarm,provyear,-0.025042138213339747,0.017623831550381292,0.15533864065404276,1008.0,99.0,0.010882708585247884,ok
mech,completed_t,farm-orientation top tercile,rentin_and_farm_any,Rent-in and own-farm production,rent-in,stackyear,0.03262604480274811,0.061450238671452474,0.5954642476168159,1014.0,100.0,0.17422867513611615,ok
mech,completed_t,farm-orientation top tercile,rentin_and_farm_any,Rent-in and own-farm production,rent-in,provyear,-0.3506701982502608,0.1382778234713939,0.011213220365667959,1008.0,99.0,0.17422867513611615,ok
mech,completed_t,farm-orientation top tercile,rb_farm_any,Any own-farm production,farm-exit,stackyear,-0.05469604235525693,0.059559936564330056,0.3584429113165364,1080.0,102.0,0.8980780430984275,ok
mech,completed_t,farm-orientation top tercile,rb_farm_any,Any own-farm production,farm-exit,provyear,-0.21938738564773447,0.10677911524641114,0.039918546985544354,1072.0,100.0,0.8980780430984275,ok
mech,completed_t,farm-orientation top tercile,asinh_rb_inc_farm_w99,asinh farm income,farm-exit,stackyear,-1.149397728870167,0.7167418870792058,0.10879288402145305,1056.0,102.0,9.35565417579358,ok
mech,completed_t,farm-orientation top tercile,asinh_rb_inc_farm_w99,asinh farm income,farm-exit,provyear,-5.6834705214332075,2.182369301872419,0.009207122537202054,1048.0,100.0,9.35565417579358,ok
mech,completed_t,nonfarm-orientation top tercile,any_rentin,Any rented-in land,rent-in,stackyear,-0.04194587824997925,0.05024304498400549,0.4037968780766582,1238.0,108.0,0.09415584415584416,ok
mech,completed_t,nonfarm-orientation top tercile,any_rentin,Any rented-in land,rent-in,provyear,-0.0942398064592099,0.14288427495250455,0.5095404801183154,1234.0,106.0,0.09415584415584416,ok
mech,completed_t,nonfarm-orientation top tercile,asinh_rentin,asinh rented-in area,rent-in,stackyear,-0.07313196855505877,0.10822118524914791,0.49919056786151095,1234.0,108.0,0.1630588594776496,ok
mech,completed_t,nonfarm-orientation top tercile,asinh_rentin,asinh rented-in area,rent-in,provyear,-0.01816230534677503,0.2576435304615662,0.9438005306239075,1230.0,106.0,0.1630588594776496,ok
mech,completed_t,nonfarm-orientation top tercile,ib_nonfarm_curr_n,Current nonfarm workers,nonfarm,stackyear,-0.09070590052323836,0.15249037189598902,0.5519568814428091,1304.0,112.0,1.2144469525959367,ok
mech,completed_t,nonfarm-orientation top tercile,ib_nonfarm_curr_n,Current nonfarm workers,nonfarm,provyear,0.2238527760426665,0.25688137426701285,0.38352230084766503,1300.0,111.0,1.2144469525959367,ok
mech,completed_t,nonfarm-orientation top tercile,ib_nonfarm_curr_ge2,At least two current nonfarm workers,nonfarm,stackyear,-0.07403435766781757,0.08998343446100329,0.4106470973207458,1304.0,112.0,0.3074492099322799,ok
mech,completed_t,nonfarm-orientation top tercile,ib_nonfarm_curr_ge2,At least two current nonfarm workers,nonfarm,provyear,0.01604414483355995,0.14054202681283284,0.9091117097934807,1300.0,111.0,0.3074492099322799,ok
mech,completed_t,nonfarm-orientation top tercile,nonfarm_ge2_no_rentin,>=2 nonfarm workers without rent-in,nonfarm,stackyear,0.02994612176741474,0.0531022559029703,0.5727996370977795,1238.0,108.0,0.2820037105751391,ok
mech,completed_t,nonfarm-orientation top tercile,nonfarm_ge2_no_rentin,>=2 nonfarm workers without rent-in,nonfarm,provyear,0.018711797638545448,0.12678799674009933,0.8826715938550102,1234.0,106.0,0.2820037105751391,ok
mech,completed_t,nonfarm-orientation top tercile,rentin_and_farm_any,Rent-in and own-farm production,rent-in,stackyear,-0.05451319563720081,0.046792170387690485,0.24401624941761135,1236.0,108.0,0.0807799442896936,ok
mech,completed_t,nonfarm-orientation top tercile,rentin_and_farm_any,Rent-in and own-farm production,rent-in,provyear,-0.14533672568092285,0.12402524858011751,0.2412646076238174,1232.0,106.0,0.0807799442896936,ok
mech,completed_t,nonfarm-orientation top tercile,rb_farm_any,Any own-farm production,farm-exit,stackyear,-0.13278677247126996,0.05751686178839933,0.020962557662699038,1292.0,111.0,0.670897552130553,ok
mech,completed_t,nonfarm-orientation top tercile,rb_farm_any,Any own-farm production,farm-exit,provyear,-0.06012235385982732,0.1577444227305151,0.7031010395528969,1288.0,110.0,0.670897552130553,ok
mech,completed_t,nonfarm-orientation top tercile,asinh_rb_inc_farm_w99,asinh farm income,farm-exit,stackyear,-1.8942933092180312,0.5735132665406419,0.0009566888517603966,1276.0,111.0,5.027701537076897,ok
mech,completed_t,nonfarm-orientation top tercile,asinh_rb_inc_farm_w99,asinh farm income,farm-exit,provyear,-0.6678999015202711,1.4218043466568484,0.6385299672104232,1272.0,110.0,5.027701537076897,ok
mech,high_sat80_t,farmdep bottom tercile,any_rentin,Any rented-in land,rent-in,stackyear,-0.1840476558873587,0.09934351549428778,0.0639341407088732,824.0,90.0,0.09048569527611444,ok
mech,high_sat80_t,farmdep bottom tercile,any_rentin,Any rented-in land,rent-in,provyear,-0.26588360918312937,0.10665686155190299,0.012670881107225362,812.0,89.0,0.09048569527611444,ok
mech,high_sat80_t,farmdep bottom tercile,asinh_rentin,asinh rented-in area,rent-in,stackyear,-0.3472977740279107,0.16373556120439292,0.03391427428165482,822.0,90.0,0.13702663347396685,ok
mech,high_sat80_t,farmdep bottom tercile,asinh_rentin,asinh rented-in area,rent-in,provyear,-0.3808832931048264,0.17142925919053753,0.026296128625406916,810.0,89.0,0.13702663347396685,ok
mech,high_sat80_t,farmdep bottom tercile,ib_nonfarm_curr_n,Current nonfarm workers,nonfarm,stackyear,0.26498425009333465,0.12633088949426344,0.03594569083278665,850.0,92.0,1.0052117263843647,ok
mech,high_sat80_t,farmdep bottom tercile,ib_nonfarm_curr_n,Current nonfarm workers,nonfarm,provyear,0.24775171483641778,0.1557317777441995,0.1116349304780188,840.0,92.0,1.0052117263843647,ok
mech,high_sat80_t,farmdep bottom tercile,ib_nonfarm_curr_ge2,At least two current nonfarm workers,nonfarm,stackyear,0.06946390000759158,0.06538053316300244,0.2880289985272766,850.0,92.0,0.27231270358306187,ok
mech,high_sat80_t,farmdep bottom tercile,ib_nonfarm_curr_ge2,At least two current nonfarm workers,nonfarm,provyear,0.07210113383021238,0.07800512518412848,0.35532349265489993,840.0,92.0,0.27231270358306187,ok
mech,high_sat80_t,farmdep bottom tercile,nonfarm_ge2_no_rentin,>=2 nonfarm workers without rent-in,nonfarm,stackyear,0.06804115735726439,0.06427371708092827,0.28977489508668897,824.0,90.0,0.25815036593479707,ok
mech,high_sat80_t,farmdep bottom tercile,nonfarm_ge2_no_rentin,>=2 nonfarm workers without rent-in,nonfarm,provyear,0.06807261078483726,0.08450956198888299,0.4205301238014072,812.0,89.0,0.25815036593479707,ok
mech,high_sat80_t,farmdep bottom tercile,rentin_and_farm_any,Rent-in and own-farm production,rent-in,stackyear,-0.18492075771976726,0.10123134356826088,0.06774271502580347,824.0,90.0,0.07119095143047238,ok
mech,high_sat80_t,farmdep bottom tercile,rentin_and_farm_any,Rent-in and own-farm production,rent-in,provyear,-0.25894287239722424,0.10326683953390133,0.01215843429571704,812.0,89.0,0.07119095143047238,ok
mech,high_sat80_t,farmdep bottom tercile,rb_farm_any,Any own-farm production,farm-exit,stackyear,-0.10162105868972438,0.08534305984197309,0.23375721760040857,842.0,91.0,0.5916230366492147,ok
mech,high_sat80_t,farmdep bottom tercile,rb_farm_any,Any own-farm production,farm-exit,provyear,0.03176721836625733,0.14525101729093506,0.8268793463096695,832.0,91.0,0.5916230366492147,ok
mech,high_sat80_t,farmdep bottom tercile,asinh_rb_inc_farm_w99,asinh farm income,farm-exit,stackyear,-2.562132687595314,0.7555071683430667,0.0006956821985467458,842.0,92.0,2.3369805655684512,ok
mech,high_sat80_t,farmdep bottom tercile,asinh_rb_inc_farm_w99,asinh farm income,farm-exit,provyear,-1.8980233505932076,0.7072930529238431,0.007285522261946756,832.0,92.0,2.3369805655684512,ok
mech,high_sat80_t,farmdep middle tercile,any_rentin,Any rented-in land,rent-in,stackyear,0.023768262126910716,0.03176532588123555,0.4543120913774439,896.0,98.0,0.11916046039268788,ok
mech,high_sat80_t,farmdep middle tercile,any_rentin,Any rented-in land,rent-in,provyear,-0.07385223221917595,0.07436320527736005,0.32064724688092683,882.0,95.0,0.11916046039268788,ok
mech,high_sat80_t,farmdep middle tercile,asinh_rentin,asinh rented-in area,rent-in,stackyear,0.04245904407770652,0.07070890586275254,0.5481886446774742,892.0,98.0,0.22376407768651402,ok
mech,high_sat80_t,farmdep middle tercile,asinh_rentin,asinh rented-in area,rent-in,provyear,-0.10519613722420172,0.20725151526086477,0.6117499058495997,878.0,95.0,0.22376407768651402,ok
mech,high_sat80_t,farmdep middle tercile,ib_nonfarm_curr_n,Current nonfarm workers,nonfarm,stackyear,-0.07382748197906329,0.2260503797701667,0.743972357835645,950.0,99.0,0.6207124010554089,ok
mech,high_sat80_t,farmdep middle tercile,ib_nonfarm_curr_n,Current nonfarm workers,nonfarm,provyear,-0.1768519694133741,0.20872722397632876,0.39683488790890264,936.0,96.0,0.6207124010554089,ok
mech,high_sat80_t,farmdep middle tercile,ib_nonfarm_curr_ge2,At least two current nonfarm workers,nonfarm,stackyear,-0.10636377540137103,0.09672155495699576,0.27146699412932884,950.0,99.0,0.1391820580474934,ok
mech,high_sat80_t,farmdep middle tercile,ib_nonfarm_curr_ge2,At least two current nonfarm workers,nonfarm,provyear,-0.1214741213717291,0.043645456232746925,0.005382528188598832,936.0,96.0,0.1391820580474934,ok
mech,high_sat80_t,farmdep middle tercile,nonfarm_ge2_no_rentin,>=2 nonfarm workers without rent-in,nonfarm,stackyear,-0.01605162487995144,0.048600061023396944,0.7411884544273319,896.0,98.0,0.12389979688557888,ok
mech,high_sat80_t,farmdep middle tercile,nonfarm_ge2_no_rentin,>=2 nonfarm workers without rent-in,nonfarm,provyear,-0.09527216548370546,0.05153557185810492,0.06450575888483351,882.0,95.0,0.12389979688557888,ok
mech,high_sat80_t,farmdep middle tercile,rentin_and_farm_any,Rent-in and own-farm production,rent-in,stackyear,-0.006339378848548069,0.03017053325105696,0.8335754026649809,894.0,98.0,0.10907859078590786,ok
mech,high_sat80_t,farmdep middle tercile,rentin_and_farm_any,Rent-in and own-farm production,rent-in,provyear,-0.09638061066309023,0.06921171167547344,0.1637566044517117,880.0,95.0,0.10907859078590786,ok
mech,high_sat80_t,farmdep middle tercile,rb_farm_any,Any own-farm production,farm-exit,stackyear,-0.08371337127106315,0.0879787985362728,0.3413417113224686,944.0,99.0,0.8598810310641111,ok
mech,high_sat80_t,farmdep middle tercile,rb_farm_any,Any own-farm production,farm-exit,provyear,-0.08050045271215733,0.13929089834137595,0.5633110706622206,930.0,96.0,0.8598810310641111,ok
mech,high_sat80_t,farmdep middle tercile,asinh_rb_inc_farm_w99,asinh farm income,farm-exit,stackyear,0.005540058402217841,0.6193182594434693,0.9928626872441881,940.0,99.0,8.281567992700236,ok
mech,high_sat80_t,farmdep middle tercile,asinh_rb_inc_farm_w99,asinh farm income,farm-exit,provyear,0.17343984311432598,1.3758299719347173,0.8996828670799168,926.0,96.0,8.281567992700236,ok
mech,high_sat80_t,farmdep top tercile,any_rentin,Any rented-in land,rent-in,stackyear,0.009023123983633257,0.06419612148664783,0.8882210307834119,1040.0,99.0,0.1813349084465446,ok
mech,high_sat80_t,farmdep top tercile,any_rentin,Any rented-in land,rent-in,provyear,-0.4442622950819667,0.10498214086386855,2.3183959587295286e-05,1030.0,97.0,0.1813349084465446,ok
mech,high_sat80_t,farmdep top tercile,asinh_rentin,asinh rented-in area,rent-in,stackyear,0.011651175602056717,0.11341568004022094,0.9181773834714847,1040.0,99.0,0.40349598344453985,ok
mech,high_sat80_t,farmdep top tercile,asinh_rentin,asinh rented-in area,rent-in,provyear,-0.6131401661248717,0.36969746642027046,0.09721826876767953,1030.0,97.0,0.40349598344453985,ok
mech,high_sat80_t,farmdep top tercile,ib_nonfarm_curr_n,Current nonfarm workers,nonfarm,stackyear,-0.11948249619482508,0.10745890251477708,0.26618538048052387,1104.0,101.0,0.23934053439454236,ok
mech,high_sat80_t,farmdep top tercile,ib_nonfarm_curr_n,Current nonfarm workers,nonfarm,provyear,-0.13567098148451565,0.08203953651013615,0.09818303156546686,1096.0,100.0,0.23934053439454236,ok
mech,high_sat80_t,farmdep top tercile,ib_nonfarm_curr_ge2,At least two current nonfarm workers,nonfarm,stackyear,-0.029567019657372417,0.03618323300020662,0.4138444364684778,1104.0,101.0,0.04263786242183058,ok
mech,high_sat80_t,farmdep top tercile,ib_nonfarm_curr_ge2,At least two current nonfarm workers,nonfarm,provyear,-0.009831230542356205,0.02384775328121795,0.6801563691636888,1096.0,100.0,0.04263786242183058,ok
mech,high_sat80_t,farmdep top tercile,nonfarm_ge2_no_rentin,>=2 nonfarm workers without rent-in,nonfarm,stackyear,-0.00968212309185329,0.020723860935953114,0.6403590283919874,1040.0,99.0,0.03366804489072652,ok
mech,high_sat80_t,farmdep top tercile,nonfarm_ge2_no_rentin,>=2 nonfarm workers without rent-in,nonfarm,provyear,-0.011475409836065563,0.02788596757117582,0.680697155799028,1030.0,97.0,0.03366804489072652,ok
mech,high_sat80_t,farmdep top tercile,rentin_and_farm_any,Rent-in and own-farm production,rent-in,stackyear,0.009352623537743176,0.06399914742244514,0.8838134832455649,1040.0,99.0,0.16666666666666666,ok
mech,high_sat80_t,farmdep top tercile,rentin_and_farm_any,Rent-in and own-farm production,rent-in,provyear,-0.4442622950819667,0.10498214086386855,2.3183959587295286e-05,1030.0,97.0,0.16666666666666666,ok
mech,high_sat80_t,farmdep top tercile,rb_farm_any,Any own-farm production,farm-exit,stackyear,-0.04721655494025085,0.05025068442297111,0.34741244379946445,1104.0,101.0,0.8889521640091116,ok
mech,high_sat80_t,farmdep top tercile,rb_farm_any,Any own-farm production,farm-exit,provyear,-0.24545305587416,0.10520883391492337,0.01964772310905339,1096.0,100.0,0.8889521640091116,ok
mech,high_sat80_t,farmdep top tercile,asinh_rb_inc_farm_w99,asinh farm income,farm-exit,stackyear,-0.8928038195375148,0.6470104231561207,0.16762022725272518,1088.0,101.0,9.232014376075885,ok
mech,high_sat80_t,farmdep top tercile,asinh_rb_inc_farm_w99,asinh farm income,farm-exit,provyear,-6.688354458343489,1.0884851981820085,8.014286235113259e-10,1080.0,100.0,9.232014376075885,ok
mech,high_sat80_t,high insecurity + farmdep bottom tercile,any_rentin,Any rented-in land,rent-in,stackyear,0.028571428571428626,0.10663318968035869,0.7887445525579839,354.0,33.0,0.07705479452054795,ok
mech,high_sat80_t,high insecurity + farmdep bottom tercile,any_rentin,Any rented-in land,rent-in,provyear,,,,,,,error: no regressors after FE
mech,high_sat80_t,high insecurity + farmdep bottom tercile,asinh_rentin,asinh rented-in area,rent-in,stackyear,0.0402473751269367,0.11525475011707727,0.7269364541491905,352.0,33.0,0.11176606447678306,ok
mech,high_sat80_t,high insecurity + farmdep bottom tercile,asinh_rentin,asinh rented-in area,rent-in,provyear,,,,,,,error: no regressors after FE
mech,high_sat80_t,high insecurity + farmdep bottom tercile,ib_nonfarm_curr_n,Current nonfarm workers,nonfarm,stackyear,0.6761904761904765,0.15012156667366633,6.659645791403725e-06,362.0,33.0,1.1312292358803986,ok
mech,high_sat80_t,high insecurity + farmdep bottom tercile,ib_nonfarm_curr_n,Current nonfarm workers,nonfarm,provyear,,,,,,,error: no regressors after FE
mech,high_sat80_t,high insecurity + farmdep bottom tercile,ib_nonfarm_curr_ge2,At least two current nonfarm workers,nonfarm,stackyear,0.14285714285714302,0.05340352676168223,0.007471794471933779,362.0,33.0,0.313953488372093,ok
mech,high_sat80_t,high insecurity + farmdep bottom tercile,ib_nonfarm_curr_ge2,At least two current nonfarm workers,nonfarm,provyear,,,,,,,error: no regressors after FE
mech,high_sat80_t,high insecurity + farmdep bottom tercile,nonfarm_ge2_no_rentin,>=2 nonfarm workers without rent-in,nonfarm,stackyear,0.17142857142857143,0.059003596374484116,0.003667935154809978,354.0,33.0,0.3082191780821918,ok
mech,high_sat80_t,high insecurity + farmdep bottom tercile,nonfarm_ge2_no_rentin,>=2 nonfarm workers without rent-in,nonfarm,provyear,,,,,,,error: no regressors after FE
mech,high_sat80_t,high insecurity + farmdep bottom tercile,rentin_and_farm_any,Rent-in and own-farm production,rent-in,stackyear,0.028571428571428626,0.10663318968035869,0.7887445525579839,354.0,33.0,0.06335616438356165,ok
mech,high_sat80_t,high insecurity + farmdep bottom tercile,rentin_and_farm_any,Rent-in and own-farm production,rent-in,provyear,,,,,,,error: no regressors after FE
mech,high_sat80_t,high insecurity + farmdep bottom tercile,rb_farm_any,Any own-farm production,farm-exit,stackyear,-0.3333333333333334,0.04103259016887939,4.524661089725531e-16,360.0,33.0,0.5702341137123745,ok
mech,high_sat80_t,high insecurity + farmdep bottom tercile,rb_farm_any,Any own-farm production,farm-exit,provyear,,,,,,,error: no regressors after FE
mech,high_sat80_t,high insecurity + farmdep bottom tercile,asinh_rb_inc_farm_w99,asinh farm income,farm-exit,stackyear,-2.385565251996164,0.6498528263609867,0.0002416680475095755,360.0,33.0,2.407288920249249,ok
mech,high_sat80_t,high insecurity + farmdep bottom tercile,asinh_rb_inc_farm_w99,asinh farm income,farm-exit,provyear,,,,,,,error: no regressors after FE
mech,high_sat80_t,high insecurity + farmdep top tercile,any_rentin,Any rented-in land,rent-in,stackyear,0.1618037135278517,0.0683990513551223,0.018001650524959077,318.0,33.0,0.20841683366733466,ok
mech,high_sat80_t,high insecurity + farmdep top tercile,any_rentin,Any rented-in land,rent-in,provyear,,,,,,,error: no regressors after FE
mech,high_sat80_t,high insecurity + farmdep top tercile,asinh_rentin,asinh rented-in area,rent-in,stackyear,0.3730092430989216,0.15287217556541285,0.014686960132182554,318.0,33.0,0.4420148077930522,ok
mech,high_sat80_t,high insecurity + farmdep top tercile,asinh_rentin,asinh rented-in area,rent-in,provyear,,,,,,,error: no regressors after FE
mech,high_sat80_t,high insecurity + farmdep top tercile,ib_nonfarm_curr_n,Current nonfarm workers,nonfarm,stackyear,0.16007714561234304,0.294969265637014,0.5873426188930613,342.0,34.0,0.27915869980879543,ok
mech,high_sat80_t,high insecurity + farmdep top tercile,ib_nonfarm_curr_n,Current nonfarm workers,nonfarm,provyear,,,,,,,error: no regressors after FE
mech,high_sat80_t,high insecurity + farmdep top tercile,ib_nonfarm_curr_ge2,At least two current nonfarm workers,nonfarm,stackyear,0.05062680810028921,0.04639157310654711,0.2751438905364444,342.0,34.0,0.04780114722753346,ok
mech,high_sat80_t,high insecurity + farmdep top tercile,ib_nonfarm_curr_ge2,At least two current nonfarm workers,nonfarm,provyear,,,,,,,error: no regressors after FE
mech,high_sat80_t,high insecurity + farmdep top tercile,nonfarm_ge2_no_rentin,>=2 nonfarm workers without rent-in,nonfarm,stackyear,0.0,0.024761045890250223,1.0,318.0,33.0,0.03807615230460922,ok
mech,high_sat80_t,high insecurity + farmdep top tercile,nonfarm_ge2_no_rentin,>=2 nonfarm workers without rent-in,nonfarm,provyear,,,,,,,error: no regressors after FE
mech,high_sat80_t,high insecurity + farmdep top tercile,rentin_and_farm_any,Rent-in and own-farm production,rent-in,stackyear,0.1790450928381966,0.06750557106471157,0.007994524067854317,318.0,33.0,0.19839679358717435,ok
mech,high_sat80_t,high insecurity + farmdep top tercile,rentin_and_farm_any,Rent-in and own-farm production,rent-in,provyear,,,,,,,error: no regressors after FE
mech,high_sat80_t,high insecurity + farmdep top tercile,rb_farm_any,Any own-farm production,farm-exit,stackyear,-0.1504339440694309,0.10723462157157589,0.1606619761808432,342.0,34.0,0.9063097514340345,ok
mech,high_sat80_t,high insecurity + farmdep top tercile,rb_farm_any,Any own-farm production,farm-exit,provyear,,,,,,,error: no regressors after FE
mech,high_sat80_t,high insecurity + farmdep top tercile,asinh_rb_inc_farm_w99,asinh farm income,farm-exit,stackyear,0.14338457287082146,0.608179109397901,0.8136185691750839,342.0,34.0,9.371814885024827,ok
mech,high_sat80_t,high insecurity + farmdep top tercile,asinh_rb_inc_farm_w99,asinh farm income,farm-exit,provyear,,,,,,,error: no regressors after FE
mech,high_sat80_t,farm-orientation bottom tercile,any_rentin,Any rented-in land,rent-in,stackyear,-0.11141172612427652,0.09063734484489622,0.21899558063918034,852.0,94.0,0.08085381630012936,ok
mech,high_sat80_t,farm-orientation bottom tercile,any_rentin,Any rented-in land,rent-in,provyear,-0.23052774706027418,0.08797455836096803,0.008782898429385058,844.0,93.0,0.08085381630012936,ok
mech,high_sat80_t,farm-orientation bottom tercile,asinh_rentin,asinh rented-in area,rent-in,stackyear,-0.187437200007594,0.15034848845560014,0.21251303396499266,848.0,94.0,0.11072732612750964,ok
mech,high_sat80_t,farm-orientation bottom tercile,asinh_rentin,asinh rented-in area,rent-in,provyear,-0.24762912489217043,0.15176893922667775,0.10275971751331102,840.0,93.0,0.11072732612750964,ok
mech,high_sat80_t,farm-orientation bottom tercile,ib_nonfarm_curr_n,Current nonfarm workers,nonfarm,stackyear,0.21227678571428543,0.20911445216062882,0.3100474369118533,882.0,95.0,1.168560606060606,ok
mech,high_sat80_t,farm-orientation bottom tercile,ib_nonfarm_curr_n,Current nonfarm workers,nonfarm,provyear,0.42658290219265865,0.1570286506741942,0.006595770104986716,874.0,95.0,1.168560606060606,ok
mech,high_sat80_t,farm-orientation bottom tercile,ib_nonfarm_curr_ge2,At least two current nonfarm workers,nonfarm,stackyear,0.02514880952380951,0.10137876876040595,0.8040819383154441,882.0,95.0,0.33775252525252525,ok
mech,high_sat80_t,farm-orientation bottom tercile,ib_nonfarm_curr_ge2,At least two current nonfarm workers,nonfarm,provyear,0.14474008376447406,0.08033023042118025,0.07157477235071183,874.0,95.0,0.33775252525252525,ok
mech,high_sat80_t,farm-orientation bottom tercile,nonfarm_ge2_no_rentin,>=2 nonfarm workers without rent-in,nonfarm,stackyear,0.07672812045512886,0.07346558009063989,0.2962961547345704,852.0,94.0,0.3163001293661061,ok
mech,high_sat80_t,farm-orientation bottom tercile,nonfarm_ge2_no_rentin,>=2 nonfarm workers without rent-in,nonfarm,provyear,0.14871401474928442,0.08032522189731156,0.06411220997677157,844.0,93.0,0.3163001293661061,ok
mech,high_sat80_t,farm-orientation bottom tercile,rentin_and_farm_any,Rent-in and own-farm production,rent-in,stackyear,-0.11064492648649994,0.09098463763798996,0.22395307387296626,850.0,94.0,0.0634304207119741,ok
mech,high_sat80_t,farm-orientation bottom tercile,rentin_and_farm_any,Rent-in and own-farm production,rent-in,provyear,-0.22416328625430548,0.08438497981786426,0.007897147247149386,842.0,93.0,0.0634304207119741,ok
mech,high_sat80_t,farm-orientation bottom tercile,rb_farm_any,Any own-farm production,farm-exit,stackyear,-0.10240643740985314,0.06875435432682739,0.13636789866374763,870.0,94.0,0.5892063492063492,ok
mech,high_sat80_t,farm-orientation bottom tercile,rb_farm_any,Any own-farm production,farm-exit,provyear,-0.011579762926992972,0.13359168759494253,0.9309256633492328,862.0,94.0,0.5892063492063492,ok
mech,high_sat80_t,farm-orientation bottom tercile,asinh_rb_inc_farm_w99,asinh farm income,farm-exit,stackyear,-2.7509367315477737,0.6879686888235493,6.370842718822421e-05,864.0,95.0,2.538863756004436,ok
mech,high_sat80_t,farm-orientation bottom tercile,asinh_rb_inc_farm_w99,asinh farm income,farm-exit,provyear,-1.2004848387457767,0.8819606142758143,0.17346480518691476,856.0,95.0,2.538863756004436,ok
mech,high_sat80_t,farm-orientation top tercile,any_rentin,Any rented-in land,rent-in,stackyear,0.05096912613013021,0.070379282680707,0.4689390371259209,1014.0,100.0,0.18923821039903266,ok
mech,high_sat80_t,farm-orientation top tercile,any_rentin,Any rented-in land,rent-in,provyear,-0.34336624127137005,0.14419765331657863,0.017255433979315286,1008.0,99.0,0.18923821039903266,ok
mech,high_sat80_t,farm-orientation top tercile,asinh_rentin,asinh rented-in area,rent-in,stackyear,0.07356694908741059,0.1255308868233648,0.5578442016011217,1012.0,100.0,0.4410907328064419,ok
mech,high_sat80_t,farm-orientation top tercile,asinh_rentin,asinh rented-in area,rent-in,provyear,-0.4445539856221079,0.3694489901999756,0.22886442088804904,1006.0,99.0,0.4410907328064419,ok
mech,high_sat80_t,farm-orientation top tercile,ib_nonfarm_curr_n,Current nonfarm workers,nonfarm,stackyear,0.05908348341868161,0.10894968312894879,0.5876114114524124,1082.0,102.0,0.147588611272516,ok
mech,high_sat80_t,farm-orientation top tercile,ib_nonfarm_curr_n,Current nonfarm workers,nonfarm,provyear,-0.20869439281662588,0.09816347341908924,0.03350423642513106,1074.0,100.0,0.147588611272516,ok
mech,high_sat80_t,farm-orientation top tercile,ib_nonfarm_curr_ge2,At least two current nonfarm workers,nonfarm,stackyear,0.028387917368678923,0.0237767701263409,0.2325034062418111,1082.0,102.0,0.016269610691458453,ok
mech,high_sat80_t,farm-orientation top tercile,ib_nonfarm_curr_ge2,At least two current nonfarm workers,nonfarm,provyear,-0.024668710323686276,0.017295140680708487,0.15377090162370322,1074.0,100.0,0.016269610691458453,ok
mech,high_sat80_t,farm-orientation top tercile,nonfarm_ge2_no_rentin,>=2 nonfarm workers without rent-in,nonfarm,stackyear,0.005608784967069156,0.019470400188893656,0.7732952483052727,1014.0,100.0,0.010882708585247884,ok
mech,high_sat80_t,farm-orientation top tercile,nonfarm_ge2_no_rentin,>=2 nonfarm workers without rent-in,nonfarm,provyear,-0.025042138213339747,0.017623831550381292,0.15533864065404276,1008.0,99.0,0.010882708585247884,ok
mech,high_sat80_t,farm-orientation top tercile,rentin_and_farm_any,Rent-in and own-farm production,rent-in,stackyear,0.03262604480274811,0.061450238671452474,0.5954642476168159,1014.0,100.0,0.17422867513611615,ok
mech,high_sat80_t,farm-orientation top tercile,rentin_and_farm_any,Rent-in and own-farm production,rent-in,provyear,-0.3506701982502608,0.1382778234713939,0.011213220365667959,1008.0,99.0,0.17422867513611615,ok
mech,high_sat80_t,farm-orientation top tercile,rb_farm_any,Any own-farm production,farm-exit,stackyear,-0.05469604235525693,0.059559936564330056,0.3584429113165364,1080.0,102.0,0.8980780430984275,ok
mech,high_sat80_t,farm-orientation top tercile,rb_farm_any,Any own-farm production,farm-exit,provyear,-0.21938738564773447,0.10677911524641114,0.039918546985544354,1072.0,100.0,0.8980780430984275,ok
mech,high_sat80_t,farm-orientation top tercile,asinh_rb_inc_farm_w99,asinh farm income,farm-exit,stackyear,-1.149397728870167,0.7167418870792058,0.10879288402145305,1056.0,102.0,9.35565417579358,ok
mech,high_sat80_t,farm-orientation top tercile,asinh_rb_inc_farm_w99,asinh farm income,farm-exit,provyear,-5.6834705214332075,2.182369301872419,0.009207122537202054,1048.0,100.0,9.35565417579358,ok
mech,high_sat80_t,nonfarm-orientation top tercile,any_rentin,Any rented-in land,rent-in,stackyear,-0.0398896107264329,0.04890099044130082,0.41465918843450433,1238.0,108.0,0.09415584415584416,ok
mech,high_sat80_t,nonfarm-orientation top tercile,any_rentin,Any rented-in land,rent-in,provyear,-0.0942398064592099,0.14288427495250455,0.5095404801183154,1234.0,106.0,0.09415584415584416,ok
mech,high_sat80_t,nonfarm-orientation top tercile,asinh_rentin,asinh rented-in area,rent-in,stackyear,-0.06951886929276324,0.10509248424848945,0.5082905496973477,1234.0,108.0,0.1630588594776496,ok
mech,high_sat80_t,nonfarm-orientation top tercile,asinh_rentin,asinh rented-in area,rent-in,provyear,-0.01816230534677503,0.2576435304615662,0.9438005306239075,1230.0,106.0,0.1630588594776496,ok
mech,high_sat80_t,nonfarm-orientation top tercile,ib_nonfarm_curr_n,Current nonfarm workers,nonfarm,stackyear,-0.0569144840576605,0.15494450678688654,0.7133790481812332,1304.0,112.0,1.2144469525959367,ok
mech,high_sat80_t,nonfarm-orientation top tercile,ib_nonfarm_curr_n,Current nonfarm workers,nonfarm,provyear,0.2238527760426665,0.25688137426701285,0.38352230084766503,1300.0,111.0,1.2144469525959367,ok
mech,high_sat80_t,nonfarm-orientation top tercile,ib_nonfarm_curr_ge2,At least two current nonfarm workers,nonfarm,stackyear,-0.05776607591870889,0.0906140000885676,0.5238017189044718,1304.0,112.0,0.3074492099322799,ok
mech,high_sat80_t,nonfarm-orientation top tercile,ib_nonfarm_curr_ge2,At least two current nonfarm workers,nonfarm,provyear,0.01604414483355995,0.14054202681283284,0.9091117097934807,1300.0,111.0,0.3074492099322799,ok
mech,high_sat80_t,nonfarm-orientation top tercile,nonfarm_ge2_no_rentin,>=2 nonfarm workers without rent-in,nonfarm,stackyear,0.04634698096769509,0.054438088305506414,0.3945635887696106,1238.0,108.0,0.2820037105751391,ok
mech,high_sat80_t,nonfarm-orientation top tercile,nonfarm_ge2_no_rentin,>=2 nonfarm workers without rent-in,nonfarm,provyear,0.018711797638545448,0.12678799674009933,0.8826715938550102,1234.0,106.0,0.2820037105751391,ok
mech,high_sat80_t,nonfarm-orientation top tercile,rentin_and_farm_any,Rent-in and own-farm production,rent-in,stackyear,-0.052126334198568325,0.04559359903315711,0.25292158870967674,1236.0,108.0,0.0807799442896936,ok
mech,high_sat80_t,nonfarm-orientation top tercile,rentin_and_farm_any,Rent-in and own-farm production,rent-in,provyear,-0.14533672568092285,0.12402524858011751,0.2412646076238174,1232.0,106.0,0.0807799442896936,ok
mech,high_sat80_t,nonfarm-orientation top tercile,rb_farm_any,Any own-farm production,farm-exit,stackyear,-0.128610900584485,0.05627189394449869,0.022281978793939523,1292.0,111.0,0.670897552130553,ok
mech,high_sat80_t,nonfarm-orientation top tercile,rb_farm_any,Any own-farm production,farm-exit,provyear,-0.06012235385982732,0.1577444227305151,0.7031010395528969,1288.0,110.0,0.670897552130553,ok
mech,high_sat80_t,nonfarm-orientation top tercile,asinh_rb_inc_farm_w99,asinh farm income,farm-exit,stackyear,-1.8608428998765676,0.5619634116248985,0.0009285564858190778,1276.0,111.0,5.027701537076897,ok
mech,high_sat80_t,nonfarm-orientation top tercile,asinh_rb_inc_farm_w99,asinh farm income,farm-exit,provyear,-0.6678999015202711,1.4218043466568484,0.6385299672104232,1272.0,110.0,5.027701537076897,ok
mech,signoff_or_issue_t,farmdep bottom tercile,any_rentin,Any rented-in land,rent-in,stackyear,-0.2262031469266284,0.11262490460421411,0.04459393196633186,826.0,90.0,0.09018567639257294,ok
mech,signoff_or_issue_t,farmdep bottom tercile,any_rentin,Any rented-in land,rent-in,provyear,-0.3063672716087362,0.1015411144394389,0.0025514280437719692,816.0,89.0,0.09018567639257294,ok
mech,signoff_or_issue_t,farmdep bottom tercile,asinh_rentin,asinh rented-in area,rent-in,stackyear,-0.431211141315771,0.1909876548353877,0.02395838785100486,824.0,90.0,0.13657169777186204,ok
mech,signoff_or_issue_t,farmdep bottom tercile,asinh_rentin,asinh rented-in area,rent-in,provyear,-0.46476721085502387,0.1501264732593085,0.001962576847371409,814.0,89.0,0.13657169777186204,ok
mech,signoff_or_issue_t,farmdep bottom tercile,ib_nonfarm_curr_n,Current nonfarm workers,nonfarm,stackyear,0.25834018664854935,0.1086590397945321,0.017428999168182777,852.0,92.0,1.0064935064935066,ok
mech,signoff_or_issue_t,farmdep bottom tercile,ib_nonfarm_curr_n,Current nonfarm workers,nonfarm,provyear,0.2900470801057562,0.14755215877751696,0.04933029701584527,844.0,92.0,1.0064935064935066,ok
mech,signoff_or_issue_t,farmdep bottom tercile,ib_nonfarm_curr_ge2,At least two current nonfarm workers,nonfarm,stackyear,0.06253288314288785,0.06548096314898612,0.3395887923147719,852.0,92.0,0.2733766233766234,ok
mech,signoff_or_issue_t,farmdep bottom tercile,ib_nonfarm_curr_ge2,At least two current nonfarm workers,nonfarm,provyear,0.07845911220371998,0.0775406960496958,0.31161249934510826,844.0,92.0,0.2733766233766234,ok
mech,signoff_or_issue_t,farmdep bottom tercile,nonfarm_ge2_no_rentin,>=2 nonfarm workers without rent-in,nonfarm,stackyear,0.06068782243795291,0.06260559070166395,0.33236188178904624,826.0,90.0,0.2592838196286472,ok
mech,signoff_or_issue_t,farmdep bottom tercile,nonfarm_ge2_no_rentin,>=2 nonfarm workers without rent-in,nonfarm,provyear,0.0876653337434637,0.07970068885425902,0.2713617746757109,816.0,89.0,0.2592838196286472,ok
mech,signoff_or_issue_t,farmdep bottom tercile,rentin_and_farm_any,Rent-in and own-farm production,rent-in,stackyear,-0.2286775722159327,0.11424726165119292,0.04532753037768783,826.0,90.0,0.0709549071618037,ok
mech,signoff_or_issue_t,farmdep bottom tercile,rentin_and_farm_any,Rent-in and own-farm production,rent-in,provyear,-0.2983697323900342,0.09799764842793664,0.0023294181126725616,816.0,89.0,0.0709549071618037,ok
mech,signoff_or_issue_t,farmdep bottom tercile,rb_farm_any,Any own-farm production,farm-exit,stackyear,-0.16019673828630618,0.1001596720722466,0.10972873992482592,844.0,91.0,0.5923026744944553,ok
mech,signoff_or_issue_t,farmdep bottom tercile,rb_farm_any,Any own-farm production,farm-exit,provyear,-0.12027068594278706,0.10975244041664783,0.2731505085027055,836.0,91.0,0.5923026744944553,ok
mech,signoff_or_issue_t,farmdep bottom tercile,asinh_rb_inc_farm_w99,asinh farm income,farm-exit,stackyear,-2.8598640669296542,0.8155314841744677,0.0004536171231185496,844.0,92.0,2.341038552745845,ok
mech,signoff_or_issue_t,farmdep bottom tercile,asinh_rb_inc_farm_w99,asinh farm income,farm-exit,provyear,-2.6381442707006695,0.44970535346582446,4.454017314084915e-09,836.0,92.0,2.341038552745845,ok
mech,signoff_or_issue_t,farmdep middle tercile,any_rentin,Any rented-in land,rent-in,stackyear,0.021340139694678656,0.035741624355272575,0.55046273759181,900.0,98.0,0.11867835468644639,ok
mech,signoff_or_issue_t,farmdep middle tercile,any_rentin,Any rented-in land,rent-in,provyear,-0.08337562635367445,0.0852863802429664,0.3282741638670703,886.0,95.0,0.11867835468644639,ok
mech,signoff_or_issue_t,farmdep middle tercile,asinh_rentin,asinh rented-in area,rent-in,stackyear,0.05463704585430381,0.07628903589425508,0.4738772640564253,896.0,98.0,0.2228563126654734,ok
mech,signoff_or_issue_t,farmdep middle tercile,asinh_rentin,asinh rented-in area,rent-in,provyear,-0.11892749673043013,0.23737872194273435,0.6163688784639543,882.0,95.0,0.2228563126654734,ok
mech,signoff_or_issue_t,farmdep middle tercile,ib_nonfarm_curr_n,Current nonfarm workers,nonfarm,stackyear,-0.16521149002257926,0.23909978022966882,0.4895825151609069,954.0,99.0,0.6274638633377135,ok
mech,signoff_or_issue_t,farmdep middle tercile,ib_nonfarm_curr_n,Current nonfarm workers,nonfarm,provyear,-0.3607839873496731,0.12234990165329697,0.003190221834461919,940.0,96.0,0.6274638633377135,ok
mech,signoff_or_issue_t,farmdep middle tercile,ib_nonfarm_curr_ge2,At least two current nonfarm workers,nonfarm,stackyear,-0.13894326768724882,0.10426718387095399,0.1826731241593491,954.0,99.0,0.14126149802890933,ok
mech,signoff_or_issue_t,farmdep middle tercile,ib_nonfarm_curr_ge2,At least two current nonfarm workers,nonfarm,provyear,-0.10490616287295572,0.0506093813172045,0.03818530925613724,940.0,96.0,0.14126149802890933,ok
mech,signoff_or_issue_t,farmdep middle tercile,nonfarm_ge2_no_rentin,>=2 nonfarm workers without rent-in,nonfarm,stackyear,-0.0413747701999532,0.05054332745653606,0.413014640531813,900.0,98.0,0.1260957518543493,ok
mech,signoff_or_issue_t,farmdep middle tercile,nonfarm_ge2_no_rentin,>=2 nonfarm workers without rent-in,nonfarm,provyear,-0.07531969949319853,0.05913610647760332,0.20278150335156298,886.0,95.0,0.1260957518543493,ok
mech,signoff_or_issue_t,farmdep middle tercile,rentin_and_farm_any,Rent-in and own-farm production,rent-in,stackyear,-0.012258260548359807,0.0336211188813675,0.7154100014240629,898.0,98.0,0.10863697705802969,ok
mech,signoff_or_issue_t,farmdep middle tercile,rentin_and_farm_any,Rent-in and own-farm production,rent-in,provyear,-0.10881363931331481,0.07938438542012112,0.17046275060698146,884.0,95.0,0.10863697705802969,ok
mech,signoff_or_issue_t,farmdep middle tercile,rb_farm_any,Any own-farm production,farm-exit,stackyear,-0.08176656109834983,0.09409492566730324,0.38485834573234834,948.0,99.0,0.858459512837393,ok
mech,signoff_or_issue_t,farmdep middle tercile,rb_farm_any,Any own-farm production,farm-exit,provyear,-0.15535715562163585,0.14055265747206575,0.26901635587578243,934.0,96.0,0.858459512837393,ok
mech,signoff_or_issue_t,farmdep middle tercile,asinh_rb_inc_farm_w99,asinh farm income,farm-exit,stackyear,0.499071672066296,0.5799126985096471,0.3894595224742947,944.0,99.0,8.26122537475778,ok
mech,signoff_or_issue_t,farmdep middle tercile,asinh_rb_inc_farm_w99,asinh farm income,farm-exit,provyear,-0.4427568343003669,1.5932701663042237,0.7810953609677053,930.0,96.0,8.26122537475778,ok
mech,signoff_or_issue_t,farmdep top tercile,any_rentin,Any rented-in land,rent-in,stackyear,0.006429153322459184,0.07129076091788959,0.9281424773672154,1040.0,99.0,0.18122786304604485,ok
mech,signoff_or_issue_t,farmdep top tercile,any_rentin,Any rented-in land,rent-in,provyear,-0.4442622950819667,0.10498214086386855,2.3183959587295286e-05,1030.0,97.0,0.18122786304604485,ok
mech,signoff_or_issue_t,farmdep top tercile,asinh_rentin,asinh rented-in area,rent-in,stackyear,0.003035512613585256,0.12581283916299188,0.9807511403215611,1040.0,99.0,0.4032576514992093,ok
mech,signoff_or_issue_t,farmdep top tercile,asinh_rentin,asinh rented-in area,rent-in,provyear,-0.6131401661248717,0.36969746642027046,0.09721826876767953,1030.0,97.0,0.4032576514992093,ok
mech,signoff_or_issue_t,farmdep top tercile,ib_nonfarm_curr_n,Current nonfarm workers,nonfarm,stackyear,-0.13200024917460979,0.11818498398888709,0.2640391088237415,1104.0,101.0,0.23920454545454545,ok
mech,signoff_or_issue_t,farmdep top tercile,ib_nonfarm_curr_n,Current nonfarm workers,nonfarm,provyear,-0.1542473919523099,0.09252563116514628,0.0954990082321693,1096.0,100.0,0.23920454545454545,ok
mech,signoff_or_issue_t,farmdep top tercile,ib_nonfarm_curr_ge2,At least two current nonfarm workers,nonfarm,stackyear,-0.03187655177937383,0.039900169411271946,0.42434394534511155,1104.0,101.0,0.04261363636363636,ok
mech,signoff_or_issue_t,farmdep top tercile,ib_nonfarm_curr_ge2,At least two current nonfarm workers,nonfarm,provyear,-0.011177347242921007,0.027052066283680953,0.6794754308311759,1096.0,100.0,0.04261363636363636,ok
mech,signoff_or_issue_t,farmdep top tercile,nonfarm_ge2_no_rentin,>=2 nonfarm workers without rent-in,nonfarm,stackyear,-0.010668592206440966,0.02291423029765812,0.6415103856243356,1040.0,99.0,0.03364817001180637,ok
mech,signoff_or_issue_t,farmdep top tercile,nonfarm_ge2_no_rentin,>=2 nonfarm workers without rent-in,nonfarm,provyear,-0.011475409836065563,0.02788596757117582,0.680697155799028,1030.0,97.0,0.03364817001180637,ok
mech,signoff_or_issue_t,farmdep top tercile,rentin_and_farm_any,Rent-in and own-farm production,rent-in,stackyear,0.008548872764450065,0.07102371028212458,0.9041928572125254,1040.0,99.0,0.16656822209096278,ok
mech,signoff_or_issue_t,farmdep top tercile,rentin_and_farm_any,Rent-in and own-farm production,rent-in,provyear,-0.4442622950819667,0.10498214086386855,2.3183959587295286e-05,1030.0,97.0,0.16656822209096278,ok
mech,signoff_or_issue_t,farmdep top tercile,rb_farm_any,Any own-farm production,farm-exit,stackyear,-0.04460225503021267,0.056516596940974446,0.43000177343524115,1104.0,101.0,0.8890153671030165,ok
mech,signoff_or_issue_t,farmdep top tercile,rb_farm_any,Any own-farm production,farm-exit,provyear,-0.2790611028315946,0.11754537280207417,0.01759315008155992,1096.0,100.0,0.8890153671030165,ok
mech,signoff_or_issue_t,farmdep top tercile,asinh_rb_inc_farm_w99,asinh farm income,farm-exit,stackyear,-0.9123941226017406,0.7072087200420623,0.19700408381339096,1088.0,101.0,9.233585429598545,ok
mech,signoff_or_issue_t,farmdep top tercile,asinh_rb_inc_farm_w99,asinh farm income,farm-exit,provyear,-7.66849477025357,0.8400024133617298,6.904927635084216e-20,1080.0,100.0,9.233585429598545,ok
mech,signoff_or_issue_t,high insecurity + farmdep bottom tercile,any_rentin,Any rented-in land,rent-in,stackyear,,,,,,,error: no regressors after FE
mech,signoff_or_issue_t,high insecurity + farmdep bottom tercile,any_rentin,Any rented-in land,rent-in,provyear,,,,,,,error: no regressors after FE
mech,signoff_or_issue_t,high insecurity + farmdep bottom tercile,asinh_rentin,asinh rented-in area,rent-in,stackyear,,,,,,,error: no regressors after FE
mech,signoff_or_issue_t,high insecurity + farmdep bottom tercile,asinh_rentin,asinh rented-in area,rent-in,provyear,,,,,,,error: no regressors after FE
mech,signoff_or_issue_t,high insecurity + farmdep bottom tercile,ib_nonfarm_curr_n,Current nonfarm workers,nonfarm,stackyear,,,,,,,error: no regressors after FE
mech,signoff_or_issue_t,high insecurity + farmdep bottom tercile,ib_nonfarm_curr_n,Current nonfarm workers,nonfarm,provyear,,,,,,,error: no regressors after FE
mech,signoff_or_issue_t,high insecurity + farmdep bottom tercile,ib_nonfarm_curr_ge2,At least two current nonfarm workers,nonfarm,stackyear,,,,,,,error: no regressors after FE
mech,signoff_or_issue_t,high insecurity + farmdep bottom tercile,ib_nonfarm_curr_ge2,At least two current nonfarm workers,nonfarm,provyear,,,,,,,error: no regressors after FE
mech,signoff_or_issue_t,high insecurity + farmdep bottom tercile,nonfarm_ge2_no_rentin,>=2 nonfarm workers without rent-in,nonfarm,stackyear,,,,,,,error: no regressors after FE
mech,signoff_or_issue_t,high insecurity + farmdep bottom tercile,nonfarm_ge2_no_rentin,>=2 nonfarm workers without rent-in,nonfarm,provyear,,,,,,,error: no regressors after FE
mech,signoff_or_issue_t,high insecurity + farmdep bottom tercile,rentin_and_farm_any,Rent-in and own-farm production,rent-in,stackyear,,,,,,,error: no regressors after FE
mech,signoff_or_issue_t,high insecurity + farmdep bottom tercile,rentin_and_farm_any,Rent-in and own-farm production,rent-in,provyear,,,,,,,error: no regressors after FE
mech,signoff_or_issue_t,high insecurity + farmdep bottom tercile,rb_farm_any,Any own-farm production,farm-exit,stackyear,,,,,,,error: no regressors after FE
mech,signoff_or_issue_t,high insecurity + farmdep bottom tercile,rb_farm_any,Any own-farm production,farm-exit,provyear,,,,,,,error: no regressors after FE
mech,signoff_or_issue_t,high insecurity + farmdep bottom tercile,asinh_rb_inc_farm_w99,asinh farm income,farm-exit,stackyear,,,,,,,error: no regressors after FE
mech,signoff_or_issue_t,high insecurity + farmdep bottom tercile,asinh_rb_inc_farm_w99,asinh farm income,farm-exit,provyear,,,,,,,error: no regressors after FE
mech,signoff_or_issue_t,high insecurity + farmdep top tercile,any_rentin,Any rented-in land,rent-in,stackyear,0.1618037135278517,0.0683990513551223,0.018001650524959077,318.0,33.0,0.20841683366733466,ok
mech,signoff_or_issue_t,high insecurity + farmdep top tercile,any_rentin,Any rented-in land,rent-in,provyear,,,,,,,error: no regressors after FE
mech,signoff_or_issue_t,high insecurity + farmdep top tercile,asinh_rentin,asinh rented-in area,rent-in,stackyear,0.3730092430989216,0.15287217556541285,0.014686960132182554,318.0,33.0,0.4420148077930522,ok
mech,signoff_or_issue_t,high insecurity + farmdep top tercile,asinh_rentin,asinh rented-in area,rent-in,provyear,,,,,,,error: no regressors after FE
mech,signoff_or_issue_t,high insecurity + farmdep top tercile,ib_nonfarm_curr_n,Current nonfarm workers,nonfarm,stackyear,0.16007714561234304,0.294969265637014,0.5873426188930613,342.0,34.0,0.27915869980879543,ok
mech,signoff_or_issue_t,high insecurity + farmdep top tercile,ib_nonfarm_curr_n,Current nonfarm workers,nonfarm,provyear,,,,,,,error: no regressors after FE
mech,signoff_or_issue_t,high insecurity + farmdep top tercile,ib_nonfarm_curr_ge2,At least two current nonfarm workers,nonfarm,stackyear,0.05062680810028921,0.04639157310654711,0.2751438905364444,342.0,34.0,0.04780114722753346,ok
mech,signoff_or_issue_t,high insecurity + farmdep top tercile,ib_nonfarm_curr_ge2,At least two current nonfarm workers,nonfarm,provyear,,,,,,,error: no regressors after FE
mech,signoff_or_issue_t,high insecurity + farmdep top tercile,nonfarm_ge2_no_rentin,>=2 nonfarm workers without rent-in,nonfarm,stackyear,0.0,0.024761045890250223,1.0,318.0,33.0,0.03807615230460922,ok
mech,signoff_or_issue_t,high insecurity + farmdep top tercile,nonfarm_ge2_no_rentin,>=2 nonfarm workers without rent-in,nonfarm,provyear,,,,,,,error: no regressors after FE
mech,signoff_or_issue_t,high insecurity + farmdep top tercile,rentin_and_farm_any,Rent-in and own-farm production,rent-in,stackyear,0.1790450928381966,0.06750557106471157,0.007994524067854317,318.0,33.0,0.19839679358717435,ok
mech,signoff_or_issue_t,high insecurity + farmdep top tercile,rentin_and_farm_any,Rent-in and own-farm production,rent-in,provyear,,,,,,,error: no regressors after FE
mech,signoff_or_issue_t,high insecurity + farmdep top tercile,rb_farm_any,Any own-farm production,farm-exit,stackyear,-0.1504339440694309,0.10723462157157589,0.1606619761808432,342.0,34.0,0.9063097514340345,ok
mech,signoff_or_issue_t,high insecurity + farmdep top tercile,rb_farm_any,Any own-farm production,farm-exit,provyear,,,,,,,error: no regressors after FE
mech,signoff_or_issue_t,high insecurity + farmdep top tercile,asinh_rb_inc_farm_w99,asinh farm income,farm-exit,stackyear,0.14338457287082146,0.608179109397901,0.8136185691750839,342.0,34.0,9.371814885024827,ok
mech,signoff_or_issue_t,high insecurity + farmdep top tercile,asinh_rb_inc_farm_w99,asinh farm income,farm-exit,provyear,,,,,,,error: no regressors after FE
mech,signoff_or_issue_t,farm-orientation bottom tercile,any_rentin,Any rented-in land,rent-in,stackyear,-0.13728850973212275,0.10795419291999532,0.20346931796672196,856.0,94.0,0.08048937540244688,ok
mech,signoff_or_issue_t,farm-orientation bottom tercile,any_rentin,Any rented-in land,rent-in,provyear,-0.27557458183049155,0.08191418756617065,0.0007676972206165022,850.0,93.0,0.08048937540244688,ok
mech,signoff_or_issue_t,farm-orientation bottom tercile,asinh_rentin,asinh rented-in area,rent-in,stackyear,-0.23530693905081368,0.18279772912072148,0.19800609315099393,852.0,94.0,0.11022694440840533,ok
mech,signoff_or_issue_t,farm-orientation bottom tercile,asinh_rentin,asinh rented-in area,rent-in,provyear,-0.32669840239382364,0.13807372630100131,0.017975828970316663,846.0,93.0,0.11022694440840533,ok
mech,signoff_or_issue_t,farm-orientation bottom tercile,ib_nonfarm_curr_n,Current nonfarm workers,nonfarm,stackyear,0.1250774153592076,0.25341762908528054,0.6216152546830627,886.0,95.0,1.1722187303582652,ok
mech,signoff_or_issue_t,farm-orientation bottom tercile,ib_nonfarm_curr_n,Current nonfarm workers,nonfarm,provyear,0.34717314487632484,0.20114430852993817,0.08434914042838491,880.0,95.0,1.1722187303582652,ok
mech,signoff_or_issue_t,farm-orientation bottom tercile,ib_nonfarm_curr_ge2,At least two current nonfarm workers,nonfarm,stackyear,0.001419281585466634,0.12135963612116266,0.9906690800355671,886.0,95.0,0.33940917661847897,ok
mech,signoff_or_issue_t,farm-orientation bottom tercile,ib_nonfarm_curr_ge2,At least two current nonfarm workers,nonfarm,provyear,0.140459363957597,0.09304349588815344,0.131143044661684,880.0,95.0,0.33940917661847897,ok
mech,signoff_or_issue_t,farm-orientation bottom tercile,nonfarm_ge2_no_rentin,>=2 nonfarm workers without rent-in,nonfarm,stackyear,0.06311272122888337,0.08427017568010982,0.4538975480107522,856.0,94.0,0.31809401159047007,ok
mech,signoff_or_issue_t,farm-orientation bottom tercile,nonfarm_ge2_no_rentin,>=2 nonfarm workers without rent-in,nonfarm,provyear,0.161489885725625,0.08671412151060014,0.0625572784161623,850.0,93.0,0.31809401159047007,ok
mech,signoff_or_issue_t,farm-orientation bottom tercile,rentin_and_farm_any,Rent-in and own-farm production,rent-in,stackyear,-0.13769647037363553,0.10804779887851546,0.20252052693373124,854.0,94.0,0.06314432989690721,ok
mech,signoff_or_issue_t,farm-orientation bottom tercile,rentin_and_farm_any,Rent-in and own-farm production,rent-in,provyear,-0.2680071745492305,0.0780223737534955,0.0005925448408544777,848.0,93.0,0.06314432989690721,ok
mech,signoff_or_issue_t,farm-orientation bottom tercile,rb_farm_any,Any own-farm production,farm-exit,stackyear,-0.12263890168616977,0.08056230590984964,0.1279373372231759,874.0,94.0,0.5891276864728192,ok
mech,signoff_or_issue_t,farm-orientation bottom tercile,rb_farm_any,Any own-farm production,farm-exit,provyear,-0.12793826111583106,0.1257332918649588,0.30889809865728723,868.0,94.0,0.5891276864728192,ok
mech,signoff_or_issue_t,farm-orientation bottom tercile,asinh_rb_inc_farm_w99,asinh farm income,farm-exit,stackyear,-2.7365452390670764,0.7249400934167093,0.00016009943078886432,868.0,95.0,2.5389513649465423,ok
mech,signoff_or_issue_t,farm-orientation bottom tercile,asinh_rb_inc_farm_w99,asinh farm income,farm-exit,provyear,-1.3604656905951324,0.7844605341735075,0.08287034154793309,862.0,95.0,2.5389513649465423,ok
mech,signoff_or_issue_t,farm-orientation top tercile,any_rentin,Any rented-in land,rent-in,stackyear,0.0535333247118541,0.07825354874253297,0.4939114407751096,1014.0,100.0,0.18912386706948642,ok
mech,signoff_or_issue_t,farm-orientation top tercile,any_rentin,Any rented-in land,rent-in,provyear,-0.34336624127137005,0.14419765331657863,0.017255433979315286,1008.0,99.0,0.18912386706948642,ok
mech,signoff_or_issue_t,farm-orientation top tercile,asinh_rentin,asinh rented-in area,rent-in,stackyear,0.08651248048492459,0.1383925637823233,0.5318898317191421,1012.0,100.0,0.4408237287308932,ok
mech,signoff_or_issue_t,farm-orientation top tercile,asinh_rentin,asinh rented-in area,rent-in,provyear,-0.4445539856221079,0.3694489901999756,0.22886442088804904,1006.0,99.0,0.4408237287308932,ok
mech,signoff_or_issue_t,farm-orientation top tercile,ib_nonfarm_curr_n,Current nonfarm workers,nonfarm,stackyear,0.07119947825807425,0.12100250763809837,0.5562549491397903,1082.0,102.0,0.14750290360046459,ok
mech,signoff_or_issue_t,farm-orientation top tercile,ib_nonfarm_curr_n,Current nonfarm workers,nonfarm,provyear,-0.20869439281662588,0.09816347341908924,0.03350423642513106,1074.0,100.0,0.14750290360046459,ok
mech,signoff_or_issue_t,farm-orientation top tercile,ib_nonfarm_curr_ge2,At least two current nonfarm workers,nonfarm,stackyear,0.03420371970762253,0.026070408332587065,0.189528625076812,1082.0,102.0,0.016260162601626018,ok
mech,signoff_or_issue_t,farm-orientation top tercile,ib_nonfarm_curr_ge2,At least two current nonfarm workers,nonfarm,provyear,-0.024668710323686276,0.017295140680708487,0.15377090162370322,1074.0,100.0,0.016260162601626018,ok
mech,signoff_or_issue_t,farm-orientation top tercile,nonfarm_ge2_no_rentin,>=2 nonfarm workers without rent-in,nonfarm,stackyear,0.008139215337611728,0.02140587847492162,0.7037726749720863,1014.0,100.0,0.010876132930513595,ok
mech,signoff_or_issue_t,farm-orientation top tercile,nonfarm_ge2_no_rentin,>=2 nonfarm workers without rent-in,nonfarm,provyear,-0.025042138213339747,0.017623831550381292,0.15533864065404276,1008.0,99.0,0.010876132930513595,ok
mech,signoff_or_issue_t,farm-orientation top tercile,rentin_and_farm_any,Rent-in and own-farm production,rent-in,stackyear,0.03322569955222192,0.06864434764969246,0.6283668946768455,1014.0,100.0,0.17412333736396615,ok
mech,signoff_or_issue_t,farm-orientation top tercile,rentin_and_farm_any,Rent-in and own-farm production,rent-in,provyear,-0.3506701982502608,0.1382778234713939,0.011213220365667959,1008.0,99.0,0.17412333736396615,ok
mech,signoff_or_issue_t,farm-orientation top tercile,rb_farm_any,Any own-farm production,farm-exit,stackyear,-0.07464735106454838,0.06278124919811892,0.23443687289753723,1080.0,102.0,0.8981373690337602,ok
mech,signoff_or_issue_t,farm-orientation top tercile,rb_farm_any,Any own-farm production,farm-exit,provyear,-0.21938738564773447,0.10677911524641114,0.039918546985544354,1072.0,100.0,0.8981373690337602,ok
mech,signoff_or_issue_t,farm-orientation top tercile,asinh_rb_inc_farm_w99,asinh farm income,farm-exit,stackyear,-0.9234600582358266,0.7395275131318021,0.21176885774511456,1056.0,102.0,9.357195099499423,ok
mech,signoff_or_issue_t,farm-orientation top tercile,asinh_rb_inc_farm_w99,asinh farm income,farm-exit,provyear,-5.6834705214332075,2.182369301872419,0.009207122537202054,1048.0,100.0,9.357195099499423,ok
mech,signoff_or_issue_t,nonfarm-orientation top tercile,any_rentin,Any rented-in land,rent-in,stackyear,-0.050379657855324646,0.0590474971996199,0.39354527422889074,1244.0,108.0,0.09372114496768236,ok
mech,signoff_or_issue_t,nonfarm-orientation top tercile,any_rentin,Any rented-in land,rent-in,provyear,-0.13604067188972857,0.20217150687667584,0.501012596123781,1240.0,106.0,0.09372114496768236,ok
mech,signoff_or_issue_t,nonfarm-orientation top tercile,asinh_rentin,asinh rented-in area,rent-in,stackyear,-0.09075444351746162,0.12786936759841125,0.4778632551690448,1240.0,108.0,0.16230465568728117,ok
mech,signoff_or_issue_t,nonfarm-orientation top tercile,asinh_rentin,asinh rented-in area,rent-in,provyear,-0.08299573941340391,0.36111391454639113,0.8182218741053771,1236.0,106.0,0.16230465568728117,ok
mech,signoff_or_issue_t,nonfarm-orientation top tercile,ib_nonfarm_curr_n,Current nonfarm workers,nonfarm,stackyear,-0.18944603420960882,0.14656024095822076,0.19614408769733227,1310.0,112.0,1.2179775280898877,ok
mech,signoff_or_issue_t,nonfarm-orientation top tercile,ib_nonfarm_curr_n,Current nonfarm workers,nonfarm,provyear,-0.06123118117981355,0.2602388681456086,0.8139849149601525,1306.0,111.0,1.2179775280898877,ok
mech,signoff_or_issue_t,nonfarm-orientation top tercile,ib_nonfarm_curr_ge2,At least two current nonfarm workers,nonfarm,stackyear,-0.10460991955884202,0.09718632223834907,0.28175501557079596,1310.0,112.0,0.3092134831460674,ok
mech,signoff_or_issue_t,nonfarm-orientation top tercile,ib_nonfarm_curr_ge2,At least two current nonfarm workers,nonfarm,provyear,-0.06553913130595554,0.12710076903916334,0.6061009719090499,1306.0,111.0,0.3092134831460674,ok
mech,signoff_or_issue_t,nonfarm-orientation top tercile,nonfarm_ge2_no_rentin,>=2 nonfarm workers without rent-in,nonfarm,stackyear,0.013499500885545758,0.05584354634204175,0.8089832705939091,1244.0,108.0,0.2839335180055402,ok
mech,signoff_or_issue_t,nonfarm-orientation top tercile,nonfarm_ge2_no_rentin,>=2 nonfarm workers without rent-in,nonfarm,provyear,-0.03212955665785851,0.11276020452045517,0.7756923931551063,1240.0,106.0,0.2839335180055402,ok
mech,signoff_or_issue_t,nonfarm-orientation top tercile,rentin_and_farm_any,Rent-in and own-farm production,rent-in,stackyear,-0.06564866387133135,0.05461724176378269,0.22937247149061668,1242.0,108.0,0.08040665434380777,ok
mech,signoff_or_issue_t,nonfarm-orientation top tercile,rentin_and_farm_any,Rent-in and own-farm production,rent-in,provyear,-0.2098068934545862,0.16898762180578872,0.21440195868907685,1238.0,106.0,0.08040665434380777,ok
mech,signoff_or_issue_t,nonfarm-orientation top tercile,rb_farm_any,Any own-farm production,farm-exit,stackyear,-0.13742191183369096,0.06489574087283918,0.034210667995338874,1298.0,111.0,0.6705776173285198,ok
mech,signoff_or_issue_t,nonfarm-orientation top tercile,rb_farm_any,Any own-farm production,farm-exit,provyear,-0.2641985064843574,0.13645451308332815,0.052847447041790625,1294.0,110.0,0.6705776173285198,ok
mech,signoff_or_issue_t,nonfarm-orientation top tercile,asinh_rb_inc_farm_w99,asinh farm income,farm-exit,stackyear,-1.9310411453549114,0.6095139130134107,0.0015340399758846566,1282.0,111.0,5.021550703748972,ok
mech,signoff_or_issue_t,nonfarm-orientation top tercile,asinh_rb_inc_farm_w99,asinh farm income,farm-exit,provyear,-1.4291382676993991,1.4846842208137156,0.33575464220611995,1278.0,110.0,5.021550703748972,ok
