scope,anchor,design,a3_group,orientation,outcome,outcome_label,family,fe,term,b,se,p,N,clusters,mean_y,status
adjacent,completed_t,low insecurity: top-vs-bottom farmdep,low insecurity,farmdep,any_rentin,Any rented-in land,rent-in,stackyear,bottom group DID,-0.20597267124477986,0.11398321552672316,0.07075543881546151,1174,82,0.13736263736263737,ok
adjacent,completed_t,low insecurity: top-vs-bottom farmdep,low insecurity,farmdep,any_rentin,Any rented-in land,rent-in,stackyear,top farmdep-minus-bottom differential,0.20372599904055214,0.11334354706182856,0.07226891106172077,1174,82,0.13736263736263737,ok
adjacent,completed_t,low insecurity: top-vs-bottom farmdep,low insecurity,farmdep,any_rentin,Any rented-in land,rent-in,stackyear,top farmdep group DID,-0.002246672204227723,0.06776405853730669,0.9735515145751019,1174,82,0.13736263736263737,ok
adjacent,completed_t,low insecurity: top-vs-bottom farmdep,low insecurity,farmdep,any_rentin,Any rented-in land,rent-in,provyear,bottom group DID,-0.30982548805849097,0.09371365064312909,0.0009460868594982383,1166,80,0.13736263736263737,ok
adjacent,completed_t,low insecurity: top-vs-bottom farmdep,low insecurity,farmdep,any_rentin,Any rented-in land,rent-in,provyear,top farmdep-minus-bottom differential,0.07782700062652312,0.12874750560852952,0.5455157425087392,1166,80,0.13736263736263737,ok
adjacent,completed_t,low insecurity: top-vs-bottom farmdep,low insecurity,farmdep,any_rentin,Any rented-in land,rent-in,provyear,top farmdep group DID,-0.23199848743196785,0.16341131337627274,0.15568889663079236,1166,80,0.13736263736263737,ok
adjacent,completed_t,low insecurity: top-vs-bottom farmdep,low insecurity,farmdep,asinh_rentin,asinh rented-in area,rent-in,stackyear,bottom group DID,-0.41237585552478356,0.20040650755674463,0.03961923518374209,1174,82,0.2864212808148113,ok
adjacent,completed_t,low insecurity: top-vs-bottom farmdep,low insecurity,farmdep,asinh_rentin,asinh rented-in area,rent-in,stackyear,top farmdep-minus-bottom differential,0.34280390936251054,0.20736035245206466,0.09829431223032502,1174,82,0.2864212808148113,ok
adjacent,completed_t,low insecurity: top-vs-bottom farmdep,low insecurity,farmdep,asinh_rentin,asinh rented-in area,rent-in,stackyear,top farmdep group DID,-0.06957194616227302,0.12403701307739344,0.5748679881128878,1174,82,0.2864212808148113,ok
adjacent,completed_t,low insecurity: top-vs-bottom farmdep,low insecurity,farmdep,asinh_rentin,asinh rented-in area,rent-in,provyear,bottom group DID,-0.4737115782423148,0.1539626515423046,0.0020923886467946913,1166,80,0.2864212808148113,ok
adjacent,completed_t,low insecurity: top-vs-bottom farmdep,low insecurity,farmdep,asinh_rentin,asinh rented-in area,rent-in,provyear,top farmdep-minus-bottom differential,0.12521276855431718,0.2643370147435726,0.6357237697393436,1166,80,0.2864212808148113,ok
adjacent,completed_t,low insecurity: top-vs-bottom farmdep,low insecurity,farmdep,asinh_rentin,asinh rented-in area,rent-in,provyear,top farmdep group DID,-0.3484988096879976,0.33280742308924927,0.2950310715144,1166,80,0.2864212808148113,ok
adjacent,completed_t,low insecurity: top-vs-bottom farmdep,low insecurity,farmdep,rentin_and_farm_any,Rent-in and own-farm production,rent-in,stackyear,bottom group DID,-0.21073070307529812,0.11374594489240412,0.06393345096201014,1174,82,0.11944027986006997,ok
adjacent,completed_t,low insecurity: top-vs-bottom farmdep,low insecurity,farmdep,rentin_and_farm_any,Rent-in and own-farm production,rent-in,stackyear,top farmdep-minus-bottom differential,0.20103760900319048,0.11299137874720061,0.07520212249024767,1174,82,0.11944027986006997,ok
adjacent,completed_t,low insecurity: top-vs-bottom farmdep,low insecurity,farmdep,rentin_and_farm_any,Rent-in and own-farm production,rent-in,stackyear,top farmdep group DID,-0.009693094072107639,0.06741775673070034,0.8856769020970896,1174,82,0.11944027986006997,ok
adjacent,completed_t,low insecurity: top-vs-bottom farmdep,low insecurity,farmdep,rentin_and_farm_any,Rent-in and own-farm production,rent-in,provyear,bottom group DID,-0.3180363329375302,0.08681432374388146,0.0002488811309294639,1166,80,0.11944027986006997,ok
adjacent,completed_t,low insecurity: top-vs-bottom farmdep,low insecurity,farmdep,rentin_and_farm_any,Rent-in and own-farm production,rent-in,provyear,top farmdep-minus-bottom differential,0.08048369409019433,0.12765639544870003,0.528386271919081,1166,80,0.11944027986006997,ok
adjacent,completed_t,low insecurity: top-vs-bottom farmdep,low insecurity,farmdep,rentin_and_farm_any,Rent-in and own-farm production,rent-in,provyear,top farmdep group DID,-0.23755263884733585,0.15797640936325857,0.13265290244688263,1166,80,0.11944027986006997,ok
adjacent,completed_t,low insecurity: top-vs-bottom farmdep,low insecurity,farmdep,ib_nonfarm_curr_n,Current nonfarm workers,nonfarm,stackyear,bottom group DID,0.10914883953136602,0.1449998037589602,0.451599174381045,1232,83,0.5165530671859786,ok
adjacent,completed_t,low insecurity: top-vs-bottom farmdep,low insecurity,farmdep,ib_nonfarm_curr_n,Current nonfarm workers,nonfarm,stackyear,top farmdep-minus-bottom differential,-0.32348851197298945,0.16345633280233415,0.04781020040830898,1232,83,0.5165530671859786,ok
adjacent,completed_t,low insecurity: top-vs-bottom farmdep,low insecurity,farmdep,ib_nonfarm_curr_n,Current nonfarm workers,nonfarm,stackyear,top farmdep group DID,-0.21433967244162344,0.07748649858875754,0.005672155189077835,1232,83,0.5165530671859786,ok
adjacent,completed_t,low insecurity: top-vs-bottom farmdep,low insecurity,farmdep,ib_nonfarm_curr_n,Current nonfarm workers,nonfarm,provyear,bottom group DID,0.210954986440743,0.09193612168361381,0.02175708052195353,1228,82,0.5165530671859786,ok
adjacent,completed_t,low insecurity: top-vs-bottom farmdep,low insecurity,farmdep,ib_nonfarm_curr_n,Current nonfarm workers,nonfarm,provyear,top farmdep-minus-bottom differential,0.12677749221114484,0.1714245106007803,0.4595713360442032,1228,82,0.5165530671859786,ok
adjacent,completed_t,low insecurity: top-vs-bottom farmdep,low insecurity,farmdep,ib_nonfarm_curr_n,Current nonfarm workers,nonfarm,provyear,top farmdep group DID,0.3377324786518878,0.1485452322566995,0.022990031834059923,1228,82,0.5165530671859786,ok
adjacent,completed_t,low insecurity: top-vs-bottom farmdep,low insecurity,farmdep,ib_nonfarm_curr_ge2,At least two current nonfarm workers,nonfarm,stackyear,bottom group DID,0.023818982029536487,0.06595939184666362,0.718012843009868,1232,83,0.12609542356377798,ok
adjacent,completed_t,low insecurity: top-vs-bottom farmdep,low insecurity,farmdep,ib_nonfarm_curr_ge2,At least two current nonfarm workers,nonfarm,stackyear,top farmdep-minus-bottom differential,-0.07462223060042539,0.07810482361130569,0.33936974476674364,1232,83,0.12609542356377798,ok
adjacent,completed_t,low insecurity: top-vs-bottom farmdep,low insecurity,farmdep,ib_nonfarm_curr_ge2,At least two current nonfarm workers,nonfarm,stackyear,top farmdep group DID,-0.0508032485708889,0.04316473331874144,0.23921069485133395,1232,83,0.12609542356377798,ok
adjacent,completed_t,low insecurity: top-vs-bottom farmdep,low insecurity,farmdep,ib_nonfarm_curr_ge2,At least two current nonfarm workers,nonfarm,provyear,bottom group DID,0.06946370178453544,0.042205410406234295,0.09979500107316837,1228,82,0.12609542356377798,ok
adjacent,completed_t,low insecurity: top-vs-bottom farmdep,low insecurity,farmdep,ib_nonfarm_curr_ge2,At least two current nonfarm workers,nonfarm,provyear,top farmdep-minus-bottom differential,0.0536374232710336,0.11353616721560089,0.6366228381445045,1228,82,0.12609542356377798,ok
adjacent,completed_t,low insecurity: top-vs-bottom farmdep,low insecurity,farmdep,ib_nonfarm_curr_ge2,At least two current nonfarm workers,nonfarm,provyear,top farmdep group DID,0.12310112505556904,0.10104172752522382,0.2231025146054464,1228,82,0.12609542356377798,ok
adjacent,completed_t,low insecurity: top-vs-bottom farmdep,low insecurity,farmdep,nonfarm_ge2_no_rentin,>=2 nonfarm workers without rent-in,nonfarm,stackyear,bottom group DID,0.005950522956321514,0.05883953944989348,0.9194461797943472,1174,82,0.11538461538461539,ok
adjacent,completed_t,low insecurity: top-vs-bottom farmdep,low insecurity,farmdep,nonfarm_ge2_no_rentin,>=2 nonfarm workers without rent-in,nonfarm,stackyear,top farmdep-minus-bottom differential,-0.01311503912883841,0.06467497878748123,0.8393040065128947,1174,82,0.11538461538461539,ok
adjacent,completed_t,low insecurity: top-vs-bottom farmdep,low insecurity,farmdep,nonfarm_ge2_no_rentin,>=2 nonfarm workers without rent-in,nonfarm,stackyear,top farmdep group DID,-0.007164516172516897,0.027478867655295808,0.7943021043476189,1174,82,0.11538461538461539,ok
adjacent,completed_t,low insecurity: top-vs-bottom farmdep,low insecurity,farmdep,nonfarm_ge2_no_rentin,>=2 nonfarm workers without rent-in,nonfarm,provyear,bottom group DID,0.05657407062701692,0.04565172224048535,0.21525151929947928,1166,80,0.11538461538461539,ok
adjacent,completed_t,low insecurity: top-vs-bottom farmdep,low insecurity,farmdep,nonfarm_ge2_no_rentin,>=2 nonfarm workers without rent-in,nonfarm,provyear,top farmdep-minus-bottom differential,0.05535940092032106,0.11639403850737755,0.6343447059467264,1166,80,0.11538461538461539,ok
adjacent,completed_t,low insecurity: top-vs-bottom farmdep,low insecurity,farmdep,nonfarm_ge2_no_rentin,>=2 nonfarm workers without rent-in,nonfarm,provyear,top farmdep group DID,0.11193347154733799,0.10815417818448872,0.3006952642094255,1166,80,0.11538461538461539,ok
adjacent,completed_t,low insecurity: top-vs-bottom farmdep,low insecurity,farmdep,rb_farm_any,Any own-farm production,farm-exit,stackyear,bottom group DID,-0.1428591815372388,0.10444998488119857,0.17139719427732392,1226,82,0.7668292682926829,ok
adjacent,completed_t,low insecurity: top-vs-bottom farmdep,low insecurity,farmdep,rb_farm_any,Any own-farm production,farm-exit,stackyear,top farmdep-minus-bottom differential,0.13522164492580957,0.11414136492687113,0.23614173115226977,1226,82,0.7668292682926829,ok
adjacent,completed_t,low insecurity: top-vs-bottom farmdep,low insecurity,farmdep,rb_farm_any,Any own-farm production,farm-exit,stackyear,top farmdep group DID,-0.007637536611429241,0.04797215603996776,0.8735052377771215,1226,82,0.7668292682926829,ok
adjacent,completed_t,low insecurity: top-vs-bottom farmdep,low insecurity,farmdep,rb_farm_any,Any own-farm production,farm-exit,provyear,bottom group DID,-0.0966494702405642,0.11645156111680534,0.40656464014397353,1222,81,0.7668292682926829,ok
adjacent,completed_t,low insecurity: top-vs-bottom farmdep,low insecurity,farmdep,rb_farm_any,Any own-farm production,farm-exit,provyear,top farmdep-minus-bottom differential,0.3605174864280667,0.15727031729622706,0.02188586737152661,1222,81,0.7668292682926829,ok
adjacent,completed_t,low insecurity: top-vs-bottom farmdep,low insecurity,farmdep,rb_farm_any,Any own-farm production,farm-exit,provyear,top farmdep group DID,0.2638680161875025,0.16847607214731292,0.11730070255389553,1222,81,0.7668292682926829,ok
adjacent,completed_t,low insecurity: top-vs-bottom farmdep,low insecurity,farmdep,asinh_rb_inc_farm_w99,asinh farm income,farm-exit,stackyear,bottom group DID,-2.7562815932032962,0.9118003024543868,0.0025036454478803176,1210,83,6.273854553543186,ok
adjacent,completed_t,low insecurity: top-vs-bottom farmdep,low insecurity,farmdep,asinh_rb_inc_farm_w99,asinh farm income,farm-exit,stackyear,top farmdep-minus-bottom differential,1.5877167922756263,1.1705990868379301,0.17499470166027087,1210,83,6.273854553543186,ok
adjacent,completed_t,low insecurity: top-vs-bottom farmdep,low insecurity,farmdep,asinh_rb_inc_farm_w99,asinh farm income,farm-exit,stackyear,top farmdep group DID,-1.16856480092767,0.78751609085522,0.13784566981888619,1210,83,6.273854553543186,ok
adjacent,completed_t,low insecurity: top-vs-bottom farmdep,low insecurity,farmdep,asinh_rb_inc_farm_w99,asinh farm income,farm-exit,provyear,bottom group DID,-2.10544941030562,0.6814155820860357,0.0020027989306770507,1206,82,6.273854553543186,ok
adjacent,completed_t,low insecurity: top-vs-bottom farmdep,low insecurity,farmdep,asinh_rb_inc_farm_w99,asinh farm income,farm-exit,provyear,top farmdep-minus-bottom differential,0.36788749416530275,2.1110002041690143,0.8616519762958542,1206,82,6.273854553543186,ok
adjacent,completed_t,low insecurity: top-vs-bottom farmdep,low insecurity,farmdep,asinh_rb_inc_farm_w99,asinh farm income,farm-exit,provyear,top farmdep group DID,-1.737561916140317,2.1253854408673463,0.41362680648206973,1206,82,6.273854553543186,ok
adjacent,completed_t,low insecurity: top-vs-bottom farm_orientation,low insecurity,farm_orientation,any_rentin,Any rented-in land,rent-in,stackyear,bottom group DID,-0.11399314277669634,0.10612361316361142,0.2827534998620458,1198,83,0.1377952755905512,ok
adjacent,completed_t,low insecurity: top-vs-bottom farm_orientation,low insecurity,farm_orientation,any_rentin,Any rented-in land,rent-in,stackyear,top farm-orientation-minus-bottom differential,0.12508958384455765,0.1021375984062802,0.22068212225157102,1198,83,0.1377952755905512,ok
adjacent,completed_t,low insecurity: top-vs-bottom farm_orientation,low insecurity,farm_orientation,any_rentin,Any rented-in land,rent-in,stackyear,top farm-orientation group DID,0.011096441067861312,0.06845165715885425,0.8712221888859608,1198,83,0.1377952755905512,ok
adjacent,completed_t,low insecurity: top-vs-bottom farm_orientation,low insecurity,farm_orientation,any_rentin,Any rented-in land,rent-in,provyear,bottom group DID,-0.24499081456618776,0.09872748314439334,0.01308360456581014,1188,82,0.1377952755905512,ok
adjacent,completed_t,low insecurity: top-vs-bottom farm_orientation,low insecurity,farm_orientation,any_rentin,Any rented-in land,rent-in,provyear,top farm-orientation-minus-bottom differential,0.005920156486394903,0.10771766333157995,0.9561703774994597,1188,82,0.1377952755905512,ok
adjacent,completed_t,low insecurity: top-vs-bottom farm_orientation,low insecurity,farm_orientation,any_rentin,Any rented-in land,rent-in,provyear,top farm-orientation group DID,-0.23907065807979286,0.1494679691226152,0.10971453745013929,1188,82,0.1377952755905512,ok
adjacent,completed_t,low insecurity: top-vs-bottom farm_orientation,low insecurity,farm_orientation,asinh_rentin,asinh rented-in area,rent-in,stackyear,bottom group DID,-0.21516879053370805,0.18806712101405024,0.2525795275913676,1194,83,0.2929452900086305,ok
adjacent,completed_t,low insecurity: top-vs-bottom farm_orientation,low insecurity,farm_orientation,asinh_rentin,asinh rented-in area,rent-in,stackyear,top farm-orientation-minus-bottom differential,0.14845549784786669,0.1989743760177222,0.45560483604751056,1194,83,0.2929452900086305,ok
adjacent,completed_t,low insecurity: top-vs-bottom farm_orientation,low insecurity,farm_orientation,asinh_rentin,asinh rented-in area,rent-in,stackyear,top farm-orientation group DID,-0.06671329268584136,0.13371839682429443,0.6178435932780296,1194,83,0.2929452900086305,ok
adjacent,completed_t,low insecurity: top-vs-bottom farm_orientation,low insecurity,farm_orientation,asinh_rentin,asinh rented-in area,rent-in,provyear,bottom group DID,-0.3133192784982486,0.16918499463457026,0.06403544126472285,1184,82,0.2929452900086305,ok
adjacent,completed_t,low insecurity: top-vs-bottom farm_orientation,low insecurity,farm_orientation,asinh_rentin,asinh rented-in area,rent-in,provyear,top farm-orientation-minus-bottom differential,-0.033157225745821674,0.24296233083326144,0.8914492301354966,1184,82,0.2929452900086305,ok
adjacent,completed_t,low insecurity: top-vs-bottom farm_orientation,low insecurity,farm_orientation,asinh_rentin,asinh rented-in area,rent-in,provyear,top farm-orientation group DID,-0.3464765042440703,0.3163738219024228,0.273451323701831,1184,82,0.2929452900086305,ok
adjacent,completed_t,low insecurity: top-vs-bottom farm_orientation,low insecurity,farm_orientation,rentin_and_farm_any,Rent-in and own-farm production,rent-in,stackyear,bottom group DID,-0.1142011302869149,0.10492293076139456,0.27640589204353305,1196,83,0.1206896551724138,ok
adjacent,completed_t,low insecurity: top-vs-bottom farm_orientation,low insecurity,farm_orientation,rentin_and_farm_any,Rent-in and own-farm production,rent-in,stackyear,top farm-orientation-minus-bottom differential,0.1208720116562073,0.10058518371893141,0.22948441903376948,1196,83,0.1206896551724138,ok
adjacent,completed_t,low insecurity: top-vs-bottom farm_orientation,low insecurity,farm_orientation,rentin_and_farm_any,Rent-in and own-farm production,rent-in,stackyear,top farm-orientation group DID,0.006670881369292392,0.06782817810096484,0.9216546098445677,1196,83,0.1206896551724138,ok
adjacent,completed_t,low insecurity: top-vs-bottom farm_orientation,low insecurity,farm_orientation,rentin_and_farm_any,Rent-in and own-farm production,rent-in,provyear,bottom group DID,-0.25155239629658044,0.09490026804272252,0.008032451306658217,1186,82,0.1206896551724138,ok
adjacent,completed_t,low insecurity: top-vs-bottom farm_orientation,low insecurity,farm_orientation,rentin_and_farm_any,Rent-in and own-farm production,rent-in,provyear,top farm-orientation-minus-bottom differential,0.009997209709488055,0.10632944973688266,0.9250924114212957,1186,82,0.1206896551724138,ok
adjacent,completed_t,low insecurity: top-vs-bottom farm_orientation,low insecurity,farm_orientation,rentin_and_farm_any,Rent-in and own-farm production,rent-in,provyear,top farm-orientation group DID,-0.24155518658709238,0.14457043102010733,0.09475174432383329,1186,82,0.1206896551724138,ok
adjacent,completed_t,low insecurity: top-vs-bottom farm_orientation,low insecurity,farm_orientation,ib_nonfarm_curr_n,Current nonfarm workers,nonfarm,stackyear,bottom group DID,0.06344694227895681,0.241680623116029,0.7929175536730032,1262,84,0.5511961722488038,ok
adjacent,completed_t,low insecurity: top-vs-bottom farm_orientation,low insecurity,farm_orientation,ib_nonfarm_curr_n,Current nonfarm workers,nonfarm,stackyear,top farm-orientation-minus-bottom differential,-0.04684985304068656,0.27301574734428513,0.8637509972396652,1262,84,0.5511961722488038,ok
adjacent,completed_t,low insecurity: top-vs-bottom farm_orientation,low insecurity,farm_orientation,ib_nonfarm_curr_n,Current nonfarm workers,nonfarm,stackyear,top farm-orientation group DID,0.016597089238270246,0.10486432136544444,0.8742424454874126,1262,84,0.5511961722488038,ok
adjacent,completed_t,low insecurity: top-vs-bottom farm_orientation,low insecurity,farm_orientation,ib_nonfarm_curr_n,Current nonfarm workers,nonfarm,provyear,bottom group DID,0.2973364468473378,0.15875719112667094,0.06108210508230768,1254,83,0.5511961722488038,ok
adjacent,completed_t,low insecurity: top-vs-bottom farm_orientation,low insecurity,farm_orientation,ib_nonfarm_curr_n,Current nonfarm workers,nonfarm,provyear,top farm-orientation-minus-bottom differential,0.29670204659732985,0.3010225253788739,0.3243062067794954,1254,83,0.5511961722488038,ok
adjacent,completed_t,low insecurity: top-vs-bottom farm_orientation,low insecurity,farm_orientation,ib_nonfarm_curr_n,Current nonfarm workers,nonfarm,provyear,top farm-orientation group DID,0.5940384934446676,0.27571304477914993,0.031196794606239878,1254,83,0.5511961722488038,ok
adjacent,completed_t,low insecurity: top-vs-bottom farm_orientation,low insecurity,farm_orientation,ib_nonfarm_curr_ge2,At least two current nonfarm workers,nonfarm,stackyear,bottom group DID,-0.03554751143737368,0.11865872450327984,0.764499272599458,1262,84,0.1444976076555024,ok
adjacent,completed_t,low insecurity: top-vs-bottom farm_orientation,low insecurity,farm_orientation,ib_nonfarm_curr_ge2,At least two current nonfarm workers,nonfarm,stackyear,top farm-orientation-minus-bottom differential,0.0532532943489463,0.12073206225825667,0.65915030707072,1262,84,0.1444976076555024,ok
adjacent,completed_t,low insecurity: top-vs-bottom farm_orientation,low insecurity,farm_orientation,ib_nonfarm_curr_ge2,At least two current nonfarm workers,nonfarm,stackyear,top farm-orientation group DID,0.01770578291157262,0.025686808913859722,0.4906377917104968,1262,84,0.1444976076555024,ok
adjacent,completed_t,low insecurity: top-vs-bottom farm_orientation,low insecurity,farm_orientation,ib_nonfarm_curr_ge2,At least two current nonfarm workers,nonfarm,provyear,bottom group DID,0.09631888238442143,0.06537551778219787,0.14066549371389697,1254,83,0.1444976076555024,ok
adjacent,completed_t,low insecurity: top-vs-bottom farm_orientation,low insecurity,farm_orientation,ib_nonfarm_curr_ge2,At least two current nonfarm workers,nonfarm,provyear,top farm-orientation-minus-bottom differential,0.2107059171097504,0.1469879044215531,0.1517174155909258,1254,83,0.1444976076555024,ok
adjacent,completed_t,low insecurity: top-vs-bottom farm_orientation,low insecurity,farm_orientation,ib_nonfarm_curr_ge2,At least two current nonfarm workers,nonfarm,provyear,top farm-orientation group DID,0.30702479949417183,0.1272725920118041,0.01585048078073105,1254,83,0.1444976076555024,ok
adjacent,completed_t,low insecurity: top-vs-bottom farm_orientation,low insecurity,farm_orientation,nonfarm_ge2_no_rentin,>=2 nonfarm workers without rent-in,nonfarm,stackyear,bottom group DID,0.036553545466874074,0.0789301955207176,0.6432838641543217,1198,83,0.12992125984251968,ok
adjacent,completed_t,low insecurity: top-vs-bottom farm_orientation,low insecurity,farm_orientation,nonfarm_ge2_no_rentin,>=2 nonfarm workers without rent-in,nonfarm,stackyear,top farm-orientation-minus-bottom differential,-0.015242942413709503,0.08430820541119967,0.8565243873709877,1198,83,0.12992125984251968,ok
adjacent,completed_t,low insecurity: top-vs-bottom farm_orientation,low insecurity,farm_orientation,nonfarm_ge2_no_rentin,>=2 nonfarm workers without rent-in,nonfarm,stackyear,top farm-orientation group DID,0.02131060305316457,0.028854243580814398,0.4601739490085165,1198,83,0.12992125984251968,ok
adjacent,completed_t,low insecurity: top-vs-bottom farm_orientation,low insecurity,farm_orientation,nonfarm_ge2_no_rentin,>=2 nonfarm workers without rent-in,nonfarm,provyear,bottom group DID,0.12543330051392187,0.058919891245644576,0.033264298816329266,1188,82,0.12992125984251968,ok
adjacent,completed_t,low insecurity: top-vs-bottom farm_orientation,low insecurity,farm_orientation,nonfarm_ge2_no_rentin,>=2 nonfarm workers without rent-in,nonfarm,provyear,top farm-orientation-minus-bottom differential,0.06121626972200346,0.1437219426974479,0.6701548856603181,1188,82,0.12992125984251968,ok
adjacent,completed_t,low insecurity: top-vs-bottom farm_orientation,low insecurity,farm_orientation,nonfarm_ge2_no_rentin,>=2 nonfarm workers without rent-in,nonfarm,provyear,top farm-orientation group DID,0.18664957023592532,0.12810963661562502,0.1451296758789582,1188,82,0.12992125984251968,ok
adjacent,completed_t,low insecurity: top-vs-bottom farm_orientation,low insecurity,farm_orientation,rb_farm_any,Any own-farm production,farm-exit,stackyear,bottom group DID,-0.12903163881685914,0.0765227845946323,0.09176000283902554,1250,83,0.7743638982237158,ok
adjacent,completed_t,low insecurity: top-vs-bottom farm_orientation,low insecurity,farm_orientation,rb_farm_any,Any own-farm production,farm-exit,stackyear,top farm-orientation-minus-bottom differential,0.11150038372172748,0.08476136428033074,0.18835456168430775,1250,83,0.7743638982237158,ok
adjacent,completed_t,low insecurity: top-vs-bottom farm_orientation,low insecurity,farm_orientation,rb_farm_any,Any own-farm production,farm-exit,stackyear,top farm-orientation group DID,-0.017531255095131662,0.04521459746639414,0.6982125914271211,1250,83,0.7743638982237158,ok
adjacent,completed_t,low insecurity: top-vs-bottom farm_orientation,low insecurity,farm_orientation,rb_farm_any,Any own-farm production,farm-exit,provyear,bottom group DID,-0.11267533031837151,0.10176802325471479,0.26821691840397266,1242,82,0.7743638982237158,ok
adjacent,completed_t,low insecurity: top-vs-bottom farm_orientation,low insecurity,farm_orientation,rb_farm_any,Any own-farm production,farm-exit,provyear,top farm-orientation-minus-bottom differential,0.21164897140875033,0.08993309996335229,0.018602380455015645,1242,82,0.7743638982237158,ok
adjacent,completed_t,low insecurity: top-vs-bottom farm_orientation,low insecurity,farm_orientation,rb_farm_any,Any own-farm production,farm-exit,provyear,top farm-orientation group DID,0.09897364109037882,0.11632115520876662,0.39484415164813735,1242,82,0.7743638982237158,ok
adjacent,completed_t,low insecurity: top-vs-bottom farm_orientation,low insecurity,farm_orientation,asinh_rb_inc_farm_w99,asinh farm income,farm-exit,stackyear,bottom group DID,-2.91319571822989,0.8196072500097685,0.0003788711858596616,1228,84,6.419803738093013,ok
adjacent,completed_t,low insecurity: top-vs-bottom farm_orientation,low insecurity,farm_orientation,asinh_rb_inc_farm_w99,asinh farm income,farm-exit,stackyear,top farm-orientation-minus-bottom differential,1.5275701872831526,1.156491799330967,0.18654619525100968,1228,84,6.419803738093013,ok
adjacent,completed_t,low insecurity: top-vs-bottom farm_orientation,low insecurity,farm_orientation,asinh_rb_inc_farm_w99,asinh farm income,farm-exit,stackyear,top farm-orientation group DID,-1.3856255309467376,0.9390344639293214,0.14005523095279557,1228,84,6.419803738093013,ok
adjacent,completed_t,low insecurity: top-vs-bottom farm_orientation,low insecurity,farm_orientation,asinh_rb_inc_farm_w99,asinh farm income,farm-exit,provyear,bottom group DID,-1.738807846149931,0.7838127565761668,0.026527777377944733,1220,83,6.419803738093013,ok
adjacent,completed_t,low insecurity: top-vs-bottom farm_orientation,low insecurity,farm_orientation,asinh_rb_inc_farm_w99,asinh farm income,farm-exit,provyear,top farm-orientation-minus-bottom differential,1.8920239311819205,1.4454186249420136,0.190541158485797,1220,83,6.419803738093013,ok
adjacent,completed_t,low insecurity: top-vs-bottom farm_orientation,low insecurity,farm_orientation,asinh_rb_inc_farm_w99,asinh farm income,farm-exit,provyear,top farm-orientation group DID,0.15321608503198947,1.5951208014051625,0.9234785057441565,1220,83,6.419803738093013,ok
adjacent,completed_t,high insecurity: top-vs-bottom farmdep,high insecurity,farmdep,any_rentin,Any rented-in land,rent-in,stackyear,bottom group DID,0.03305536881552542,0.06558577153227177,0.6142598773488537,658,44,0.14109848484848486,ok
adjacent,completed_t,high insecurity: top-vs-bottom farmdep,high insecurity,farmdep,any_rentin,Any rented-in land,rent-in,stackyear,top farmdep-minus-bottom differential,0.1301012577170106,0.10705980886698395,0.22428206335247347,658,44,0.14109848484848486,ok
adjacent,completed_t,high insecurity: top-vs-bottom farmdep,high insecurity,farmdep,any_rentin,Any rented-in land,rent-in,stackyear,top farmdep group DID,0.16315662653253601,0.06624448507128719,0.01378004535283525,658,44,0.14109848484848486,ok
adjacent,completed_t,high insecurity: top-vs-bottom farmdep,high insecurity,farmdep,any_rentin,Any rented-in land,rent-in,provyear,bottom group DID,,,,656,44,0.14109848484848486,ok
adjacent,completed_t,high insecurity: top-vs-bottom farmdep,high insecurity,farmdep,any_rentin,Any rented-in land,rent-in,provyear,top farmdep-minus-bottom differential,,,,656,44,0.14109848484848486,ok
adjacent,completed_t,high insecurity: top-vs-bottom farmdep,high insecurity,farmdep,any_rentin,Any rented-in land,rent-in,provyear,top farmdep group DID,,,,656,44,0.14109848484848486,ok
adjacent,completed_t,high insecurity: top-vs-bottom farmdep,high insecurity,farmdep,asinh_rentin,asinh rented-in area,rent-in,stackyear,bottom group DID,0.050917194446258175,0.07667908249069444,0.5066712497508009,656,44,0.27206945070382943,ok
adjacent,completed_t,high insecurity: top-vs-bottom farmdep,high insecurity,farmdep,asinh_rentin,asinh rented-in area,rent-in,stackyear,top farmdep-minus-bottom differential,0.3253113906886681,0.1806839569820541,0.07179051968639215,656,44,0.27206945070382943,ok
adjacent,completed_t,high insecurity: top-vs-bottom farmdep,high insecurity,farmdep,asinh_rentin,asinh rented-in area,rent-in,stackyear,top farmdep group DID,0.3762285851349263,0.1501546234865174,0.012224115354860482,656,44,0.27206945070382943,ok
adjacent,completed_t,high insecurity: top-vs-bottom farmdep,high insecurity,farmdep,asinh_rentin,asinh rented-in area,rent-in,provyear,bottom group DID,,,,654,44,0.27206945070382943,ok
adjacent,completed_t,high insecurity: top-vs-bottom farmdep,high insecurity,farmdep,asinh_rentin,asinh rented-in area,rent-in,provyear,top farmdep-minus-bottom differential,,,,654,44,0.27206945070382943,ok
adjacent,completed_t,high insecurity: top-vs-bottom farmdep,high insecurity,farmdep,asinh_rentin,asinh rented-in area,rent-in,provyear,top farmdep group DID,,,,654,44,0.27206945070382943,ok
adjacent,completed_t,high insecurity: top-vs-bottom farmdep,high insecurity,farmdep,rentin_and_farm_any,Rent-in and own-farm production,rent-in,stackyear,bottom group DID,0.0142105187876334,0.06890861813860748,0.8366169852089227,658,44,0.12878787878787878,ok
adjacent,completed_t,high insecurity: top-vs-bottom farmdep,high insecurity,farmdep,rentin_and_farm_any,Rent-in and own-farm production,rent-in,stackyear,top farmdep-minus-bottom differential,0.16050154092614022,0.10772488747707257,0.13624508520493664,658,44,0.12878787878787878,ok
adjacent,completed_t,high insecurity: top-vs-bottom farmdep,high insecurity,farmdep,rentin_and_farm_any,Rent-in and own-farm production,rent-in,stackyear,top farmdep group DID,0.17471205971377363,0.06497820917593589,0.007171382848917771,658,44,0.12878787878787878,ok
adjacent,completed_t,high insecurity: top-vs-bottom farmdep,high insecurity,farmdep,rentin_and_farm_any,Rent-in and own-farm production,rent-in,provyear,bottom group DID,,,,656,44,0.12878787878787878,ok
adjacent,completed_t,high insecurity: top-vs-bottom farmdep,high insecurity,farmdep,rentin_and_farm_any,Rent-in and own-farm production,rent-in,provyear,top farmdep-minus-bottom differential,,,,656,44,0.12878787878787878,ok
adjacent,completed_t,high insecurity: top-vs-bottom farmdep,high insecurity,farmdep,rentin_and_farm_any,Rent-in and own-farm production,rent-in,provyear,top farmdep group DID,,,,656,44,0.12878787878787878,ok
adjacent,completed_t,high insecurity: top-vs-bottom farmdep,high insecurity,farmdep,ib_nonfarm_curr_n,Current nonfarm workers,nonfarm,stackyear,bottom group DID,0.647877043943361,0.11929651745232644,5.609798345071807e-08,690,45,0.73224043715847,ok
adjacent,completed_t,high insecurity: top-vs-bottom farmdep,high insecurity,farmdep,ib_nonfarm_curr_n,Current nonfarm workers,nonfarm,stackyear,top farmdep-minus-bottom differential,-0.4959226043035485,0.3218820472370913,0.1233906231199873,690,45,0.73224043715847,ok
adjacent,completed_t,high insecurity: top-vs-bottom farmdep,high insecurity,farmdep,ib_nonfarm_curr_n,Current nonfarm workers,nonfarm,stackyear,top farmdep group DID,0.15195443963981248,0.2940200443454162,0.6052841909614537,690,45,0.73224043715847,ok
adjacent,completed_t,high insecurity: top-vs-bottom farmdep,high insecurity,farmdep,ib_nonfarm_curr_n,Current nonfarm workers,nonfarm,provyear,bottom group DID,,,,688,45,0.73224043715847,ok
adjacent,completed_t,high insecurity: top-vs-bottom farmdep,high insecurity,farmdep,ib_nonfarm_curr_n,Current nonfarm workers,nonfarm,provyear,top farmdep-minus-bottom differential,,,,688,45,0.73224043715847,ok
adjacent,completed_t,high insecurity: top-vs-bottom farmdep,high insecurity,farmdep,ib_nonfarm_curr_n,Current nonfarm workers,nonfarm,provyear,top farmdep group DID,,,,688,45,0.73224043715847,ok
adjacent,completed_t,high insecurity: top-vs-bottom farmdep,high insecurity,farmdep,ib_nonfarm_curr_ge2,At least two current nonfarm workers,nonfarm,stackyear,bottom group DID,0.12009026679455706,0.04303622323473892,0.0052635442539033335,690,45,0.1885245901639344,ok
adjacent,completed_t,high insecurity: top-vs-bottom farmdep,high insecurity,farmdep,ib_nonfarm_curr_ge2,At least two current nonfarm workers,nonfarm,stackyear,top farmdep-minus-bottom differential,-0.07599493953189458,0.0641767834247813,0.23635368167968485,690,45,0.1885245901639344,ok
adjacent,completed_t,high insecurity: top-vs-bottom farmdep,high insecurity,farmdep,ib_nonfarm_curr_ge2,At least two current nonfarm workers,nonfarm,stackyear,top farmdep group DID,0.04409532726266248,0.045464021842724044,0.33209883481960967,690,45,0.1885245901639344,ok
adjacent,completed_t,high insecurity: top-vs-bottom farmdep,high insecurity,farmdep,ib_nonfarm_curr_ge2,At least two current nonfarm workers,nonfarm,provyear,bottom group DID,,,,688,45,0.1885245901639344,ok
adjacent,completed_t,high insecurity: top-vs-bottom farmdep,high insecurity,farmdep,ib_nonfarm_curr_ge2,At least two current nonfarm workers,nonfarm,provyear,top farmdep-minus-bottom differential,,,,688,45,0.1885245901639344,ok
adjacent,completed_t,high insecurity: top-vs-bottom farmdep,high insecurity,farmdep,ib_nonfarm_curr_ge2,At least two current nonfarm workers,nonfarm,provyear,top farmdep group DID,,,,688,45,0.1885245901639344,ok
adjacent,completed_t,high insecurity: top-vs-bottom farmdep,high insecurity,farmdep,nonfarm_ge2_no_rentin,>=2 nonfarm workers without rent-in,nonfarm,stackyear,bottom group DID,0.15224993921016214,0.04727497578532437,0.0012795888541431313,658,44,0.18276515151515152,ok
adjacent,completed_t,high insecurity: top-vs-bottom farmdep,high insecurity,farmdep,nonfarm_ge2_no_rentin,>=2 nonfarm workers without rent-in,nonfarm,stackyear,top farmdep-minus-bottom differential,-0.15803659548295676,0.05517463060374329,0.004179343506193232,658,44,0.18276515151515152,ok
adjacent,completed_t,high insecurity: top-vs-bottom farmdep,high insecurity,farmdep,nonfarm_ge2_no_rentin,>=2 nonfarm workers without rent-in,nonfarm,stackyear,top farmdep group DID,-0.005786656272794621,0.021748691584746353,0.7901859398237918,658,44,0.18276515151515152,ok
adjacent,completed_t,high insecurity: top-vs-bottom farmdep,high insecurity,farmdep,nonfarm_ge2_no_rentin,>=2 nonfarm workers without rent-in,nonfarm,provyear,bottom group DID,,,,656,44,0.18276515151515152,ok
adjacent,completed_t,high insecurity: top-vs-bottom farmdep,high insecurity,farmdep,nonfarm_ge2_no_rentin,>=2 nonfarm workers without rent-in,nonfarm,provyear,top farmdep-minus-bottom differential,,,,656,44,0.18276515151515152,ok
adjacent,completed_t,high insecurity: top-vs-bottom farmdep,high insecurity,farmdep,nonfarm_ge2_no_rentin,>=2 nonfarm workers without rent-in,nonfarm,provyear,top farmdep group DID,,,,656,44,0.18276515151515152,ok
adjacent,completed_t,high insecurity: top-vs-bottom farmdep,high insecurity,farmdep,rb_farm_any,Any own-farm production,farm-exit,stackyear,bottom group DID,-0.3357104761170019,0.06028297812750718,2.563379287055024e-08,688,45,0.7303473491773309,ok
adjacent,completed_t,high insecurity: top-vs-bottom farmdep,high insecurity,farmdep,rb_farm_any,Any own-farm production,farm-exit,stackyear,top farmdep-minus-bottom differential,0.18459456485553408,0.12672884496343567,0.14522393061491234,688,45,0.7303473491773309,ok
adjacent,completed_t,high insecurity: top-vs-bottom farmdep,high insecurity,farmdep,rb_farm_any,Any own-farm production,farm-exit,stackyear,top farmdep group DID,-0.1511159112614678,0.1038650620779023,0.14568993039476388,688,45,0.7303473491773309,ok
adjacent,completed_t,high insecurity: top-vs-bottom farmdep,high insecurity,farmdep,rb_farm_any,Any own-farm production,farm-exit,provyear,bottom group DID,,,,686,45,0.7303473491773309,ok
adjacent,completed_t,high insecurity: top-vs-bottom farmdep,high insecurity,farmdep,rb_farm_any,Any own-farm production,farm-exit,provyear,top farmdep-minus-bottom differential,,,,686,45,0.7303473491773309,ok
adjacent,completed_t,high insecurity: top-vs-bottom farmdep,high insecurity,farmdep,rb_farm_any,Any own-farm production,farm-exit,provyear,top farmdep group DID,,,,686,45,0.7303473491773309,ok
adjacent,completed_t,high insecurity: top-vs-bottom farmdep,high insecurity,farmdep,asinh_rb_inc_farm_w99,asinh farm income,farm-exit,stackyear,bottom group DID,-3.9217432676148394,0.6693220370369348,4.648864847915516e-09,688,45,5.6953750551011355,ok
adjacent,completed_t,high insecurity: top-vs-bottom farmdep,high insecurity,farmdep,asinh_rb_inc_farm_w99,asinh farm income,farm-exit,stackyear,top farmdep-minus-bottom differential,3.6370126558050226,0.9995203298808099,0.00027395602064666873,688,45,5.6953750551011355,ok
adjacent,completed_t,high insecurity: top-vs-bottom farmdep,high insecurity,farmdep,asinh_rb_inc_farm_w99,asinh farm income,farm-exit,stackyear,top farmdep group DID,-0.28473061180981674,0.5884588683766251,0.6284865520347631,688,45,5.6953750551011355,ok
adjacent,completed_t,high insecurity: top-vs-bottom farmdep,high insecurity,farmdep,asinh_rb_inc_farm_w99,asinh farm income,farm-exit,provyear,bottom group DID,,,,686,45,5.6953750551011355,ok
adjacent,completed_t,high insecurity: top-vs-bottom farmdep,high insecurity,farmdep,asinh_rb_inc_farm_w99,asinh farm income,farm-exit,provyear,top farmdep-minus-bottom differential,,,,686,45,5.6953750551011355,ok
adjacent,completed_t,high insecurity: top-vs-bottom farmdep,high insecurity,farmdep,asinh_rb_inc_farm_w99,asinh farm income,farm-exit,provyear,top farmdep group DID,,,,686,45,5.6953750551011355,ok
adjacent,completed_t,high insecurity: top-vs-bottom farm_orientation,high insecurity,farm_orientation,any_rentin,Any rented-in land,rent-in,stackyear,bottom group DID,0.04898809078519494,0.05878347535181813,0.4046389091959509,642,45,0.13575525812619502,ok
adjacent,completed_t,high insecurity: top-vs-bottom farm_orientation,high insecurity,farm_orientation,any_rentin,Any rented-in land,rent-in,stackyear,top farm-orientation-minus-bottom differential,0.18124297313501633,0.09583742243081828,0.05860427948258793,642,45,0.13575525812619502,ok
adjacent,completed_t,high insecurity: top-vs-bottom farm_orientation,high insecurity,farm_orientation,any_rentin,Any rented-in land,rent-in,stackyear,top farm-orientation group DID,0.23023106392021128,0.06055721296616109,0.00014360412661344987,642,45,0.13575525812619502,ok
adjacent,completed_t,high insecurity: top-vs-bottom farm_orientation,high insecurity,farm_orientation,any_rentin,Any rented-in land,rent-in,provyear,bottom group DID,,,,638,44,0.13575525812619502,ok
adjacent,completed_t,high insecurity: top-vs-bottom farm_orientation,high insecurity,farm_orientation,any_rentin,Any rented-in land,rent-in,provyear,top farm-orientation-minus-bottom differential,,,,638,44,0.13575525812619502,ok
adjacent,completed_t,high insecurity: top-vs-bottom farm_orientation,high insecurity,farm_orientation,any_rentin,Any rented-in land,rent-in,provyear,top farm-orientation group DID,,,,638,44,0.13575525812619502,ok
adjacent,completed_t,high insecurity: top-vs-bottom farm_orientation,high insecurity,farm_orientation,asinh_rentin,asinh rented-in area,rent-in,stackyear,bottom group DID,0.06784998751557199,0.07086042786415762,0.3383069167465067,640,45,0.26870801986240955,ok
adjacent,completed_t,high insecurity: top-vs-bottom farm_orientation,high insecurity,farm_orientation,asinh_rentin,asinh rented-in area,rent-in,stackyear,top farm-orientation-minus-bottom differential,0.40873517189520825,0.17463058972127107,0.019254313109663686,640,45,0.26870801986240955,ok
adjacent,completed_t,high insecurity: top-vs-bottom farm_orientation,high insecurity,farm_orientation,asinh_rentin,asinh rented-in area,rent-in,stackyear,top farm-orientation group DID,0.4765851594107802,0.13978135433762792,0.0006508099946671166,640,45,0.26870801986240955,ok
adjacent,completed_t,high insecurity: top-vs-bottom farm_orientation,high insecurity,farm_orientation,asinh_rentin,asinh rented-in area,rent-in,provyear,bottom group DID,,,,636,44,0.26870801986240955,ok
adjacent,completed_t,high insecurity: top-vs-bottom farm_orientation,high insecurity,farm_orientation,asinh_rentin,asinh rented-in area,rent-in,provyear,top farm-orientation-minus-bottom differential,,,,636,44,0.26870801986240955,ok
adjacent,completed_t,high insecurity: top-vs-bottom farm_orientation,high insecurity,farm_orientation,asinh_rentin,asinh rented-in area,rent-in,provyear,top farm-orientation group DID,,,,636,44,0.26870801986240955,ok
adjacent,completed_t,high insecurity: top-vs-bottom farm_orientation,high insecurity,farm_orientation,rentin_and_farm_any,Rent-in and own-farm production,rent-in,stackyear,bottom group DID,0.04490552966163471,0.06071701645781636,0.45955049610860876,642,45,0.124282982791587,ok
adjacent,completed_t,high insecurity: top-vs-bottom farm_orientation,high insecurity,farm_orientation,rentin_and_farm_any,Rent-in and own-farm production,rent-in,stackyear,top farm-orientation-minus-bottom differential,0.1273709740197092,0.09152111101779722,0.16400980720785285,642,45,0.124282982791587,ok
adjacent,completed_t,high insecurity: top-vs-bottom farm_orientation,high insecurity,farm_orientation,rentin_and_farm_any,Rent-in and own-farm production,rent-in,stackyear,top farm-orientation group DID,0.17227650368134392,0.051208908500889334,0.0007676864180518043,642,45,0.124282982791587,ok
adjacent,completed_t,high insecurity: top-vs-bottom farm_orientation,high insecurity,farm_orientation,rentin_and_farm_any,Rent-in and own-farm production,rent-in,provyear,bottom group DID,,,,638,44,0.124282982791587,ok
adjacent,completed_t,high insecurity: top-vs-bottom farm_orientation,high insecurity,farm_orientation,rentin_and_farm_any,Rent-in and own-farm production,rent-in,provyear,top farm-orientation-minus-bottom differential,,,,638,44,0.124282982791587,ok
adjacent,completed_t,high insecurity: top-vs-bottom farm_orientation,high insecurity,farm_orientation,rentin_and_farm_any,Rent-in and own-farm production,rent-in,provyear,top farm-orientation group DID,,,,638,44,0.124282982791587,ok
adjacent,completed_t,high insecurity: top-vs-bottom farm_orientation,high insecurity,farm_orientation,ib_nonfarm_curr_n,Current nonfarm workers,nonfarm,stackyear,bottom group DID,0.6419028103146731,0.12182273359001165,1.370535405342448e-07,678,46,0.7908256880733945,ok
adjacent,completed_t,high insecurity: top-vs-bottom farm_orientation,high insecurity,farm_orientation,ib_nonfarm_curr_n,Current nonfarm workers,nonfarm,stackyear,top farm-orientation-minus-bottom differential,-0.4135885219287397,0.24470489454989292,0.09099883572671741,678,46,0.7908256880733945,ok
adjacent,completed_t,high insecurity: top-vs-bottom farm_orientation,high insecurity,farm_orientation,ib_nonfarm_curr_n,Current nonfarm workers,nonfarm,stackyear,top farm-orientation group DID,0.22831428838593343,0.2050561292954273,0.26552663869924875,678,46,0.7908256880733945,ok
adjacent,completed_t,high insecurity: top-vs-bottom farm_orientation,high insecurity,farm_orientation,ib_nonfarm_curr_n,Current nonfarm workers,nonfarm,provyear,bottom group DID,,,,674,45,0.7908256880733945,ok
adjacent,completed_t,high insecurity: top-vs-bottom farm_orientation,high insecurity,farm_orientation,ib_nonfarm_curr_n,Current nonfarm workers,nonfarm,provyear,top farm-orientation-minus-bottom differential,,,,674,45,0.7908256880733945,ok
adjacent,completed_t,high insecurity: top-vs-bottom farm_orientation,high insecurity,farm_orientation,ib_nonfarm_curr_n,Current nonfarm workers,nonfarm,provyear,top farm-orientation group DID,,,,674,45,0.7908256880733945,ok
adjacent,completed_t,high insecurity: top-vs-bottom farm_orientation,high insecurity,farm_orientation,ib_nonfarm_curr_ge2,At least two current nonfarm workers,nonfarm,stackyear,bottom group DID,0.12446303196739372,0.048047925197035275,0.00958662862304058,678,46,0.21467889908256882,ok
adjacent,completed_t,high insecurity: top-vs-bottom farm_orientation,high insecurity,farm_orientation,ib_nonfarm_curr_ge2,At least two current nonfarm workers,nonfarm,stackyear,top farm-orientation-minus-bottom differential,-0.03893413023568123,0.06253658280544859,0.5335594588724094,678,46,0.21467889908256882,ok
adjacent,completed_t,high insecurity: top-vs-bottom farm_orientation,high insecurity,farm_orientation,ib_nonfarm_curr_ge2,At least two current nonfarm workers,nonfarm,stackyear,top farm-orientation group DID,0.08552890173171249,0.03571434346882607,0.016629189489781926,678,46,0.21467889908256882,ok
adjacent,completed_t,high insecurity: top-vs-bottom farm_orientation,high insecurity,farm_orientation,ib_nonfarm_curr_ge2,At least two current nonfarm workers,nonfarm,provyear,bottom group DID,,,,674,45,0.21467889908256882,ok
adjacent,completed_t,high insecurity: top-vs-bottom farm_orientation,high insecurity,farm_orientation,ib_nonfarm_curr_ge2,At least two current nonfarm workers,nonfarm,provyear,top farm-orientation-minus-bottom differential,,,,674,45,0.21467889908256882,ok
adjacent,completed_t,high insecurity: top-vs-bottom farm_orientation,high insecurity,farm_orientation,ib_nonfarm_curr_ge2,At least two current nonfarm workers,nonfarm,provyear,top farm-orientation group DID,,,,674,45,0.21467889908256882,ok
adjacent,completed_t,high insecurity: top-vs-bottom farm_orientation,high insecurity,farm_orientation,nonfarm_ge2_no_rentin,>=2 nonfarm workers without rent-in,nonfarm,stackyear,bottom group DID,0.14846430813365474,0.05710787417088689,0.009330068351915946,642,45,0.21032504780114722,ok
adjacent,completed_t,high insecurity: top-vs-bottom farm_orientation,high insecurity,farm_orientation,nonfarm_ge2_no_rentin,>=2 nonfarm workers without rent-in,nonfarm,stackyear,top farm-orientation-minus-bottom differential,-0.15889578068266685,0.05994587730751735,0.008033608884448849,642,45,0.21032504780114722,ok
adjacent,completed_t,high insecurity: top-vs-bottom farm_orientation,high insecurity,farm_orientation,nonfarm_ge2_no_rentin,>=2 nonfarm workers without rent-in,nonfarm,stackyear,top farm-orientation group DID,-0.01043147254901211,0.01181380054764493,0.37724145482315796,642,45,0.21032504780114722,ok
adjacent,completed_t,high insecurity: top-vs-bottom farm_orientation,high insecurity,farm_orientation,nonfarm_ge2_no_rentin,>=2 nonfarm workers without rent-in,nonfarm,provyear,bottom group DID,,,,638,44,0.21032504780114722,ok
adjacent,completed_t,high insecurity: top-vs-bottom farm_orientation,high insecurity,farm_orientation,nonfarm_ge2_no_rentin,>=2 nonfarm workers without rent-in,nonfarm,provyear,top farm-orientation-minus-bottom differential,,,,638,44,0.21032504780114722,ok
adjacent,completed_t,high insecurity: top-vs-bottom farm_orientation,high insecurity,farm_orientation,nonfarm_ge2_no_rentin,>=2 nonfarm workers without rent-in,nonfarm,provyear,top farm-orientation group DID,,,,638,44,0.21032504780114722,ok
adjacent,completed_t,high insecurity: top-vs-bottom farm_orientation,high insecurity,farm_orientation,rb_farm_any,Any own-farm production,farm-exit,stackyear,bottom group DID,-0.328523442720972,0.055550667812918036,3.3401498840512235e-09,676,46,0.7191528545119705,ok
adjacent,completed_t,high insecurity: top-vs-bottom farm_orientation,high insecurity,farm_orientation,rb_farm_any,Any own-farm production,farm-exit,stackyear,top farm-orientation-minus-bottom differential,0.19888548267365547,0.1654708073541927,0.2293879450263172,676,46,0.7191528545119705,ok
adjacent,completed_t,high insecurity: top-vs-bottom farm_orientation,high insecurity,farm_orientation,rb_farm_any,Any own-farm production,farm-exit,stackyear,top farm-orientation group DID,-0.12963796004731654,0.14533398075910908,0.3723927509052928,676,46,0.7191528545119705,ok
adjacent,completed_t,high insecurity: top-vs-bottom farm_orientation,high insecurity,farm_orientation,rb_farm_any,Any own-farm production,farm-exit,provyear,bottom group DID,,,,672,45,0.7191528545119705,ok
adjacent,completed_t,high insecurity: top-vs-bottom farm_orientation,high insecurity,farm_orientation,rb_farm_any,Any own-farm production,farm-exit,provyear,top farm-orientation-minus-bottom differential,,,,672,45,0.7191528545119705,ok
adjacent,completed_t,high insecurity: top-vs-bottom farm_orientation,high insecurity,farm_orientation,rb_farm_any,Any own-farm production,farm-exit,provyear,top farm-orientation group DID,,,,672,45,0.7191528545119705,ok
adjacent,completed_t,high insecurity: top-vs-bottom farm_orientation,high insecurity,farm_orientation,asinh_rb_inc_farm_w99,asinh farm income,farm-exit,stackyear,bottom group DID,-3.2967662666186497,0.5484431348916159,1.842277812202032e-09,668,46,5.667206715261759,ok
adjacent,completed_t,high insecurity: top-vs-bottom farm_orientation,high insecurity,farm_orientation,asinh_rb_inc_farm_w99,asinh farm income,farm-exit,stackyear,top farm-orientation-minus-bottom differential,2.9090185049986808,0.8010998757448528,0.00028201825922296334,668,46,5.667206715261759,ok
adjacent,completed_t,high insecurity: top-vs-bottom farm_orientation,high insecurity,farm_orientation,asinh_rb_inc_farm_w99,asinh farm income,farm-exit,stackyear,top farm-orientation group DID,-0.38774776161996893,0.44887203959861194,0.38768296481468334,668,46,5.667206715261759,ok
adjacent,completed_t,high insecurity: top-vs-bottom farm_orientation,high insecurity,farm_orientation,asinh_rb_inc_farm_w99,asinh farm income,farm-exit,provyear,bottom group DID,,,,664,45,5.667206715261759,ok
adjacent,completed_t,high insecurity: top-vs-bottom farm_orientation,high insecurity,farm_orientation,asinh_rb_inc_farm_w99,asinh farm income,farm-exit,provyear,top farm-orientation-minus-bottom differential,,,,664,45,5.667206715261759,ok
adjacent,completed_t,high insecurity: top-vs-bottom farm_orientation,high insecurity,farm_orientation,asinh_rb_inc_farm_w99,asinh farm income,farm-exit,provyear,top farm-orientation group DID,,,,664,45,5.667206715261759,ok
adjacent,completed_t,high-minus-low A3 within farmdep bottom,high-minus-low,farmdep bottom,any_rentin,Any rented-in land,rent-in,stackyear,low-insecurity DID,-0.20561379126884063,0.11498492108618738,0.07374689468018758,798,88,0.09140518417462483,ok
adjacent,completed_t,high-minus-low A3 within farmdep bottom,high-minus-low,farmdep bottom,any_rentin,Any rented-in land,rent-in,stackyear,high-minus-low differential,0.15190873050190884,0.13303791284340752,0.25351828201017923,798,88,0.09140518417462483,ok
adjacent,completed_t,high-minus-low A3 within farmdep bottom,high-minus-low,farmdep bottom,any_rentin,Any rented-in land,rent-in,stackyear,high-insecurity DID,-0.053705060766931795,0.060364950391081335,0.37364154693851703,798,88,0.09140518417462483,ok
adjacent,completed_t,high-minus-low A3 within farmdep bottom,high-minus-low,farmdep bottom,any_rentin,Any rented-in land,rent-in,provyear,low-insecurity DID,-0.2891292948288429,0.09779173758386386,0.003110694672305624,788,87,0.09140518417462483,ok
adjacent,completed_t,high-minus-low A3 within farmdep bottom,high-minus-low,farmdep bottom,any_rentin,Any rented-in land,rent-in,provyear,high-minus-low differential,-0.04721201559514241,0.04624022016078769,0.3072467459206917,788,87,0.09140518417462483,ok
adjacent,completed_t,high-minus-low A3 within farmdep bottom,high-minus-low,farmdep bottom,any_rentin,Any rented-in land,rent-in,provyear,high-insecurity DID,-0.33634131042398535,0.09714982285699761,0.0005360003404758539,788,87,0.09140518417462483,ok
adjacent,completed_t,high-minus-low A3 within farmdep bottom,high-minus-low,farmdep bottom,asinh_rentin,asinh rented-in area,rent-in,stackyear,low-insecurity DID,-0.41409227322598724,0.19628387316741108,0.034887635820052,796,88,0.138906599498932,ok
adjacent,completed_t,high-minus-low A3 within farmdep bottom,high-minus-low,farmdep bottom,asinh_rentin,asinh rented-in area,rent-in,stackyear,high-minus-low differential,0.3628528360362724,0.2404177499650174,0.13123241331943078,796,88,0.138906599498932,ok
adjacent,completed_t,high-minus-low A3 within farmdep bottom,high-minus-low,farmdep bottom,asinh_rentin,asinh rented-in area,rent-in,stackyear,high-insecurity DID,-0.051239437189714854,0.08498672322721114,0.5465678438138687,796,88,0.138906599498932,ok
adjacent,completed_t,high-minus-low A3 within farmdep bottom,high-minus-low,farmdep bottom,asinh_rentin,asinh rented-in area,rent-in,provyear,low-insecurity DID,-0.4054194824550019,0.17506372643554294,0.02056703683344966,786,87,0.138906599498932,ok
adjacent,completed_t,high-minus-low A3 within farmdep bottom,high-minus-low,farmdep bottom,asinh_rentin,asinh rented-in area,rent-in,provyear,high-minus-low differential,-0.02811032193018214,0.07719040756918978,0.7157321200635784,786,87,0.138906599498932,ok
adjacent,completed_t,high-minus-low A3 within farmdep bottom,high-minus-low,farmdep bottom,asinh_rentin,asinh rented-in area,rent-in,provyear,high-insecurity DID,-0.43352980438518407,0.17536144807750592,0.013428172731924471,786,87,0.138906599498932,ok
adjacent,completed_t,high-minus-low A3 within farmdep bottom,high-minus-low,farmdep bottom,rentin_and_farm_any,Rent-in and own-farm production,rent-in,stackyear,low-insecurity DID,-0.20990295396420067,0.1161209898099605,0.07066522019685559,798,88,0.07366984993178717,ok
adjacent,completed_t,high-minus-low A3 within farmdep bottom,high-minus-low,farmdep bottom,rentin_and_farm_any,Rent-in and own-farm production,rent-in,stackyear,high-minus-low differential,0.17036677120268032,0.13466489393565448,0.2058295904435926,798,88,0.07366984993178717,ok
adjacent,completed_t,high-minus-low A3 within farmdep bottom,high-minus-low,farmdep bottom,rentin_and_farm_any,Rent-in and own-farm production,rent-in,stackyear,high-insecurity DID,-0.03953618276152035,0.06218012498594406,0.5248851989667089,798,88,0.07366984993178717,ok
adjacent,completed_t,high-minus-low A3 within farmdep bottom,high-minus-low,farmdep bottom,rentin_and_farm_any,Rent-in and own-farm production,rent-in,provyear,low-insecurity DID,-0.2880539342509658,0.0956169129399481,0.0025903416274994312,788,87,0.07366984993178717,ok
adjacent,completed_t,high-minus-low A3 within farmdep bottom,high-minus-low,farmdep bottom,rentin_and_farm_any,Rent-in and own-farm production,rent-in,provyear,high-minus-low differential,-0.028253293808011965,0.04692031136225707,0.5470710557635898,788,87,0.07366984993178717,ok
adjacent,completed_t,high-minus-low A3 within farmdep bottom,high-minus-low,farmdep bottom,rentin_and_farm_any,Rent-in and own-farm production,rent-in,provyear,high-insecurity DID,-0.31630722805897776,0.09323694847569149,0.000692555450639152,788,87,0.07366984993178717,ok
adjacent,completed_t,high-minus-low A3 within farmdep bottom,high-minus-low,farmdep bottom,ib_nonfarm_curr_n,Current nonfarm workers,nonfarm,stackyear,low-insecurity DID,0.10758122606720649,0.14601762646090022,0.4612629820230294,824,90,1.0026702269692924,ok
adjacent,completed_t,high-minus-low A3 within farmdep bottom,high-minus-low,farmdep bottom,ib_nonfarm_curr_n,Current nonfarm workers,nonfarm,stackyear,high-minus-low differential,0.5662212279556961,0.18957210897448595,0.0028187880962244425,824,90,1.0026702269692924,ok
adjacent,completed_t,high-minus-low A3 within farmdep bottom,high-minus-low,farmdep bottom,ib_nonfarm_curr_n,Current nonfarm workers,nonfarm,stackyear,high-insecurity DID,0.6738024540229026,0.11991807471734789,1.9222541935448703e-08,824,90,1.0026702269692924,ok
adjacent,completed_t,high-minus-low A3 within farmdep bottom,high-minus-low,farmdep bottom,ib_nonfarm_curr_n,Current nonfarm workers,nonfarm,provyear,low-insecurity DID,0.244788196745328,0.12816488974369347,0.05613998738758266,816,90,1.0026702269692924,ok
adjacent,completed_t,high-minus-low A3 within farmdep bottom,high-minus-low,farmdep bottom,ib_nonfarm_curr_n,Current nonfarm workers,nonfarm,provyear,high-minus-low differential,1.54292483942221,0.10402069688669172,8.981776602595998e-50,816,90,1.0026702269692924,ok
adjacent,completed_t,high-minus-low A3 within farmdep bottom,high-minus-low,farmdep bottom,ib_nonfarm_curr_n,Current nonfarm workers,nonfarm,provyear,high-insecurity DID,1.787713036167538,0.15321967799110287,1.8651177040172266e-31,816,90,1.0026702269692924,ok
adjacent,completed_t,high-minus-low A3 within farmdep bottom,high-minus-low,farmdep bottom,ib_nonfarm_curr_ge2,At least two current nonfarm workers,nonfarm,stackyear,low-insecurity DID,0.023108036084225923,0.06510402757582427,0.7226343969979983,824,90,0.2703604806408545,ok
adjacent,completed_t,high-minus-low A3 within farmdep bottom,high-minus-low,farmdep bottom,ib_nonfarm_curr_ge2,At least two current nonfarm workers,nonfarm,stackyear,high-minus-low differential,0.0852012044630245,0.0904852624741353,0.3463958774180068,824,90,0.2703604806408545,ok
adjacent,completed_t,high-minus-low A3 within farmdep bottom,high-minus-low,farmdep bottom,ib_nonfarm_curr_ge2,At least two current nonfarm workers,nonfarm,stackyear,high-insecurity DID,0.10830924054725041,0.05723870485149512,0.058459305017255624,824,90,0.2703604806408545,ok
adjacent,completed_t,high-minus-low A3 within farmdep bottom,high-minus-low,farmdep bottom,ib_nonfarm_curr_ge2,At least two current nonfarm workers,nonfarm,provyear,low-insecurity DID,0.0706189341294365,0.06508925992541019,0.2779414766593834,816,90,0.2703604806408545,ok
adjacent,completed_t,high-minus-low A3 within farmdep bottom,high-minus-low,farmdep bottom,ib_nonfarm_curr_ge2,At least two current nonfarm workers,nonfarm,provyear,high-minus-low differential,0.09596694400545343,0.049264748585193176,0.05141687280865163,816,90,0.2703604806408545,ok
adjacent,completed_t,high-minus-low A3 within farmdep bottom,high-minus-low,farmdep bottom,ib_nonfarm_curr_ge2,At least two current nonfarm workers,nonfarm,provyear,high-insecurity DID,0.16658587813488993,0.07508702770703549,0.026515946086988373,816,90,0.2703604806408545,ok
adjacent,completed_t,high-minus-low A3 within farmdep bottom,high-minus-low,farmdep bottom,nonfarm_ge2_no_rentin,>=2 nonfarm workers without rent-in,nonfarm,stackyear,low-insecurity DID,0.0056311380770533975,0.05872614458741595,0.9236094505554637,798,88,0.25852660300136426,ok
adjacent,completed_t,high-minus-low A3 within farmdep bottom,high-minus-low,farmdep bottom,nonfarm_ge2_no_rentin,>=2 nonfarm workers without rent-in,nonfarm,stackyear,high-minus-low differential,0.12199079658262843,0.0843398341448791,0.1480595230513999,798,88,0.25852660300136426,ok
adjacent,completed_t,high-minus-low A3 within farmdep bottom,high-minus-low,farmdep bottom,nonfarm_ge2_no_rentin,>=2 nonfarm workers without rent-in,nonfarm,stackyear,high-insecurity DID,0.12762193465968183,0.061627968986634,0.03837333916092641,798,88,0.25852660300136426,ok
adjacent,completed_t,high-minus-low A3 within farmdep bottom,high-minus-low,farmdep bottom,nonfarm_ge2_no_rentin,>=2 nonfarm workers without rent-in,nonfarm,provyear,low-insecurity DID,0.05246285898111034,0.07405897508610809,0.47870124289977667,788,87,0.25852660300136426,ok
adjacent,completed_t,high-minus-low A3 within farmdep bottom,high-minus-low,farmdep bottom,nonfarm_ge2_no_rentin,>=2 nonfarm workers without rent-in,nonfarm,provyear,high-minus-low differential,0.13432455387734618,0.05253004798301022,0.01055490539063535,788,87,0.25852660300136426,ok
adjacent,completed_t,high-minus-low A3 within farmdep bottom,high-minus-low,farmdep bottom,nonfarm_ge2_no_rentin,>=2 nonfarm workers without rent-in,nonfarm,provyear,high-insecurity DID,0.18678741285845651,0.07879496799913033,0.01776164047367635,788,87,0.25852660300136426,ok
adjacent,completed_t,high-minus-low A3 within farmdep bottom,high-minus-low,farmdep bottom,rb_farm_any,Any own-farm production,farm-exit,stackyear,low-insecurity DID,-0.13709976731430384,0.09930806095638484,0.16741729235954883,816,89,0.5942320590207915,ok
adjacent,completed_t,high-minus-low A3 within farmdep bottom,high-minus-low,farmdep bottom,rb_farm_any,Any own-farm production,farm-exit,stackyear,high-minus-low differential,-0.15942606333490245,0.1230983506150633,0.19528184168558194,816,89,0.5942320590207915,ok
adjacent,completed_t,high-minus-low A3 within farmdep bottom,high-minus-low,farmdep bottom,rb_farm_any,Any own-farm production,farm-exit,stackyear,high-insecurity DID,-0.2965258306492063,0.06843662949641527,1.4718963545638882e-05,816,89,0.5942320590207915,ok
adjacent,completed_t,high-minus-low A3 within farmdep bottom,high-minus-low,farmdep bottom,rb_farm_any,Any own-farm production,farm-exit,provyear,low-insecurity DID,0.008139239407831747,0.14768647696605083,0.956049547370338,808,89,0.5942320590207915,ok
adjacent,completed_t,high-minus-low A3 within farmdep bottom,high-minus-low,farmdep bottom,rb_farm_any,Any own-farm production,farm-exit,provyear,high-minus-low differential,-0.39437854589850685,0.07820633066550421,4.587790677524969e-07,808,89,0.5942320590207915,ok
adjacent,completed_t,high-minus-low A3 within farmdep bottom,high-minus-low,farmdep bottom,rb_farm_any,Any own-farm production,farm-exit,provyear,high-insecurity DID,-0.3862393064906751,0.1656073004066107,0.019687009814408806,808,89,0.5942320590207915,ok
adjacent,completed_t,high-minus-low A3 within farmdep bottom,high-minus-low,farmdep bottom,asinh_rb_inc_farm_w99,asinh farm income,farm-exit,stackyear,low-insecurity DID,-2.6214305644028815,0.8491695260426854,0.002021521658378764,816,90,2.364325626364282,ok
adjacent,completed_t,high-minus-low A3 within farmdep bottom,high-minus-low,farmdep bottom,asinh_rb_inc_farm_w99,asinh farm income,farm-exit,stackyear,high-minus-low differential,-0.42199557480826844,1.0725938099630075,0.693998478642768,816,90,2.364325626364282,ok
adjacent,completed_t,high-minus-low A3 within farmdep bottom,high-minus-low,farmdep bottom,asinh_rb_inc_farm_w99,asinh farm income,farm-exit,stackyear,high-insecurity DID,-3.04342613921115,0.6197534160402175,9.074957114575444e-07,816,90,2.364325626364282,ok
adjacent,completed_t,high-minus-low A3 within farmdep bottom,high-minus-low,farmdep bottom,asinh_rb_inc_farm_w99,asinh farm income,farm-exit,provyear,low-insecurity DID,-1.5047907526435806,0.8769779042588957,0.08618361004496783,808,90,2.364325626364282,ok
adjacent,completed_t,high-minus-low A3 within farmdep bottom,high-minus-low,farmdep bottom,asinh_rb_inc_farm_w99,asinh farm income,farm-exit,provyear,high-minus-low differential,-3.732453204856453,0.5921522839926779,2.9156566968979874e-10,808,90,2.364325626364282,ok
adjacent,completed_t,high-minus-low A3 within farmdep bottom,high-minus-low,farmdep bottom,asinh_rb_inc_farm_w99,asinh farm income,farm-exit,provyear,high-insecurity DID,-5.237243957500034,0.9668452359483382,6.066227689432227e-08,808,90,2.364325626364282,ok
adjacent,completed_t,high-minus-low A3 within farmdep top,high-minus-low,farmdep top,any_rentin,Any rented-in land,rent-in,stackyear,low-insecurity DID,-0.010725353354962672,0.06788490421252498,0.8744621557928334,1034,97,0.18220084185207455,ok
adjacent,completed_t,high-minus-low A3 within farmdep top,high-minus-low,farmdep top,any_rentin,Any rented-in land,rent-in,stackyear,high-minus-low differential,0.1855352999611389,0.09290577392295685,0.04582229564665773,1034,97,0.18220084185207455,ok
adjacent,completed_t,high-minus-low A3 within farmdep top,high-minus-low,farmdep top,any_rentin,Any rented-in land,rent-in,stackyear,high-insecurity DID,0.17480994660617624,0.0650100733511334,0.007167348872692,1034,97,0.18220084185207455,ok
adjacent,completed_t,high-minus-low A3 within farmdep top,high-minus-low,farmdep top,any_rentin,Any rented-in land,rent-in,provyear,low-insecurity DID,-0.5322807533645102,0.041424160152310006,8.654074634325082e-38,1024,95,0.18220084185207455,ok
adjacent,completed_t,high-minus-low A3 within farmdep top,high-minus-low,farmdep top,any_rentin,Any rented-in land,rent-in,provyear,high-minus-low differential,0.19397742039547936,0.10105012303407779,0.05490643727070186,1024,95,0.18220084185207455,ok
adjacent,completed_t,high-minus-low A3 within farmdep top,high-minus-low,farmdep top,any_rentin,Any rented-in land,rent-in,provyear,high-insecurity DID,-0.3383033329690308,0.10582583473453747,0.001389644063426162,1024,95,0.18220084185207455,ok
adjacent,completed_t,high-minus-low A3 within farmdep top,high-minus-low,farmdep top,asinh_rentin,asinh rented-in area,rent-in,stackyear,low-insecurity DID,-0.08098999851278839,0.12492819484622811,0.5167958525360701,1034,97,0.40768616521252815,ok
adjacent,completed_t,high-minus-low A3 within farmdep top,high-minus-low,farmdep top,asinh_rentin,asinh rented-in area,rent-in,stackyear,high-minus-low differential,0.4598133074528822,0.19267898324106725,0.017013229676985653,1034,97,0.40768616521252815,ok
adjacent,completed_t,high-minus-low A3 within farmdep top,high-minus-low,farmdep top,asinh_rentin,asinh rented-in area,rent-in,stackyear,high-insecurity DID,0.3788233089400938,0.14928088557369437,0.011159810145683747,1034,97,0.40768616521252815,ok
adjacent,completed_t,high-minus-low A3 within farmdep top,high-minus-low,farmdep top,asinh_rentin,asinh rented-in area,rent-in,provyear,low-insecurity DID,-1.1028499099791471,0.12552934774263025,1.5554013619461831e-18,1024,95,0.40768616521252815,ok
adjacent,completed_t,high-minus-low A3 within farmdep top,high-minus-low,farmdep top,asinh_rentin,asinh rented-in area,rent-in,provyear,high-minus-low differential,0.45308868357776055,0.20681251768919798,0.028464931492081885,1024,95,0.40768616521252815,ok
adjacent,completed_t,high-minus-low A3 within farmdep top,high-minus-low,farmdep top,asinh_rentin,asinh rented-in area,rent-in,provyear,high-insecurity DID,-0.6497612264013866,0.22817545985546514,0.004404492303568605,1024,95,0.40768616521252815,ok
adjacent,completed_t,high-minus-low A3 within farmdep top,high-minus-low,farmdep top,rentin_and_farm_any,Rent-in and own-farm production,rent-in,stackyear,low-insecurity DID,-0.01454171084156866,0.0676579346518139,0.8298219991407818,1034,97,0.16787003610108303,ok
adjacent,completed_t,high-minus-low A3 within farmdep top,high-minus-low,farmdep top,rentin_and_farm_any,Rent-in and own-farm production,rent-in,stackyear,high-minus-low differential,0.19963168059863934,0.09229482201316888,0.030542862524376366,1034,97,0.16787003610108303,ok
adjacent,completed_t,high-minus-low A3 within farmdep top,high-minus-low,farmdep top,rentin_and_farm_any,Rent-in and own-farm production,rent-in,stackyear,high-insecurity DID,0.18508996975707068,0.06408196702446141,0.003872913570330402,1034,97,0.16787003610108303,ok
adjacent,completed_t,high-minus-low A3 within farmdep top,high-minus-low,farmdep top,rentin_and_farm_any,Rent-in and own-farm production,rent-in,provyear,low-insecurity DID,-0.5337903037691486,0.04165172822366361,1.3416282915789636e-37,1024,95,0.16787003610108303,ok
adjacent,completed_t,high-minus-low A3 within farmdep top,high-minus-low,farmdep top,rentin_and_farm_any,Rent-in and own-farm production,rent-in,provyear,high-minus-low differential,0.19893737172500467,0.10053097025324538,0.047831036096017174,1024,95,0.16787003610108303,ok
adjacent,completed_t,high-minus-low A3 within farmdep top,high-minus-low,farmdep top,rentin_and_farm_any,Rent-in and own-farm production,rent-in,provyear,high-insecurity DID,-0.3348529320441439,0.10596600298836654,0.0015776728596413197,1024,95,0.16787003610108303,ok
adjacent,completed_t,high-minus-low A3 within farmdep top,high-minus-low,farmdep top,ib_nonfarm_curr_n,Current nonfarm workers,nonfarm,stackyear,low-insecurity DID,-0.21253707806826752,0.07693843539651302,0.005737278061949687,1098,99,0.23972206137811233,ok
adjacent,completed_t,high-minus-low A3 within farmdep top,high-minus-low,farmdep top,ib_nonfarm_curr_n,Current nonfarm workers,nonfarm,stackyear,high-minus-low differential,0.3532574834622053,0.30108627476782707,0.2406848992829378,1098,99,0.23972206137811233,ok
adjacent,completed_t,high-minus-low A3 within farmdep top,high-minus-low,farmdep top,ib_nonfarm_curr_n,Current nonfarm workers,nonfarm,stackyear,high-insecurity DID,0.1407204053939378,0.2915742245369969,0.6293634977128877,1098,99,0.23972206137811233,ok
adjacent,completed_t,high-minus-low A3 within farmdep top,high-minus-low,farmdep top,ib_nonfarm_curr_n,Current nonfarm workers,nonfarm,provyear,low-insecurity DID,-0.06610748903677291,0.07197140705090667,0.3583444230225812,1090,98,0.23972206137811233,ok
adjacent,completed_t,high-minus-low A3 within farmdep top,high-minus-low,farmdep top,ib_nonfarm_curr_n,Current nonfarm workers,nonfarm,provyear,high-minus-low differential,0.44553264005163606,0.3046855604179033,0.14366715907875255,1090,98,0.23972206137811233,ok
adjacent,completed_t,high-minus-low A3 within farmdep top,high-minus-low,farmdep top,ib_nonfarm_curr_n,Current nonfarm workers,nonfarm,provyear,high-insecurity DID,0.3794251510148632,0.31455501637797534,0.2277294891509566,1090,98,0.23972206137811233,ok
adjacent,completed_t,high-minus-low A3 within farmdep top,high-minus-low,farmdep top,ib_nonfarm_curr_ge2,At least two current nonfarm workers,nonfarm,stackyear,low-insecurity DID,-0.05267152840261697,0.04300555365607845,0.2206652525207219,1098,99,0.04226983207874928,ok
adjacent,completed_t,high-minus-low A3 within farmdep top,high-minus-low,farmdep top,ib_nonfarm_curr_ge2,At least two current nonfarm workers,nonfarm,stackyear,high-minus-low differential,0.09437595104096683,0.06216135403039354,0.1289535143083731,1098,99,0.04226983207874928,ok
adjacent,completed_t,high-minus-low A3 within farmdep top,high-minus-low,farmdep top,ib_nonfarm_curr_ge2,At least two current nonfarm workers,nonfarm,stackyear,high-insecurity DID,0.04170442263834986,0.04518069979027992,0.3559767930632529,1098,99,0.04226983207874928,ok
adjacent,completed_t,high-minus-low A3 within farmdep top,high-minus-low,farmdep top,ib_nonfarm_curr_ge2,At least two current nonfarm workers,nonfarm,provyear,low-insecurity DID,-0.01237705153900364,0.03971060291037422,0.7552827562612423,1090,98,0.04226983207874928,ok
adjacent,completed_t,high-minus-low A3 within farmdep top,high-minus-low,farmdep top,ib_nonfarm_curr_ge2,At least two current nonfarm workers,nonfarm,provyear,high-minus-low differential,0.11477640824647672,0.07333361106845734,0.11755315447196116,1090,98,0.04226983207874928,ok
adjacent,completed_t,high-minus-low A3 within farmdep top,high-minus-low,farmdep top,ib_nonfarm_curr_ge2,At least two current nonfarm workers,nonfarm,provyear,high-insecurity DID,0.10239935670747308,0.08407014359940236,0.22321528598069207,1090,98,0.04226983207874928,ok
adjacent,completed_t,high-minus-low A3 within farmdep top,high-minus-low,farmdep top,nonfarm_ge2_no_rentin,>=2 nonfarm workers without rent-in,nonfarm,stackyear,low-insecurity DID,-0.009852250810782896,0.027195576226775205,0.7171472681962421,1034,97,0.03367408298256164,ok
adjacent,completed_t,high-minus-low A3 within farmdep top,high-minus-low,farmdep top,nonfarm_ge2_no_rentin,>=2 nonfarm workers without rent-in,nonfarm,stackyear,high-minus-low differential,0.005175593389134057,0.033797142780604514,0.8782902303811052,1034,97,0.03367408298256164,ok
adjacent,completed_t,high-minus-low A3 within farmdep top,high-minus-low,farmdep top,nonfarm_ge2_no_rentin,>=2 nonfarm workers without rent-in,nonfarm,stackyear,high-insecurity DID,-0.004676657421648839,0.021546679564155333,0.8281711651575981,1034,97,0.03367408298256164,ok
adjacent,completed_t,high-minus-low A3 within farmdep top,high-minus-low,farmdep top,nonfarm_ge2_no_rentin,>=2 nonfarm workers without rent-in,nonfarm,provyear,low-insecurity DID,-0.017411207394958356,0.051242481926827704,0.7340216683485229,1024,95,0.03367408298256164,ok
adjacent,completed_t,high-minus-low A3 within farmdep top,high-minus-low,farmdep top,nonfarm_ge2_no_rentin,>=2 nonfarm workers without rent-in,nonfarm,provyear,high-minus-low differential,0.016082711743607852,0.04680362776257517,0.7311312915961338,1024,95,0.03367408298256164,ok
adjacent,completed_t,high-minus-low A3 within farmdep top,high-minus-low,farmdep top,nonfarm_ge2_no_rentin,>=2 nonfarm workers without rent-in,nonfarm,provyear,high-insecurity DID,-0.0013284956513505038,0.06897997564506839,0.9846343719955258,1024,95,0.03367408298256164,ok
adjacent,completed_t,high-minus-low A3 within farmdep top,high-minus-low,farmdep top,rb_farm_any,Any own-farm production,farm-exit,stackyear,low-insecurity DID,0.0013936036020965234,0.04895550739799988,0.9772898965138447,1098,99,0.8909512761020881,ok
adjacent,completed_t,high-minus-low A3 within farmdep top,high-minus-low,farmdep top,rb_farm_any,Any own-farm production,farm-exit,stackyear,high-minus-low differential,-0.12423615721458031,0.10818928330768388,0.25083557248919186,1098,99,0.8909512761020881,ok
adjacent,completed_t,high-minus-low A3 within farmdep top,high-minus-low,farmdep top,rb_farm_any,Any own-farm production,farm-exit,stackyear,high-insecurity DID,-0.12284255361248379,0.10313732992563503,0.23363077185874426,1098,99,0.8909512761020881,ok
adjacent,completed_t,high-minus-low A3 within farmdep top,high-minus-low,farmdep top,rb_farm_any,Any own-farm production,farm-exit,provyear,low-insecurity DID,-0.09189591882192717,0.09227168848155937,0.31928533678364857,1090,98,0.8909512761020881,ok
adjacent,completed_t,high-minus-low A3 within farmdep top,high-minus-low,farmdep top,rb_farm_any,Any own-farm production,farm-exit,provyear,high-minus-low differential,-0.20373040238073106,0.1336536480400105,0.1274297768409372,1090,98,0.8909512761020881,ok
adjacent,completed_t,high-minus-low A3 within farmdep top,high-minus-low,farmdep top,rb_farm_any,Any own-farm production,farm-exit,provyear,high-insecurity DID,-0.29562632120265825,0.17181249186431288,0.08531735897526765,1090,98,0.8909512761020881,ok
adjacent,completed_t,high-minus-low A3 within farmdep top,high-minus-low,farmdep top,asinh_rb_inc_farm_w99,asinh farm income,farm-exit,stackyear,low-insecurity DID,-0.9821265298638032,0.8008745765181916,0.22007920830776706,1082,99,9.231518740073607,ok
adjacent,completed_t,high-minus-low A3 within farmdep top,high-minus-low,farmdep top,asinh_rb_inc_farm_w99,asinh farm income,farm-exit,stackyear,high-minus-low differential,1.2825275405434329,0.9840097004730483,0.19244888359104007,1082,99,9.231518740073607,ok
adjacent,completed_t,high-minus-low A3 within farmdep top,high-minus-low,farmdep top,asinh_rb_inc_farm_w99,asinh farm income,farm-exit,stackyear,high-insecurity DID,0.30040101067962965,0.5786631362637745,0.6036705509952063,1082,99,9.231518740073607,ok
adjacent,completed_t,high-minus-low A3 within farmdep top,high-minus-low,farmdep top,asinh_rb_inc_farm_w99,asinh farm income,farm-exit,provyear,low-insecurity DID,-5.406800700723128,1.6061063754317368,0.00076155467069218,1074,98,9.231518740073607,ok
adjacent,completed_t,high-minus-low A3 within farmdep top,high-minus-low,farmdep top,asinh_rb_inc_farm_w99,asinh farm income,farm-exit,provyear,high-minus-low differential,0.5964680180974105,1.0098990083832917,0.5547740884824357,1074,98,9.231518740073607,ok
adjacent,completed_t,high-minus-low A3 within farmdep top,high-minus-low,farmdep top,asinh_rb_inc_farm_w99,asinh farm income,farm-exit,provyear,high-insecurity DID,-4.810332682625718,1.8794017103788414,0.010482221320477094,1074,98,9.231518740073607,ok
adjacent,completed_t,high-minus-low A3 within farm-orientation bottom,high-minus-low,farm-orientation bottom,any_rentin,Any rented-in land,rent-in,stackyear,low-insecurity DID,-0.11438206837862495,0.10791615195768689,0.28918276423763123,832,91,0.0800794176042356,ok
adjacent,completed_t,high-minus-low A3 within farm-orientation bottom,high-minus-low,farm-orientation bottom,any_rentin,Any rented-in land,rent-in,stackyear,high-minus-low differential,0.08289051970411208,0.12369201996849293,0.5027708698111296,832,91,0.0800794176042356,ok
adjacent,completed_t,high-minus-low A3 within farm-orientation bottom,high-minus-low,farm-orientation bottom,any_rentin,Any rented-in land,rent-in,stackyear,high-insecurity DID,-0.03149154867451287,0.05290453101346777,0.5516747734182352,832,91,0.0800794176042356,ok
adjacent,completed_t,high-minus-low A3 within farm-orientation bottom,high-minus-low,farm-orientation bottom,any_rentin,Any rented-in land,rent-in,provyear,low-insecurity DID,-0.2302746747193672,0.09019712927775293,0.010679472445582637,824,90,0.0800794176042356,ok
adjacent,completed_t,high-minus-low A3 within farm-orientation bottom,high-minus-low,farm-orientation bottom,any_rentin,Any rented-in land,rent-in,provyear,high-minus-low differential,-0.05295511693038273,0.04644895418134284,0.25425662137985827,824,90,0.0800794176042356,ok
adjacent,completed_t,high-minus-low A3 within farm-orientation bottom,high-minus-low,farm-orientation bottom,any_rentin,Any rented-in land,rent-in,provyear,high-insecurity DID,-0.28322979164974993,0.09214132644735794,0.0021130661718655685,824,90,0.0800794176042356,ok
adjacent,completed_t,high-minus-low A3 within farm-orientation bottom,high-minus-low,farm-orientation bottom,asinh_rentin,asinh rented-in area,rent-in,stackyear,low-insecurity DID,-0.214570092169055,0.18677499354940977,0.25063187986932156,828,91,0.10984509008644623,ok
adjacent,completed_t,high-minus-low A3 within farm-orientation bottom,high-minus-low,farm-orientation bottom,asinh_rentin,asinh rented-in area,rent-in,stackyear,high-minus-low differential,0.20168766899467433,0.2275454718541627,0.3754224667704963,828,91,0.10984509008644623,ok
adjacent,completed_t,high-minus-low A3 within farm-orientation bottom,high-minus-low,farm-orientation bottom,asinh_rentin,asinh rented-in area,rent-in,stackyear,high-insecurity DID,-0.01288242317438068,0.07809686522085652,0.8689798573839607,828,91,0.10984509008644623,ok
adjacent,completed_t,high-minus-low A3 within farm-orientation bottom,high-minus-low,farm-orientation bottom,asinh_rentin,asinh rented-in area,rent-in,provyear,low-insecurity DID,-0.2521198713693654,0.1672253479760002,0.13164018485425438,820,90,0.10984509008644623,ok
adjacent,completed_t,high-minus-low A3 within farm-orientation bottom,high-minus-low,farm-orientation bottom,asinh_rentin,asinh rented-in area,rent-in,provyear,high-minus-low differential,-0.03175327112898674,0.07889118714872224,0.6873201147290137,820,90,0.10984509008644623,ok
adjacent,completed_t,high-minus-low A3 within farm-orientation bottom,high-minus-low,farm-orientation bottom,asinh_rentin,asinh rented-in area,rent-in,provyear,high-insecurity DID,-0.28387314249835216,0.17100581625109265,0.09691034985207386,820,90,0.10984509008644623,ok
adjacent,completed_t,high-minus-low A3 within farm-orientation bottom,high-minus-low,farm-orientation bottom,rentin_and_farm_any,Rent-in and own-farm production,rent-in,stackyear,low-insecurity DID,-0.11467124334634035,0.10698892181474588,0.28380770243945885,830,91,0.06423841059602649,ok
adjacent,completed_t,high-minus-low A3 within farm-orientation bottom,high-minus-low,farm-orientation bottom,rentin_and_farm_any,Rent-in and own-farm production,rent-in,stackyear,high-minus-low differential,0.09421845896555092,0.12223801104000413,0.4408380964469525,830,91,0.06423841059602649,ok
adjacent,completed_t,high-minus-low A3 within farm-orientation bottom,high-minus-low,farm-orientation bottom,rentin_and_farm_any,Rent-in and own-farm production,rent-in,stackyear,high-insecurity DID,-0.02045278438078943,0.05394120350255863,0.704563028376421,830,91,0.06423841059602649,ok
adjacent,completed_t,high-minus-low A3 within farm-orientation bottom,high-minus-low,farm-orientation bottom,rentin_and_farm_any,Rent-in and own-farm production,rent-in,provyear,low-insecurity DID,-0.22749667135836876,0.0879234426807462,0.00966919097145201,822,90,0.06423841059602649,ok
adjacent,completed_t,high-minus-low A3 within farm-orientation bottom,high-minus-low,farm-orientation bottom,rentin_and_farm_any,Rent-in and own-farm production,rent-in,provyear,high-minus-low differential,-0.040119541575552795,0.04680060264762097,0.3913099821629107,822,90,0.06423841059602649,ok
adjacent,completed_t,high-minus-low A3 within farm-orientation bottom,high-minus-low,farm-orientation bottom,rentin_and_farm_any,Rent-in and own-farm production,rent-in,provyear,high-insecurity DID,-0.26761621293392157,0.08790625138882203,0.0023319411790510094,822,90,0.06423841059602649,ok
adjacent,completed_t,high-minus-low A3 within farm-orientation bottom,high-minus-low,farm-orientation bottom,ib_nonfarm_curr_n,Current nonfarm workers,nonfarm,stackyear,low-insecurity DID,0.07273618283952551,0.24131055923817116,0.7630931265270637,864,92,1.1703225806451614,ok
adjacent,completed_t,high-minus-low A3 within farm-orientation bottom,high-minus-low,farm-orientation bottom,ib_nonfarm_curr_n,Current nonfarm workers,nonfarm,stackyear,high-minus-low differential,0.5161073013942743,0.2635110572067063,0.05016207600360796,864,92,1.1703225806451614,ok
adjacent,completed_t,high-minus-low A3 within farm-orientation bottom,high-minus-low,farm-orientation bottom,ib_nonfarm_curr_n,Current nonfarm workers,nonfarm,stackyear,high-insecurity DID,0.5888434842337998,0.11817175624601094,6.262342018438494e-07,864,92,1.1703225806451614,ok
adjacent,completed_t,high-minus-low A3 within farm-orientation bottom,high-minus-low,farm-orientation bottom,ib_nonfarm_curr_n,Current nonfarm workers,nonfarm,provyear,low-insecurity DID,0.43727874457578636,0.14861516257551785,0.0032572502790761664,856,92,1.1703225806451614,ok
adjacent,completed_t,high-minus-low A3 within farm-orientation bottom,high-minus-low,farm-orientation bottom,ib_nonfarm_curr_n,Current nonfarm workers,nonfarm,provyear,high-minus-low differential,1.4857051492608928,0.10358602652296571,1.18329133559119e-46,856,92,1.1703225806451614,ok
adjacent,completed_t,high-minus-low A3 within farm-orientation bottom,high-minus-low,farm-orientation bottom,ib_nonfarm_curr_n,Current nonfarm workers,nonfarm,provyear,high-insecurity DID,1.9229838938366792,0.15157604132453895,7.017040219162846e-37,856,92,1.1703225806451614,ok
adjacent,completed_t,high-minus-low A3 within farm-orientation bottom,high-minus-low,farm-orientation bottom,ib_nonfarm_curr_ge2,At least two current nonfarm workers,nonfarm,stackyear,low-insecurity DID,-0.03184062190503514,0.1168812830007879,0.7853002618971725,864,92,0.3367741935483871,ok
adjacent,completed_t,high-minus-low A3 within farm-orientation bottom,high-minus-low,farm-orientation bottom,ib_nonfarm_curr_ge2,At least two current nonfarm workers,nonfarm,stackyear,high-minus-low differential,0.09823038825245656,0.13093453849596218,0.45311909346383594,864,92,0.3367741935483871,ok
adjacent,completed_t,high-minus-low A3 within farm-orientation bottom,high-minus-low,farm-orientation bottom,ib_nonfarm_curr_ge2,At least two current nonfarm workers,nonfarm,stackyear,high-insecurity DID,0.06638976634742141,0.060605615122423497,0.2733242698438063,864,92,0.3367741935483871,ok
adjacent,completed_t,high-minus-low A3 within farm-orientation bottom,high-minus-low,farm-orientation bottom,ib_nonfarm_curr_ge2,At least two current nonfarm workers,nonfarm,provyear,low-insecurity DID,0.1462220635009275,0.07622230807975876,0.05506498604536132,856,92,0.3367741935483871,ok
adjacent,completed_t,high-minus-low A3 within farm-orientation bottom,high-minus-low,farm-orientation bottom,ib_nonfarm_curr_ge2,At least two current nonfarm workers,nonfarm,provyear,high-minus-low differential,0.06631109989165643,0.05599521342012667,0.23632281907338937,856,92,0.3367741935483871,ok
adjacent,completed_t,high-minus-low A3 within farm-orientation bottom,high-minus-low,farm-orientation bottom,ib_nonfarm_curr_ge2,At least two current nonfarm workers,nonfarm,provyear,high-insecurity DID,0.21253316339258393,0.07404514405023468,0.004100582412351941,856,92,0.3367741935483871,ok
adjacent,completed_t,high-minus-low A3 within farm-orientation bottom,high-minus-low,farm-orientation bottom,nonfarm_ge2_no_rentin,>=2 nonfarm workers without rent-in,nonfarm,stackyear,low-insecurity DID,0.03773352425442451,0.07895616568705165,0.6327180218020316,832,91,0.3170086035737922,ok
adjacent,completed_t,high-minus-low A3 within farm-orientation bottom,high-minus-low,farm-orientation bottom,nonfarm_ge2_no_rentin,>=2 nonfarm workers without rent-in,nonfarm,stackyear,high-minus-low differential,0.05853947949188321,0.10040135177941484,0.5598564813031472,832,91,0.3170086035737922,ok
adjacent,completed_t,high-minus-low A3 within farm-orientation bottom,high-minus-low,farm-orientation bottom,nonfarm_ge2_no_rentin,>=2 nonfarm workers without rent-in,nonfarm,stackyear,high-insecurity DID,0.09627300374630772,0.0638602763790021,0.1316679568061437,832,91,0.3170086035737922,ok
adjacent,completed_t,high-minus-low A3 within farm-orientation bottom,high-minus-low,farm-orientation bottom,nonfarm_ge2_no_rentin,>=2 nonfarm workers without rent-in,nonfarm,provyear,low-insecurity DID,0.13421715500478648,0.07525637476633225,0.07451054414377004,824,90,0.3170086035737922,ok
adjacent,completed_t,high-minus-low A3 within farm-orientation bottom,high-minus-low,farm-orientation bottom,nonfarm_ge2_no_rentin,>=2 nonfarm workers without rent-in,nonfarm,provyear,high-minus-low differential,0.11322219551669714,0.06240991622777029,0.06965156274547946,824,90,0.3170086035737922,ok
adjacent,completed_t,high-minus-low A3 within farm-orientation bottom,high-minus-low,farm-orientation bottom,nonfarm_ge2_no_rentin,>=2 nonfarm workers without rent-in,nonfarm,provyear,high-insecurity DID,0.24743935052148364,0.07275265758265322,0.0006711430334020811,824,90,0.3170086035737922,ok
adjacent,completed_t,high-minus-low A3 within farm-orientation bottom,high-minus-low,farm-orientation bottom,rb_farm_any,Any own-farm production,farm-exit,stackyear,low-insecurity DID,-0.13439390044027405,0.07547689919903315,0.07497839653105082,852,91,0.5937702790395847,ok
adjacent,completed_t,high-minus-low A3 within farm-orientation bottom,high-minus-low,farm-orientation bottom,rb_farm_any,Any own-farm production,farm-exit,stackyear,high-minus-low differential,-0.13526844918640343,0.10958338019093068,0.21705822355771165,852,91,0.5937702790395847,ok
adjacent,completed_t,high-minus-low A3 within farm-orientation bottom,high-minus-low,farm-orientation bottom,rb_farm_any,Any own-farm production,farm-exit,stackyear,high-insecurity DID,-0.26966234962667746,0.06789581942312763,7.13592420128562e-05,852,91,0.5937702790395847,ok
adjacent,completed_t,high-minus-low A3 within farm-orientation bottom,high-minus-low,farm-orientation bottom,rb_farm_any,Any own-farm production,farm-exit,provyear,low-insecurity DID,-0.06187394182748177,0.1303764374646195,0.6350869541434019,844,91,0.5937702790395847,ok
adjacent,completed_t,high-minus-low A3 within farm-orientation bottom,high-minus-low,farm-orientation bottom,rb_farm_any,Any own-farm production,farm-exit,provyear,high-minus-low differential,-0.3712812261466839,0.07924948708383081,2.8000513941915825e-06,844,91,0.5937702790395847,ok
adjacent,completed_t,high-minus-low A3 within farm-orientation bottom,high-minus-low,farm-orientation bottom,rb_farm_any,Any own-farm production,farm-exit,provyear,high-insecurity DID,-0.4331551679741657,0.14740278321100841,0.003297174068517885,844,91,0.5937702790395847,ok
adjacent,completed_t,high-minus-low A3 within farm-orientation bottom,high-minus-low,farm-orientation bottom,asinh_rb_inc_farm_w99,asinh farm income,farm-exit,stackyear,low-insecurity DID,-3.0138753636324496,0.7635039645441253,7.899593932587904e-05,846,92,2.579725534113197,ok
adjacent,completed_t,high-minus-low A3 within farm-orientation bottom,high-minus-low,farm-orientation bottom,asinh_rb_inc_farm_w99,asinh farm income,farm-exit,stackyear,high-minus-low differential,0.24892269614403836,1.0016986302693522,0.8037471170985113,846,92,2.579725534113197,ok
adjacent,completed_t,high-minus-low A3 within farm-orientation bottom,high-minus-low,farm-orientation bottom,asinh_rb_inc_farm_w99,asinh farm income,farm-exit,stackyear,high-insecurity DID,-2.7649526674884113,0.6031931235382908,4.564705174998466e-06,846,92,2.579725534113197,ok
adjacent,completed_t,high-minus-low A3 within farm-orientation bottom,high-minus-low,farm-orientation bottom,asinh_rb_inc_farm_w99,asinh farm income,farm-exit,provyear,low-insecurity DID,-1.3625212634969253,0.9203634584326289,0.13876212536113877,838,92,2.579725534113197,ok
adjacent,completed_t,high-minus-low A3 within farm-orientation bottom,high-minus-low,farm-orientation bottom,asinh_rb_inc_farm_w99,asinh farm income,farm-exit,provyear,high-minus-low differential,-3.211768914714155,0.5684303660834352,1.602224646405378e-08,838,92,2.579725534113197,ok
adjacent,completed_t,high-minus-low A3 within farm-orientation bottom,high-minus-low,farm-orientation bottom,asinh_rb_inc_farm_w99,asinh farm income,farm-exit,provyear,high-insecurity DID,-4.57429017821108,1.0083232042737102,5.71868975837915e-06,838,92,2.579725534113197,ok
adjacent,completed_t,high-minus-low A3 within farm-orientation top,high-minus-low,farm-orientation top,any_rentin,Any rented-in land,rent-in,stackyear,low-insecurity DID,0.005331137738576342,0.06811309874201647,0.9376141507974068,1008,98,0.19103194103194104,ok
adjacent,completed_t,high-minus-low A3 within farm-orientation top,high-minus-low,farm-orientation top,any_rentin,Any rented-in land,rent-in,stackyear,high-minus-low differential,0.23323249213475494,0.09138373736399212,0.010703524204966928,1008,98,0.19103194103194104,ok
adjacent,completed_t,high-minus-low A3 within farm-orientation top,high-minus-low,farm-orientation top,any_rentin,Any rented-in land,rent-in,stackyear,high-insecurity DID,0.2385636298733313,0.06208023014886648,0.00012162484229043096,1008,98,0.19103194103194104,ok
adjacent,completed_t,high-minus-low A3 within farm-orientation top,high-minus-low,farm-orientation top,any_rentin,Any rented-in land,rent-in,provyear,low-insecurity DID,-0.35388936329232995,0.19918102258504597,0.07561394243451898,1002,97,0.19103194103194104,ok
adjacent,completed_t,high-minus-low A3 within farm-orientation top,high-minus-low,farm-orientation top,any_rentin,Any rented-in land,rent-in,provyear,high-minus-low differential,0.20834686965183336,0.09543756691103852,0.029030670526654027,1002,97,0.19103194103194104,ok
adjacent,completed_t,high-minus-low A3 within farm-orientation top,high-minus-low,farm-orientation top,any_rentin,Any rented-in land,rent-in,provyear,high-insecurity DID,-0.1455424936404966,0.2204269837924272,0.5090771754874753,1002,97,0.19103194103194104,ok
adjacent,completed_t,high-minus-low A3 within farm-orientation top,high-minus-low,farm-orientation top,asinh_rentin,asinh rented-in area,rent-in,stackyear,low-insecurity DID,-0.07416517199535927,0.13387655015330518,0.5795913026295942,1006,98,0.4471377839152204,ok
adjacent,completed_t,high-minus-low A3 within farm-orientation top,high-minus-low,farm-orientation top,asinh_rentin,asinh rented-in area,rent-in,stackyear,high-minus-low differential,0.5519542778937174,0.19018327176961813,0.0037052460180974447,1006,98,0.4471377839152204,ok
adjacent,completed_t,high-minus-low A3 within farm-orientation top,high-minus-low,farm-orientation top,asinh_rentin,asinh rented-in area,rent-in,stackyear,high-insecurity DID,0.47778910589835816,0.13799580451579363,0.0005354899360686449,1006,98,0.4471377839152204,ok
adjacent,completed_t,high-minus-low A3 within farm-orientation top,high-minus-low,farm-orientation top,asinh_rentin,asinh rented-in area,rent-in,provyear,low-insecurity DID,-0.6880124547936217,0.4527702260073083,0.1286210808321727,1000,97,0.4471377839152204,ok
adjacent,completed_t,high-minus-low A3 within farm-orientation top,high-minus-low,farm-orientation top,asinh_rentin,asinh rented-in area,rent-in,provyear,high-minus-low differential,0.466934082936049,0.19781042336842378,0.018249676920772864,1000,97,0.4471377839152204,ok
adjacent,completed_t,high-minus-low A3 within farm-orientation top,high-minus-low,farm-orientation top,asinh_rentin,asinh rented-in area,rent-in,provyear,high-insecurity DID,-0.22107837185757273,0.49070033174956834,0.6523236979138675,1000,97,0.4471377839152204,ok
adjacent,completed_t,high-minus-low A3 within farm-orientation top,high-minus-low,farm-orientation top,rentin_and_farm_any,Rent-in and own-farm production,rent-in,stackyear,low-insecurity DID,0.0021978354944827937,0.06772918193005055,0.9741129120503693,1008,98,0.17639827904118008,ok
adjacent,completed_t,high-minus-low A3 within farm-orientation top,high-minus-low,farm-orientation top,rentin_and_farm_any,Rent-in and own-farm production,rent-in,stackyear,high-minus-low differential,0.17778489648895407,0.08424822890141252,0.03483675483394887,1008,98,0.17639827904118008,ok
adjacent,completed_t,high-minus-low A3 within farm-orientation top,high-minus-low,farm-orientation top,rentin_and_farm_any,Rent-in and own-farm production,rent-in,stackyear,high-insecurity DID,0.17998273198343687,0.05149267035937968,0.0004735153611064427,1008,98,0.17639827904118008,ok
adjacent,completed_t,high-minus-low A3 within farm-orientation top,high-minus-low,farm-orientation top,rentin_and_farm_any,Rent-in and own-farm production,rent-in,provyear,low-insecurity DID,-0.36842479111532767,0.18865827932633614,0.05083519157601288,1002,97,0.17639827904118008,ok
adjacent,completed_t,high-minus-low A3 within farm-orientation top,high-minus-low,farm-orientation top,rentin_and_farm_any,Rent-in and own-farm production,rent-in,provyear,high-minus-low differential,0.1601598481186438,0.09018835205544824,0.07575972226082138,1002,97,0.17639827904118008,ok
adjacent,completed_t,high-minus-low A3 within farm-orientation top,high-minus-low,farm-orientation top,rentin_and_farm_any,Rent-in and own-farm production,rent-in,provyear,high-insecurity DID,-0.20826494299668386,0.2091764171075612,0.3194238490277972,1002,97,0.17639827904118008,ok
adjacent,completed_t,high-minus-low A3 within farm-orientation top,high-minus-low,farm-orientation top,ib_nonfarm_curr_n,Current nonfarm workers,nonfarm,stackyear,low-insecurity DID,0.004356535300285288,0.10587030769848277,0.9671765238972945,1076,100,0.14766686355581807,ok
adjacent,completed_t,high-minus-low A3 within farm-orientation top,high-minus-low,farm-orientation top,ib_nonfarm_curr_n,Current nonfarm workers,nonfarm,stackyear,high-minus-low differential,0.19268464048669404,0.2251617593255719,0.39213002049847145,1076,100,0.14766686355581807,ok
adjacent,completed_t,high-minus-low A3 within farm-orientation top,high-minus-low,farm-orientation top,ib_nonfarm_curr_n,Current nonfarm workers,nonfarm,stackyear,high-insecurity DID,0.19704117578697933,0.19875073406638016,0.3214910418451694,1076,100,0.14766686355581807,ok
adjacent,completed_t,high-minus-low A3 within farm-orientation top,high-minus-low,farm-orientation top,ib_nonfarm_curr_n,Current nonfarm workers,nonfarm,provyear,low-insecurity DID,-0.12028969259810751,0.06815714813604552,0.0775826901634916,1068,98,0.14766686355581807,ok
adjacent,completed_t,high-minus-low A3 within farm-orientation top,high-minus-low,farm-orientation top,ib_nonfarm_curr_n,Current nonfarm workers,nonfarm,provyear,high-minus-low differential,0.16504545224853842,0.2418814482211621,0.4950238160878304,1068,98,0.14766686355581807,ok
adjacent,completed_t,high-minus-low A3 within farm-orientation top,high-minus-low,farm-orientation top,ib_nonfarm_curr_n,Current nonfarm workers,nonfarm,provyear,high-insecurity DID,0.04475575965043091,0.2481223466102409,0.8568559921378388,1068,98,0.14766686355581807,ok
adjacent,completed_t,high-minus-low A3 within farm-orientation top,high-minus-low,farm-orientation top,ib_nonfarm_curr_ge2,At least two current nonfarm workers,nonfarm,stackyear,low-insecurity DID,0.009356535655328974,0.02445999917983333,0.7020727630350356,1076,100,0.01594802126402835,ok
adjacent,completed_t,high-minus-low A3 within farm-orientation top,high-minus-low,farm-orientation top,ib_nonfarm_curr_ge2,At least two current nonfarm workers,nonfarm,stackyear,high-minus-low differential,0.0666859600072421,0.04201277857878908,0.11244969105672936,1076,100,0.01594802126402835,ok
adjacent,completed_t,high-minus-low A3 within farm-orientation top,high-minus-low,farm-orientation top,ib_nonfarm_curr_ge2,At least two current nonfarm workers,nonfarm,stackyear,high-insecurity DID,0.07604249566257107,0.03391620332789984,0.024956860611943497,1076,100,0.01594802126402835,ok
adjacent,completed_t,high-minus-low A3 within farm-orientation top,high-minus-low,farm-orientation top,ib_nonfarm_curr_ge2,At least two current nonfarm workers,nonfarm,provyear,low-insecurity DID,-0.03290065490850854,0.027044326981955625,0.22377718069297559,1068,98,0.01594802126402835,ok
adjacent,completed_t,high-minus-low A3 within farm-orientation top,high-minus-low,farm-orientation top,ib_nonfarm_curr_ge2,At least two current nonfarm workers,nonfarm,provyear,high-minus-low differential,0.032968373056373526,0.05027917175858065,0.5120130713372348,1068,98,0.01594802126402835,ok
adjacent,completed_t,high-minus-low A3 within farm-orientation top,high-minus-low,farm-orientation top,ib_nonfarm_curr_ge2,At least two current nonfarm workers,nonfarm,provyear,high-insecurity DID,6.771814786498548e-05,0.05501600873350344,0.9990178994756623,1068,98,0.01594802126402835,ok
adjacent,completed_t,high-minus-low A3 within farm-orientation top,high-minus-low,farm-orientation top,nonfarm_ge2_no_rentin,>=2 nonfarm workers without rent-in,nonfarm,stackyear,low-insecurity DID,0.015154551337699839,0.027780427374748198,0.5854015573084943,1008,98,0.010442260442260442,ok
adjacent,completed_t,high-minus-low A3 within farm-orientation top,high-minus-low,farm-orientation top,nonfarm_ge2_no_rentin,>=2 nonfarm workers without rent-in,nonfarm,stackyear,high-minus-low differential,-0.030967450298320476,0.03013874778697135,0.30418685083614316,1008,98,0.010442260442260442,ok
adjacent,completed_t,high-minus-low A3 within farm-orientation top,high-minus-low,farm-orientation top,nonfarm_ge2_no_rentin,>=2 nonfarm workers without rent-in,nonfarm,stackyear,high-insecurity DID,-0.015812898960620637,0.010915822083874573,0.1474432009865165,1008,98,0.010442260442260442,ok
adjacent,completed_t,high-minus-low A3 within farm-orientation top,high-minus-low,farm-orientation top,nonfarm_ge2_no_rentin,>=2 nonfarm workers without rent-in,nonfarm,provyear,low-insecurity DID,-0.0357765847660387,0.0264493082736341,0.17616834183163443,1002,97,0.010442260442260442,ok
adjacent,completed_t,high-minus-low A3 within farm-orientation top,high-minus-low,farm-orientation top,nonfarm_ge2_no_rentin,>=2 nonfarm workers without rent-in,nonfarm,provyear,high-minus-low differential,-0.06086185381895334,0.04158932420088409,0.14335771681789128,1002,97,0.010442260442260442,ok
adjacent,completed_t,high-minus-low A3 within farm-orientation top,high-minus-low,farm-orientation top,nonfarm_ge2_no_rentin,>=2 nonfarm workers without rent-in,nonfarm,provyear,high-insecurity DID,-0.09663843858499205,0.04656192843047748,0.03794189685098601,1002,97,0.010442260442260442,ok
adjacent,completed_t,high-minus-low A3 within farm-orientation top,high-minus-low,farm-orientation top,rb_farm_any,Any own-farm production,farm-exit,stackyear,low-insecurity DID,-0.008309060147820057,0.04633672677924363,0.8576871502079852,1074,100,0.8993487270574304,ok
adjacent,completed_t,high-minus-low A3 within farm-orientation top,high-minus-low,farm-orientation top,rb_farm_any,Any own-farm production,farm-exit,stackyear,high-minus-low differential,-0.10812229440495863,0.14402126319325387,0.4528101010105262,1074,100,0.8993487270574304,ok
adjacent,completed_t,high-minus-low A3 within farm-orientation top,high-minus-low,farm-orientation top,rb_farm_any,Any own-farm production,farm-exit,stackyear,high-insecurity DID,-0.11643135455277868,0.13964588273080064,0.40441541908875855,1074,100,0.8993487270574304,ok
adjacent,completed_t,high-minus-low A3 within farm-orientation top,high-minus-low,farm-orientation top,rb_farm_any,Any own-farm production,farm-exit,provyear,low-insecurity DID,-0.08505250413776475,0.10043942754440427,0.39710440532890245,1066,98,0.8993487270574304,ok
adjacent,completed_t,high-minus-low A3 within farm-orientation top,high-minus-low,farm-orientation top,rb_farm_any,Any own-farm production,farm-exit,provyear,high-minus-low differential,-0.20386683543009293,0.15136579111630616,0.1780289313876562,1066,98,0.8993487270574304,ok
adjacent,completed_t,high-minus-low A3 within farm-orientation top,high-minus-low,farm-orientation top,rb_farm_any,Any own-farm production,farm-exit,provyear,high-insecurity DID,-0.28891933956785765,0.19124499142786414,0.1308575307044704,1066,98,0.8993487270574304,ok
adjacent,completed_t,high-minus-low A3 within farm-orientation top,high-minus-low,farm-orientation top,asinh_rb_inc_farm_w99,asinh farm income,farm-exit,stackyear,low-insecurity DID,-1.2625993227998265,0.9647581884856108,0.19062886797348744,1050,100,9.350813041622805,ok
adjacent,completed_t,high-minus-low A3 within farm-orientation top,high-minus-low,farm-orientation top,asinh_rb_inc_farm_w99,asinh farm income,farm-exit,stackyear,high-minus-low differential,1.212331903971221,1.0509696593033047,0.2486902287873568,1050,100,9.350813041622805,ok
adjacent,completed_t,high-minus-low A3 within farm-orientation top,high-minus-low,farm-orientation top,asinh_rb_inc_farm_w99,asinh farm income,farm-exit,stackyear,high-insecurity DID,-0.050267418828605415,0.4234786045159778,0.9055120852507391,1050,100,9.350813041622805,ok
adjacent,completed_t,high-minus-low A3 within farm-orientation top,high-minus-low,farm-orientation top,asinh_rb_inc_farm_w99,asinh farm income,farm-exit,provyear,low-insecurity DID,-3.6550261933120356,3.0891461898249335,0.2367365087051574,1042,98,9.350813041622805,ok
adjacent,completed_t,high-minus-low A3 within farm-orientation top,high-minus-low,farm-orientation top,asinh_rb_inc_farm_w99,asinh farm income,farm-exit,provyear,high-minus-low differential,0.23488639482188903,1.01714113445742,0.8173707171519679,1042,98,9.350813041622805,ok
adjacent,completed_t,high-minus-low A3 within farm-orientation top,high-minus-low,farm-orientation top,asinh_rb_inc_farm_w99,asinh farm income,farm-exit,provyear,high-insecurity DID,-3.4201397984901467,3.235682225294015,0.290508246534944,1042,98,9.350813041622805,ok
adjacent,high_sat80_t,low insecurity: top-vs-bottom farmdep,low insecurity,farmdep,any_rentin,Any rented-in land,rent-in,stackyear,bottom group DID,-0.20021508687225395,0.1120172504006368,0.07387941713341827,1174,82,0.13736263736263737,ok
adjacent,high_sat80_t,low insecurity: top-vs-bottom farmdep,low insecurity,farmdep,any_rentin,Any rented-in land,rent-in,stackyear,top farmdep-minus-bottom differential,0.1983115500876533,0.11121391269498544,0.07456121355180201,1174,82,0.13736263736263737,ok
adjacent,high_sat80_t,low insecurity: top-vs-bottom farmdep,low insecurity,farmdep,any_rentin,Any rented-in land,rent-in,stackyear,top farmdep group DID,-0.0019035367846006457,0.06616004859594117,0.9770466751035763,1174,82,0.13736263736263737,ok
adjacent,high_sat80_t,low insecurity: top-vs-bottom farmdep,low insecurity,farmdep,any_rentin,Any rented-in land,rent-in,provyear,bottom group DID,-0.309445494856211,0.09380628697927743,0.0009710896374985263,1166,80,0.13736263736263737,ok
adjacent,high_sat80_t,low insecurity: top-vs-bottom farmdep,low insecurity,farmdep,any_rentin,Any rented-in land,rent-in,provyear,top farmdep-minus-bottom differential,0.07390700185506018,0.12151445166305437,0.5430443981458714,1166,80,0.13736263736263737,ok
adjacent,high_sat80_t,low insecurity: top-vs-bottom farmdep,low insecurity,farmdep,any_rentin,Any rented-in land,rent-in,provyear,top farmdep group DID,-0.23553849300115082,0.15736416587894486,0.13445223750701135,1166,80,0.13736263736263737,ok
adjacent,high_sat80_t,low insecurity: top-vs-bottom farmdep,low insecurity,farmdep,asinh_rentin,asinh rented-in area,rent-in,stackyear,bottom group DID,-0.3993264683385134,0.19624102083913783,0.04186318485181159,1174,82,0.2864212808148113,ok
adjacent,high_sat80_t,low insecurity: top-vs-bottom farmdep,low insecurity,farmdep,asinh_rentin,asinh rented-in area,rent-in,stackyear,top farmdep-minus-bottom differential,0.3332602188889267,0.2024176168962923,0.09968158105972615,1174,82,0.2864212808148113,ok
adjacent,high_sat80_t,low insecurity: top-vs-bottom farmdep,low insecurity,farmdep,asinh_rentin,asinh rented-in area,rent-in,stackyear,top farmdep group DID,-0.06606624944958667,0.12107578401868899,0.5852994615515676,1174,82,0.2864212808148113,ok
adjacent,high_sat80_t,low insecurity: top-vs-bottom farmdep,low insecurity,farmdep,asinh_rentin,asinh rented-in area,rent-in,provyear,bottom group DID,-0.4735613402635913,0.15437670977414147,0.002158070185392888,1166,80,0.2864212808148113,ok
adjacent,high_sat80_t,low insecurity: top-vs-bottom farmdep,low insecurity,farmdep,asinh_rentin,asinh rented-in area,rent-in,provyear,top farmdep-minus-bottom differential,0.1226308784749443,0.24965968880022957,0.6232905529117955,1166,80,0.2864212808148113,ok
adjacent,high_sat80_t,low insecurity: top-vs-bottom farmdep,low insecurity,farmdep,asinh_rentin,asinh rented-in area,rent-in,provyear,top farmdep group DID,-0.350930461788647,0.3203836614330734,0.2733657657217713,1166,80,0.2864212808148113,ok
adjacent,high_sat80_t,low insecurity: top-vs-bottom farmdep,low insecurity,farmdep,rentin_and_farm_any,Rent-in and own-farm production,rent-in,stackyear,bottom group DID,-0.20480222931031647,0.11183926288859002,0.06706780031465075,1174,82,0.11944027986006997,ok
adjacent,high_sat80_t,low insecurity: top-vs-bottom farmdep,low insecurity,farmdep,rentin_and_farm_any,Rent-in and own-farm production,rent-in,stackyear,top farmdep-minus-bottom differential,0.19560833605564534,0.11087971567302109,0.07770690183083845,1174,82,0.11944027986006997,ok
adjacent,high_sat80_t,low insecurity: top-vs-bottom farmdep,low insecurity,farmdep,rentin_and_farm_any,Rent-in and own-farm production,rent-in,stackyear,top farmdep group DID,-0.009193893254671126,0.06582307263278135,0.8889161126192302,1174,82,0.11944027986006997,ok
adjacent,high_sat80_t,low insecurity: top-vs-bottom farmdep,low insecurity,farmdep,rentin_and_farm_any,Rent-in and own-farm production,rent-in,provyear,bottom group DID,-0.3176476152772011,0.08691368148885509,0.00025743457794556924,1166,80,0.11944027986006997,ok
adjacent,high_sat80_t,low insecurity: top-vs-bottom farmdep,low insecurity,farmdep,rentin_and_farm_any,Rent-in and own-farm production,rent-in,provyear,top farmdep-minus-bottom differential,0.07646418887072585,0.12041472658558824,0.5254238789323554,1166,80,0.11944027986006997,ok
adjacent,high_sat80_t,low insecurity: top-vs-bottom farmdep,low insecurity,farmdep,rentin_and_farm_any,Rent-in and own-farm production,rent-in,provyear,top farmdep group DID,-0.24118342640647522,0.15179142243325652,0.1120799435456282,1166,80,0.11944027986006997,ok
adjacent,high_sat80_t,low insecurity: top-vs-bottom farmdep,low insecurity,farmdep,ib_nonfarm_curr_n,Current nonfarm workers,nonfarm,stackyear,bottom group DID,0.18712277642433262,0.14212793670891163,0.18797949944942471,1232,83,0.5165530671859786,ok
adjacent,high_sat80_t,low insecurity: top-vs-bottom farmdep,low insecurity,farmdep,ib_nonfarm_curr_n,Current nonfarm workers,nonfarm,stackyear,top farmdep-minus-bottom differential,-0.39697928474958055,0.15937998296683065,0.01274656944015033,1232,83,0.5165530671859786,ok
adjacent,high_sat80_t,low insecurity: top-vs-bottom farmdep,low insecurity,farmdep,ib_nonfarm_curr_n,Current nonfarm workers,nonfarm,stackyear,top farmdep group DID,-0.20985650832524794,0.07648564152611412,0.006074412517349739,1232,83,0.5165530671859786,ok
adjacent,high_sat80_t,low insecurity: top-vs-bottom farmdep,low insecurity,farmdep,ib_nonfarm_curr_n,Current nonfarm workers,nonfarm,provyear,bottom group DID,0.23243116507549377,0.09080026129261178,0.010473023933099878,1228,82,0.5165530671859786,ok
adjacent,high_sat80_t,low insecurity: top-vs-bottom farmdep,low insecurity,farmdep,ib_nonfarm_curr_n,Current nonfarm workers,nonfarm,provyear,top farmdep-minus-bottom differential,-0.011847363170842964,0.20629975388313238,0.9542043327582327,1228,82,0.5165530671859786,ok
adjacent,high_sat80_t,low insecurity: top-vs-bottom farmdep,low insecurity,farmdep,ib_nonfarm_curr_n,Current nonfarm workers,nonfarm,provyear,top farmdep group DID,0.22058380190465082,0.18373870418785054,0.2299336207133661,1228,82,0.5165530671859786,ok
adjacent,high_sat80_t,low insecurity: top-vs-bottom farmdep,low insecurity,farmdep,ib_nonfarm_curr_ge2,At least two current nonfarm workers,nonfarm,stackyear,bottom group DID,0.061648346516980305,0.07066329548665712,0.382977177033179,1232,83,0.12609542356377798,ok
adjacent,high_sat80_t,low insecurity: top-vs-bottom farmdep,low insecurity,farmdep,ib_nonfarm_curr_ge2,At least two current nonfarm workers,nonfarm,stackyear,top farmdep-minus-bottom differential,-0.11177210202192059,0.08177739334362805,0.17169275386253113,1232,83,0.12609542356377798,ok
adjacent,high_sat80_t,low insecurity: top-vs-bottom farmdep,low insecurity,farmdep,ib_nonfarm_curr_ge2,At least two current nonfarm workers,nonfarm,stackyear,top farmdep group DID,-0.05012375550494028,0.04226977246199242,0.23569886821979102,1232,83,0.12609542356377798,ok
adjacent,high_sat80_t,low insecurity: top-vs-bottom farmdep,low insecurity,farmdep,ib_nonfarm_curr_ge2,At least two current nonfarm workers,nonfarm,provyear,bottom group DID,0.0796988751671367,0.04412565608385433,0.07089023616759302,1228,82,0.12609542356377798,ok
adjacent,high_sat80_t,low insecurity: top-vs-bottom farmdep,low insecurity,farmdep,ib_nonfarm_curr_ge2,At least two current nonfarm workers,nonfarm,provyear,top farmdep-minus-bottom differential,-0.012381407898138406,0.1241117898368217,0.9205347642412995,1228,82,0.12609542356377798,ok
adjacent,high_sat80_t,low insecurity: top-vs-bottom farmdep,low insecurity,farmdep,ib_nonfarm_curr_ge2,At least two current nonfarm workers,nonfarm,provyear,top farmdep group DID,0.06731746726899829,0.10717714689373807,0.5299414810336607,1228,82,0.12609542356377798,ok
adjacent,high_sat80_t,low insecurity: top-vs-bottom farmdep,low insecurity,farmdep,nonfarm_ge2_no_rentin,>=2 nonfarm workers without rent-in,nonfarm,stackyear,bottom group DID,0.043794052156101104,0.06547667118513886,0.5035913566364139,1174,82,0.11538461538461539,ok
adjacent,high_sat80_t,low insecurity: top-vs-bottom farmdep,low insecurity,farmdep,nonfarm_ge2_no_rentin,>=2 nonfarm workers without rent-in,nonfarm,stackyear,top farmdep-minus-bottom differential,-0.05110850171450776,0.07056258595771596,0.46888139688754193,1174,82,0.11538461538461539,ok
adjacent,high_sat80_t,low insecurity: top-vs-bottom farmdep,low insecurity,farmdep,nonfarm_ge2_no_rentin,>=2 nonfarm workers without rent-in,nonfarm,stackyear,top farmdep group DID,-0.007314449558406655,0.026777056436370364,0.7847293990518349,1174,82,0.11538461538461539,ok
adjacent,high_sat80_t,low insecurity: top-vs-bottom farmdep,low insecurity,farmdep,nonfarm_ge2_no_rentin,>=2 nonfarm workers without rent-in,nonfarm,provyear,bottom group DID,0.0653818274071615,0.047071593959860325,0.16483673335782034,1166,80,0.11538461538461539,ok
adjacent,high_sat80_t,low insecurity: top-vs-bottom farmdep,low insecurity,farmdep,nonfarm_ge2_no_rentin,>=2 nonfarm workers without rent-in,nonfarm,provyear,top farmdep-minus-bottom differential,-0.016393256323589796,0.12985988446378346,0.8995435065326378,1166,80,0.11538461538461539,ok
adjacent,high_sat80_t,low insecurity: top-vs-bottom farmdep,low insecurity,farmdep,nonfarm_ge2_no_rentin,>=2 nonfarm workers without rent-in,nonfarm,provyear,top farmdep group DID,0.04898857108357171,0.11836914816971845,0.6789746879183928,1166,80,0.11538461538461539,ok
adjacent,high_sat80_t,low insecurity: top-vs-bottom farmdep,low insecurity,farmdep,rb_farm_any,Any own-farm production,farm-exit,stackyear,bottom group DID,-0.14271809267242258,0.10146498283913608,0.15955349609246006,1226,82,0.7668292682926829,ok
adjacent,high_sat80_t,low insecurity: top-vs-bottom farmdep,low insecurity,farmdep,rb_farm_any,Any own-farm production,farm-exit,stackyear,top farmdep-minus-bottom differential,0.13450920939374425,0.11160909925449275,0.22813328496181828,1226,82,0.7668292682926829,ok
adjacent,high_sat80_t,low insecurity: top-vs-bottom farmdep,low insecurity,farmdep,rb_farm_any,Any own-farm production,farm-exit,stackyear,top farmdep group DID,-0.00820888327867833,0.0466787855440702,0.8604047378879365,1226,82,0.7668292682926829,ok
adjacent,high_sat80_t,low insecurity: top-vs-bottom farmdep,low insecurity,farmdep,rb_farm_any,Any own-farm production,farm-exit,provyear,bottom group DID,-0.09525657455514148,0.11641923936707074,0.41323145673751294,1222,81,0.7668292682926829,ok
adjacent,high_sat80_t,low insecurity: top-vs-bottom farmdep,low insecurity,farmdep,rb_farm_any,Any own-farm production,farm-exit,provyear,top farmdep-minus-bottom differential,0.3490520177957091,0.14949173691552353,0.01954733071115835,1222,81,0.7668292682926829,ok
adjacent,high_sat80_t,low insecurity: top-vs-bottom farmdep,low insecurity,farmdep,rb_farm_any,Any own-farm production,farm-exit,provyear,top farmdep group DID,0.25379544324056763,0.16334655350214514,0.1202502909469711,1222,81,0.7668292682926829,ok
adjacent,high_sat80_t,low insecurity: top-vs-bottom farmdep,low insecurity,farmdep,asinh_rb_inc_farm_w99,asinh farm income,farm-exit,stackyear,bottom group DID,-2.7635985165756307,0.8873533922049679,0.0018430174420054585,1210,83,6.273854553543186,ok
adjacent,high_sat80_t,low insecurity: top-vs-bottom farmdep,low insecurity,farmdep,asinh_rb_inc_farm_w99,asinh farm income,farm-exit,stackyear,top farmdep-minus-bottom differential,1.6652970163798342,1.1436992092503921,0.14537546696230885,1210,83,6.273854553543186,ok
adjacent,high_sat80_t,low insecurity: top-vs-bottom farmdep,low insecurity,farmdep,asinh_rb_inc_farm_w99,asinh farm income,farm-exit,stackyear,top farmdep group DID,-1.0983015001957965,0.7703954247977474,0.15397417071016412,1210,83,6.273854553543186,ok
adjacent,high_sat80_t,low insecurity: top-vs-bottom farmdep,low insecurity,farmdep,asinh_rb_inc_farm_w99,asinh farm income,farm-exit,provyear,bottom group DID,-2.152504062619495,0.6755165953307332,0.0014402727973801706,1206,82,6.273854553543186,ok
adjacent,high_sat80_t,low insecurity: top-vs-bottom farmdep,low insecurity,farmdep,asinh_rb_inc_farm_w99,asinh farm income,farm-exit,provyear,top farmdep-minus-bottom differential,0.6660559198064395,2.0293949203122463,0.7427572785864924,1206,82,6.273854553543186,ok
adjacent,high_sat80_t,low insecurity: top-vs-bottom farmdep,low insecurity,farmdep,asinh_rb_inc_farm_w99,asinh farm income,farm-exit,provyear,top farmdep group DID,-1.4864481428130554,2.0653594421531283,0.4717070569289096,1206,82,6.273854553543186,ok
adjacent,high_sat80_t,low insecurity: top-vs-bottom farm_orientation,low insecurity,farm_orientation,any_rentin,Any rented-in land,rent-in,stackyear,bottom group DID,-0.11121409977547653,0.10394883622816019,0.28466761488349057,1198,83,0.1377952755905512,ok
adjacent,high_sat80_t,low insecurity: top-vs-bottom farm_orientation,low insecurity,farm_orientation,any_rentin,Any rented-in land,rent-in,stackyear,top farm-orientation-minus-bottom differential,0.1224000133737879,0.10044804706171832,0.22301864449088904,1198,83,0.1377952755905512,ok
adjacent,high_sat80_t,low insecurity: top-vs-bottom farm_orientation,low insecurity,farm_orientation,any_rentin,Any rented-in land,rent-in,stackyear,top farm-orientation group DID,0.011185913598311378,0.06842951735760629,0.8701513787318271,1198,83,0.1377952755905512,ok
adjacent,high_sat80_t,low insecurity: top-vs-bottom farm_orientation,low insecurity,farm_orientation,any_rentin,Any rented-in land,rent-in,provyear,bottom group DID,-0.24499081456618776,0.09872748314439334,0.01308360456581014,1188,82,0.1377952755905512,ok
adjacent,high_sat80_t,low insecurity: top-vs-bottom farm_orientation,low insecurity,farm_orientation,any_rentin,Any rented-in land,rent-in,provyear,top farm-orientation-minus-bottom differential,0.005920156486394903,0.10771766333157995,0.9561703774994597,1188,82,0.1377952755905512,ok
adjacent,high_sat80_t,low insecurity: top-vs-bottom farm_orientation,low insecurity,farm_orientation,any_rentin,Any rented-in land,rent-in,provyear,top farm-orientation group DID,-0.23907065807979286,0.1494679691226152,0.10971453745013929,1188,82,0.1377952755905512,ok
adjacent,high_sat80_t,low insecurity: top-vs-bottom farm_orientation,low insecurity,farm_orientation,asinh_rentin,asinh rented-in area,rent-in,stackyear,bottom group DID,-0.20830719124117805,0.18394153069658256,0.25743934354095865,1194,83,0.2929452900086305,ok
adjacent,high_sat80_t,low insecurity: top-vs-bottom farm_orientation,low insecurity,farm_orientation,asinh_rentin,asinh rented-in area,rent-in,stackyear,top farm-orientation-minus-bottom differential,0.1417639355915471,0.19567217896567204,0.46876057749550704,1194,83,0.2929452900086305,ok
adjacent,high_sat80_t,low insecurity: top-vs-bottom farm_orientation,low insecurity,farm_orientation,asinh_rentin,asinh rented-in area,rent-in,stackyear,top farm-orientation group DID,-0.06654325564963096,0.13368238226108634,0.6186452339470134,1194,83,0.2929452900086305,ok
adjacent,high_sat80_t,low insecurity: top-vs-bottom farm_orientation,low insecurity,farm_orientation,asinh_rentin,asinh rented-in area,rent-in,provyear,bottom group DID,-0.3133192784982486,0.16918499463457026,0.06403544126472285,1184,82,0.2929452900086305,ok
adjacent,high_sat80_t,low insecurity: top-vs-bottom farm_orientation,low insecurity,farm_orientation,asinh_rentin,asinh rented-in area,rent-in,provyear,top farm-orientation-minus-bottom differential,-0.033157225745821674,0.24296233083326144,0.8914492301354966,1184,82,0.2929452900086305,ok
adjacent,high_sat80_t,low insecurity: top-vs-bottom farm_orientation,low insecurity,farm_orientation,asinh_rentin,asinh rented-in area,rent-in,provyear,top farm-orientation group DID,-0.3464765042440703,0.3163738219024228,0.273451323701831,1184,82,0.2929452900086305,ok
adjacent,high_sat80_t,low insecurity: top-vs-bottom farm_orientation,low insecurity,farm_orientation,rentin_and_farm_any,Rent-in and own-farm production,rent-in,stackyear,bottom group DID,-0.11113637004178234,0.10281340677450487,0.27971841235259953,1196,83,0.1206896551724138,ok
adjacent,high_sat80_t,low insecurity: top-vs-bottom farm_orientation,low insecurity,farm_orientation,rentin_and_farm_any,Rent-in and own-farm production,rent-in,stackyear,top farm-orientation-minus-bottom differential,0.117896873698409,0.09893688596485775,0.23340353232265498,1196,83,0.1206896551724138,ok
adjacent,high_sat80_t,low insecurity: top-vs-bottom farm_orientation,low insecurity,farm_orientation,rentin_and_farm_any,Rent-in and own-farm production,rent-in,stackyear,top farm-orientation group DID,0.006760503656626657,0.06780404861981741,0.9205773484039016,1196,83,0.1206896551724138,ok
adjacent,high_sat80_t,low insecurity: top-vs-bottom farm_orientation,low insecurity,farm_orientation,rentin_and_farm_any,Rent-in and own-farm production,rent-in,provyear,bottom group DID,-0.25155239629658044,0.09490026804272252,0.008032451306658217,1186,82,0.1206896551724138,ok
adjacent,high_sat80_t,low insecurity: top-vs-bottom farm_orientation,low insecurity,farm_orientation,rentin_and_farm_any,Rent-in and own-farm production,rent-in,provyear,top farm-orientation-minus-bottom differential,0.009997209709488055,0.10632944973688266,0.9250924114212957,1186,82,0.1206896551724138,ok
adjacent,high_sat80_t,low insecurity: top-vs-bottom farm_orientation,low insecurity,farm_orientation,rentin_and_farm_any,Rent-in and own-farm production,rent-in,provyear,top farm-orientation group DID,-0.24155518658709238,0.14457043102010733,0.09475174432383329,1186,82,0.1206896551724138,ok
adjacent,high_sat80_t,low insecurity: top-vs-bottom farm_orientation,low insecurity,farm_orientation,ib_nonfarm_curr_n,Current nonfarm workers,nonfarm,stackyear,bottom group DID,0.12940374486285802,0.2382940394700192,0.587100673913651,1262,84,0.5511961722488038,ok
adjacent,high_sat80_t,low insecurity: top-vs-bottom farm_orientation,low insecurity,farm_orientation,ib_nonfarm_curr_n,Current nonfarm workers,nonfarm,stackyear,top farm-orientation-minus-bottom differential,-0.11280888353240306,0.2701933834120559,0.6763042096504697,1262,84,0.5511961722488038,ok
adjacent,high_sat80_t,low insecurity: top-vs-bottom farm_orientation,low insecurity,farm_orientation,ib_nonfarm_curr_n,Current nonfarm workers,nonfarm,stackyear,top farm-orientation group DID,0.016594861330454957,0.10490251417686003,0.8743045849999638,1262,84,0.5511961722488038,ok
adjacent,high_sat80_t,low insecurity: top-vs-bottom farm_orientation,low insecurity,farm_orientation,ib_nonfarm_curr_n,Current nonfarm workers,nonfarm,provyear,bottom group DID,0.2973364468473378,0.15875719112667094,0.06108210508230768,1254,83,0.5511961722488038,ok
adjacent,high_sat80_t,low insecurity: top-vs-bottom farm_orientation,low insecurity,farm_orientation,ib_nonfarm_curr_n,Current nonfarm workers,nonfarm,provyear,top farm-orientation-minus-bottom differential,0.29670204659732985,0.3010225253788739,0.3243062067794954,1254,83,0.5511961722488038,ok
adjacent,high_sat80_t,low insecurity: top-vs-bottom farm_orientation,low insecurity,farm_orientation,ib_nonfarm_curr_n,Current nonfarm workers,nonfarm,provyear,top farm-orientation group DID,0.5940384934446676,0.27571304477914993,0.031196794606239878,1254,83,0.5511961722488038,ok
adjacent,high_sat80_t,low insecurity: top-vs-bottom farm_orientation,low insecurity,farm_orientation,ib_nonfarm_curr_ge2,At least two current nonfarm workers,nonfarm,stackyear,bottom group DID,-0.002824978590871481,0.11827582901037165,0.9809446060998138,1262,84,0.1444976076555024,ok
adjacent,high_sat80_t,low insecurity: top-vs-bottom farm_orientation,low insecurity,farm_orientation,ib_nonfarm_curr_ge2,At least two current nonfarm workers,nonfarm,stackyear,top farm-orientation-minus-bottom differential,0.02059115542425187,0.12022293564930134,0.8640077194262005,1262,84,0.1444976076555024,ok
adjacent,high_sat80_t,low insecurity: top-vs-bottom farm_orientation,low insecurity,farm_orientation,ib_nonfarm_curr_ge2,At least two current nonfarm workers,nonfarm,stackyear,top farm-orientation group DID,0.017766176833380387,0.025691889225691832,0.48924562396340954,1262,84,0.1444976076555024,ok
adjacent,high_sat80_t,low insecurity: top-vs-bottom farm_orientation,low insecurity,farm_orientation,ib_nonfarm_curr_ge2,At least two current nonfarm workers,nonfarm,provyear,bottom group DID,0.09631888238442143,0.06537551778219787,0.14066549371389697,1254,83,0.1444976076555024,ok
adjacent,high_sat80_t,low insecurity: top-vs-bottom farm_orientation,low insecurity,farm_orientation,ib_nonfarm_curr_ge2,At least two current nonfarm workers,nonfarm,provyear,top farm-orientation-minus-bottom differential,0.2107059171097504,0.1469879044215531,0.1517174155909258,1254,83,0.1444976076555024,ok
adjacent,high_sat80_t,low insecurity: top-vs-bottom farm_orientation,low insecurity,farm_orientation,ib_nonfarm_curr_ge2,At least two current nonfarm workers,nonfarm,provyear,top farm-orientation group DID,0.30702479949417183,0.1272725920118041,0.01585048078073105,1254,83,0.1444976076555024,ok
adjacent,high_sat80_t,low insecurity: top-vs-bottom farm_orientation,low insecurity,farm_orientation,nonfarm_ge2_no_rentin,>=2 nonfarm workers without rent-in,nonfarm,stackyear,bottom group DID,0.07099554819087053,0.08104938658488345,0.3810549487756635,1198,83,0.12992125984251968,ok
adjacent,high_sat80_t,low insecurity: top-vs-bottom farm_orientation,low insecurity,farm_orientation,nonfarm_ge2_no_rentin,>=2 nonfarm workers without rent-in,nonfarm,stackyear,top farm-orientation-minus-bottom differential,-0.049720771036351336,0.08599928932025308,0.5631606394366635,1198,83,0.12992125984251968,ok
adjacent,high_sat80_t,low insecurity: top-vs-bottom farm_orientation,low insecurity,farm_orientation,nonfarm_ge2_no_rentin,>=2 nonfarm workers without rent-in,nonfarm,stackyear,top farm-orientation group DID,0.021274777154519198,0.02885043566778933,0.46086931809222054,1198,83,0.12992125984251968,ok
adjacent,high_sat80_t,low insecurity: top-vs-bottom farm_orientation,low insecurity,farm_orientation,nonfarm_ge2_no_rentin,>=2 nonfarm workers without rent-in,nonfarm,provyear,bottom group DID,0.12543330051392187,0.058919891245644576,0.033264298816329266,1188,82,0.12992125984251968,ok
adjacent,high_sat80_t,low insecurity: top-vs-bottom farm_orientation,low insecurity,farm_orientation,nonfarm_ge2_no_rentin,>=2 nonfarm workers without rent-in,nonfarm,provyear,top farm-orientation-minus-bottom differential,0.06121626972200346,0.1437219426974479,0.6701548856603181,1188,82,0.12992125984251968,ok
adjacent,high_sat80_t,low insecurity: top-vs-bottom farm_orientation,low insecurity,farm_orientation,nonfarm_ge2_no_rentin,>=2 nonfarm workers without rent-in,nonfarm,provyear,top farm-orientation group DID,0.18664957023592532,0.12810963661562502,0.1451296758789582,1188,82,0.12992125984251968,ok
adjacent,high_sat80_t,low insecurity: top-vs-bottom farm_orientation,low insecurity,farm_orientation,rb_farm_any,Any own-farm production,farm-exit,stackyear,bottom group DID,-0.1279071331254045,0.07482742355618732,0.08738396786845957,1250,83,0.7743638982237158,ok
adjacent,high_sat80_t,low insecurity: top-vs-bottom farm_orientation,low insecurity,farm_orientation,rb_farm_any,Any own-farm production,farm-exit,stackyear,top farm-orientation-minus-bottom differential,0.1104958075294226,0.08386905582312232,0.18767776526022817,1250,83,0.7743638982237158,ok
adjacent,high_sat80_t,low insecurity: top-vs-bottom farm_orientation,low insecurity,farm_orientation,rb_farm_any,Any own-farm production,farm-exit,stackyear,top farm-orientation group DID,-0.017411325595981894,0.04521486872349587,0.7001784083077454,1250,83,0.7743638982237158,ok
adjacent,high_sat80_t,low insecurity: top-vs-bottom farm_orientation,low insecurity,farm_orientation,rb_farm_any,Any own-farm production,farm-exit,provyear,bottom group DID,-0.11267533031837151,0.10176802325471479,0.26821691840397266,1242,82,0.7743638982237158,ok
adjacent,high_sat80_t,low insecurity: top-vs-bottom farm_orientation,low insecurity,farm_orientation,rb_farm_any,Any own-farm production,farm-exit,provyear,top farm-orientation-minus-bottom differential,0.21164897140875033,0.08993309996335229,0.018602380455015645,1242,82,0.7743638982237158,ok
adjacent,high_sat80_t,low insecurity: top-vs-bottom farm_orientation,low insecurity,farm_orientation,rb_farm_any,Any own-farm production,farm-exit,provyear,top farm-orientation group DID,0.09897364109037882,0.11632115520876662,0.39484415164813735,1242,82,0.7743638982237158,ok
adjacent,high_sat80_t,low insecurity: top-vs-bottom farm_orientation,low insecurity,farm_orientation,asinh_rb_inc_farm_w99,asinh farm income,farm-exit,stackyear,bottom group DID,-2.898920528481824,0.8042575483431098,0.000312793085533822,1228,84,6.419803738093013,ok
adjacent,high_sat80_t,low insecurity: top-vs-bottom farm_orientation,low insecurity,farm_orientation,asinh_rb_inc_farm_w99,asinh farm income,farm-exit,stackyear,top farm-orientation-minus-bottom differential,1.5159732902526857,1.1462110682117734,0.1859700217081881,1228,84,6.419803738093013,ok
adjacent,high_sat80_t,low insecurity: top-vs-bottom farm_orientation,low insecurity,farm_orientation,asinh_rb_inc_farm_w99,asinh farm income,farm-exit,stackyear,top farm-orientation group DID,-1.3829472382291383,0.93946345002701,0.141004482723416,1228,84,6.419803738093013,ok
adjacent,high_sat80_t,low insecurity: top-vs-bottom farm_orientation,low insecurity,farm_orientation,asinh_rb_inc_farm_w99,asinh farm income,farm-exit,provyear,bottom group DID,-1.738807846149931,0.7838127565761668,0.026527777377944733,1220,83,6.419803738093013,ok
adjacent,high_sat80_t,low insecurity: top-vs-bottom farm_orientation,low insecurity,farm_orientation,asinh_rb_inc_farm_w99,asinh farm income,farm-exit,provyear,top farm-orientation-minus-bottom differential,1.8920239311819205,1.4454186249420136,0.190541158485797,1220,83,6.419803738093013,ok
adjacent,high_sat80_t,low insecurity: top-vs-bottom farm_orientation,low insecurity,farm_orientation,asinh_rb_inc_farm_w99,asinh farm income,farm-exit,provyear,top farm-orientation group DID,0.15321608503198947,1.5951208014051625,0.9234785057441565,1220,83,6.419803738093013,ok
adjacent,high_sat80_t,high insecurity: top-vs-bottom farmdep,high insecurity,farmdep,any_rentin,Any rented-in land,rent-in,stackyear,bottom group DID,0.03305536881552542,0.06558577153227177,0.6142598773488537,658,44,0.14109848484848486,ok
adjacent,high_sat80_t,high insecurity: top-vs-bottom farmdep,high insecurity,farmdep,any_rentin,Any rented-in land,rent-in,stackyear,top farmdep-minus-bottom differential,0.1301012577170106,0.10705980886698395,0.22428206335247347,658,44,0.14109848484848486,ok
adjacent,high_sat80_t,high insecurity: top-vs-bottom farmdep,high insecurity,farmdep,any_rentin,Any rented-in land,rent-in,stackyear,top farmdep group DID,0.16315662653253601,0.06624448507128719,0.01378004535283525,658,44,0.14109848484848486,ok
adjacent,high_sat80_t,high insecurity: top-vs-bottom farmdep,high insecurity,farmdep,any_rentin,Any rented-in land,rent-in,provyear,bottom group DID,,,,656,44,0.14109848484848486,ok
adjacent,high_sat80_t,high insecurity: top-vs-bottom farmdep,high insecurity,farmdep,any_rentin,Any rented-in land,rent-in,provyear,top farmdep-minus-bottom differential,,,,656,44,0.14109848484848486,ok
adjacent,high_sat80_t,high insecurity: top-vs-bottom farmdep,high insecurity,farmdep,any_rentin,Any rented-in land,rent-in,provyear,top farmdep group DID,,,,656,44,0.14109848484848486,ok
adjacent,high_sat80_t,high insecurity: top-vs-bottom farmdep,high insecurity,farmdep,asinh_rentin,asinh rented-in area,rent-in,stackyear,bottom group DID,0.050917194446258175,0.07667908249069444,0.5066712497508009,656,44,0.27206945070382943,ok
adjacent,high_sat80_t,high insecurity: top-vs-bottom farmdep,high insecurity,farmdep,asinh_rentin,asinh rented-in area,rent-in,stackyear,top farmdep-minus-bottom differential,0.3253113906886681,0.1806839569820541,0.07179051968639215,656,44,0.27206945070382943,ok
adjacent,high_sat80_t,high insecurity: top-vs-bottom farmdep,high insecurity,farmdep,asinh_rentin,asinh rented-in area,rent-in,stackyear,top farmdep group DID,0.3762285851349263,0.1501546234865174,0.012224115354860482,656,44,0.27206945070382943,ok
adjacent,high_sat80_t,high insecurity: top-vs-bottom farmdep,high insecurity,farmdep,asinh_rentin,asinh rented-in area,rent-in,provyear,bottom group DID,,,,654,44,0.27206945070382943,ok
adjacent,high_sat80_t,high insecurity: top-vs-bottom farmdep,high insecurity,farmdep,asinh_rentin,asinh rented-in area,rent-in,provyear,top farmdep-minus-bottom differential,,,,654,44,0.27206945070382943,ok
adjacent,high_sat80_t,high insecurity: top-vs-bottom farmdep,high insecurity,farmdep,asinh_rentin,asinh rented-in area,rent-in,provyear,top farmdep group DID,,,,654,44,0.27206945070382943,ok
adjacent,high_sat80_t,high insecurity: top-vs-bottom farmdep,high insecurity,farmdep,rentin_and_farm_any,Rent-in and own-farm production,rent-in,stackyear,bottom group DID,0.0142105187876334,0.06890861813860748,0.8366169852089227,658,44,0.12878787878787878,ok
adjacent,high_sat80_t,high insecurity: top-vs-bottom farmdep,high insecurity,farmdep,rentin_and_farm_any,Rent-in and own-farm production,rent-in,stackyear,top farmdep-minus-bottom differential,0.16050154092614022,0.10772488747707257,0.13624508520493664,658,44,0.12878787878787878,ok
adjacent,high_sat80_t,high insecurity: top-vs-bottom farmdep,high insecurity,farmdep,rentin_and_farm_any,Rent-in and own-farm production,rent-in,stackyear,top farmdep group DID,0.17471205971377363,0.06497820917593589,0.007171382848917771,658,44,0.12878787878787878,ok
adjacent,high_sat80_t,high insecurity: top-vs-bottom farmdep,high insecurity,farmdep,rentin_and_farm_any,Rent-in and own-farm production,rent-in,provyear,bottom group DID,,,,656,44,0.12878787878787878,ok
adjacent,high_sat80_t,high insecurity: top-vs-bottom farmdep,high insecurity,farmdep,rentin_and_farm_any,Rent-in and own-farm production,rent-in,provyear,top farmdep-minus-bottom differential,,,,656,44,0.12878787878787878,ok
adjacent,high_sat80_t,high insecurity: top-vs-bottom farmdep,high insecurity,farmdep,rentin_and_farm_any,Rent-in and own-farm production,rent-in,provyear,top farmdep group DID,,,,656,44,0.12878787878787878,ok
adjacent,high_sat80_t,high insecurity: top-vs-bottom farmdep,high insecurity,farmdep,ib_nonfarm_curr_n,Current nonfarm workers,nonfarm,stackyear,bottom group DID,0.647877043943361,0.11929651745232644,5.609798345071807e-08,690,45,0.73224043715847,ok
adjacent,high_sat80_t,high insecurity: top-vs-bottom farmdep,high insecurity,farmdep,ib_nonfarm_curr_n,Current nonfarm workers,nonfarm,stackyear,top farmdep-minus-bottom differential,-0.4959226043035485,0.3218820472370913,0.1233906231199873,690,45,0.73224043715847,ok
adjacent,high_sat80_t,high insecurity: top-vs-bottom farmdep,high insecurity,farmdep,ib_nonfarm_curr_n,Current nonfarm workers,nonfarm,stackyear,top farmdep group DID,0.15195443963981248,0.2940200443454162,0.6052841909614537,690,45,0.73224043715847,ok
adjacent,high_sat80_t,high insecurity: top-vs-bottom farmdep,high insecurity,farmdep,ib_nonfarm_curr_n,Current nonfarm workers,nonfarm,provyear,bottom group DID,,,,688,45,0.73224043715847,ok
adjacent,high_sat80_t,high insecurity: top-vs-bottom farmdep,high insecurity,farmdep,ib_nonfarm_curr_n,Current nonfarm workers,nonfarm,provyear,top farmdep-minus-bottom differential,,,,688,45,0.73224043715847,ok
adjacent,high_sat80_t,high insecurity: top-vs-bottom farmdep,high insecurity,farmdep,ib_nonfarm_curr_n,Current nonfarm workers,nonfarm,provyear,top farmdep group DID,,,,688,45,0.73224043715847,ok
adjacent,high_sat80_t,high insecurity: top-vs-bottom farmdep,high insecurity,farmdep,ib_nonfarm_curr_ge2,At least two current nonfarm workers,nonfarm,stackyear,bottom group DID,0.12009026679455706,0.04303622323473892,0.0052635442539033335,690,45,0.1885245901639344,ok
adjacent,high_sat80_t,high insecurity: top-vs-bottom farmdep,high insecurity,farmdep,ib_nonfarm_curr_ge2,At least two current nonfarm workers,nonfarm,stackyear,top farmdep-minus-bottom differential,-0.07599493953189458,0.0641767834247813,0.23635368167968485,690,45,0.1885245901639344,ok
adjacent,high_sat80_t,high insecurity: top-vs-bottom farmdep,high insecurity,farmdep,ib_nonfarm_curr_ge2,At least two current nonfarm workers,nonfarm,stackyear,top farmdep group DID,0.04409532726266248,0.045464021842724044,0.33209883481960967,690,45,0.1885245901639344,ok
adjacent,high_sat80_t,high insecurity: top-vs-bottom farmdep,high insecurity,farmdep,ib_nonfarm_curr_ge2,At least two current nonfarm workers,nonfarm,provyear,bottom group DID,,,,688,45,0.1885245901639344,ok
adjacent,high_sat80_t,high insecurity: top-vs-bottom farmdep,high insecurity,farmdep,ib_nonfarm_curr_ge2,At least two current nonfarm workers,nonfarm,provyear,top farmdep-minus-bottom differential,,,,688,45,0.1885245901639344,ok
adjacent,high_sat80_t,high insecurity: top-vs-bottom farmdep,high insecurity,farmdep,ib_nonfarm_curr_ge2,At least two current nonfarm workers,nonfarm,provyear,top farmdep group DID,,,,688,45,0.1885245901639344,ok
adjacent,high_sat80_t,high insecurity: top-vs-bottom farmdep,high insecurity,farmdep,nonfarm_ge2_no_rentin,>=2 nonfarm workers without rent-in,nonfarm,stackyear,bottom group DID,0.15224993921016214,0.04727497578532437,0.0012795888541431313,658,44,0.18276515151515152,ok
adjacent,high_sat80_t,high insecurity: top-vs-bottom farmdep,high insecurity,farmdep,nonfarm_ge2_no_rentin,>=2 nonfarm workers without rent-in,nonfarm,stackyear,top farmdep-minus-bottom differential,-0.15803659548295676,0.05517463060374329,0.004179343506193232,658,44,0.18276515151515152,ok
adjacent,high_sat80_t,high insecurity: top-vs-bottom farmdep,high insecurity,farmdep,nonfarm_ge2_no_rentin,>=2 nonfarm workers without rent-in,nonfarm,stackyear,top farmdep group DID,-0.005786656272794621,0.021748691584746353,0.7901859398237918,658,44,0.18276515151515152,ok
adjacent,high_sat80_t,high insecurity: top-vs-bottom farmdep,high insecurity,farmdep,nonfarm_ge2_no_rentin,>=2 nonfarm workers without rent-in,nonfarm,provyear,bottom group DID,,,,656,44,0.18276515151515152,ok
adjacent,high_sat80_t,high insecurity: top-vs-bottom farmdep,high insecurity,farmdep,nonfarm_ge2_no_rentin,>=2 nonfarm workers without rent-in,nonfarm,provyear,top farmdep-minus-bottom differential,,,,656,44,0.18276515151515152,ok
adjacent,high_sat80_t,high insecurity: top-vs-bottom farmdep,high insecurity,farmdep,nonfarm_ge2_no_rentin,>=2 nonfarm workers without rent-in,nonfarm,provyear,top farmdep group DID,,,,656,44,0.18276515151515152,ok
adjacent,high_sat80_t,high insecurity: top-vs-bottom farmdep,high insecurity,farmdep,rb_farm_any,Any own-farm production,farm-exit,stackyear,bottom group DID,-0.3357104761170019,0.06028297812750718,2.563379287055024e-08,688,45,0.7303473491773309,ok
adjacent,high_sat80_t,high insecurity: top-vs-bottom farmdep,high insecurity,farmdep,rb_farm_any,Any own-farm production,farm-exit,stackyear,top farmdep-minus-bottom differential,0.18459456485553408,0.12672884496343567,0.14522393061491234,688,45,0.7303473491773309,ok
adjacent,high_sat80_t,high insecurity: top-vs-bottom farmdep,high insecurity,farmdep,rb_farm_any,Any own-farm production,farm-exit,stackyear,top farmdep group DID,-0.1511159112614678,0.1038650620779023,0.14568993039476388,688,45,0.7303473491773309,ok
adjacent,high_sat80_t,high insecurity: top-vs-bottom farmdep,high insecurity,farmdep,rb_farm_any,Any own-farm production,farm-exit,provyear,bottom group DID,,,,686,45,0.7303473491773309,ok
adjacent,high_sat80_t,high insecurity: top-vs-bottom farmdep,high insecurity,farmdep,rb_farm_any,Any own-farm production,farm-exit,provyear,top farmdep-minus-bottom differential,,,,686,45,0.7303473491773309,ok
adjacent,high_sat80_t,high insecurity: top-vs-bottom farmdep,high insecurity,farmdep,rb_farm_any,Any own-farm production,farm-exit,provyear,top farmdep group DID,,,,686,45,0.7303473491773309,ok
adjacent,high_sat80_t,high insecurity: top-vs-bottom farmdep,high insecurity,farmdep,asinh_rb_inc_farm_w99,asinh farm income,farm-exit,stackyear,bottom group DID,-3.9217432676148394,0.6693220370369348,4.648864847915516e-09,688,45,5.6953750551011355,ok
adjacent,high_sat80_t,high insecurity: top-vs-bottom farmdep,high insecurity,farmdep,asinh_rb_inc_farm_w99,asinh farm income,farm-exit,stackyear,top farmdep-minus-bottom differential,3.6370126558050226,0.9995203298808099,0.00027395602064666873,688,45,5.6953750551011355,ok
adjacent,high_sat80_t,high insecurity: top-vs-bottom farmdep,high insecurity,farmdep,asinh_rb_inc_farm_w99,asinh farm income,farm-exit,stackyear,top farmdep group DID,-0.28473061180981674,0.5884588683766251,0.6284865520347631,688,45,5.6953750551011355,ok
adjacent,high_sat80_t,high insecurity: top-vs-bottom farmdep,high insecurity,farmdep,asinh_rb_inc_farm_w99,asinh farm income,farm-exit,provyear,bottom group DID,,,,686,45,5.6953750551011355,ok
adjacent,high_sat80_t,high insecurity: top-vs-bottom farmdep,high insecurity,farmdep,asinh_rb_inc_farm_w99,asinh farm income,farm-exit,provyear,top farmdep-minus-bottom differential,,,,686,45,5.6953750551011355,ok
adjacent,high_sat80_t,high insecurity: top-vs-bottom farmdep,high insecurity,farmdep,asinh_rb_inc_farm_w99,asinh farm income,farm-exit,provyear,top farmdep group DID,,,,686,45,5.6953750551011355,ok
adjacent,high_sat80_t,high insecurity: top-vs-bottom farm_orientation,high insecurity,farm_orientation,any_rentin,Any rented-in land,rent-in,stackyear,bottom group DID,0.04898809078519494,0.05878347535181813,0.4046389091959509,642,45,0.13575525812619502,ok
adjacent,high_sat80_t,high insecurity: top-vs-bottom farm_orientation,high insecurity,farm_orientation,any_rentin,Any rented-in land,rent-in,stackyear,top farm-orientation-minus-bottom differential,0.18124297313501633,0.09583742243081828,0.05860427948258793,642,45,0.13575525812619502,ok
adjacent,high_sat80_t,high insecurity: top-vs-bottom farm_orientation,high insecurity,farm_orientation,any_rentin,Any rented-in land,rent-in,stackyear,top farm-orientation group DID,0.23023106392021128,0.06055721296616109,0.00014360412661344987,642,45,0.13575525812619502,ok
adjacent,high_sat80_t,high insecurity: top-vs-bottom farm_orientation,high insecurity,farm_orientation,any_rentin,Any rented-in land,rent-in,provyear,bottom group DID,,,,638,44,0.13575525812619502,ok
adjacent,high_sat80_t,high insecurity: top-vs-bottom farm_orientation,high insecurity,farm_orientation,any_rentin,Any rented-in land,rent-in,provyear,top farm-orientation-minus-bottom differential,,,,638,44,0.13575525812619502,ok
adjacent,high_sat80_t,high insecurity: top-vs-bottom farm_orientation,high insecurity,farm_orientation,any_rentin,Any rented-in land,rent-in,provyear,top farm-orientation group DID,,,,638,44,0.13575525812619502,ok
adjacent,high_sat80_t,high insecurity: top-vs-bottom farm_orientation,high insecurity,farm_orientation,asinh_rentin,asinh rented-in area,rent-in,stackyear,bottom group DID,0.06784998751557199,0.07086042786415762,0.3383069167465067,640,45,0.26870801986240955,ok
adjacent,high_sat80_t,high insecurity: top-vs-bottom farm_orientation,high insecurity,farm_orientation,asinh_rentin,asinh rented-in area,rent-in,stackyear,top farm-orientation-minus-bottom differential,0.40873517189520825,0.17463058972127107,0.019254313109663686,640,45,0.26870801986240955,ok
adjacent,high_sat80_t,high insecurity: top-vs-bottom farm_orientation,high insecurity,farm_orientation,asinh_rentin,asinh rented-in area,rent-in,stackyear,top farm-orientation group DID,0.4765851594107802,0.13978135433762792,0.0006508099946671166,640,45,0.26870801986240955,ok
adjacent,high_sat80_t,high insecurity: top-vs-bottom farm_orientation,high insecurity,farm_orientation,asinh_rentin,asinh rented-in area,rent-in,provyear,bottom group DID,,,,636,44,0.26870801986240955,ok
adjacent,high_sat80_t,high insecurity: top-vs-bottom farm_orientation,high insecurity,farm_orientation,asinh_rentin,asinh rented-in area,rent-in,provyear,top farm-orientation-minus-bottom differential,,,,636,44,0.26870801986240955,ok
adjacent,high_sat80_t,high insecurity: top-vs-bottom farm_orientation,high insecurity,farm_orientation,asinh_rentin,asinh rented-in area,rent-in,provyear,top farm-orientation group DID,,,,636,44,0.26870801986240955,ok
adjacent,high_sat80_t,high insecurity: top-vs-bottom farm_orientation,high insecurity,farm_orientation,rentin_and_farm_any,Rent-in and own-farm production,rent-in,stackyear,bottom group DID,0.04490552966163471,0.06071701645781636,0.45955049610860876,642,45,0.124282982791587,ok
adjacent,high_sat80_t,high insecurity: top-vs-bottom farm_orientation,high insecurity,farm_orientation,rentin_and_farm_any,Rent-in and own-farm production,rent-in,stackyear,top farm-orientation-minus-bottom differential,0.1273709740197092,0.09152111101779722,0.16400980720785285,642,45,0.124282982791587,ok
adjacent,high_sat80_t,high insecurity: top-vs-bottom farm_orientation,high insecurity,farm_orientation,rentin_and_farm_any,Rent-in and own-farm production,rent-in,stackyear,top farm-orientation group DID,0.17227650368134392,0.051208908500889334,0.0007676864180518043,642,45,0.124282982791587,ok
adjacent,high_sat80_t,high insecurity: top-vs-bottom farm_orientation,high insecurity,farm_orientation,rentin_and_farm_any,Rent-in and own-farm production,rent-in,provyear,bottom group DID,,,,638,44,0.124282982791587,ok
adjacent,high_sat80_t,high insecurity: top-vs-bottom farm_orientation,high insecurity,farm_orientation,rentin_and_farm_any,Rent-in and own-farm production,rent-in,provyear,top farm-orientation-minus-bottom differential,,,,638,44,0.124282982791587,ok
adjacent,high_sat80_t,high insecurity: top-vs-bottom farm_orientation,high insecurity,farm_orientation,rentin_and_farm_any,Rent-in and own-farm production,rent-in,provyear,top farm-orientation group DID,,,,638,44,0.124282982791587,ok
adjacent,high_sat80_t,high insecurity: top-vs-bottom farm_orientation,high insecurity,farm_orientation,ib_nonfarm_curr_n,Current nonfarm workers,nonfarm,stackyear,bottom group DID,0.6419028103146731,0.12182273359001165,1.370535405342448e-07,678,46,0.7908256880733945,ok
adjacent,high_sat80_t,high insecurity: top-vs-bottom farm_orientation,high insecurity,farm_orientation,ib_nonfarm_curr_n,Current nonfarm workers,nonfarm,stackyear,top farm-orientation-minus-bottom differential,-0.4135885219287397,0.24470489454989292,0.09099883572671741,678,46,0.7908256880733945,ok
adjacent,high_sat80_t,high insecurity: top-vs-bottom farm_orientation,high insecurity,farm_orientation,ib_nonfarm_curr_n,Current nonfarm workers,nonfarm,stackyear,top farm-orientation group DID,0.22831428838593343,0.2050561292954273,0.26552663869924875,678,46,0.7908256880733945,ok
adjacent,high_sat80_t,high insecurity: top-vs-bottom farm_orientation,high insecurity,farm_orientation,ib_nonfarm_curr_n,Current nonfarm workers,nonfarm,provyear,bottom group DID,,,,674,45,0.7908256880733945,ok
adjacent,high_sat80_t,high insecurity: top-vs-bottom farm_orientation,high insecurity,farm_orientation,ib_nonfarm_curr_n,Current nonfarm workers,nonfarm,provyear,top farm-orientation-minus-bottom differential,,,,674,45,0.7908256880733945,ok
adjacent,high_sat80_t,high insecurity: top-vs-bottom farm_orientation,high insecurity,farm_orientation,ib_nonfarm_curr_n,Current nonfarm workers,nonfarm,provyear,top farm-orientation group DID,,,,674,45,0.7908256880733945,ok
adjacent,high_sat80_t,high insecurity: top-vs-bottom farm_orientation,high insecurity,farm_orientation,ib_nonfarm_curr_ge2,At least two current nonfarm workers,nonfarm,stackyear,bottom group DID,0.12446303196739372,0.048047925197035275,0.00958662862304058,678,46,0.21467889908256882,ok
adjacent,high_sat80_t,high insecurity: top-vs-bottom farm_orientation,high insecurity,farm_orientation,ib_nonfarm_curr_ge2,At least two current nonfarm workers,nonfarm,stackyear,top farm-orientation-minus-bottom differential,-0.03893413023568123,0.06253658280544859,0.5335594588724094,678,46,0.21467889908256882,ok
adjacent,high_sat80_t,high insecurity: top-vs-bottom farm_orientation,high insecurity,farm_orientation,ib_nonfarm_curr_ge2,At least two current nonfarm workers,nonfarm,stackyear,top farm-orientation group DID,0.08552890173171249,0.03571434346882607,0.016629189489781926,678,46,0.21467889908256882,ok
adjacent,high_sat80_t,high insecurity: top-vs-bottom farm_orientation,high insecurity,farm_orientation,ib_nonfarm_curr_ge2,At least two current nonfarm workers,nonfarm,provyear,bottom group DID,,,,674,45,0.21467889908256882,ok
adjacent,high_sat80_t,high insecurity: top-vs-bottom farm_orientation,high insecurity,farm_orientation,ib_nonfarm_curr_ge2,At least two current nonfarm workers,nonfarm,provyear,top farm-orientation-minus-bottom differential,,,,674,45,0.21467889908256882,ok
adjacent,high_sat80_t,high insecurity: top-vs-bottom farm_orientation,high insecurity,farm_orientation,ib_nonfarm_curr_ge2,At least two current nonfarm workers,nonfarm,provyear,top farm-orientation group DID,,,,674,45,0.21467889908256882,ok
adjacent,high_sat80_t,high insecurity: top-vs-bottom farm_orientation,high insecurity,farm_orientation,nonfarm_ge2_no_rentin,>=2 nonfarm workers without rent-in,nonfarm,stackyear,bottom group DID,0.14846430813365474,0.05710787417088689,0.009330068351915946,642,45,0.21032504780114722,ok
adjacent,high_sat80_t,high insecurity: top-vs-bottom farm_orientation,high insecurity,farm_orientation,nonfarm_ge2_no_rentin,>=2 nonfarm workers without rent-in,nonfarm,stackyear,top farm-orientation-minus-bottom differential,-0.15889578068266685,0.05994587730751735,0.008033608884448849,642,45,0.21032504780114722,ok
adjacent,high_sat80_t,high insecurity: top-vs-bottom farm_orientation,high insecurity,farm_orientation,nonfarm_ge2_no_rentin,>=2 nonfarm workers without rent-in,nonfarm,stackyear,top farm-orientation group DID,-0.01043147254901211,0.01181380054764493,0.37724145482315796,642,45,0.21032504780114722,ok
adjacent,high_sat80_t,high insecurity: top-vs-bottom farm_orientation,high insecurity,farm_orientation,nonfarm_ge2_no_rentin,>=2 nonfarm workers without rent-in,nonfarm,provyear,bottom group DID,,,,638,44,0.21032504780114722,ok
adjacent,high_sat80_t,high insecurity: top-vs-bottom farm_orientation,high insecurity,farm_orientation,nonfarm_ge2_no_rentin,>=2 nonfarm workers without rent-in,nonfarm,provyear,top farm-orientation-minus-bottom differential,,,,638,44,0.21032504780114722,ok
adjacent,high_sat80_t,high insecurity: top-vs-bottom farm_orientation,high insecurity,farm_orientation,nonfarm_ge2_no_rentin,>=2 nonfarm workers without rent-in,nonfarm,provyear,top farm-orientation group DID,,,,638,44,0.21032504780114722,ok
adjacent,high_sat80_t,high insecurity: top-vs-bottom farm_orientation,high insecurity,farm_orientation,rb_farm_any,Any own-farm production,farm-exit,stackyear,bottom group DID,-0.328523442720972,0.055550667812918036,3.3401498840512235e-09,676,46,0.7191528545119705,ok
adjacent,high_sat80_t,high insecurity: top-vs-bottom farm_orientation,high insecurity,farm_orientation,rb_farm_any,Any own-farm production,farm-exit,stackyear,top farm-orientation-minus-bottom differential,0.19888548267365547,0.1654708073541927,0.2293879450263172,676,46,0.7191528545119705,ok
adjacent,high_sat80_t,high insecurity: top-vs-bottom farm_orientation,high insecurity,farm_orientation,rb_farm_any,Any own-farm production,farm-exit,stackyear,top farm-orientation group DID,-0.12963796004731654,0.14533398075910908,0.3723927509052928,676,46,0.7191528545119705,ok
adjacent,high_sat80_t,high insecurity: top-vs-bottom farm_orientation,high insecurity,farm_orientation,rb_farm_any,Any own-farm production,farm-exit,provyear,bottom group DID,,,,672,45,0.7191528545119705,ok
adjacent,high_sat80_t,high insecurity: top-vs-bottom farm_orientation,high insecurity,farm_orientation,rb_farm_any,Any own-farm production,farm-exit,provyear,top farm-orientation-minus-bottom differential,,,,672,45,0.7191528545119705,ok
adjacent,high_sat80_t,high insecurity: top-vs-bottom farm_orientation,high insecurity,farm_orientation,rb_farm_any,Any own-farm production,farm-exit,provyear,top farm-orientation group DID,,,,672,45,0.7191528545119705,ok
adjacent,high_sat80_t,high insecurity: top-vs-bottom farm_orientation,high insecurity,farm_orientation,asinh_rb_inc_farm_w99,asinh farm income,farm-exit,stackyear,bottom group DID,-3.2967662666186497,0.5484431348916159,1.842277812202032e-09,668,46,5.667206715261759,ok
adjacent,high_sat80_t,high insecurity: top-vs-bottom farm_orientation,high insecurity,farm_orientation,asinh_rb_inc_farm_w99,asinh farm income,farm-exit,stackyear,top farm-orientation-minus-bottom differential,2.9090185049986808,0.8010998757448528,0.00028201825922296334,668,46,5.667206715261759,ok
adjacent,high_sat80_t,high insecurity: top-vs-bottom farm_orientation,high insecurity,farm_orientation,asinh_rb_inc_farm_w99,asinh farm income,farm-exit,stackyear,top farm-orientation group DID,-0.38774776161996893,0.44887203959861194,0.38768296481468334,668,46,5.667206715261759,ok
adjacent,high_sat80_t,high insecurity: top-vs-bottom farm_orientation,high insecurity,farm_orientation,asinh_rb_inc_farm_w99,asinh farm income,farm-exit,provyear,bottom group DID,,,,664,45,5.667206715261759,ok
adjacent,high_sat80_t,high insecurity: top-vs-bottom farm_orientation,high insecurity,farm_orientation,asinh_rb_inc_farm_w99,asinh farm income,farm-exit,provyear,top farm-orientation-minus-bottom differential,,,,664,45,5.667206715261759,ok
adjacent,high_sat80_t,high insecurity: top-vs-bottom farm_orientation,high insecurity,farm_orientation,asinh_rb_inc_farm_w99,asinh farm income,farm-exit,provyear,top farm-orientation group DID,,,,664,45,5.667206715261759,ok
adjacent,high_sat80_t,high-minus-low A3 within farmdep bottom,high-minus-low,farmdep bottom,any_rentin,Any rented-in land,rent-in,stackyear,low-insecurity DID,-0.1996858986541465,0.11294348294419217,0.07705820857127879,798,88,0.09140518417462483,ok
adjacent,high_sat80_t,high-minus-low A3 within farmdep bottom,high-minus-low,farmdep bottom,any_rentin,Any rented-in land,rent-in,stackyear,high-minus-low differential,0.14427653170582475,0.12899422690866763,0.26336512523788946,798,88,0.09140518417462483,ok
adjacent,high_sat80_t,high-minus-low A3 within farmdep bottom,high-minus-low,farmdep bottom,any_rentin,Any rented-in land,rent-in,stackyear,high-insecurity DID,-0.05540936694832174,0.06034401110973391,0.3585011926326567,798,88,0.09140518417462483,ok
adjacent,high_sat80_t,high-minus-low A3 within farmdep bottom,high-minus-low,farmdep bottom,any_rentin,Any rented-in land,rent-in,provyear,low-insecurity DID,-0.2891292948288429,0.09779173758386386,0.003110694672305624,788,87,0.09140518417462483,ok
adjacent,high_sat80_t,high-minus-low A3 within farmdep bottom,high-minus-low,farmdep bottom,any_rentin,Any rented-in land,rent-in,provyear,high-minus-low differential,-0.04721201559514241,0.04624022016078769,0.3072467459206917,788,87,0.09140518417462483,ok
adjacent,high_sat80_t,high-minus-low A3 within farmdep bottom,high-minus-low,farmdep bottom,any_rentin,Any rented-in land,rent-in,provyear,high-insecurity DID,-0.33634131042398535,0.09714982285699761,0.0005360003404758539,788,87,0.09140518417462483,ok
adjacent,high_sat80_t,high-minus-low A3 within farmdep bottom,high-minus-low,farmdep bottom,asinh_rentin,asinh rented-in area,rent-in,stackyear,low-insecurity DID,-0.4022200871597278,0.19156835462983623,0.035762586040360984,796,88,0.138906599498932,ok
adjacent,high_sat80_t,high-minus-low A3 within farmdep bottom,high-minus-low,farmdep bottom,asinh_rentin,asinh rented-in area,rent-in,stackyear,high-minus-low differential,0.3475504901664224,0.23286849870854123,0.1355745790826997,796,88,0.138906599498932,ok
adjacent,high_sat80_t,high-minus-low A3 within farmdep bottom,high-minus-low,farmdep bottom,asinh_rentin,asinh rented-in area,rent-in,stackyear,high-insecurity DID,-0.05466959699330537,0.08441580637027674,0.5172289767355049,796,88,0.138906599498932,ok
adjacent,high_sat80_t,high-minus-low A3 within farmdep bottom,high-minus-low,farmdep bottom,asinh_rentin,asinh rented-in area,rent-in,provyear,low-insecurity DID,-0.4054194824550019,0.17506372643554294,0.02056703683344966,786,87,0.138906599498932,ok
adjacent,high_sat80_t,high-minus-low A3 within farmdep bottom,high-minus-low,farmdep bottom,asinh_rentin,asinh rented-in area,rent-in,provyear,high-minus-low differential,-0.02811032193018214,0.07719040756918978,0.7157321200635784,786,87,0.138906599498932,ok
adjacent,high_sat80_t,high-minus-low A3 within farmdep bottom,high-minus-low,farmdep bottom,asinh_rentin,asinh rented-in area,rent-in,provyear,high-insecurity DID,-0.43352980438518407,0.17536144807750592,0.013428172731924471,786,87,0.138906599498932,ok
adjacent,high_sat80_t,high-minus-low A3 within farmdep bottom,high-minus-low,farmdep bottom,rentin_and_farm_any,Rent-in and own-farm production,rent-in,stackyear,low-insecurity DID,-0.20350171914097656,0.11415569789600544,0.07464034982291463,798,88,0.07366984993178717,ok
adjacent,high_sat80_t,high-minus-low A3 within farmdep bottom,high-minus-low,farmdep bottom,rentin_and_farm_any,Rent-in and own-farm production,rent-in,stackyear,high-minus-low differential,0.16223336206482353,0.13071021612067826,0.21454362410608463,798,88,0.07366984993178717,ok
adjacent,high_sat80_t,high-minus-low A3 within farmdep bottom,high-minus-low,farmdep bottom,rentin_and_farm_any,Rent-in and own-farm production,rent-in,stackyear,high-insecurity DID,-0.041268357076153034,0.06216397648900986,0.5067780697709343,798,88,0.07366984993178717,ok
adjacent,high_sat80_t,high-minus-low A3 within farmdep bottom,high-minus-low,farmdep bottom,rentin_and_farm_any,Rent-in and own-farm production,rent-in,provyear,low-insecurity DID,-0.2880539342509658,0.0956169129399481,0.0025903416274994312,788,87,0.07366984993178717,ok
adjacent,high_sat80_t,high-minus-low A3 within farmdep bottom,high-minus-low,farmdep bottom,rentin_and_farm_any,Rent-in and own-farm production,rent-in,provyear,high-minus-low differential,-0.028253293808011965,0.04692031136225707,0.5470710557635898,788,87,0.07366984993178717,ok
adjacent,high_sat80_t,high-minus-low A3 within farmdep bottom,high-minus-low,farmdep bottom,rentin_and_farm_any,Rent-in and own-farm production,rent-in,provyear,high-insecurity DID,-0.31630722805897776,0.09323694847569149,0.000692555450639152,788,87,0.07366984993178717,ok
adjacent,high_sat80_t,high-minus-low A3 within farmdep bottom,high-minus-low,farmdep bottom,ib_nonfarm_curr_n,Current nonfarm workers,nonfarm,stackyear,low-insecurity DID,0.18476983529870777,0.14197431223107157,0.19311081375044303,824,90,1.0026702269692924,ok
adjacent,high_sat80_t,high-minus-low A3 within farmdep bottom,high-minus-low,farmdep bottom,ib_nonfarm_curr_n,Current nonfarm workers,nonfarm,stackyear,high-minus-low differential,0.4916469994031384,0.19203071305189434,0.010459631510407675,824,90,1.0026702269692924,ok
adjacent,high_sat80_t,high-minus-low A3 within farmdep bottom,high-minus-low,farmdep bottom,ib_nonfarm_curr_n,Current nonfarm workers,nonfarm,stackyear,high-insecurity DID,0.6764168347018462,0.11872977278286356,1.2185375448895103e-08,824,90,1.0026702269692924,ok
adjacent,high_sat80_t,high-minus-low A3 within farmdep bottom,high-minus-low,farmdep bottom,ib_nonfarm_curr_n,Current nonfarm workers,nonfarm,provyear,low-insecurity DID,0.244788196745328,0.12816488974369347,0.05613998738758266,816,90,1.0026702269692924,ok
adjacent,high_sat80_t,high-minus-low A3 within farmdep bottom,high-minus-low,farmdep bottom,ib_nonfarm_curr_n,Current nonfarm workers,nonfarm,provyear,high-minus-low differential,1.54292483942221,0.10402069688669172,8.981776602595998e-50,816,90,1.0026702269692924,ok
adjacent,high_sat80_t,high-minus-low A3 within farmdep bottom,high-minus-low,farmdep bottom,ib_nonfarm_curr_n,Current nonfarm workers,nonfarm,provyear,high-insecurity DID,1.787713036167538,0.15321967799110287,1.8651177040172266e-31,816,90,1.0026702269692924,ok
adjacent,high_sat80_t,high-minus-low A3 within farmdep bottom,high-minus-low,farmdep bottom,ib_nonfarm_curr_ge2,At least two current nonfarm workers,nonfarm,stackyear,low-insecurity DID,0.06054880095572621,0.06934923001302375,0.38260866639579916,824,90,0.2703604806408545,ok
adjacent,high_sat80_t,high-minus-low A3 within farmdep bottom,high-minus-low,farmdep bottom,ib_nonfarm_curr_ge2,At least two current nonfarm workers,nonfarm,stackyear,high-minus-low differential,0.04877385275151161,0.09548492632187668,0.6094899915500949,824,90,0.2703604806408545,ok
adjacent,high_sat80_t,high-minus-low A3 within farmdep bottom,high-minus-low,farmdep bottom,ib_nonfarm_curr_ge2,At least two current nonfarm workers,nonfarm,stackyear,high-insecurity DID,0.10932265370723782,0.05664232540628323,0.05360035068438796,824,90,0.2703604806408545,ok
adjacent,high_sat80_t,high-minus-low A3 within farmdep bottom,high-minus-low,farmdep bottom,ib_nonfarm_curr_ge2,At least two current nonfarm workers,nonfarm,provyear,low-insecurity DID,0.0706189341294365,0.06508925992541019,0.2779414766593834,816,90,0.2703604806408545,ok
adjacent,high_sat80_t,high-minus-low A3 within farmdep bottom,high-minus-low,farmdep bottom,ib_nonfarm_curr_ge2,At least two current nonfarm workers,nonfarm,provyear,high-minus-low differential,0.09596694400545343,0.049264748585193176,0.05141687280865163,816,90,0.2703604806408545,ok
adjacent,high_sat80_t,high-minus-low A3 within farmdep bottom,high-minus-low,farmdep bottom,ib_nonfarm_curr_ge2,At least two current nonfarm workers,nonfarm,provyear,high-insecurity DID,0.16658587813488993,0.07508702770703549,0.026515946086988373,816,90,0.2703604806408545,ok
adjacent,high_sat80_t,high-minus-low A3 within farmdep bottom,high-minus-low,farmdep bottom,nonfarm_ge2_no_rentin,>=2 nonfarm workers without rent-in,nonfarm,stackyear,low-insecurity DID,0.04330493795557174,0.0650669591651946,0.505702476208879,798,88,0.25852660300136426,ok
adjacent,high_sat80_t,high-minus-low A3 within farmdep bottom,high-minus-low,farmdep bottom,nonfarm_ge2_no_rentin,>=2 nonfarm workers without rent-in,nonfarm,stackyear,high-minus-low differential,0.08519510690483403,0.09169445458477163,0.3528271535179467,798,88,0.25852660300136426,ok
adjacent,high_sat80_t,high-minus-low A3 within farmdep bottom,high-minus-low,farmdep bottom,nonfarm_ge2_no_rentin,>=2 nonfarm workers without rent-in,nonfarm,stackyear,high-insecurity DID,0.12850004486040578,0.061299596708856444,0.036058912788947975,798,88,0.25852660300136426,ok
adjacent,high_sat80_t,high-minus-low A3 within farmdep bottom,high-minus-low,farmdep bottom,nonfarm_ge2_no_rentin,>=2 nonfarm workers without rent-in,nonfarm,provyear,low-insecurity DID,0.05246285898111034,0.07405897508610809,0.47870124289977667,788,87,0.25852660300136426,ok
adjacent,high_sat80_t,high-minus-low A3 within farmdep bottom,high-minus-low,farmdep bottom,nonfarm_ge2_no_rentin,>=2 nonfarm workers without rent-in,nonfarm,provyear,high-minus-low differential,0.13432455387734618,0.05253004798301022,0.01055490539063535,788,87,0.25852660300136426,ok
adjacent,high_sat80_t,high-minus-low A3 within farmdep bottom,high-minus-low,farmdep bottom,nonfarm_ge2_no_rentin,>=2 nonfarm workers without rent-in,nonfarm,provyear,high-insecurity DID,0.18678741285845651,0.07879496799913033,0.01776164047367635,788,87,0.25852660300136426,ok
adjacent,high_sat80_t,high-minus-low A3 within farmdep bottom,high-minus-low,farmdep bottom,rb_farm_any,Any own-farm production,farm-exit,stackyear,low-insecurity DID,-0.13303852064175095,0.0963434565791745,0.16731659984213676,816,89,0.5942320590207915,ok
adjacent,high_sat80_t,high-minus-low A3 within farmdep bottom,high-minus-low,farmdep bottom,rb_farm_any,Any own-farm production,farm-exit,stackyear,high-minus-low differential,-0.16460144761624432,0.11949567072961426,0.16836764038148933,816,89,0.5942320590207915,ok
adjacent,high_sat80_t,high-minus-low A3 within farmdep bottom,high-minus-low,farmdep bottom,rb_farm_any,Any own-farm production,farm-exit,stackyear,high-insecurity DID,-0.29763996825799527,0.06837737823076745,1.3434773699831808e-05,816,89,0.5942320590207915,ok
adjacent,high_sat80_t,high-minus-low A3 within farmdep bottom,high-minus-low,farmdep bottom,rb_farm_any,Any own-farm production,farm-exit,provyear,low-insecurity DID,0.008139239407831747,0.14768647696605083,0.956049547370338,808,89,0.5942320590207915,ok
adjacent,high_sat80_t,high-minus-low A3 within farmdep bottom,high-minus-low,farmdep bottom,rb_farm_any,Any own-farm production,farm-exit,provyear,high-minus-low differential,-0.39437854589850685,0.07820633066550421,4.587790677524969e-07,808,89,0.5942320590207915,ok
adjacent,high_sat80_t,high-minus-low A3 within farmdep bottom,high-minus-low,farmdep bottom,rb_farm_any,Any own-farm production,farm-exit,provyear,high-insecurity DID,-0.3862393064906751,0.1656073004066107,0.019687009814408806,808,89,0.5942320590207915,ok
adjacent,high_sat80_t,high-minus-low A3 within farmdep bottom,high-minus-low,farmdep bottom,asinh_rb_inc_farm_w99,asinh farm income,farm-exit,stackyear,low-insecurity DID,-2.5460787900117596,0.8474652169578766,0.0026615240206571905,816,90,2.364325626364282,ok
adjacent,high_sat80_t,high-minus-low A3 within farmdep bottom,high-minus-low,farmdep bottom,asinh_rb_inc_farm_w99,asinh farm income,farm-exit,stackyear,high-minus-low differential,-0.5192340479441693,1.0598600935217393,0.6241989288352006,816,90,2.364325626364282,ok
adjacent,high_sat80_t,high-minus-low A3 within farmdep bottom,high-minus-low,farmdep bottom,asinh_rb_inc_farm_w99,asinh farm income,farm-exit,stackyear,high-insecurity DID,-3.065312837955929,0.6219631673102308,8.288558549488405e-07,816,90,2.364325626364282,ok
adjacent,high_sat80_t,high-minus-low A3 within farmdep bottom,high-minus-low,farmdep bottom,asinh_rb_inc_farm_w99,asinh farm income,farm-exit,provyear,low-insecurity DID,-1.5047907526435806,0.8769779042588957,0.08618361004496783,808,90,2.364325626364282,ok
adjacent,high_sat80_t,high-minus-low A3 within farmdep bottom,high-minus-low,farmdep bottom,asinh_rb_inc_farm_w99,asinh farm income,farm-exit,provyear,high-minus-low differential,-3.732453204856453,0.5921522839926779,2.9156566968979874e-10,808,90,2.364325626364282,ok
adjacent,high_sat80_t,high-minus-low A3 within farmdep bottom,high-minus-low,farmdep bottom,asinh_rb_inc_farm_w99,asinh farm income,farm-exit,provyear,high-insecurity DID,-5.237243957500034,0.9668452359483382,6.066227689432227e-08,808,90,2.364325626364282,ok
adjacent,high_sat80_t,high-minus-low A3 within farmdep top,high-minus-low,farmdep top,any_rentin,Any rented-in land,rent-in,stackyear,low-insecurity DID,-0.009225736429519517,0.06617132133563244,0.8891167069676399,1034,97,0.18220084185207455,ok
adjacent,high_sat80_t,high-minus-low A3 within farmdep top,high-minus-low,farmdep top,any_rentin,Any rented-in land,rent-in,stackyear,high-minus-low differential,0.18406548320734964,0.0919633213255004,0.04533748536558181,1034,97,0.18220084185207455,ok
adjacent,high_sat80_t,high-minus-low A3 within farmdep top,high-minus-low,farmdep top,any_rentin,Any rented-in land,rent-in,stackyear,high-insecurity DID,0.17483974677783012,0.0650056286268451,0.007153570511652636,1034,97,0.18220084185207455,ok
adjacent,high_sat80_t,high-minus-low A3 within farmdep top,high-minus-low,farmdep top,any_rentin,Any rented-in land,rent-in,provyear,low-insecurity DID,-0.5322807533645102,0.041424160152310006,8.654074634325082e-38,1024,95,0.18220084185207455,ok
adjacent,high_sat80_t,high-minus-low A3 within farmdep top,high-minus-low,farmdep top,any_rentin,Any rented-in land,rent-in,provyear,high-minus-low differential,0.19397742039547936,0.10105012303407779,0.05490643727070186,1024,95,0.18220084185207455,ok
adjacent,high_sat80_t,high-minus-low A3 within farmdep top,high-minus-low,farmdep top,any_rentin,Any rented-in land,rent-in,provyear,high-insecurity DID,-0.3383033329690308,0.10582583473453747,0.001389644063426162,1024,95,0.18220084185207455,ok
adjacent,high_sat80_t,high-minus-low A3 within farmdep top,high-minus-low,farmdep top,asinh_rentin,asinh rented-in area,rent-in,stackyear,low-insecurity DID,-0.07601890820619864,0.12186529434552137,0.5327625098111332,1034,97,0.40768616521252815,ok
adjacent,high_sat80_t,high-minus-low A3 within farmdep top,high-minus-low,farmdep top,asinh_rentin,asinh rented-in area,rent-in,stackyear,high-minus-low differential,0.45500789200826,0.19122166387801817,0.01733714105625494,1034,97,0.40768616521252815,ok
adjacent,high_sat80_t,high-minus-low A3 within farmdep top,high-minus-low,farmdep top,asinh_rentin,asinh rented-in area,rent-in,stackyear,high-insecurity DID,0.37898898380206136,0.1492747532213389,0.011121158339904366,1034,97,0.40768616521252815,ok
adjacent,high_sat80_t,high-minus-low A3 within farmdep top,high-minus-low,farmdep top,asinh_rentin,asinh rented-in area,rent-in,provyear,low-insecurity DID,-1.1028499099791471,0.12552934774263025,1.5554013619461831e-18,1024,95,0.40768616521252815,ok
adjacent,high_sat80_t,high-minus-low A3 within farmdep top,high-minus-low,farmdep top,asinh_rentin,asinh rented-in area,rent-in,provyear,high-minus-low differential,0.45308868357776055,0.20681251768919798,0.028464931492081885,1024,95,0.40768616521252815,ok
adjacent,high_sat80_t,high-minus-low A3 within farmdep top,high-minus-low,farmdep top,asinh_rentin,asinh rented-in area,rent-in,provyear,high-insecurity DID,-0.6497612264013866,0.22817545985546514,0.004404492303568605,1024,95,0.40768616521252815,ok
adjacent,high_sat80_t,high-minus-low A3 within farmdep top,high-minus-low,farmdep top,rentin_and_farm_any,Rent-in and own-farm production,rent-in,stackyear,low-insecurity DID,-0.013454448519051997,0.06596506795318302,0.8383822307948549,1034,97,0.16787003610108303,ok
adjacent,high_sat80_t,high-minus-low A3 within farmdep top,high-minus-low,farmdep top,rentin_and_farm_any,Rent-in and own-farm production,rent-in,stackyear,high-minus-low differential,0.19857598420975947,0.0913502952310602,0.029721217548374933,1034,97,0.16787003610108303,ok
adjacent,high_sat80_t,high-minus-low A3 within farmdep top,high-minus-low,farmdep top,rentin_and_farm_any,Rent-in and own-farm production,rent-in,stackyear,high-insecurity DID,0.18512153569070747,0.06407827962661294,0.0038648085370327607,1034,97,0.16787003610108303,ok
adjacent,high_sat80_t,high-minus-low A3 within farmdep top,high-minus-low,farmdep top,rentin_and_farm_any,Rent-in and own-farm production,rent-in,provyear,low-insecurity DID,-0.5337903037691486,0.04165172822366361,1.3416282915789636e-37,1024,95,0.16787003610108303,ok
adjacent,high_sat80_t,high-minus-low A3 within farmdep top,high-minus-low,farmdep top,rentin_and_farm_any,Rent-in and own-farm production,rent-in,provyear,high-minus-low differential,0.19893737172500467,0.10053097025324538,0.047831036096017174,1024,95,0.16787003610108303,ok
adjacent,high_sat80_t,high-minus-low A3 within farmdep top,high-minus-low,farmdep top,rentin_and_farm_any,Rent-in and own-farm production,rent-in,provyear,high-insecurity DID,-0.3348529320441439,0.10596600298836654,0.0015776728596413197,1024,95,0.16787003610108303,ok
adjacent,high_sat80_t,high-minus-low A3 within farmdep top,high-minus-low,farmdep top,ib_nonfarm_curr_n,Current nonfarm workers,nonfarm,stackyear,low-insecurity DID,-0.20791914981396906,0.07570091822074193,0.006021893173567662,1098,99,0.23972206137811233,ok
adjacent,high_sat80_t,high-minus-low A3 within farmdep top,high-minus-low,farmdep top,ib_nonfarm_curr_n,Current nonfarm workers,nonfarm,stackyear,high-minus-low differential,0.34900529249772905,0.300861740108439,0.2460411278534672,1098,99,0.23972206137811233,ok
adjacent,high_sat80_t,high-minus-low A3 within farmdep top,high-minus-low,farmdep top,ib_nonfarm_curr_n,Current nonfarm workers,nonfarm,stackyear,high-insecurity DID,0.14108614268376,0.2915686133982292,0.6284663564410111,1098,99,0.23972206137811233,ok
adjacent,high_sat80_t,high-minus-low A3 within farmdep top,high-minus-low,farmdep top,ib_nonfarm_curr_n,Current nonfarm workers,nonfarm,provyear,low-insecurity DID,-0.06610748903677291,0.07197140705090667,0.3583444230225812,1090,98,0.23972206137811233,ok
adjacent,high_sat80_t,high-minus-low A3 within farmdep top,high-minus-low,farmdep top,ib_nonfarm_curr_n,Current nonfarm workers,nonfarm,provyear,high-minus-low differential,0.44553264005163606,0.3046855604179033,0.14366715907875255,1090,98,0.23972206137811233,ok
adjacent,high_sat80_t,high-minus-low A3 within farmdep top,high-minus-low,farmdep top,ib_nonfarm_curr_n,Current nonfarm workers,nonfarm,provyear,high-insecurity DID,0.3794251510148632,0.31455501637797534,0.2277294891509566,1090,98,0.23972206137811233,ok
adjacent,high_sat80_t,high-minus-low A3 within farmdep top,high-minus-low,farmdep top,ib_nonfarm_curr_ge2,At least two current nonfarm workers,nonfarm,stackyear,low-insecurity DID,-0.05164123798936719,0.042119354743194955,0.22017268505037402,1098,99,0.04226983207874928,ok
adjacent,high_sat80_t,high-minus-low A3 within farmdep top,high-minus-low,farmdep top,ib_nonfarm_curr_ge2,At least two current nonfarm workers,nonfarm,stackyear,high-minus-low differential,0.09343484071992947,0.06163036276573313,0.12950617963843108,1098,99,0.04226983207874928,ok
adjacent,high_sat80_t,high-minus-low A3 within farmdep top,high-minus-low,farmdep top,ib_nonfarm_curr_ge2,At least two current nonfarm workers,nonfarm,stackyear,high-insecurity DID,0.041793602730562276,0.045176095521127654,0.3549001147059233,1098,99,0.04226983207874928,ok
adjacent,high_sat80_t,high-minus-low A3 within farmdep top,high-minus-low,farmdep top,ib_nonfarm_curr_ge2,At least two current nonfarm workers,nonfarm,provyear,low-insecurity DID,-0.01237705153900364,0.03971060291037422,0.7552827562612423,1090,98,0.04226983207874928,ok
adjacent,high_sat80_t,high-minus-low A3 within farmdep top,high-minus-low,farmdep top,ib_nonfarm_curr_ge2,At least two current nonfarm workers,nonfarm,provyear,high-minus-low differential,0.11477640824647672,0.07333361106845734,0.11755315447196116,1090,98,0.04226983207874928,ok
adjacent,high_sat80_t,high-minus-low A3 within farmdep top,high-minus-low,farmdep top,ib_nonfarm_curr_ge2,At least two current nonfarm workers,nonfarm,provyear,high-insecurity DID,0.10239935670747308,0.08407014359940236,0.22321528598069207,1090,98,0.04226983207874928,ok
adjacent,high_sat80_t,high-minus-low A3 within farmdep top,high-minus-low,farmdep top,nonfarm_ge2_no_rentin,>=2 nonfarm workers without rent-in,nonfarm,stackyear,low-insecurity DID,-0.0094961770843609,0.026539709945083905,0.7204854086460233,1034,97,0.03367408298256164,ok
adjacent,high_sat80_t,high-minus-low A3 within farmdep top,high-minus-low,farmdep top,nonfarm_ge2_no_rentin,>=2 nonfarm workers without rent-in,nonfarm,stackyear,high-minus-low differential,0.004837350560338878,0.03339045544805997,0.8848117329809335,1034,97,0.03367408298256164,ok
adjacent,high_sat80_t,high-minus-low A3 within farmdep top,high-minus-low,farmdep top,nonfarm_ge2_no_rentin,>=2 nonfarm workers without rent-in,nonfarm,stackyear,high-insecurity DID,-0.0046588265240220215,0.021541742157801223,0.8287775112268905,1034,97,0.03367408298256164,ok
adjacent,high_sat80_t,high-minus-low A3 within farmdep top,high-minus-low,farmdep top,nonfarm_ge2_no_rentin,>=2 nonfarm workers without rent-in,nonfarm,provyear,low-insecurity DID,-0.017411207394958356,0.051242481926827704,0.7340216683485229,1024,95,0.03367408298256164,ok
adjacent,high_sat80_t,high-minus-low A3 within farmdep top,high-minus-low,farmdep top,nonfarm_ge2_no_rentin,>=2 nonfarm workers without rent-in,nonfarm,provyear,high-minus-low differential,0.016082711743607852,0.04680362776257517,0.7311312915961338,1024,95,0.03367408298256164,ok
adjacent,high_sat80_t,high-minus-low A3 within farmdep top,high-minus-low,farmdep top,nonfarm_ge2_no_rentin,>=2 nonfarm workers without rent-in,nonfarm,provyear,high-insecurity DID,-0.0013284956513505038,0.06897997564506839,0.9846343719955258,1024,95,0.03367408298256164,ok
adjacent,high_sat80_t,high-minus-low A3 within farmdep top,high-minus-low,farmdep top,rb_farm_any,Any own-farm production,farm-exit,stackyear,low-insecurity DID,-0.00039589800841241854,0.04768072920529242,0.9933751583854623,1098,99,0.8909512761020881,ok
adjacent,high_sat80_t,high-minus-low A3 within farmdep top,high-minus-low,farmdep top,rb_farm_any,Any own-farm production,farm-exit,stackyear,high-minus-low differential,-0.12247152522138217,0.10804469473619296,0.25699321702028566,1098,99,0.8909512761020881,ok
adjacent,high_sat80_t,high-minus-low A3 within farmdep top,high-minus-low,farmdep top,rb_farm_any,Any own-farm production,farm-exit,stackyear,high-insecurity DID,-0.12286742322979459,0.10312086995269566,0.23346151637125845,1098,99,0.8909512761020881,ok
adjacent,high_sat80_t,high-minus-low A3 within farmdep top,high-minus-low,farmdep top,rb_farm_any,Any own-farm production,farm-exit,provyear,low-insecurity DID,-0.09189591882192717,0.09227168848155937,0.31928533678364857,1090,98,0.8909512761020881,ok
adjacent,high_sat80_t,high-minus-low A3 within farmdep top,high-minus-low,farmdep top,rb_farm_any,Any own-farm production,farm-exit,provyear,high-minus-low differential,-0.20373040238073106,0.1336536480400105,0.1274297768409372,1090,98,0.8909512761020881,ok
adjacent,high_sat80_t,high-minus-low A3 within farmdep top,high-minus-low,farmdep top,rb_farm_any,Any own-farm production,farm-exit,provyear,high-insecurity DID,-0.29562632120265825,0.17181249186431288,0.08531735897526765,1090,98,0.8909512761020881,ok
adjacent,high_sat80_t,high-minus-low A3 within farmdep top,high-minus-low,farmdep top,asinh_rb_inc_farm_w99,asinh farm income,farm-exit,stackyear,low-insecurity DID,-0.9377043113672021,0.7827997643378934,0.230961682821199,1082,99,9.231518740073607,ok
adjacent,high_sat80_t,high-minus-low A3 within farmdep top,high-minus-low,farmdep top,asinh_rb_inc_farm_w99,asinh farm income,farm-exit,stackyear,high-minus-low differential,1.240131892771818,0.9708862754236297,0.2014895007087728,1082,99,9.231518740073607,ok
adjacent,high_sat80_t,high-minus-low A3 within farmdep top,high-minus-low,farmdep top,asinh_rb_inc_farm_w99,asinh farm income,farm-exit,stackyear,high-insecurity DID,0.3024275814046158,0.5787759515873429,0.6013016247648987,1082,99,9.231518740073607,ok
adjacent,high_sat80_t,high-minus-low A3 within farmdep top,high-minus-low,farmdep top,asinh_rb_inc_farm_w99,asinh farm income,farm-exit,provyear,low-insecurity DID,-5.406800700723128,1.6061063754317368,0.00076155467069218,1074,98,9.231518740073607,ok
adjacent,high_sat80_t,high-minus-low A3 within farmdep top,high-minus-low,farmdep top,asinh_rb_inc_farm_w99,asinh farm income,farm-exit,provyear,high-minus-low differential,0.5964680180974105,1.0098990083832917,0.5547740884824357,1074,98,9.231518740073607,ok
adjacent,high_sat80_t,high-minus-low A3 within farmdep top,high-minus-low,farmdep top,asinh_rb_inc_farm_w99,asinh farm income,farm-exit,provyear,high-insecurity DID,-4.810332682625718,1.8794017103788414,0.010482221320477094,1074,98,9.231518740073607,ok
adjacent,high_sat80_t,high-minus-low A3 within farm-orientation bottom,high-minus-low,farm-orientation bottom,any_rentin,Any rented-in land,rent-in,stackyear,low-insecurity DID,-0.11108639146087237,0.10568724573744946,0.29321906261238506,832,91,0.0800794176042356,ok
adjacent,high_sat80_t,high-minus-low A3 within farm-orientation bottom,high-minus-low,farm-orientation bottom,any_rentin,Any rented-in land,rent-in,stackyear,high-minus-low differential,0.07864937160720654,0.12006618495430578,0.512435470571119,832,91,0.0800794176042356,ok
adjacent,high_sat80_t,high-minus-low A3 within farm-orientation bottom,high-minus-low,farm-orientation bottom,any_rentin,Any rented-in land,rent-in,stackyear,high-insecurity DID,-0.03243701985366583,0.05286057301133173,0.5394575233982377,832,91,0.0800794176042356,ok
adjacent,high_sat80_t,high-minus-low A3 within farm-orientation bottom,high-minus-low,farm-orientation bottom,any_rentin,Any rented-in land,rent-in,provyear,low-insecurity DID,-0.2302746747193672,0.09019712927775293,0.010679472445582637,824,90,0.0800794176042356,ok
adjacent,high_sat80_t,high-minus-low A3 within farm-orientation bottom,high-minus-low,farm-orientation bottom,any_rentin,Any rented-in land,rent-in,provyear,high-minus-low differential,-0.05295511693038273,0.04644895418134284,0.25425662137985827,824,90,0.0800794176042356,ok
adjacent,high_sat80_t,high-minus-low A3 within farm-orientation bottom,high-minus-low,farm-orientation bottom,any_rentin,Any rented-in land,rent-in,provyear,high-insecurity DID,-0.28322979164974993,0.09214132644735794,0.0021130661718655685,824,90,0.0800794176042356,ok
adjacent,high_sat80_t,high-minus-low A3 within farm-orientation bottom,high-minus-low,farm-orientation bottom,asinh_rentin,asinh rented-in area,rent-in,stackyear,low-insecurity DID,-0.2084629733269173,0.18219160314720942,0.2525422028306077,828,91,0.10984509008644623,ok
adjacent,high_sat80_t,high-minus-low A3 within farm-orientation bottom,high-minus-low,farm-orientation bottom,asinh_rentin,asinh rented-in area,rent-in,stackyear,high-minus-low differential,0.1938069432885511,0.22086415544114846,0.38021844501624336,828,91,0.10984509008644623,ok
adjacent,high_sat80_t,high-minus-low A3 within farm-orientation bottom,high-minus-low,farm-orientation bottom,asinh_rentin,asinh rented-in area,rent-in,stackyear,high-insecurity DID,-0.014656030038366186,0.07752801049974987,0.8500601024064787,828,91,0.10984509008644623,ok
adjacent,high_sat80_t,high-minus-low A3 within farm-orientation bottom,high-minus-low,farm-orientation bottom,asinh_rentin,asinh rented-in area,rent-in,provyear,low-insecurity DID,-0.2521198713693654,0.1672253479760002,0.13164018485425438,820,90,0.10984509008644623,ok
adjacent,high_sat80_t,high-minus-low A3 within farm-orientation bottom,high-minus-low,farm-orientation bottom,asinh_rentin,asinh rented-in area,rent-in,provyear,high-minus-low differential,-0.03175327112898674,0.07889118714872224,0.6873201147290137,820,90,0.10984509008644623,ok
adjacent,high_sat80_t,high-minus-low A3 within farm-orientation bottom,high-minus-low,farm-orientation bottom,asinh_rentin,asinh rented-in area,rent-in,provyear,high-insecurity DID,-0.28387314249835216,0.17100581625109265,0.09691034985207386,820,90,0.10984509008644623,ok
adjacent,high_sat80_t,high-minus-low A3 within farm-orientation bottom,high-minus-low,farm-orientation bottom,rentin_and_farm_any,Rent-in and own-farm production,rent-in,stackyear,low-insecurity DID,-0.11101968683517242,0.10483105945898043,0.2895841626822221,830,91,0.06423841059602649,ok
adjacent,high_sat80_t,high-minus-low A3 within farm-orientation bottom,high-minus-low,farm-orientation bottom,rentin_and_farm_any,Rent-in and own-farm production,rent-in,stackyear,high-minus-low differential,0.08961878757583576,0.11871057149179222,0.45028787137415394,830,91,0.06423841059602649,ok
adjacent,high_sat80_t,high-minus-low A3 within farm-orientation bottom,high-minus-low,farm-orientation bottom,rentin_and_farm_any,Rent-in and own-farm production,rent-in,stackyear,high-insecurity DID,-0.021400899259336664,0.053920243847655015,0.6914418268196192,830,91,0.06423841059602649,ok
adjacent,high_sat80_t,high-minus-low A3 within farm-orientation bottom,high-minus-low,farm-orientation bottom,rentin_and_farm_any,Rent-in and own-farm production,rent-in,provyear,low-insecurity DID,-0.22749667135836876,0.0879234426807462,0.00966919097145201,822,90,0.06423841059602649,ok
adjacent,high_sat80_t,high-minus-low A3 within farm-orientation bottom,high-minus-low,farm-orientation bottom,rentin_and_farm_any,Rent-in and own-farm production,rent-in,provyear,high-minus-low differential,-0.040119541575552795,0.04680060264762097,0.3913099821629107,822,90,0.06423841059602649,ok
adjacent,high_sat80_t,high-minus-low A3 within farm-orientation bottom,high-minus-low,farm-orientation bottom,rentin_and_farm_any,Rent-in and own-farm production,rent-in,provyear,high-insecurity DID,-0.26761621293392157,0.08790625138882203,0.0023319411790510094,822,90,0.06423841059602649,ok
adjacent,high_sat80_t,high-minus-low A3 within farm-orientation bottom,high-minus-low,farm-orientation bottom,ib_nonfarm_curr_n,Current nonfarm workers,nonfarm,stackyear,low-insecurity DID,0.13377700896046213,0.23680997688548425,0.5721330142165475,864,92,1.1703225806451614,ok
adjacent,high_sat80_t,high-minus-low A3 within farm-orientation bottom,high-minus-low,farm-orientation bottom,ib_nonfarm_curr_n,Current nonfarm workers,nonfarm,stackyear,high-minus-low differential,0.45520156131685574,0.26139557317614104,0.08160858967920052,864,92,1.1703225806451614,ok
adjacent,high_sat80_t,high-minus-low A3 within farm-orientation bottom,high-minus-low,farm-orientation bottom,ib_nonfarm_curr_n,Current nonfarm workers,nonfarm,stackyear,high-insecurity DID,0.5889785702773178,0.11783029595166811,5.77682547173461e-07,864,92,1.1703225806451614,ok
adjacent,high_sat80_t,high-minus-low A3 within farm-orientation bottom,high-minus-low,farm-orientation bottom,ib_nonfarm_curr_n,Current nonfarm workers,nonfarm,provyear,low-insecurity DID,0.43727874457578636,0.14861516257551785,0.0032572502790761664,856,92,1.1703225806451614,ok
adjacent,high_sat80_t,high-minus-low A3 within farm-orientation bottom,high-minus-low,farm-orientation bottom,ib_nonfarm_curr_n,Current nonfarm workers,nonfarm,provyear,high-minus-low differential,1.4857051492608928,0.10358602652296571,1.18329133559119e-46,856,92,1.1703225806451614,ok
adjacent,high_sat80_t,high-minus-low A3 within farm-orientation bottom,high-minus-low,farm-orientation bottom,ib_nonfarm_curr_n,Current nonfarm workers,nonfarm,provyear,high-insecurity DID,1.9229838938366792,0.15157604132453895,7.017040219162846e-37,856,92,1.1703225806451614,ok
adjacent,high_sat80_t,high-minus-low A3 within farm-orientation bottom,high-minus-low,farm-orientation bottom,ib_nonfarm_curr_ge2,At least two current nonfarm workers,nonfarm,stackyear,low-insecurity DID,-0.001074285950266641,0.11602190241202812,0.9926122231419369,864,92,0.3367741935483871,ok
adjacent,high_sat80_t,high-minus-low A3 within farm-orientation bottom,high-minus-low,farm-orientation bottom,ib_nonfarm_curr_ge2,At least two current nonfarm workers,nonfarm,stackyear,high-minus-low differential,0.0669632195351135,0.1311134830059392,0.609542105268036,864,92,0.3367741935483871,ok
adjacent,high_sat80_t,high-minus-low A3 within farm-orientation bottom,high-minus-low,farm-orientation bottom,ib_nonfarm_curr_ge2,At least two current nonfarm workers,nonfarm,stackyear,high-insecurity DID,0.06588893358484686,0.060485622173295846,0.27600743471176625,864,92,0.3367741935483871,ok
adjacent,high_sat80_t,high-minus-low A3 within farm-orientation bottom,high-minus-low,farm-orientation bottom,ib_nonfarm_curr_ge2,At least two current nonfarm workers,nonfarm,provyear,low-insecurity DID,0.1462220635009275,0.07622230807975876,0.05506498604536132,856,92,0.3367741935483871,ok
adjacent,high_sat80_t,high-minus-low A3 within farm-orientation bottom,high-minus-low,farm-orientation bottom,ib_nonfarm_curr_ge2,At least two current nonfarm workers,nonfarm,provyear,high-minus-low differential,0.06631109989165643,0.05599521342012667,0.23632281907338937,856,92,0.3367741935483871,ok
adjacent,high_sat80_t,high-minus-low A3 within farm-orientation bottom,high-minus-low,farm-orientation bottom,ib_nonfarm_curr_ge2,At least two current nonfarm workers,nonfarm,provyear,high-insecurity DID,0.21253316339258393,0.07404514405023468,0.004100582412351941,856,92,0.3367741935483871,ok
adjacent,high_sat80_t,high-minus-low A3 within farm-orientation bottom,high-minus-low,farm-orientation bottom,nonfarm_ge2_no_rentin,>=2 nonfarm workers without rent-in,nonfarm,stackyear,low-insecurity DID,0.07060065348937503,0.08029717950323079,0.3792700709551925,832,91,0.3170086035737922,ok
adjacent,high_sat80_t,high-minus-low A3 within farm-orientation bottom,high-minus-low,farm-orientation bottom,nonfarm_ge2_no_rentin,>=2 nonfarm workers without rent-in,nonfarm,stackyear,high-minus-low differential,0.026056545025299922,0.10377825402112781,0.8017529958942581,832,91,0.3170086035737922,ok
adjacent,high_sat80_t,high-minus-low A3 within farm-orientation bottom,high-minus-low,farm-orientation bottom,nonfarm_ge2_no_rentin,>=2 nonfarm workers without rent-in,nonfarm,stackyear,high-insecurity DID,0.09665719851467494,0.06371140070183016,0.12923893214144658,832,91,0.3170086035737922,ok
adjacent,high_sat80_t,high-minus-low A3 within farm-orientation bottom,high-minus-low,farm-orientation bottom,nonfarm_ge2_no_rentin,>=2 nonfarm workers without rent-in,nonfarm,provyear,low-insecurity DID,0.13421715500478648,0.07525637476633225,0.07451054414377004,824,90,0.3170086035737922,ok
adjacent,high_sat80_t,high-minus-low A3 within farm-orientation bottom,high-minus-low,farm-orientation bottom,nonfarm_ge2_no_rentin,>=2 nonfarm workers without rent-in,nonfarm,provyear,high-minus-low differential,0.11322219551669714,0.06240991622777029,0.06965156274547946,824,90,0.3170086035737922,ok
adjacent,high_sat80_t,high-minus-low A3 within farm-orientation bottom,high-minus-low,farm-orientation bottom,nonfarm_ge2_no_rentin,>=2 nonfarm workers without rent-in,nonfarm,provyear,high-insecurity DID,0.24743935052148364,0.07275265758265322,0.0006711430334020811,824,90,0.3170086035737922,ok
adjacent,high_sat80_t,high-minus-low A3 within farm-orientation bottom,high-minus-low,farm-orientation bottom,rb_farm_any,Any own-farm production,farm-exit,stackyear,low-insecurity DID,-0.130756317760713,0.07374871550159247,0.07622905473946796,852,91,0.5937702790395847,ok
adjacent,high_sat80_t,high-minus-low A3 within farm-orientation bottom,high-minus-low,farm-orientation bottom,rb_farm_any,Any own-farm production,farm-exit,stackyear,high-minus-low differential,-0.14005439078830217,0.10732885437554296,0.19192382751443693,852,91,0.5937702790395847,ok
adjacent,high_sat80_t,high-minus-low A3 within farm-orientation bottom,high-minus-low,farm-orientation bottom,rb_farm_any,Any own-farm production,farm-exit,stackyear,high-insecurity DID,-0.2708107085490152,0.06773912802077665,6.392109006876617e-05,852,91,0.5937702790395847,ok
adjacent,high_sat80_t,high-minus-low A3 within farm-orientation bottom,high-minus-low,farm-orientation bottom,rb_farm_any,Any own-farm production,farm-exit,provyear,low-insecurity DID,-0.06187394182748177,0.1303764374646195,0.6350869541434019,844,91,0.5937702790395847,ok
adjacent,high_sat80_t,high-minus-low A3 within farm-orientation bottom,high-minus-low,farm-orientation bottom,rb_farm_any,Any own-farm production,farm-exit,provyear,high-minus-low differential,-0.3712812261466839,0.07924948708383081,2.8000513941915825e-06,844,91,0.5937702790395847,ok
adjacent,high_sat80_t,high-minus-low A3 within farm-orientation bottom,high-minus-low,farm-orientation bottom,rb_farm_any,Any own-farm production,farm-exit,provyear,high-insecurity DID,-0.4331551679741657,0.14740278321100841,0.003297174068517885,844,91,0.5937702790395847,ok
adjacent,high_sat80_t,high-minus-low A3 within farm-orientation bottom,high-minus-low,farm-orientation bottom,asinh_rb_inc_farm_w99,asinh farm income,farm-exit,stackyear,low-insecurity DID,-2.9471671874709924,0.7565453177712829,9.797236668380458e-05,846,92,2.579725534113197,ok
adjacent,high_sat80_t,high-minus-low A3 within farm-orientation bottom,high-minus-low,farm-orientation bottom,asinh_rb_inc_farm_w99,asinh farm income,farm-exit,stackyear,high-minus-low differential,0.15607983748131463,0.9863744588062896,0.8742709261671348,846,92,2.579725534113197,ok
adjacent,high_sat80_t,high-minus-low A3 within farm-orientation bottom,high-minus-low,farm-orientation bottom,asinh_rb_inc_farm_w99,asinh farm income,farm-exit,stackyear,high-insecurity DID,-2.791087349989678,0.6044359178581697,3.880673361520895e-06,846,92,2.579725534113197,ok
adjacent,high_sat80_t,high-minus-low A3 within farm-orientation bottom,high-minus-low,farm-orientation bottom,asinh_rb_inc_farm_w99,asinh farm income,farm-exit,provyear,low-insecurity DID,-1.3625212634969253,0.9203634584326289,0.13876212536113877,838,92,2.579725534113197,ok
adjacent,high_sat80_t,high-minus-low A3 within farm-orientation bottom,high-minus-low,farm-orientation bottom,asinh_rb_inc_farm_w99,asinh farm income,farm-exit,provyear,high-minus-low differential,-3.211768914714155,0.5684303660834352,1.602224646405378e-08,838,92,2.579725534113197,ok
adjacent,high_sat80_t,high-minus-low A3 within farm-orientation bottom,high-minus-low,farm-orientation bottom,asinh_rb_inc_farm_w99,asinh farm income,farm-exit,provyear,high-insecurity DID,-4.57429017821108,1.0083232042737102,5.71868975837915e-06,838,92,2.579725534113197,ok
adjacent,high_sat80_t,high-minus-low A3 within farm-orientation top,high-minus-low,farm-orientation top,any_rentin,Any rented-in land,rent-in,stackyear,low-insecurity DID,0.005331137738576342,0.06811309874201647,0.9376141507974068,1008,98,0.19103194103194104,ok
adjacent,high_sat80_t,high-minus-low A3 within farm-orientation top,high-minus-low,farm-orientation top,any_rentin,Any rented-in land,rent-in,stackyear,high-minus-low differential,0.23323249213475494,0.09138373736399212,0.010703524204966928,1008,98,0.19103194103194104,ok
adjacent,high_sat80_t,high-minus-low A3 within farm-orientation top,high-minus-low,farm-orientation top,any_rentin,Any rented-in land,rent-in,stackyear,high-insecurity DID,0.2385636298733313,0.06208023014886648,0.00012162484229043096,1008,98,0.19103194103194104,ok
adjacent,high_sat80_t,high-minus-low A3 within farm-orientation top,high-minus-low,farm-orientation top,any_rentin,Any rented-in land,rent-in,provyear,low-insecurity DID,-0.35388936329232995,0.19918102258504597,0.07561394243451898,1002,97,0.19103194103194104,ok
adjacent,high_sat80_t,high-minus-low A3 within farm-orientation top,high-minus-low,farm-orientation top,any_rentin,Any rented-in land,rent-in,provyear,high-minus-low differential,0.20834686965183336,0.09543756691103852,0.029030670526654027,1002,97,0.19103194103194104,ok
adjacent,high_sat80_t,high-minus-low A3 within farm-orientation top,high-minus-low,farm-orientation top,any_rentin,Any rented-in land,rent-in,provyear,high-insecurity DID,-0.1455424936404966,0.2204269837924272,0.5090771754874753,1002,97,0.19103194103194104,ok
adjacent,high_sat80_t,high-minus-low A3 within farm-orientation top,high-minus-low,farm-orientation top,asinh_rentin,asinh rented-in area,rent-in,stackyear,low-insecurity DID,-0.07416517199535927,0.13387655015330518,0.5795913026295942,1006,98,0.4471377839152204,ok
adjacent,high_sat80_t,high-minus-low A3 within farm-orientation top,high-minus-low,farm-orientation top,asinh_rentin,asinh rented-in area,rent-in,stackyear,high-minus-low differential,0.5519542778937174,0.19018327176961813,0.0037052460180974447,1006,98,0.4471377839152204,ok
adjacent,high_sat80_t,high-minus-low A3 within farm-orientation top,high-minus-low,farm-orientation top,asinh_rentin,asinh rented-in area,rent-in,stackyear,high-insecurity DID,0.47778910589835816,0.13799580451579363,0.0005354899360686449,1006,98,0.4471377839152204,ok
adjacent,high_sat80_t,high-minus-low A3 within farm-orientation top,high-minus-low,farm-orientation top,asinh_rentin,asinh rented-in area,rent-in,provyear,low-insecurity DID,-0.6880124547936217,0.4527702260073083,0.1286210808321727,1000,97,0.4471377839152204,ok
adjacent,high_sat80_t,high-minus-low A3 within farm-orientation top,high-minus-low,farm-orientation top,asinh_rentin,asinh rented-in area,rent-in,provyear,high-minus-low differential,0.466934082936049,0.19781042336842378,0.018249676920772864,1000,97,0.4471377839152204,ok
adjacent,high_sat80_t,high-minus-low A3 within farm-orientation top,high-minus-low,farm-orientation top,asinh_rentin,asinh rented-in area,rent-in,provyear,high-insecurity DID,-0.22107837185757273,0.49070033174956834,0.6523236979138675,1000,97,0.4471377839152204,ok
adjacent,high_sat80_t,high-minus-low A3 within farm-orientation top,high-minus-low,farm-orientation top,rentin_and_farm_any,Rent-in and own-farm production,rent-in,stackyear,low-insecurity DID,0.0021978354944827937,0.06772918193005055,0.9741129120503693,1008,98,0.17639827904118008,ok
adjacent,high_sat80_t,high-minus-low A3 within farm-orientation top,high-minus-low,farm-orientation top,rentin_and_farm_any,Rent-in and own-farm production,rent-in,stackyear,high-minus-low differential,0.17778489648895407,0.08424822890141252,0.03483675483394887,1008,98,0.17639827904118008,ok
adjacent,high_sat80_t,high-minus-low A3 within farm-orientation top,high-minus-low,farm-orientation top,rentin_and_farm_any,Rent-in and own-farm production,rent-in,stackyear,high-insecurity DID,0.17998273198343687,0.05149267035937968,0.0004735153611064427,1008,98,0.17639827904118008,ok
adjacent,high_sat80_t,high-minus-low A3 within farm-orientation top,high-minus-low,farm-orientation top,rentin_and_farm_any,Rent-in and own-farm production,rent-in,provyear,low-insecurity DID,-0.36842479111532767,0.18865827932633614,0.05083519157601288,1002,97,0.17639827904118008,ok
adjacent,high_sat80_t,high-minus-low A3 within farm-orientation top,high-minus-low,farm-orientation top,rentin_and_farm_any,Rent-in and own-farm production,rent-in,provyear,high-minus-low differential,0.1601598481186438,0.09018835205544824,0.07575972226082138,1002,97,0.17639827904118008,ok
adjacent,high_sat80_t,high-minus-low A3 within farm-orientation top,high-minus-low,farm-orientation top,rentin_and_farm_any,Rent-in and own-farm production,rent-in,provyear,high-insecurity DID,-0.20826494299668386,0.2091764171075612,0.3194238490277972,1002,97,0.17639827904118008,ok
adjacent,high_sat80_t,high-minus-low A3 within farm-orientation top,high-minus-low,farm-orientation top,ib_nonfarm_curr_n,Current nonfarm workers,nonfarm,stackyear,low-insecurity DID,0.004356535300285288,0.10587030769848277,0.9671765238972945,1076,100,0.14766686355581807,ok
adjacent,high_sat80_t,high-minus-low A3 within farm-orientation top,high-minus-low,farm-orientation top,ib_nonfarm_curr_n,Current nonfarm workers,nonfarm,stackyear,high-minus-low differential,0.19268464048669404,0.2251617593255719,0.39213002049847145,1076,100,0.14766686355581807,ok
adjacent,high_sat80_t,high-minus-low A3 within farm-orientation top,high-minus-low,farm-orientation top,ib_nonfarm_curr_n,Current nonfarm workers,nonfarm,stackyear,high-insecurity DID,0.19704117578697933,0.19875073406638016,0.3214910418451694,1076,100,0.14766686355581807,ok
adjacent,high_sat80_t,high-minus-low A3 within farm-orientation top,high-minus-low,farm-orientation top,ib_nonfarm_curr_n,Current nonfarm workers,nonfarm,provyear,low-insecurity DID,-0.12028969259810751,0.06815714813604552,0.0775826901634916,1068,98,0.14766686355581807,ok
adjacent,high_sat80_t,high-minus-low A3 within farm-orientation top,high-minus-low,farm-orientation top,ib_nonfarm_curr_n,Current nonfarm workers,nonfarm,provyear,high-minus-low differential,0.16504545224853842,0.2418814482211621,0.4950238160878304,1068,98,0.14766686355581807,ok
adjacent,high_sat80_t,high-minus-low A3 within farm-orientation top,high-minus-low,farm-orientation top,ib_nonfarm_curr_n,Current nonfarm workers,nonfarm,provyear,high-insecurity DID,0.04475575965043091,0.2481223466102409,0.8568559921378388,1068,98,0.14766686355581807,ok
adjacent,high_sat80_t,high-minus-low A3 within farm-orientation top,high-minus-low,farm-orientation top,ib_nonfarm_curr_ge2,At least two current nonfarm workers,nonfarm,stackyear,low-insecurity DID,0.009356535655328974,0.02445999917983333,0.7020727630350356,1076,100,0.01594802126402835,ok
adjacent,high_sat80_t,high-minus-low A3 within farm-orientation top,high-minus-low,farm-orientation top,ib_nonfarm_curr_ge2,At least two current nonfarm workers,nonfarm,stackyear,high-minus-low differential,0.0666859600072421,0.04201277857878908,0.11244969105672936,1076,100,0.01594802126402835,ok
adjacent,high_sat80_t,high-minus-low A3 within farm-orientation top,high-minus-low,farm-orientation top,ib_nonfarm_curr_ge2,At least two current nonfarm workers,nonfarm,stackyear,high-insecurity DID,0.07604249566257107,0.03391620332789984,0.024956860611943497,1076,100,0.01594802126402835,ok
adjacent,high_sat80_t,high-minus-low A3 within farm-orientation top,high-minus-low,farm-orientation top,ib_nonfarm_curr_ge2,At least two current nonfarm workers,nonfarm,provyear,low-insecurity DID,-0.03290065490850854,0.027044326981955625,0.22377718069297559,1068,98,0.01594802126402835,ok
adjacent,high_sat80_t,high-minus-low A3 within farm-orientation top,high-minus-low,farm-orientation top,ib_nonfarm_curr_ge2,At least two current nonfarm workers,nonfarm,provyear,high-minus-low differential,0.032968373056373526,0.05027917175858065,0.5120130713372348,1068,98,0.01594802126402835,ok
adjacent,high_sat80_t,high-minus-low A3 within farm-orientation top,high-minus-low,farm-orientation top,ib_nonfarm_curr_ge2,At least two current nonfarm workers,nonfarm,provyear,high-insecurity DID,6.771814786498548e-05,0.05501600873350344,0.9990178994756623,1068,98,0.01594802126402835,ok
adjacent,high_sat80_t,high-minus-low A3 within farm-orientation top,high-minus-low,farm-orientation top,nonfarm_ge2_no_rentin,>=2 nonfarm workers without rent-in,nonfarm,stackyear,low-insecurity DID,0.015154551337699839,0.027780427374748198,0.5854015573084943,1008,98,0.010442260442260442,ok
adjacent,high_sat80_t,high-minus-low A3 within farm-orientation top,high-minus-low,farm-orientation top,nonfarm_ge2_no_rentin,>=2 nonfarm workers without rent-in,nonfarm,stackyear,high-minus-low differential,-0.030967450298320476,0.03013874778697135,0.30418685083614316,1008,98,0.010442260442260442,ok
adjacent,high_sat80_t,high-minus-low A3 within farm-orientation top,high-minus-low,farm-orientation top,nonfarm_ge2_no_rentin,>=2 nonfarm workers without rent-in,nonfarm,stackyear,high-insecurity DID,-0.015812898960620637,0.010915822083874573,0.1474432009865165,1008,98,0.010442260442260442,ok
adjacent,high_sat80_t,high-minus-low A3 within farm-orientation top,high-minus-low,farm-orientation top,nonfarm_ge2_no_rentin,>=2 nonfarm workers without rent-in,nonfarm,provyear,low-insecurity DID,-0.0357765847660387,0.0264493082736341,0.17616834183163443,1002,97,0.010442260442260442,ok
adjacent,high_sat80_t,high-minus-low A3 within farm-orientation top,high-minus-low,farm-orientation top,nonfarm_ge2_no_rentin,>=2 nonfarm workers without rent-in,nonfarm,provyear,high-minus-low differential,-0.06086185381895334,0.04158932420088409,0.14335771681789128,1002,97,0.010442260442260442,ok
adjacent,high_sat80_t,high-minus-low A3 within farm-orientation top,high-minus-low,farm-orientation top,nonfarm_ge2_no_rentin,>=2 nonfarm workers without rent-in,nonfarm,provyear,high-insecurity DID,-0.09663843858499205,0.04656192843047748,0.03794189685098601,1002,97,0.010442260442260442,ok
adjacent,high_sat80_t,high-minus-low A3 within farm-orientation top,high-minus-low,farm-orientation top,rb_farm_any,Any own-farm production,farm-exit,stackyear,low-insecurity DID,-0.008309060147820057,0.04633672677924363,0.8576871502079852,1074,100,0.8993487270574304,ok
adjacent,high_sat80_t,high-minus-low A3 within farm-orientation top,high-minus-low,farm-orientation top,rb_farm_any,Any own-farm production,farm-exit,stackyear,high-minus-low differential,-0.10812229440495863,0.14402126319325387,0.4528101010105262,1074,100,0.8993487270574304,ok
adjacent,high_sat80_t,high-minus-low A3 within farm-orientation top,high-minus-low,farm-orientation top,rb_farm_any,Any own-farm production,farm-exit,stackyear,high-insecurity DID,-0.11643135455277868,0.13964588273080064,0.40441541908875855,1074,100,0.8993487270574304,ok
adjacent,high_sat80_t,high-minus-low A3 within farm-orientation top,high-minus-low,farm-orientation top,rb_farm_any,Any own-farm production,farm-exit,provyear,low-insecurity DID,-0.08505250413776475,0.10043942754440427,0.39710440532890245,1066,98,0.8993487270574304,ok
adjacent,high_sat80_t,high-minus-low A3 within farm-orientation top,high-minus-low,farm-orientation top,rb_farm_any,Any own-farm production,farm-exit,provyear,high-minus-low differential,-0.20386683543009293,0.15136579111630616,0.1780289313876562,1066,98,0.8993487270574304,ok
adjacent,high_sat80_t,high-minus-low A3 within farm-orientation top,high-minus-low,farm-orientation top,rb_farm_any,Any own-farm production,farm-exit,provyear,high-insecurity DID,-0.28891933956785765,0.19124499142786414,0.1308575307044704,1066,98,0.8993487270574304,ok
adjacent,high_sat80_t,high-minus-low A3 within farm-orientation top,high-minus-low,farm-orientation top,asinh_rb_inc_farm_w99,asinh farm income,farm-exit,stackyear,low-insecurity DID,-1.2625993227998265,0.9647581884856108,0.19062886797348744,1050,100,9.350813041622805,ok
adjacent,high_sat80_t,high-minus-low A3 within farm-orientation top,high-minus-low,farm-orientation top,asinh_rb_inc_farm_w99,asinh farm income,farm-exit,stackyear,high-minus-low differential,1.212331903971221,1.0509696593033047,0.2486902287873568,1050,100,9.350813041622805,ok
adjacent,high_sat80_t,high-minus-low A3 within farm-orientation top,high-minus-low,farm-orientation top,asinh_rb_inc_farm_w99,asinh farm income,farm-exit,stackyear,high-insecurity DID,-0.050267418828605415,0.4234786045159778,0.9055120852507391,1050,100,9.350813041622805,ok
adjacent,high_sat80_t,high-minus-low A3 within farm-orientation top,high-minus-low,farm-orientation top,asinh_rb_inc_farm_w99,asinh farm income,farm-exit,provyear,low-insecurity DID,-3.6550261933120356,3.0891461898249335,0.2367365087051574,1042,98,9.350813041622805,ok
adjacent,high_sat80_t,high-minus-low A3 within farm-orientation top,high-minus-low,farm-orientation top,asinh_rb_inc_farm_w99,asinh farm income,farm-exit,provyear,high-minus-low differential,0.23488639482188903,1.01714113445742,0.8173707171519679,1042,98,9.350813041622805,ok
adjacent,high_sat80_t,high-minus-low A3 within farm-orientation top,high-minus-low,farm-orientation top,asinh_rb_inc_farm_w99,asinh farm income,farm-exit,provyear,high-insecurity DID,-3.4201397984901467,3.235682225294015,0.290508246534944,1042,98,9.350813041622805,ok
mech,completed_t,low insecurity: top-vs-bottom farmdep,low insecurity,farmdep,any_rentin,Any rented-in land,rent-in,stackyear,bottom group DID,-0.20609036490007,0.11409121513696929,0.07086136255209456,1170,82,0.13718765311122,ok
mech,completed_t,low insecurity: top-vs-bottom farmdep,low insecurity,farmdep,any_rentin,Any rented-in land,rent-in,stackyear,top farmdep-minus-bottom differential,0.2038656289258413,0.11346178816652873,0.07237089255065499,1170,82,0.13718765311122,ok
mech,completed_t,low insecurity: top-vs-bottom farmdep,low insecurity,farmdep,any_rentin,Any rented-in land,rent-in,stackyear,top farmdep group DID,-0.0022247359742286754,0.06776547299369888,0.9738102075656785,1170,82,0.13718765311122,ok
mech,completed_t,low insecurity: top-vs-bottom farmdep,low insecurity,farmdep,any_rentin,Any rented-in land,rent-in,provyear,bottom group DID,-0.30985406696857243,0.09372979574908595,0.0009469805918234144,1162,80,0.13718765311122,ok
mech,completed_t,low insecurity: top-vs-bottom farmdep,low insecurity,farmdep,any_rentin,Any rented-in land,rent-in,provyear,top farmdep-minus-bottom differential,0.07790625377029517,0.12882650521700265,0.5453532463246846,1162,80,0.13718765311122,ok
mech,completed_t,low insecurity: top-vs-bottom farmdep,low insecurity,farmdep,any_rentin,Any rented-in land,rent-in,provyear,top farmdep group DID,-0.23194781319827726,0.16343508506814458,0.15583939547598108,1162,80,0.13718765311122,ok
mech,completed_t,low insecurity: top-vs-bottom farmdep,low insecurity,farmdep,asinh_rentin,asinh rented-in area,rent-in,stackyear,bottom group DID,-0.4125331646982324,0.2006396922814732,0.03977389009178217,1170,82,0.28407817671045155,ok
mech,completed_t,low insecurity: top-vs-bottom farmdep,low insecurity,farmdep,asinh_rentin,asinh rented-in area,rent-in,stackyear,top farmdep-minus-bottom differential,0.34295284748870397,0.207592854547723,0.0985252695792095,1170,82,0.28407817671045155,ok
mech,completed_t,low insecurity: top-vs-bottom farmdep,low insecurity,farmdep,asinh_rentin,asinh rented-in area,rent-in,stackyear,top farmdep group DID,-0.06958031720952845,0.1240424483538327,0.5748387359533051,1170,82,0.28407817671045155,ok
mech,completed_t,low insecurity: top-vs-bottom farmdep,low insecurity,farmdep,asinh_rentin,asinh rented-in area,rent-in,provyear,bottom group DID,-0.4738831042059995,0.1539802993160989,0.002087051193457375,1162,80,0.28407817671045155,ok
mech,completed_t,low insecurity: top-vs-bottom farmdep,low insecurity,farmdep,asinh_rentin,asinh rented-in area,rent-in,provyear,top farmdep-minus-bottom differential,0.1256884330153539,0.26449453745343193,0.6346427327169368,1162,80,0.28407817671045155,ok
mech,completed_t,low insecurity: top-vs-bottom farmdep,low insecurity,farmdep,asinh_rentin,asinh rented-in area,rent-in,provyear,top farmdep group DID,-0.3481946711906456,0.33287336315118987,0.29554836462861866,1162,80,0.28407817671045155,ok
mech,completed_t,low insecurity: top-vs-bottom farmdep,low insecurity,farmdep,rentin_and_farm_any,Rent-in and own-farm production,rent-in,stackyear,bottom group DID,-0.21087879194459913,0.11384412853867128,0.06397605862782968,1170,82,0.11764705882352941,ok
mech,completed_t,low insecurity: top-vs-bottom farmdep,low insecurity,farmdep,rentin_and_farm_any,Rent-in and own-farm production,rent-in,stackyear,top farmdep-minus-bottom differential,0.2012049967184249,0.1131006215554109,0.07524122462880829,1170,82,0.11764705882352941,ok
mech,completed_t,low insecurity: top-vs-bottom farmdep,low insecurity,farmdep,rentin_and_farm_any,Rent-in and own-farm production,rent-in,stackyear,top farmdep group DID,-0.009673795226174231,0.06741832901236643,0.8859039206036555,1170,82,0.11764705882352941,ok
mech,completed_t,low insecurity: top-vs-bottom farmdep,low insecurity,farmdep,rentin_and_farm_any,Rent-in and own-farm production,rent-in,provyear,bottom group DID,-0.31806704371054356,0.08683281392787315,0.00024929595889584984,1162,80,0.11764705882352941,ok
mech,completed_t,low insecurity: top-vs-bottom farmdep,low insecurity,farmdep,rentin_and_farm_any,Rent-in and own-farm production,rent-in,provyear,top farmdep-minus-bottom differential,0.08056885917528771,0.12772752229324266,0.5281798119244432,1162,80,0.11764705882352941,ok
mech,completed_t,low insecurity: top-vs-bottom farmdep,low insecurity,farmdep,rentin_and_farm_any,Rent-in and own-farm production,rent-in,provyear,top farmdep group DID,-0.23749818453525584,0.15799565236928806,0.13278891357680303,1162,80,0.11764705882352941,ok
mech,completed_t,low insecurity: top-vs-bottom farmdep,low insecurity,farmdep,ib_nonfarm_curr_n,Current nonfarm workers,nonfarm,stackyear,bottom group DID,0.12141111603332559,0.14428023779284344,0.4000706176728801,1228,83,0.5174224343675418,ok
mech,completed_t,low insecurity: top-vs-bottom farmdep,low insecurity,farmdep,ib_nonfarm_curr_n,Current nonfarm workers,nonfarm,stackyear,top farmdep-minus-bottom differential,-0.3382400244688831,0.16311968153611528,0.03811929430982827,1228,83,0.5174224343675418,ok
mech,completed_t,low insecurity: top-vs-bottom farmdep,low insecurity,farmdep,ib_nonfarm_curr_n,Current nonfarm workers,nonfarm,stackyear,top farmdep group DID,-0.21682890843555752,0.07807618428640885,0.005483865758222572,1228,83,0.5174224343675418,ok
mech,completed_t,low insecurity: top-vs-bottom farmdep,low insecurity,farmdep,ib_nonfarm_curr_n,Current nonfarm workers,nonfarm,provyear,bottom group DID,0.21376811077585195,0.09195669904335335,0.020090118195667257,1224,82,0.5174224343675418,ok
mech,completed_t,low insecurity: top-vs-bottom farmdep,low insecurity,farmdep,ib_nonfarm_curr_n,Current nonfarm workers,nonfarm,provyear,top farmdep-minus-bottom differential,0.11889705246452076,0.17147168145296676,0.48806372655716335,1224,82,0.5174224343675418,ok
mech,completed_t,low insecurity: top-vs-bottom farmdep,low insecurity,farmdep,ib_nonfarm_curr_n,Current nonfarm workers,nonfarm,provyear,top farmdep group DID,0.3326651632403727,0.14845173901604924,0.02503270108840883,1224,82,0.5174224343675418,ok
mech,completed_t,low insecurity: top-vs-bottom farmdep,low insecurity,farmdep,ib_nonfarm_curr_ge2,At least two current nonfarm workers,nonfarm,stackyear,bottom group DID,0.02954606396391821,0.06608366731318344,0.6548022438411791,1228,83,0.1269689737470167,ok
mech,completed_t,low insecurity: top-vs-bottom farmdep,low insecurity,farmdep,ib_nonfarm_curr_ge2,At least two current nonfarm workers,nonfarm,stackyear,top farmdep-minus-bottom differential,-0.08153310030673586,0.0781337844120952,0.2967138406609968,1228,83,0.1269689737470167,ok
mech,completed_t,low insecurity: top-vs-bottom farmdep,low insecurity,farmdep,ib_nonfarm_curr_ge2,At least two current nonfarm workers,nonfarm,stackyear,top farmdep group DID,-0.05198703634281765,0.043181966300591124,0.22862584066697056,1228,83,0.1269689737470167,ok
mech,completed_t,low insecurity: top-vs-bottom farmdep,low insecurity,farmdep,ib_nonfarm_curr_ge2,At least two current nonfarm workers,nonfarm,provyear,bottom group DID,0.07082091148112442,0.04218337963642284,0.09317506768808191,1224,82,0.1269689737470167,ok
mech,completed_t,low insecurity: top-vs-bottom farmdep,low insecurity,farmdep,ib_nonfarm_curr_ge2,At least two current nonfarm workers,nonfarm,provyear,top farmdep-minus-bottom differential,0.049835455080712826,0.11345975700028071,0.6604915305302563,1224,82,0.1269689737470167,ok
mech,completed_t,low insecurity: top-vs-bottom farmdep,low insecurity,farmdep,ib_nonfarm_curr_ge2,At least two current nonfarm workers,nonfarm,provyear,top farmdep group DID,0.12065636656183724,0.10096234071485474,0.23206238268656032,1224,82,0.1269689737470167,ok
mech,completed_t,low insecurity: top-vs-bottom farmdep,low insecurity,farmdep,nonfarm_ge2_no_rentin,>=2 nonfarm workers without rent-in,nonfarm,stackyear,bottom group DID,0.01173794244429023,0.05869191003076147,0.8414864384054759,1170,82,0.11513963743263106,ok
mech,completed_t,low insecurity: top-vs-bottom farmdep,low insecurity,farmdep,nonfarm_ge2_no_rentin,>=2 nonfarm workers without rent-in,nonfarm,stackyear,top farmdep-minus-bottom differential,-0.01994950485509239,0.06442106530089882,0.7568091612238251,1170,82,0.11513963743263106,ok
mech,completed_t,low insecurity: top-vs-bottom farmdep,low insecurity,farmdep,nonfarm_ge2_no_rentin,>=2 nonfarm workers without rent-in,nonfarm,stackyear,top farmdep group DID,-0.008211562410802158,0.02739287561410747,0.7643525976189086,1170,82,0.11513963743263106,ok
mech,completed_t,low insecurity: top-vs-bottom farmdep,low insecurity,farmdep,nonfarm_ge2_no_rentin,>=2 nonfarm workers without rent-in,nonfarm,provyear,bottom group DID,0.057994849384473454,0.045637079696409025,0.20380566843195602,1162,80,0.11513963743263106,ok
mech,completed_t,low insecurity: top-vs-bottom farmdep,low insecurity,farmdep,nonfarm_ge2_no_rentin,>=2 nonfarm workers without rent-in,nonfarm,provyear,top farmdep-minus-bottom differential,0.05141939121337402,0.1163032563199396,0.6584061332637695,1162,80,0.11513963743263106,ok
mech,completed_t,low insecurity: top-vs-bottom farmdep,low insecurity,farmdep,nonfarm_ge2_no_rentin,>=2 nonfarm workers without rent-in,nonfarm,provyear,top farmdep group DID,0.10941424059784748,0.108092403005381,0.31142868125033507,1162,80,0.11513963743263106,ok
mech,completed_t,low insecurity: top-vs-bottom farmdep,low insecurity,farmdep,rb_farm_any,Any own-farm production,farm-exit,stackyear,bottom group DID,-0.14340276513391398,0.10409994440317741,0.16834260351840613,1222,82,0.7642276422764228,ok
mech,completed_t,low insecurity: top-vs-bottom farmdep,low insecurity,farmdep,rb_farm_any,Any own-farm production,farm-exit,stackyear,top farmdep-minus-bottom differential,0.13439144064428246,0.11379971104866271,0.23762373222096467,1222,82,0.7642276422764228,ok
mech,completed_t,low insecurity: top-vs-bottom farmdep,low insecurity,farmdep,rb_farm_any,Any own-farm production,farm-exit,stackyear,top farmdep group DID,-0.009011324489631517,0.047787731317285524,0.8504299787660484,1222,82,0.7642276422764228,ok
mech,completed_t,low insecurity: top-vs-bottom farmdep,low insecurity,farmdep,rb_farm_any,Any own-farm production,farm-exit,provyear,bottom group DID,-0.09713885214527469,0.11649914803943637,0.40438468487265733,1218,81,0.7642276422764228,ok
mech,completed_t,low insecurity: top-vs-bottom farmdep,low insecurity,farmdep,rb_farm_any,Any own-farm production,farm-exit,provyear,top farmdep-minus-bottom differential,0.36188839796760625,0.15737557157513815,0.021475384464011687,1218,81,0.7642276422764228,ok
mech,completed_t,low insecurity: top-vs-bottom farmdep,low insecurity,farmdep,rb_farm_any,Any own-farm production,farm-exit,provyear,top farmdep group DID,0.26474954582233157,0.16855226076825675,0.11624613145566348,1218,81,0.7642276422764228,ok
mech,completed_t,low insecurity: top-vs-bottom farmdep,low insecurity,farmdep,asinh_rb_inc_farm_w99,asinh farm income,farm-exit,stackyear,bottom group DID,-2.7781930755594084,0.9125559705640099,0.0023313840335726916,1206,83,6.263236851468851,ok
mech,completed_t,low insecurity: top-vs-bottom farmdep,low insecurity,farmdep,asinh_rb_inc_farm_w99,asinh farm income,farm-exit,stackyear,top farmdep-minus-bottom differential,1.6103181067319445,1.1719474321274133,0.16942517037576088,1206,83,6.263236851468851,ok
mech,completed_t,low insecurity: top-vs-bottom farmdep,low insecurity,farmdep,asinh_rb_inc_farm_w99,asinh farm income,farm-exit,stackyear,top farmdep group DID,-1.1678749688274639,0.7876239019664183,0.13813219678086683,1206,83,6.263236851468851,ok
mech,completed_t,low insecurity: top-vs-bottom farmdep,low insecurity,farmdep,asinh_rb_inc_farm_w99,asinh farm income,farm-exit,provyear,bottom group DID,-2.11266937399757,0.681377828336594,0.0019313924965814967,1202,82,6.263236851468851,ok
mech,completed_t,low insecurity: top-vs-bottom farmdep,low insecurity,farmdep,asinh_rb_inc_farm_w99,asinh farm income,farm-exit,provyear,top farmdep-minus-bottom differential,0.3879365136376416,2.1111640817355495,0.8542058240323,1202,82,6.263236851468851,ok
mech,completed_t,low insecurity: top-vs-bottom farmdep,low insecurity,farmdep,asinh_rb_inc_farm_w99,asinh farm income,farm-exit,provyear,top farmdep group DID,-1.7247328603599286,2.125655699915056,0.41714252811372987,1202,82,6.263236851468851,ok
mech,completed_t,low insecurity: top-vs-bottom farm_orientation,low insecurity,farm_orientation,any_rentin,Any rented-in land,rent-in,stackyear,bottom group DID,-0.11403161674622335,0.10622595668724222,0.2830550612368722,1194,83,0.13781431334622823,ok
mech,completed_t,low insecurity: top-vs-bottom farm_orientation,low insecurity,farm_orientation,any_rentin,Any rented-in land,rent-in,stackyear,top farm-orientation-minus-bottom differential,0.12513829208156863,0.10224637887434646,0.22099383187203325,1194,83,0.13781431334622823,ok
mech,completed_t,low insecurity: top-vs-bottom farm_orientation,low insecurity,farm_orientation,any_rentin,Any rented-in land,rent-in,stackyear,top farm-orientation group DID,0.011106675335345276,0.06845265636377727,0.8711063200852808,1194,83,0.13781431334622823,ok
mech,completed_t,low insecurity: top-vs-bottom farm_orientation,low insecurity,farm_orientation,any_rentin,Any rented-in land,rent-in,provyear,bottom group DID,-0.2448556117817808,0.09875763026665174,0.013161878591225255,1184,82,0.13781431334622823,ok
mech,completed_t,low insecurity: top-vs-bottom farm_orientation,low insecurity,farm_orientation,any_rentin,Any rented-in land,rent-in,provyear,top farm-orientation-minus-bottom differential,0.005573881508859378,0.10786845964895148,0.95878929130603,1184,82,0.13781431334622823,ok
mech,completed_t,low insecurity: top-vs-bottom farm_orientation,low insecurity,farm_orientation,any_rentin,Any rented-in land,rent-in,provyear,top farm-orientation group DID,-0.23928173027292143,0.14952013767862538,0.10952514533805069,1184,82,0.13781431334622823,ok
mech,completed_t,low insecurity: top-vs-bottom farm_orientation,low insecurity,farm_orientation,asinh_rentin,asinh rented-in area,rent-in,stackyear,bottom group DID,-0.21512112175338405,0.18831490847877366,0.25330947901282885,1190,83,0.2909341369052699,ok
mech,completed_t,low insecurity: top-vs-bottom farm_orientation,low insecurity,farm_orientation,asinh_rentin,asinh rented-in area,rent-in,stackyear,top farm-orientation-minus-bottom differential,0.148381681580313,0.1992100264852447,0.4563621211389245,1190,83,0.2909341369052699,ok
mech,completed_t,low insecurity: top-vs-bottom farm_orientation,low insecurity,farm_orientation,asinh_rentin,asinh rented-in area,rent-in,stackyear,top farm-orientation group DID,-0.06673944017307104,0.13372116583493826,0.6177131187795515,1190,83,0.2909341369052699,ok
mech,completed_t,low insecurity: top-vs-bottom farm_orientation,low insecurity,farm_orientation,asinh_rentin,asinh rented-in area,rent-in,provyear,bottom group DID,-0.31405357697949776,0.1691692815169212,0.06339006290548775,1180,82,0.2909341369052699,ok
mech,completed_t,low insecurity: top-vs-bottom farm_orientation,low insecurity,farm_orientation,asinh_rentin,asinh rented-in area,rent-in,provyear,top farm-orientation-minus-bottom differential,-0.03128410083393278,0.24332683328027388,0.8976993045622349,1180,82,0.2909341369052699,ok
mech,completed_t,low insecurity: top-vs-bottom farm_orientation,low insecurity,farm_orientation,asinh_rentin,asinh rented-in area,rent-in,provyear,top farm-orientation group DID,-0.34533767781343055,0.3164767265002954,0.275187287376748,1180,82,0.2909341369052699,ok
mech,completed_t,low insecurity: top-vs-bottom farm_orientation,low insecurity,farm_orientation,rentin_and_farm_any,Rent-in and own-farm production,rent-in,stackyear,bottom group DID,-0.11421153284363492,0.10501205376193176,0.2767699510051641,1192,83,0.11907066795740562,ok
mech,completed_t,low insecurity: top-vs-bottom farm_orientation,low insecurity,farm_orientation,rentin_and_farm_any,Rent-in and own-farm production,rent-in,stackyear,top farm-orientation-minus-bottom differential,0.12088518448899391,0.10067988113584199,0.22987202190094236,1192,83,0.11907066795740562,ok
mech,completed_t,low insecurity: top-vs-bottom farm_orientation,low insecurity,farm_orientation,rentin_and_farm_any,Rent-in and own-farm production,rent-in,stackyear,top farm-orientation group DID,0.006673651645358991,0.06782769538784704,0.9216216234920269,1192,83,0.11907066795740562,ok
mech,completed_t,low insecurity: top-vs-bottom farm_orientation,low insecurity,farm_orientation,rentin_and_farm_any,Rent-in and own-farm production,rent-in,provyear,bottom group DID,-0.25144391521815346,0.09493340742363919,0.008081764033754572,1182,82,0.11907066795740562,ok
mech,completed_t,low insecurity: top-vs-bottom farm_orientation,low insecurity,farm_orientation,rentin_and_farm_any,Rent-in and own-farm production,rent-in,provyear,top farm-orientation-minus-bottom differential,0.009721596253216863,0.10645683488280729,0.9272386394759868,1182,82,0.11907066795740562,ok
mech,completed_t,low insecurity: top-vs-bottom farm_orientation,low insecurity,farm_orientation,rentin_and_farm_any,Rent-in and own-farm production,rent-in,provyear,top farm-orientation group DID,-0.2417223189649366,0.1446057373592328,0.0946040866477607,1182,82,0.11907066795740562,ok
mech,completed_t,low insecurity: top-vs-bottom farm_orientation,low insecurity,farm_orientation,ib_nonfarm_curr_n,Current nonfarm workers,nonfarm,stackyear,bottom group DID,0.07524523840521269,0.24731385662255365,0.7609374423227401,1256,84,0.5500705218617772,ok
mech,completed_t,low insecurity: top-vs-bottom farm_orientation,low insecurity,farm_orientation,ib_nonfarm_curr_n,Current nonfarm workers,nonfarm,stackyear,top farm-orientation-minus-bottom differential,-0.05837839669990817,0.27866887827083775,0.8340655914980819,1256,84,0.5500705218617772,ok
mech,completed_t,low insecurity: top-vs-bottom farm_orientation,low insecurity,farm_orientation,ib_nonfarm_curr_n,Current nonfarm workers,nonfarm,stackyear,top farm-orientation group DID,0.016866841705304517,0.10481286020123586,0.8721537328787032,1256,84,0.5500705218617772,ok
mech,completed_t,low insecurity: top-vs-bottom farm_orientation,low insecurity,farm_orientation,ib_nonfarm_curr_n,Current nonfarm workers,nonfarm,provyear,bottom group DID,0.2956817292590438,0.16018547924012502,0.06491093969855061,1248,83,0.5500705218617772,ok
mech,completed_t,low insecurity: top-vs-bottom farm_orientation,low insecurity,farm_orientation,ib_nonfarm_curr_n,Current nonfarm workers,nonfarm,provyear,top farm-orientation-minus-bottom differential,0.2929245714070645,0.3212644654927348,0.3618811694007147,1248,83,0.5500705218617772,ok
mech,completed_t,low insecurity: top-vs-bottom farm_orientation,low insecurity,farm_orientation,ib_nonfarm_curr_n,Current nonfarm workers,nonfarm,provyear,top farm-orientation group DID,0.5886063006661083,0.2910223413411287,0.043119895474319894,1248,83,0.5500705218617772,ok
mech,completed_t,low insecurity: top-vs-bottom farm_orientation,low insecurity,farm_orientation,ib_nonfarm_curr_ge2,At least two current nonfarm workers,nonfarm,stackyear,bottom group DID,-0.018609280792134412,0.11874552010384579,0.8754689563920708,1256,84,0.14480488951574988,ok
mech,completed_t,low insecurity: top-vs-bottom farm_orientation,low insecurity,farm_orientation,ib_nonfarm_curr_ge2,At least two current nonfarm workers,nonfarm,stackyear,top farm-orientation-minus-bottom differential,0.03578607887164827,0.12085490601968159,0.7671477667061497,1256,84,0.14480488951574988,ok
mech,completed_t,low insecurity: top-vs-bottom farm_orientation,low insecurity,farm_orientation,ib_nonfarm_curr_ge2,At least two current nonfarm workers,nonfarm,stackyear,top farm-orientation group DID,0.01717679807951386,0.025693112762437888,0.503790833397622,1256,84,0.14480488951574988,ok
mech,completed_t,low insecurity: top-vs-bottom farm_orientation,low insecurity,farm_orientation,ib_nonfarm_curr_ge2,At least two current nonfarm workers,nonfarm,provyear,bottom group DID,0.09937603556589698,0.06571816897852015,0.13049452188210728,1248,83,0.14480488951574988,ok
mech,completed_t,low insecurity: top-vs-bottom farm_orientation,low insecurity,farm_orientation,ib_nonfarm_curr_ge2,At least two current nonfarm workers,nonfarm,provyear,top farm-orientation-minus-bottom differential,0.18541213925751884,0.15944084851001852,0.24487420917241043,1248,83,0.14480488951574988,ok
mech,completed_t,low insecurity: top-vs-bottom farm_orientation,low insecurity,farm_orientation,ib_nonfarm_curr_ge2,At least two current nonfarm workers,nonfarm,provyear,top farm-orientation group DID,0.28478817482341584,0.13732711682185794,0.0380984304662926,1248,83,0.14480488951574988,ok
mech,completed_t,low insecurity: top-vs-bottom farm_orientation,low insecurity,farm_orientation,nonfarm_ge2_no_rentin,>=2 nonfarm workers without rent-in,nonfarm,stackyear,bottom group DID,0.03250517025120251,0.07873374593962854,0.6797170441000877,1194,83,0.12959381044487428,ok
mech,completed_t,low insecurity: top-vs-bottom farm_orientation,low insecurity,farm_orientation,nonfarm_ge2_no_rentin,>=2 nonfarm workers without rent-in,nonfarm,stackyear,top farm-orientation-minus-bottom differential,-0.011480186297917352,0.08388601945566258,0.8911457376742994,1194,83,0.12959381044487428,ok
mech,completed_t,low insecurity: top-vs-bottom farm_orientation,low insecurity,farm_orientation,nonfarm_ge2_no_rentin,>=2 nonfarm workers without rent-in,nonfarm,stackyear,top farm-orientation group DID,0.021024983953285156,0.028863395906295376,0.46634997035453984,1194,83,0.12959381044487428,ok
mech,completed_t,low insecurity: top-vs-bottom farm_orientation,low insecurity,farm_orientation,nonfarm_ge2_no_rentin,>=2 nonfarm workers without rent-in,nonfarm,provyear,bottom group DID,0.12287017218817439,0.058837038527087694,0.03676957928314766,1184,82,0.12959381044487428,ok
mech,completed_t,low insecurity: top-vs-bottom farm_orientation,low insecurity,farm_orientation,nonfarm_ge2_no_rentin,>=2 nonfarm workers without rent-in,nonfarm,provyear,top farm-orientation-minus-bottom differential,0.06778083277675966,0.14320325319854874,0.6359855480922865,1184,82,0.12959381044487428,ok
mech,completed_t,low insecurity: top-vs-bottom farm_orientation,low insecurity,farm_orientation,nonfarm_ge2_no_rentin,>=2 nonfarm workers without rent-in,nonfarm,provyear,top farm-orientation group DID,0.19065100496493403,0.1279793617518792,0.13630282679321976,1184,82,0.12959381044487428,ok
mech,completed_t,low insecurity: top-vs-bottom farm_orientation,low insecurity,farm_orientation,rb_farm_any,Any own-farm production,farm-exit,stackyear,bottom group DID,-0.13641537086551458,0.07835368111831882,0.08167997225903573,1244,83,0.7707547169811321,ok
mech,completed_t,low insecurity: top-vs-bottom farm_orientation,low insecurity,farm_orientation,rb_farm_any,Any own-farm production,farm-exit,stackyear,top farm-orientation-minus-bottom differential,0.11987127194302272,0.086986031789292,0.1681872450087818,1244,83,0.7707547169811321,ok
mech,completed_t,low insecurity: top-vs-bottom farm_orientation,low insecurity,farm_orientation,rb_farm_any,Any own-farm production,farm-exit,stackyear,top farm-orientation group DID,-0.016544098922491868,0.04537864425519252,0.715425722962344,1244,83,0.7707547169811321,ok
mech,completed_t,low insecurity: top-vs-bottom farm_orientation,low insecurity,farm_orientation,rb_farm_any,Any own-farm production,farm-exit,provyear,bottom group DID,-0.11804546822834909,0.10238802617823001,0.24894215941610576,1236,82,0.7707547169811321,ok
mech,completed_t,low insecurity: top-vs-bottom farm_orientation,low insecurity,farm_orientation,rb_farm_any,Any own-farm production,farm-exit,provyear,top farm-orientation-minus-bottom differential,0.22930317441688242,0.09405931685170171,0.014774612839604791,1236,82,0.7707547169811321,ok
mech,completed_t,low insecurity: top-vs-bottom farm_orientation,low insecurity,farm_orientation,rb_farm_any,Any own-farm production,farm-exit,provyear,top farm-orientation group DID,0.11125770618853333,0.11888068035805362,0.349336469796908,1236,82,0.7707547169811321,ok
mech,completed_t,low insecurity: top-vs-bottom farm_orientation,low insecurity,farm_orientation,asinh_rb_inc_farm_w99,asinh farm income,farm-exit,stackyear,bottom group DID,-2.9028410331745085,0.8311113383415848,0.0004781236025055802,1222,84,6.409237306344771,ok
mech,completed_t,low insecurity: top-vs-bottom farm_orientation,low insecurity,farm_orientation,asinh_rb_inc_farm_w99,asinh farm income,farm-exit,stackyear,top farm-orientation-minus-bottom differential,1.5187993939415483,1.1688365597226325,0.1938028273928195,1222,84,6.409237306344771,ok
mech,completed_t,low insecurity: top-vs-bottom farm_orientation,low insecurity,farm_orientation,asinh_rb_inc_farm_w99,asinh farm income,farm-exit,stackyear,top farm-orientation group DID,-1.3840416392329602,0.9393652709326105,0.14064870438265772,1222,84,6.409237306344771,ok
mech,completed_t,low insecurity: top-vs-bottom farm_orientation,low insecurity,farm_orientation,asinh_rb_inc_farm_w99,asinh farm income,farm-exit,provyear,bottom group DID,-1.7473311725423701,0.7832430713868592,0.025688243985669528,1214,83,6.409237306344771,ok
mech,completed_t,low insecurity: top-vs-bottom farm_orientation,low insecurity,farm_orientation,asinh_rb_inc_farm_w99,asinh farm income,farm-exit,provyear,top farm-orientation-minus-bottom differential,1.864184576051858,1.4866297111126783,0.2098540059015157,1214,83,6.409237306344771,ok
mech,completed_t,low insecurity: top-vs-bottom farm_orientation,low insecurity,farm_orientation,asinh_rb_inc_farm_w99,asinh farm income,farm-exit,provyear,top farm-orientation group DID,0.11685340350948792,1.62483115116577,0.9426677545368184,1214,83,6.409237306344771,ok
mech,completed_t,high insecurity: top-vs-bottom farmdep,high insecurity,farmdep,any_rentin,Any rented-in land,rent-in,stackyear,bottom group DID,0.03569026115945398,0.06589565427285737,0.5880818075154346,672,44,0.13758079409048937,ok
mech,completed_t,high insecurity: top-vs-bottom farmdep,high insecurity,farmdep,any_rentin,Any rented-in land,rent-in,stackyear,top farmdep-minus-bottom differential,0.12826137599409534,0.10730562716688742,0.23197362571297264,672,44,0.13758079409048937,ok
mech,completed_t,high insecurity: top-vs-bottom farmdep,high insecurity,farmdep,any_rentin,Any rented-in land,rent-in,stackyear,top farmdep group DID,0.16395163715354932,0.06627731352733605,0.01337137643825752,672,44,0.13758079409048937,ok
mech,completed_t,high insecurity: top-vs-bottom farmdep,high insecurity,farmdep,any_rentin,Any rented-in land,rent-in,provyear,bottom group DID,,,,670,44,0.13758079409048937,ok
mech,completed_t,high insecurity: top-vs-bottom farmdep,high insecurity,farmdep,any_rentin,Any rented-in land,rent-in,provyear,top farmdep-minus-bottom differential,,,,670,44,0.13758079409048937,ok
mech,completed_t,high insecurity: top-vs-bottom farmdep,high insecurity,farmdep,any_rentin,Any rented-in land,rent-in,provyear,top farmdep group DID,,,,670,44,0.13758079409048937,ok
mech,completed_t,high insecurity: top-vs-bottom farmdep,high insecurity,farmdep,asinh_rentin,asinh rented-in area,rent-in,stackyear,bottom group DID,0.054818256033941075,0.07702585741683417,0.47665898423892605,670,44,0.26421206162277594,ok
mech,completed_t,high insecurity: top-vs-bottom farmdep,high insecurity,farmdep,asinh_rentin,asinh rented-in area,rent-in,stackyear,top farmdep-minus-bottom differential,0.32258737354553957,0.18085556042519668,0.07447664195565198,670,44,0.26421206162277594,ok
mech,completed_t,high insecurity: top-vs-bottom farmdep,high insecurity,farmdep,asinh_rentin,asinh rented-in area,rent-in,stackyear,top farmdep group DID,0.37740562957948065,0.15020804593260415,0.011986120531243037,670,44,0.26421206162277594,ok
mech,completed_t,high insecurity: top-vs-bottom farmdep,high insecurity,farmdep,asinh_rentin,asinh rented-in area,rent-in,provyear,bottom group DID,,,,668,44,0.26421206162277594,ok
mech,completed_t,high insecurity: top-vs-bottom farmdep,high insecurity,farmdep,asinh_rentin,asinh rented-in area,rent-in,provyear,top farmdep-minus-bottom differential,,,,668,44,0.26421206162277594,ok
mech,completed_t,high insecurity: top-vs-bottom farmdep,high insecurity,farmdep,asinh_rentin,asinh rented-in area,rent-in,provyear,top farmdep group DID,,,,668,44,0.26421206162277594,ok
mech,completed_t,high insecurity: top-vs-bottom farmdep,high insecurity,farmdep,rentin_and_farm_any,Rent-in and own-farm production,rent-in,stackyear,bottom group DID,0.016860413284093014,0.0690416960101204,0.8070710911844292,672,44,0.12557710064635272,ok
mech,completed_t,high insecurity: top-vs-bottom farmdep,high insecurity,farmdep,rentin_and_farm_any,Rent-in and own-farm production,rent-in,stackyear,top farmdep-minus-bottom differential,0.15865118356223523,0.1078618094940427,0.14132506387126528,672,44,0.12557710064635272,ok
mech,completed_t,high insecurity: top-vs-bottom farmdep,high insecurity,farmdep,rentin_and_farm_any,Rent-in and own-farm production,rent-in,stackyear,top farmdep group DID,0.17551159684632825,0.06500941079023911,0.006938377064405363,672,44,0.12557710064635272,ok
mech,completed_t,high insecurity: top-vs-bottom farmdep,high insecurity,farmdep,rentin_and_farm_any,Rent-in and own-farm production,rent-in,provyear,bottom group DID,,,,670,44,0.12557710064635272,ok
mech,completed_t,high insecurity: top-vs-bottom farmdep,high insecurity,farmdep,rentin_and_farm_any,Rent-in and own-farm production,rent-in,provyear,top farmdep-minus-bottom differential,,,,670,44,0.12557710064635272,ok
mech,completed_t,high insecurity: top-vs-bottom farmdep,high insecurity,farmdep,rentin_and_farm_any,Rent-in and own-farm production,rent-in,provyear,top farmdep group DID,,,,670,44,0.12557710064635272,ok
mech,completed_t,high insecurity: top-vs-bottom farmdep,high insecurity,farmdep,ib_nonfarm_curr_n,Current nonfarm workers,nonfarm,stackyear,bottom group DID,0.643212137625691,0.12028480342051487,8.922184621023239e-08,704,45,0.7351111111111112,ok
mech,completed_t,high insecurity: top-vs-bottom farmdep,high insecurity,farmdep,ib_nonfarm_curr_n,Current nonfarm workers,nonfarm,stackyear,top farmdep-minus-bottom differential,-0.4925959907819324,0.32226014557524857,0.1263720015692289,704,45,0.7351111111111112,ok
mech,completed_t,high insecurity: top-vs-bottom farmdep,high insecurity,farmdep,ib_nonfarm_curr_n,Current nonfarm workers,nonfarm,stackyear,top farmdep group DID,0.15061614684375857,0.29405728719317337,0.6085110327722374,704,45,0.7351111111111112,ok
mech,completed_t,high insecurity: top-vs-bottom farmdep,high insecurity,farmdep,ib_nonfarm_curr_n,Current nonfarm workers,nonfarm,provyear,bottom group DID,,,,702,45,0.7351111111111112,ok
mech,completed_t,high insecurity: top-vs-bottom farmdep,high insecurity,farmdep,ib_nonfarm_curr_n,Current nonfarm workers,nonfarm,provyear,top farmdep-minus-bottom differential,,,,702,45,0.7351111111111112,ok
mech,completed_t,high insecurity: top-vs-bottom farmdep,high insecurity,farmdep,ib_nonfarm_curr_n,Current nonfarm workers,nonfarm,provyear,top farmdep group DID,,,,702,45,0.7351111111111112,ok
mech,completed_t,high insecurity: top-vs-bottom farmdep,high insecurity,farmdep,ib_nonfarm_curr_ge2,At least two current nonfarm workers,nonfarm,stackyear,bottom group DID,0.11766454963269976,0.04352504237097624,0.006863907817894619,704,45,0.1902222222222222,ok
mech,completed_t,high insecurity: top-vs-bottom farmdep,high insecurity,farmdep,ib_nonfarm_curr_ge2,At least two current nonfarm workers,nonfarm,stackyear,top farmdep-minus-bottom differential,-0.07426512483450444,0.06435527834189178,0.24850568824225683,704,45,0.1902222222222222,ok
mech,completed_t,high insecurity: top-vs-bottom farmdep,high insecurity,farmdep,ib_nonfarm_curr_ge2,At least two current nonfarm workers,nonfarm,stackyear,top farmdep group DID,0.04339942479819532,0.04559538049707526,0.34117904662960974,704,45,0.1902222222222222,ok
mech,completed_t,high insecurity: top-vs-bottom farmdep,high insecurity,farmdep,ib_nonfarm_curr_ge2,At least two current nonfarm workers,nonfarm,provyear,bottom group DID,,,,702,45,0.1902222222222222,ok
mech,completed_t,high insecurity: top-vs-bottom farmdep,high insecurity,farmdep,ib_nonfarm_curr_ge2,At least two current nonfarm workers,nonfarm,provyear,top farmdep-minus-bottom differential,,,,702,45,0.1902222222222222,ok
mech,completed_t,high insecurity: top-vs-bottom farmdep,high insecurity,farmdep,ib_nonfarm_curr_ge2,At least two current nonfarm workers,nonfarm,provyear,top farmdep group DID,,,,702,45,0.1902222222222222,ok
mech,completed_t,high insecurity: top-vs-bottom farmdep,high insecurity,farmdep,nonfarm_ge2_no_rentin,>=2 nonfarm workers without rent-in,nonfarm,stackyear,bottom group DID,0.14987694410749983,0.04786112786180709,0.0017391798626170277,672,44,0.1837488457987073,ok
mech,completed_t,high insecurity: top-vs-bottom farmdep,high insecurity,farmdep,nonfarm_ge2_no_rentin,>=2 nonfarm workers without rent-in,nonfarm,stackyear,top farmdep-minus-bottom differential,-0.15637959028196097,0.05550122824670462,0.004838586530955693,672,44,0.1837488457987073,ok
mech,completed_t,high insecurity: top-vs-bottom farmdep,high insecurity,farmdep,nonfarm_ge2_no_rentin,>=2 nonfarm workers without rent-in,nonfarm,stackyear,top farmdep group DID,-0.006502646174461141,0.02206291156012768,0.7681986116617968,672,44,0.1837488457987073,ok
mech,completed_t,high insecurity: top-vs-bottom farmdep,high insecurity,farmdep,nonfarm_ge2_no_rentin,>=2 nonfarm workers without rent-in,nonfarm,provyear,bottom group DID,,,,670,44,0.1837488457987073,ok
mech,completed_t,high insecurity: top-vs-bottom farmdep,high insecurity,farmdep,nonfarm_ge2_no_rentin,>=2 nonfarm workers without rent-in,nonfarm,provyear,top farmdep-minus-bottom differential,,,,670,44,0.1837488457987073,ok
mech,completed_t,high insecurity: top-vs-bottom farmdep,high insecurity,farmdep,nonfarm_ge2_no_rentin,>=2 nonfarm workers without rent-in,nonfarm,provyear,top farmdep group DID,,,,670,44,0.1837488457987073,ok
mech,completed_t,high insecurity: top-vs-bottom farmdep,high insecurity,farmdep,rb_farm_any,Any own-farm production,farm-exit,stackyear,bottom group DID,-0.3358213384615069,0.06035090203237543,2.6293650245421356e-08,702,45,0.7270294380017841,ok
mech,completed_t,high insecurity: top-vs-bottom farmdep,high insecurity,farmdep,rb_farm_any,Any own-farm production,farm-exit,stackyear,top farmdep-minus-bottom differential,0.18467362242907606,0.1267111841962537,0.14499567175841205,702,45,0.7270294380017841,ok
mech,completed_t,high insecurity: top-vs-bottom farmdep,high insecurity,farmdep,rb_farm_any,Any own-farm production,farm-exit,stackyear,top farmdep group DID,-0.15114771603243085,0.10387714693020168,0.14565202639781444,702,45,0.7270294380017841,ok
mech,completed_t,high insecurity: top-vs-bottom farmdep,high insecurity,farmdep,rb_farm_any,Any own-farm production,farm-exit,provyear,bottom group DID,,,,700,45,0.7270294380017841,ok
mech,completed_t,high insecurity: top-vs-bottom farmdep,high insecurity,farmdep,rb_farm_any,Any own-farm production,farm-exit,provyear,top farmdep-minus-bottom differential,,,,700,45,0.7270294380017841,ok
mech,completed_t,high insecurity: top-vs-bottom farmdep,high insecurity,farmdep,rb_farm_any,Any own-farm production,farm-exit,provyear,top farmdep group DID,,,,700,45,0.7270294380017841,ok
mech,completed_t,high insecurity: top-vs-bottom farmdep,high insecurity,farmdep,asinh_rb_inc_farm_w99,asinh farm income,farm-exit,stackyear,bottom group DID,-3.9294785815031488,0.6726335706638492,5.1599329977226226e-09,702,45,5.647900201012262,ok
mech,completed_t,high insecurity: top-vs-bottom farmdep,high insecurity,farmdep,asinh_rb_inc_farm_w99,asinh farm income,farm-exit,stackyear,top farmdep-minus-bottom differential,3.6425922264785817,1.0016263770050366,0.00027617722781735787,702,45,5.647900201012262,ok
mech,completed_t,high insecurity: top-vs-bottom farmdep,high insecurity,farmdep,asinh_rb_inc_farm_w99,asinh farm income,farm-exit,stackyear,top farmdep group DID,-0.28688635502456705,0.5886412622617768,0.6259958328301273,702,45,5.647900201012262,ok
mech,completed_t,high insecurity: top-vs-bottom farmdep,high insecurity,farmdep,asinh_rb_inc_farm_w99,asinh farm income,farm-exit,provyear,bottom group DID,,,,700,45,5.647900201012262,ok
mech,completed_t,high insecurity: top-vs-bottom farmdep,high insecurity,farmdep,asinh_rb_inc_farm_w99,asinh farm income,farm-exit,provyear,top farmdep-minus-bottom differential,,,,700,45,5.647900201012262,ok
mech,completed_t,high insecurity: top-vs-bottom farmdep,high insecurity,farmdep,asinh_rb_inc_farm_w99,asinh farm income,farm-exit,provyear,top farmdep group DID,,,,700,45,5.647900201012262,ok
mech,completed_t,high insecurity: top-vs-bottom farm_orientation,high insecurity,farm_orientation,any_rentin,Any rented-in land,rent-in,stackyear,bottom group DID,0.048988090785194935,0.058781784844684555,0.404625396653734,654,45,0.13352007469654528,ok
mech,completed_t,high insecurity: top-vs-bottom farm_orientation,high insecurity,farm_orientation,any_rentin,Any rented-in land,rent-in,stackyear,top farm-orientation-minus-bottom differential,0.18124297313501694,0.0958346663632861,0.05859702185227404,654,45,0.13352007469654528,ok
mech,completed_t,high insecurity: top-vs-bottom farm_orientation,high insecurity,farm_orientation,any_rentin,Any rented-in land,rent-in,stackyear,top farm-orientation group DID,0.23023106392021186,0.06055547150193883,0.0001435407535441939,654,45,0.13352007469654528,ok
mech,completed_t,high insecurity: top-vs-bottom farm_orientation,high insecurity,farm_orientation,any_rentin,Any rented-in land,rent-in,provyear,bottom group DID,,,,650,44,0.13352007469654528,ok
mech,completed_t,high insecurity: top-vs-bottom farm_orientation,high insecurity,farm_orientation,any_rentin,Any rented-in land,rent-in,provyear,top farm-orientation-minus-bottom differential,,,,650,44,0.13352007469654528,ok
mech,completed_t,high insecurity: top-vs-bottom farm_orientation,high insecurity,farm_orientation,any_rentin,Any rented-in land,rent-in,provyear,top farm-orientation group DID,,,,650,44,0.13352007469654528,ok
mech,completed_t,high insecurity: top-vs-bottom farm_orientation,high insecurity,farm_orientation,asinh_rentin,asinh rented-in area,rent-in,stackyear,bottom group DID,0.06784998751557127,0.07085837737671964,0.3382929383406602,652,45,0.26270051055558374,ok
mech,completed_t,high insecurity: top-vs-bottom farm_orientation,high insecurity,farm_orientation,asinh_rentin,asinh rented-in area,rent-in,stackyear,top farm-orientation-minus-bottom differential,0.40873517189520736,0.17462553654276722,0.01925082095762163,652,45,0.26270051055558374,ok
mech,completed_t,high insecurity: top-vs-bottom farm_orientation,high insecurity,farm_orientation,asinh_rentin,asinh rented-in area,rent-in,stackyear,top farm-orientation group DID,0.4765851594107786,0.1397773095910441,0.000650574632409839,652,45,0.26270051055558374,ok
mech,completed_t,high insecurity: top-vs-bottom farm_orientation,high insecurity,farm_orientation,asinh_rentin,asinh rented-in area,rent-in,provyear,bottom group DID,,,,648,44,0.26270051055558374,ok
mech,completed_t,high insecurity: top-vs-bottom farm_orientation,high insecurity,farm_orientation,asinh_rentin,asinh rented-in area,rent-in,provyear,top farm-orientation-minus-bottom differential,,,,648,44,0.26270051055558374,ok
mech,completed_t,high insecurity: top-vs-bottom farm_orientation,high insecurity,farm_orientation,asinh_rentin,asinh rented-in area,rent-in,provyear,top farm-orientation group DID,,,,648,44,0.26270051055558374,ok
mech,completed_t,high insecurity: top-vs-bottom farm_orientation,high insecurity,farm_orientation,rentin_and_farm_any,Rent-in and own-farm production,rent-in,stackyear,bottom group DID,0.04490552966163471,0.060715270347832626,0.45953758621987517,654,45,0.1223155929038282,ok
mech,completed_t,high insecurity: top-vs-bottom farm_orientation,high insecurity,farm_orientation,rentin_and_farm_any,Rent-in and own-farm production,rent-in,stackyear,top farm-orientation-minus-bottom differential,0.12737097401970962,0.0915184790735575,0.16399768278430493,654,45,0.1223155929038282,ok
mech,completed_t,high insecurity: top-vs-bottom farm_orientation,high insecurity,farm_orientation,rentin_and_farm_any,Rent-in and own-farm production,rent-in,stackyear,top farm-orientation group DID,0.17227650368134434,0.05120743586854438,0.0007674173342338746,654,45,0.1223155929038282,ok
mech,completed_t,high insecurity: top-vs-bottom farm_orientation,high insecurity,farm_orientation,rentin_and_farm_any,Rent-in and own-farm production,rent-in,provyear,bottom group DID,,,,650,44,0.1223155929038282,ok
mech,completed_t,high insecurity: top-vs-bottom farm_orientation,high insecurity,farm_orientation,rentin_and_farm_any,Rent-in and own-farm production,rent-in,provyear,top farm-orientation-minus-bottom differential,,,,650,44,0.1223155929038282,ok
mech,completed_t,high insecurity: top-vs-bottom farm_orientation,high insecurity,farm_orientation,rentin_and_farm_any,Rent-in and own-farm production,rent-in,provyear,top farm-orientation group DID,,,,650,44,0.1223155929038282,ok
mech,completed_t,high insecurity: top-vs-bottom farm_orientation,high insecurity,farm_orientation,ib_nonfarm_curr_n,Current nonfarm workers,nonfarm,stackyear,bottom group DID,0.6419028103146704,0.1218195903430607,1.3695207627899262e-07,690,46,0.7937219730941704,ok
mech,completed_t,high insecurity: top-vs-bottom farm_orientation,high insecurity,farm_orientation,ib_nonfarm_curr_n,Current nonfarm workers,nonfarm,stackyear,top farm-orientation-minus-bottom differential,-0.4135885219287398,0.2446985808100225,0.09099049509115559,690,46,0.7937219730941704,ok
mech,completed_t,high insecurity: top-vs-bottom farm_orientation,high insecurity,farm_orientation,ib_nonfarm_curr_n,Current nonfarm workers,nonfarm,stackyear,top farm-orientation group DID,0.22831428838593065,0.20505083858415976,0.2655143063446169,690,46,0.7937219730941704,ok
mech,completed_t,high insecurity: top-vs-bottom farm_orientation,high insecurity,farm_orientation,ib_nonfarm_curr_n,Current nonfarm workers,nonfarm,provyear,bottom group DID,,,,686,45,0.7937219730941704,ok
mech,completed_t,high insecurity: top-vs-bottom farm_orientation,high insecurity,farm_orientation,ib_nonfarm_curr_n,Current nonfarm workers,nonfarm,provyear,top farm-orientation-minus-bottom differential,,,,686,45,0.7937219730941704,ok
mech,completed_t,high insecurity: top-vs-bottom farm_orientation,high insecurity,farm_orientation,ib_nonfarm_curr_n,Current nonfarm workers,nonfarm,provyear,top farm-orientation group DID,,,,686,45,0.7937219730941704,ok
mech,completed_t,high insecurity: top-vs-bottom farm_orientation,high insecurity,farm_orientation,ib_nonfarm_curr_ge2,At least two current nonfarm workers,nonfarm,stackyear,bottom group DID,0.12446303196739361,0.04804668547158984,0.009584767212136847,690,46,0.21704035874439462,ok
mech,completed_t,high insecurity: top-vs-bottom farm_orientation,high insecurity,farm_orientation,ib_nonfarm_curr_ge2,At least two current nonfarm workers,nonfarm,stackyear,top farm-orientation-minus-bottom differential,-0.03893413023568116,0.06253496925773819,0.5335488998163112,690,46,0.21704035874439462,ok
mech,completed_t,high insecurity: top-vs-bottom farm_orientation,high insecurity,farm_orientation,ib_nonfarm_curr_ge2,At least two current nonfarm workers,nonfarm,stackyear,top farm-orientation group DID,0.08552890173171246,0.035713421993866665,0.016626387473527286,690,46,0.21704035874439462,ok
mech,completed_t,high insecurity: top-vs-bottom farm_orientation,high insecurity,farm_orientation,ib_nonfarm_curr_ge2,At least two current nonfarm workers,nonfarm,provyear,bottom group DID,,,,686,45,0.21704035874439462,ok
mech,completed_t,high insecurity: top-vs-bottom farm_orientation,high insecurity,farm_orientation,ib_nonfarm_curr_ge2,At least two current nonfarm workers,nonfarm,provyear,top farm-orientation-minus-bottom differential,,,,686,45,0.21704035874439462,ok
mech,completed_t,high insecurity: top-vs-bottom farm_orientation,high insecurity,farm_orientation,ib_nonfarm_curr_ge2,At least two current nonfarm workers,nonfarm,provyear,top farm-orientation group DID,,,,686,45,0.21704035874439462,ok
mech,completed_t,high insecurity: top-vs-bottom farm_orientation,high insecurity,farm_orientation,nonfarm_ge2_no_rentin,>=2 nonfarm workers without rent-in,nonfarm,stackyear,bottom group DID,0.148464308133654,0.0571062318596123,0.009328035994246522,654,45,0.2119514472455649,ok
mech,completed_t,high insecurity: top-vs-bottom farm_orientation,high insecurity,farm_orientation,nonfarm_ge2_no_rentin,>=2 nonfarm workers without rent-in,nonfarm,stackyear,top farm-orientation-minus-bottom differential,-0.15889578068266608,0.05994415338178314,0.008031796077070358,654,45,0.2119514472455649,ok
mech,completed_t,high insecurity: top-vs-bottom farm_orientation,high insecurity,farm_orientation,nonfarm_ge2_no_rentin,>=2 nonfarm workers without rent-in,nonfarm,stackyear,top farm-orientation group DID,-0.010431472549012083,0.011813460820136262,0.37722773523386766,654,45,0.2119514472455649,ok
mech,completed_t,high insecurity: top-vs-bottom farm_orientation,high insecurity,farm_orientation,nonfarm_ge2_no_rentin,>=2 nonfarm workers without rent-in,nonfarm,provyear,bottom group DID,,,,650,44,0.2119514472455649,ok
mech,completed_t,high insecurity: top-vs-bottom farm_orientation,high insecurity,farm_orientation,nonfarm_ge2_no_rentin,>=2 nonfarm workers without rent-in,nonfarm,provyear,top farm-orientation-minus-bottom differential,,,,650,44,0.2119514472455649,ok
mech,completed_t,high insecurity: top-vs-bottom farm_orientation,high insecurity,farm_orientation,nonfarm_ge2_no_rentin,>=2 nonfarm workers without rent-in,nonfarm,provyear,top farm-orientation group DID,,,,650,44,0.2119514472455649,ok
mech,completed_t,high insecurity: top-vs-bottom farm_orientation,high insecurity,farm_orientation,rb_farm_any,Any own-farm production,farm-exit,stackyear,bottom group DID,-0.3285234427209728,0.055549226064293536,3.33703695591176e-09,688,46,0.7164716471647165,ok
mech,completed_t,high insecurity: top-vs-bottom farm_orientation,high insecurity,farm_orientation,rb_farm_any,Any own-farm production,farm-exit,stackyear,top farm-orientation-minus-bottom differential,0.1988854826736567,0.16546651282676442,0.22937585808042515,688,46,0.7164716471647165,ok
mech,completed_t,high insecurity: top-vs-bottom farm_orientation,high insecurity,farm_orientation,rb_farm_any,Any own-farm production,farm-exit,stackyear,top farm-orientation group DID,-0.1296379600473161,0.14533020886250891,0.3723803421533175,688,46,0.7164716471647165,ok
mech,completed_t,high insecurity: top-vs-bottom farm_orientation,high insecurity,farm_orientation,rb_farm_any,Any own-farm production,farm-exit,provyear,bottom group DID,,,,684,45,0.7164716471647165,ok
mech,completed_t,high insecurity: top-vs-bottom farm_orientation,high insecurity,farm_orientation,rb_farm_any,Any own-farm production,farm-exit,provyear,top farm-orientation-minus-bottom differential,,,,684,45,0.7164716471647165,ok
mech,completed_t,high insecurity: top-vs-bottom farm_orientation,high insecurity,farm_orientation,rb_farm_any,Any own-farm production,farm-exit,provyear,top farm-orientation group DID,,,,684,45,0.7164716471647165,ok
mech,completed_t,high insecurity: top-vs-bottom farm_orientation,high insecurity,farm_orientation,asinh_rb_inc_farm_w99,asinh farm income,farm-exit,stackyear,bottom group DID,-3.2967662666186537,0.5484285600896518,1.8404630266590904e-09,680,46,5.613518131672262,ok
mech,completed_t,high insecurity: top-vs-bottom farm_orientation,high insecurity,farm_orientation,asinh_rb_inc_farm_w99,asinh farm income,farm-exit,stackyear,top farm-orientation-minus-bottom differential,2.909018504998687,0.8010785866030186,0.00028191280596547616,680,46,5.613518131672262,ok
mech,completed_t,high insecurity: top-vs-bottom farm_orientation,high insecurity,farm_orientation,asinh_rb_inc_farm_w99,asinh farm income,farm-exit,stackyear,top farm-orientation group DID,-0.3877477616199667,0.44886011084649985,0.38767035200376554,680,46,5.613518131672262,ok
mech,completed_t,high insecurity: top-vs-bottom farm_orientation,high insecurity,farm_orientation,asinh_rb_inc_farm_w99,asinh farm income,farm-exit,provyear,bottom group DID,,,,676,45,5.613518131672262,ok
mech,completed_t,high insecurity: top-vs-bottom farm_orientation,high insecurity,farm_orientation,asinh_rb_inc_farm_w99,asinh farm income,farm-exit,provyear,top farm-orientation-minus-bottom differential,,,,676,45,5.613518131672262,ok
mech,completed_t,high insecurity: top-vs-bottom farm_orientation,high insecurity,farm_orientation,asinh_rb_inc_farm_w99,asinh farm income,farm-exit,provyear,top farm-orientation group DID,,,,676,45,5.613518131672262,ok
mech,completed_t,high-minus-low A3 within farmdep bottom,high-minus-low,farmdep bottom,any_rentin,Any rented-in land,rent-in,stackyear,low-insecurity DID,-0.20585577094034568,0.11467851332871891,0.07264280896208905,808,87,0.09048569527611444,ok
mech,completed_t,high-minus-low A3 within farmdep bottom,high-minus-low,farmdep bottom,any_rentin,Any rented-in land,rent-in,stackyear,high-minus-low differential,0.1556091703748086,0.132688757980204,0.2409008221724127,808,87,0.09048569527611444,ok
mech,completed_t,high-minus-low A3 within farmdep bottom,high-minus-low,farmdep bottom,any_rentin,Any rented-in land,rent-in,stackyear,high-insecurity DID,-0.05024660056553709,0.06054542360799431,0.40659575904033474,808,87,0.09048569527611444,ok
mech,completed_t,high-minus-low A3 within farmdep bottom,high-minus-low,farmdep bottom,any_rentin,Any rented-in land,rent-in,provyear,low-insecurity DID,-0.2935525619745505,0.0980171509376679,0.0027452567940338592,796,86,0.09048569527611444,ok
mech,completed_t,high-minus-low A3 within farmdep bottom,high-minus-low,farmdep bottom,any_rentin,Any rented-in land,rent-in,provyear,high-minus-low differential,-0.035097406083184124,0.044458781888399704,0.4298566549700309,796,86,0.09048569527611444,ok
mech,completed_t,high-minus-low A3 within farmdep bottom,high-minus-low,farmdep bottom,any_rentin,Any rented-in land,rent-in,provyear,high-insecurity DID,-0.3286499680577346,0.09717388530365503,0.000719388837020866,796,86,0.09048569527611444,ok
mech,completed_t,high-minus-low A3 within farmdep bottom,high-minus-low,farmdep bottom,asinh_rentin,asinh rented-in area,rent-in,stackyear,low-insecurity DID,-0.4145949638586475,0.19604101054793574,0.034443763351483976,806,87,0.13702663347396685,ok
mech,completed_t,high-minus-low A3 within farmdep bottom,high-minus-low,farmdep bottom,asinh_rentin,asinh rented-in area,rent-in,stackyear,high-minus-low differential,0.3684083023659603,0.24023912457934918,0.12515106200355625,806,87,0.13702663347396685,ok
mech,completed_t,high-minus-low A3 within farmdep bottom,high-minus-low,farmdep bottom,asinh_rentin,asinh rented-in area,rent-in,stackyear,high-insecurity DID,-0.04618666149268724,0.08514090004939982,0.5874925244618479,806,87,0.13702663347396685,ok
mech,completed_t,high-minus-low A3 within farmdep bottom,high-minus-low,farmdep bottom,asinh_rentin,asinh rented-in area,rent-in,provyear,low-insecurity DID,-0.4113952547876472,0.17551117987107923,0.019079031416961365,794,86,0.13702663347396685,ok
mech,completed_t,high-minus-low A3 within farmdep bottom,high-minus-low,farmdep bottom,asinh_rentin,asinh rented-in area,rent-in,provyear,high-minus-low differential,-0.011356206608093247,0.07546632303633995,0.8803855700037816,794,86,0.13702663347396685,ok
mech,completed_t,high-minus-low A3 within farmdep bottom,high-minus-low,farmdep bottom,asinh_rentin,asinh rented-in area,rent-in,provyear,high-insecurity DID,-0.42275146139574044,0.17573054123650797,0.016142394232787273,794,86,0.13702663347396685,ok
mech,completed_t,high-minus-low A3 within farmdep bottom,high-minus-low,farmdep bottom,rentin_and_farm_any,Rent-in and own-farm production,rent-in,stackyear,low-insecurity DID,-0.21013855907331755,0.11581932432379208,0.06962150970030351,808,87,0.07119095143047238,ok
mech,completed_t,high-minus-low A3 within farmdep bottom,high-minus-low,farmdep bottom,rentin_and_farm_any,Rent-in and own-farm production,rent-in,stackyear,high-minus-low differential,0.17415168187674535,0.13436037084288363,0.19492256268343644,808,87,0.07119095143047238,ok
mech,completed_t,high-minus-low A3 within farmdep bottom,high-minus-low,farmdep bottom,rentin_and_farm_any,Rent-in and own-farm production,rent-in,stackyear,high-insecurity DID,-0.0359868771965722,0.06241932880215954,0.5642541667421406,808,87,0.07119095143047238,ok
mech,completed_t,high-minus-low A3 within farmdep bottom,high-minus-low,farmdep bottom,rentin_and_farm_any,Rent-in and own-farm production,rent-in,provyear,low-insecurity DID,-0.29232120874475287,0.0958490136824679,0.0022898674922417284,796,86,0.07119095143047238,ok
mech,completed_t,high-minus-low A3 within farmdep bottom,high-minus-low,farmdep bottom,rentin_and_farm_any,Rent-in and own-farm production,rent-in,provyear,high-minus-low differential,-0.01656592280607628,0.0454399935940746,0.7154346411273885,796,86,0.07119095143047238,ok
mech,completed_t,high-minus-low A3 within farmdep bottom,high-minus-low,farmdep bottom,rentin_and_farm_any,Rent-in and own-farm production,rent-in,provyear,high-insecurity DID,-0.30888713155082914,0.0933354115539506,0.0009348570825874812,796,86,0.07119095143047238,ok
mech,completed_t,high-minus-low A3 within farmdep bottom,high-minus-low,farmdep bottom,ib_nonfarm_curr_n,Current nonfarm workers,nonfarm,stackyear,low-insecurity DID,0.12041756786393802,0.14472384322758153,0.4053803555737139,834,89,1.0052117263843647,ok
mech,completed_t,high-minus-low A3 within farmdep bottom,high-minus-low,farmdep bottom,ib_nonfarm_curr_n,Current nonfarm workers,nonfarm,stackyear,high-minus-low differential,0.56619810603868,0.18944225594548025,0.002801088251291704,834,89,1.0052117263843647,ok
mech,completed_t,high-minus-low A3 within farmdep bottom,high-minus-low,farmdep bottom,ib_nonfarm_curr_n,Current nonfarm workers,nonfarm,stackyear,high-insecurity DID,0.686615673902618,0.11827152975199465,6.420560162185596e-09,834,89,1.0052117263843647,ok
mech,completed_t,high-minus-low A3 within farmdep bottom,high-minus-low,farmdep bottom,ib_nonfarm_curr_n,Current nonfarm workers,nonfarm,provyear,low-insecurity DID,0.251451633045579,0.12839083817732191,0.050173036013949186,824,89,1.0052117263843647,ok
mech,completed_t,high-minus-low A3 within farmdep bottom,high-minus-low,farmdep bottom,ib_nonfarm_curr_n,Current nonfarm workers,nonfarm,provyear,high-minus-low differential,1.524910007764917,0.10533440117292903,1.6970514120621234e-47,824,89,1.0052117263843647,ok
mech,completed_t,high-minus-low A3 within farmdep bottom,high-minus-low,farmdep bottom,ib_nonfarm_curr_n,Current nonfarm workers,nonfarm,provyear,high-insecurity DID,1.7763616408104959,0.1541146461388272,9.730670492605583e-31,824,89,1.0052117263843647,ok
mech,completed_t,high-minus-low A3 within farmdep bottom,high-minus-low,farmdep bottom,ib_nonfarm_curr_ge2,At least two current nonfarm workers,nonfarm,stackyear,low-insecurity DID,0.029120288085751792,0.06547499194253319,0.6564972808311864,834,89,0.27231270358306187,ok
mech,completed_t,high-minus-low A3 within farmdep bottom,high-minus-low,farmdep bottom,ib_nonfarm_curr_ge2,At least two current nonfarm workers,nonfarm,stackyear,high-minus-low differential,0.08504337340995012,0.0911762495689739,0.35095627510946104,834,89,0.27231270358306187,ok
mech,completed_t,high-minus-low A3 within farmdep bottom,high-minus-low,farmdep bottom,ib_nonfarm_curr_ge2,At least two current nonfarm workers,nonfarm,stackyear,high-insecurity DID,0.11416366149570191,0.05649948288036823,0.04331971031824291,834,89,0.27231270358306187,ok
mech,completed_t,high-minus-low A3 within farmdep bottom,high-minus-low,farmdep bottom,ib_nonfarm_curr_ge2,At least two current nonfarm workers,nonfarm,provyear,low-insecurity DID,0.07447373358896617,0.06520778153796217,0.25341292524209413,824,89,0.27231270358306187,ok
mech,completed_t,high-minus-low A3 within farmdep bottom,high-minus-low,farmdep bottom,ib_nonfarm_curr_ge2,At least two current nonfarm workers,nonfarm,provyear,high-minus-low differential,0.08554535967464244,0.04921152267024958,0.08215449578010287,824,89,0.27231270358306187,ok
mech,completed_t,high-minus-low A3 within farmdep bottom,high-minus-low,farmdep bottom,ib_nonfarm_curr_ge2,At least two current nonfarm workers,nonfarm,provyear,high-insecurity DID,0.1600190932636086,0.07561711921663186,0.03432988614576625,824,89,0.27231270358306187,ok
mech,completed_t,high-minus-low A3 within farmdep bottom,high-minus-low,farmdep bottom,nonfarm_ge2_no_rentin,>=2 nonfarm workers without rent-in,nonfarm,stackyear,low-insecurity DID,0.011734582289086633,0.05872015100134603,0.8416064185390024,808,87,0.25815036593479707,ok
mech,completed_t,high-minus-low A3 within farmdep bottom,high-minus-low,farmdep bottom,nonfarm_ge2_no_rentin,>=2 nonfarm workers without rent-in,nonfarm,stackyear,high-minus-low differential,0.12184766539286736,0.08456077689818188,0.1495994306562208,808,87,0.25815036593479707,ok
mech,completed_t,high-minus-low A3 within farmdep bottom,high-minus-low,farmdep bottom,nonfarm_ge2_no_rentin,>=2 nonfarm workers without rent-in,nonfarm,stackyear,high-insecurity DID,0.13358224768195398,0.06093926591750358,0.02837550573313136,808,87,0.25815036593479707,ok
mech,completed_t,high-minus-low A3 within farmdep bottom,high-minus-low,farmdep bottom,nonfarm_ge2_no_rentin,>=2 nonfarm workers without rent-in,nonfarm,provyear,low-insecurity DID,0.05638330786350902,0.07411450284091203,0.44680076307616845,796,86,0.25815036593479707,ok
mech,completed_t,high-minus-low A3 within farmdep bottom,high-minus-low,farmdep bottom,nonfarm_ge2_no_rentin,>=2 nonfarm workers without rent-in,nonfarm,provyear,high-minus-low differential,0.1235870818329671,0.05256366581056029,0.018713555541991285,796,86,0.25815036593479707,ok
mech,completed_t,high-minus-low A3 within farmdep bottom,high-minus-low,farmdep bottom,nonfarm_ge2_no_rentin,>=2 nonfarm workers without rent-in,nonfarm,provyear,high-insecurity DID,0.1799703896964761,0.0791646992155056,0.023004092122963993,796,86,0.25815036593479707,ok
mech,completed_t,high-minus-low A3 within farmdep bottom,high-minus-low,farmdep bottom,rb_farm_any,Any own-farm production,farm-exit,stackyear,low-insecurity DID,-0.13695625414800733,0.09925377324753401,0.16762993262684445,826,88,0.5916230366492147,ok
mech,completed_t,high-minus-low A3 within farmdep bottom,high-minus-low,farmdep bottom,rb_farm_any,Any own-farm production,farm-exit,stackyear,high-minus-low differential,-0.1480989429383466,0.12300122678225861,0.2285724034177108,826,88,0.5916230366492147,ok
mech,completed_t,high-minus-low A3 within farmdep bottom,high-minus-low,farmdep bottom,rb_farm_any,Any own-farm production,farm-exit,stackyear,high-insecurity DID,-0.28505519708635396,0.0683221877414368,3.0164619078279794e-05,826,88,0.5916230366492147,ok
mech,completed_t,high-minus-low A3 within farmdep bottom,high-minus-low,farmdep bottom,rb_farm_any,Any own-farm production,farm-exit,provyear,low-insecurity DID,0.009753189350437445,0.14781889404765194,0.9473932167295261,816,88,0.5916230366492147,ok
mech,completed_t,high-minus-low A3 within farmdep bottom,high-minus-low,farmdep bottom,rb_farm_any,Any own-farm production,farm-exit,provyear,high-minus-low differential,-0.39879889237147376,0.07910454174018837,4.6209999621928685e-07,816,88,0.5916230366492147,ok
mech,completed_t,high-minus-low A3 within farmdep bottom,high-minus-low,farmdep bottom,rb_farm_any,Any own-farm production,farm-exit,provyear,high-insecurity DID,-0.3890457030210363,0.16592476190543873,0.019041805552860135,816,88,0.5916230366492147,ok
mech,completed_t,high-minus-low A3 within farmdep bottom,high-minus-low,farmdep bottom,asinh_rb_inc_farm_w99,asinh farm income,farm-exit,stackyear,low-insecurity DID,-2.63333467450763,0.851441062872005,0.0019827947399730546,826,89,2.3369805655684512,ok
mech,completed_t,high-minus-low A3 within farmdep bottom,high-minus-low,farmdep bottom,asinh_rb_inc_farm_w99,asinh farm income,farm-exit,stackyear,high-minus-low differential,-0.40332946034024253,1.0756329677177012,0.7076832161477455,826,89,2.3369805655684512,ok
mech,completed_t,high-minus-low A3 within farmdep bottom,high-minus-low,farmdep bottom,asinh_rb_inc_farm_w99,asinh farm income,farm-exit,stackyear,high-insecurity DID,-3.0366641348478725,0.6247071185740709,1.1682936612864963e-06,826,89,2.3369805655684512,ok
mech,completed_t,high-minus-low A3 within farmdep bottom,high-minus-low,farmdep bottom,asinh_rb_inc_farm_w99,asinh farm income,farm-exit,provyear,low-insecurity DID,-1.4806117403694086,0.8779726432094599,0.0917190719632627,816,89,2.3369805655684512,ok
mech,completed_t,high-minus-low A3 within farmdep bottom,high-minus-low,farmdep bottom,asinh_rb_inc_farm_w99,asinh farm income,farm-exit,provyear,high-minus-low differential,-3.7972561470686106,0.6005135089027455,2.559552779445224e-10,816,89,2.3369805655684512,ok
mech,completed_t,high-minus-low A3 within farmdep bottom,high-minus-low,farmdep bottom,asinh_rb_inc_farm_w99,asinh farm income,farm-exit,provyear,high-insecurity DID,-5.277867887438019,0.9703673604353753,5.356811885389566e-08,816,89,2.3369805655684512,ok
mech,completed_t,high-minus-low A3 within farmdep top,high-minus-low,farmdep top,any_rentin,Any rented-in land,rent-in,stackyear,low-insecurity DID,-0.010725353354962672,0.06788490421252498,0.8744621557928334,1034,97,0.1813349084465446,ok
mech,completed_t,high-minus-low A3 within farmdep top,high-minus-low,farmdep top,any_rentin,Any rented-in land,rent-in,stackyear,high-minus-low differential,0.1855352999611389,0.09290577392295685,0.04582229564665773,1034,97,0.1813349084465446,ok
mech,completed_t,high-minus-low A3 within farmdep top,high-minus-low,farmdep top,any_rentin,Any rented-in land,rent-in,stackyear,high-insecurity DID,0.17480994660617624,0.0650100733511334,0.007167348872692,1034,97,0.1813349084465446,ok
mech,completed_t,high-minus-low A3 within farmdep top,high-minus-low,farmdep top,any_rentin,Any rented-in land,rent-in,provyear,low-insecurity DID,-0.5322807533645102,0.041424160152310006,8.654074634325082e-38,1024,95,0.1813349084465446,ok
mech,completed_t,high-minus-low A3 within farmdep top,high-minus-low,farmdep top,any_rentin,Any rented-in land,rent-in,provyear,high-minus-low differential,0.19397742039547936,0.10105012303407779,0.05490643727070186,1024,95,0.1813349084465446,ok
mech,completed_t,high-minus-low A3 within farmdep top,high-minus-low,farmdep top,any_rentin,Any rented-in land,rent-in,provyear,high-insecurity DID,-0.3383033329690308,0.10582583473453747,0.001389644063426162,1024,95,0.1813349084465446,ok
mech,completed_t,high-minus-low A3 within farmdep top,high-minus-low,farmdep top,asinh_rentin,asinh rented-in area,rent-in,stackyear,low-insecurity DID,-0.08098999851278839,0.12492819484622811,0.5167958525360701,1034,97,0.40349598344453985,ok
mech,completed_t,high-minus-low A3 within farmdep top,high-minus-low,farmdep top,asinh_rentin,asinh rented-in area,rent-in,stackyear,high-minus-low differential,0.4598133074528822,0.19267898324106725,0.017013229676985653,1034,97,0.40349598344453985,ok
mech,completed_t,high-minus-low A3 within farmdep top,high-minus-low,farmdep top,asinh_rentin,asinh rented-in area,rent-in,stackyear,high-insecurity DID,0.3788233089400938,0.14928088557369437,0.011159810145683747,1034,97,0.40349598344453985,ok
mech,completed_t,high-minus-low A3 within farmdep top,high-minus-low,farmdep top,asinh_rentin,asinh rented-in area,rent-in,provyear,low-insecurity DID,-1.1028499099791471,0.12552934774263025,1.5554013619461831e-18,1024,95,0.40349598344453985,ok
mech,completed_t,high-minus-low A3 within farmdep top,high-minus-low,farmdep top,asinh_rentin,asinh rented-in area,rent-in,provyear,high-minus-low differential,0.45308868357776055,0.20681251768919798,0.028464931492081885,1024,95,0.40349598344453985,ok
mech,completed_t,high-minus-low A3 within farmdep top,high-minus-low,farmdep top,asinh_rentin,asinh rented-in area,rent-in,provyear,high-insecurity DID,-0.6497612264013866,0.22817545985546514,0.004404492303568605,1024,95,0.40349598344453985,ok
mech,completed_t,high-minus-low A3 within farmdep top,high-minus-low,farmdep top,rentin_and_farm_any,Rent-in and own-farm production,rent-in,stackyear,low-insecurity DID,-0.01454171084156866,0.0676579346518139,0.8298219991407818,1034,97,0.16666666666666666,ok
mech,completed_t,high-minus-low A3 within farmdep top,high-minus-low,farmdep top,rentin_and_farm_any,Rent-in and own-farm production,rent-in,stackyear,high-minus-low differential,0.19963168059863934,0.09229482201316888,0.030542862524376366,1034,97,0.16666666666666666,ok
mech,completed_t,high-minus-low A3 within farmdep top,high-minus-low,farmdep top,rentin_and_farm_any,Rent-in and own-farm production,rent-in,stackyear,high-insecurity DID,0.18508996975707068,0.06408196702446141,0.003872913570330402,1034,97,0.16666666666666666,ok
mech,completed_t,high-minus-low A3 within farmdep top,high-minus-low,farmdep top,rentin_and_farm_any,Rent-in and own-farm production,rent-in,provyear,low-insecurity DID,-0.5337903037691486,0.04165172822366361,1.3416282915789636e-37,1024,95,0.16666666666666666,ok
mech,completed_t,high-minus-low A3 within farmdep top,high-minus-low,farmdep top,rentin_and_farm_any,Rent-in and own-farm production,rent-in,provyear,high-minus-low differential,0.19893737172500467,0.10053097025324538,0.047831036096017174,1024,95,0.16666666666666666,ok
mech,completed_t,high-minus-low A3 within farmdep top,high-minus-low,farmdep top,rentin_and_farm_any,Rent-in and own-farm production,rent-in,provyear,high-insecurity DID,-0.3348529320441439,0.10596600298836654,0.0015776728596413197,1024,95,0.16666666666666666,ok
mech,completed_t,high-minus-low A3 within farmdep top,high-minus-low,farmdep top,ib_nonfarm_curr_n,Current nonfarm workers,nonfarm,stackyear,low-insecurity DID,-0.21253707806826752,0.07693843539651302,0.005737278061949687,1098,99,0.23934053439454236,ok
mech,completed_t,high-minus-low A3 within farmdep top,high-minus-low,farmdep top,ib_nonfarm_curr_n,Current nonfarm workers,nonfarm,stackyear,high-minus-low differential,0.3532574834622053,0.30108627476782707,0.2406848992829378,1098,99,0.23934053439454236,ok
mech,completed_t,high-minus-low A3 within farmdep top,high-minus-low,farmdep top,ib_nonfarm_curr_n,Current nonfarm workers,nonfarm,stackyear,high-insecurity DID,0.1407204053939378,0.2915742245369969,0.6293634977128877,1098,99,0.23934053439454236,ok
mech,completed_t,high-minus-low A3 within farmdep top,high-minus-low,farmdep top,ib_nonfarm_curr_n,Current nonfarm workers,nonfarm,provyear,low-insecurity DID,-0.06610748903677291,0.07197140705090667,0.3583444230225812,1090,98,0.23934053439454236,ok
mech,completed_t,high-minus-low A3 within farmdep top,high-minus-low,farmdep top,ib_nonfarm_curr_n,Current nonfarm workers,nonfarm,provyear,high-minus-low differential,0.44553264005163606,0.3046855604179033,0.14366715907875255,1090,98,0.23934053439454236,ok
mech,completed_t,high-minus-low A3 within farmdep top,high-minus-low,farmdep top,ib_nonfarm_curr_n,Current nonfarm workers,nonfarm,provyear,high-insecurity DID,0.3794251510148632,0.31455501637797534,0.2277294891509566,1090,98,0.23934053439454236,ok
mech,completed_t,high-minus-low A3 within farmdep top,high-minus-low,farmdep top,ib_nonfarm_curr_ge2,At least two current nonfarm workers,nonfarm,stackyear,low-insecurity DID,-0.05267152840261697,0.04300555365607845,0.2206652525207219,1098,99,0.04263786242183058,ok
mech,completed_t,high-minus-low A3 within farmdep top,high-minus-low,farmdep top,ib_nonfarm_curr_ge2,At least two current nonfarm workers,nonfarm,stackyear,high-minus-low differential,0.09437595104096683,0.06216135403039354,0.1289535143083731,1098,99,0.04263786242183058,ok
mech,completed_t,high-minus-low A3 within farmdep top,high-minus-low,farmdep top,ib_nonfarm_curr_ge2,At least two current nonfarm workers,nonfarm,stackyear,high-insecurity DID,0.04170442263834986,0.04518069979027992,0.3559767930632529,1098,99,0.04263786242183058,ok
mech,completed_t,high-minus-low A3 within farmdep top,high-minus-low,farmdep top,ib_nonfarm_curr_ge2,At least two current nonfarm workers,nonfarm,provyear,low-insecurity DID,-0.01237705153900364,0.03971060291037422,0.7552827562612423,1090,98,0.04263786242183058,ok
mech,completed_t,high-minus-low A3 within farmdep top,high-minus-low,farmdep top,ib_nonfarm_curr_ge2,At least two current nonfarm workers,nonfarm,provyear,high-minus-low differential,0.11477640824647672,0.07333361106845734,0.11755315447196116,1090,98,0.04263786242183058,ok
mech,completed_t,high-minus-low A3 within farmdep top,high-minus-low,farmdep top,ib_nonfarm_curr_ge2,At least two current nonfarm workers,nonfarm,provyear,high-insecurity DID,0.10239935670747308,0.08407014359940236,0.22321528598069207,1090,98,0.04263786242183058,ok
mech,completed_t,high-minus-low A3 within farmdep top,high-minus-low,farmdep top,nonfarm_ge2_no_rentin,>=2 nonfarm workers without rent-in,nonfarm,stackyear,low-insecurity DID,-0.009852250810782896,0.027195576226775205,0.7171472681962421,1034,97,0.03366804489072652,ok
mech,completed_t,high-minus-low A3 within farmdep top,high-minus-low,farmdep top,nonfarm_ge2_no_rentin,>=2 nonfarm workers without rent-in,nonfarm,stackyear,high-minus-low differential,0.005175593389134057,0.033797142780604514,0.8782902303811052,1034,97,0.03366804489072652,ok
mech,completed_t,high-minus-low A3 within farmdep top,high-minus-low,farmdep top,nonfarm_ge2_no_rentin,>=2 nonfarm workers without rent-in,nonfarm,stackyear,high-insecurity DID,-0.004676657421648839,0.021546679564155333,0.8281711651575981,1034,97,0.03366804489072652,ok
mech,completed_t,high-minus-low A3 within farmdep top,high-minus-low,farmdep top,nonfarm_ge2_no_rentin,>=2 nonfarm workers without rent-in,nonfarm,provyear,low-insecurity DID,-0.017411207394958356,0.051242481926827704,0.7340216683485229,1024,95,0.03366804489072652,ok
mech,completed_t,high-minus-low A3 within farmdep top,high-minus-low,farmdep top,nonfarm_ge2_no_rentin,>=2 nonfarm workers without rent-in,nonfarm,provyear,high-minus-low differential,0.016082711743607852,0.04680362776257517,0.7311312915961338,1024,95,0.03366804489072652,ok
mech,completed_t,high-minus-low A3 within farmdep top,high-minus-low,farmdep top,nonfarm_ge2_no_rentin,>=2 nonfarm workers without rent-in,nonfarm,provyear,high-insecurity DID,-0.0013284956513505038,0.06897997564506839,0.9846343719955258,1024,95,0.03366804489072652,ok
mech,completed_t,high-minus-low A3 within farmdep top,high-minus-low,farmdep top,rb_farm_any,Any own-farm production,farm-exit,stackyear,low-insecurity DID,0.0013936036020965234,0.04895550739799988,0.9772898965138447,1098,99,0.8889521640091116,ok
mech,completed_t,high-minus-low A3 within farmdep top,high-minus-low,farmdep top,rb_farm_any,Any own-farm production,farm-exit,stackyear,high-minus-low differential,-0.12423615721458031,0.10818928330768388,0.25083557248919186,1098,99,0.8889521640091116,ok
mech,completed_t,high-minus-low A3 within farmdep top,high-minus-low,farmdep top,rb_farm_any,Any own-farm production,farm-exit,stackyear,high-insecurity DID,-0.12284255361248379,0.10313732992563503,0.23363077185874426,1098,99,0.8889521640091116,ok
mech,completed_t,high-minus-low A3 within farmdep top,high-minus-low,farmdep top,rb_farm_any,Any own-farm production,farm-exit,provyear,low-insecurity DID,-0.09189591882192717,0.09227168848155937,0.31928533678364857,1090,98,0.8889521640091116,ok
mech,completed_t,high-minus-low A3 within farmdep top,high-minus-low,farmdep top,rb_farm_any,Any own-farm production,farm-exit,provyear,high-minus-low differential,-0.20373040238073106,0.1336536480400105,0.1274297768409372,1090,98,0.8889521640091116,ok
mech,completed_t,high-minus-low A3 within farmdep top,high-minus-low,farmdep top,rb_farm_any,Any own-farm production,farm-exit,provyear,high-insecurity DID,-0.29562632120265825,0.17181249186431288,0.08531735897526765,1090,98,0.8889521640091116,ok
mech,completed_t,high-minus-low A3 within farmdep top,high-minus-low,farmdep top,asinh_rb_inc_farm_w99,asinh farm income,farm-exit,stackyear,low-insecurity DID,-0.9821265298638032,0.8008745765181916,0.22007920830776706,1082,99,9.232014376075885,ok
mech,completed_t,high-minus-low A3 within farmdep top,high-minus-low,farmdep top,asinh_rb_inc_farm_w99,asinh farm income,farm-exit,stackyear,high-minus-low differential,1.2825275405434329,0.9840097004730483,0.19244888359104007,1082,99,9.232014376075885,ok
mech,completed_t,high-minus-low A3 within farmdep top,high-minus-low,farmdep top,asinh_rb_inc_farm_w99,asinh farm income,farm-exit,stackyear,high-insecurity DID,0.30040101067962965,0.5786631362637745,0.6036705509952063,1082,99,9.232014376075885,ok
mech,completed_t,high-minus-low A3 within farmdep top,high-minus-low,farmdep top,asinh_rb_inc_farm_w99,asinh farm income,farm-exit,provyear,low-insecurity DID,-5.406800700723128,1.6061063754317368,0.00076155467069218,1074,98,9.232014376075885,ok
mech,completed_t,high-minus-low A3 within farmdep top,high-minus-low,farmdep top,asinh_rb_inc_farm_w99,asinh farm income,farm-exit,provyear,high-minus-low differential,0.5964680180974105,1.0098990083832917,0.5547740884824357,1074,98,9.232014376075885,ok
mech,completed_t,high-minus-low A3 within farmdep top,high-minus-low,farmdep top,asinh_rb_inc_farm_w99,asinh farm income,farm-exit,provyear,high-insecurity DID,-4.810332682625718,1.8794017103788414,0.010482221320477094,1074,98,9.232014376075885,ok
mech,completed_t,high-minus-low A3 within farm-orientation bottom,high-minus-low,farm-orientation bottom,any_rentin,Any rented-in land,rent-in,stackyear,low-insecurity DID,-0.11436967365671306,0.10802366063824421,0.2897152401934383,840,91,0.08085381630012936,ok
mech,completed_t,high-minus-low A3 within farm-orientation bottom,high-minus-low,farm-orientation bottom,any_rentin,Any rented-in land,rent-in,stackyear,high-minus-low differential,0.08291378031944768,0.1238800993473499,0.5032998546124253,840,91,0.08085381630012936,ok
mech,completed_t,high-minus-low A3 within farm-orientation bottom,high-minus-low,farm-orientation bottom,any_rentin,Any rented-in land,rent-in,stackyear,high-insecurity DID,-0.03145589333726538,0.05330448307505695,0.5551120652008368,840,91,0.08085381630012936,ok
mech,completed_t,high-minus-low A3 within farm-orientation bottom,high-minus-low,farm-orientation bottom,any_rentin,Any rented-in land,rent-in,provyear,low-insecurity DID,-0.23017588560819596,0.09020280716397275,0.010718042178543679,832,90,0.08085381630012936,ok
mech,completed_t,high-minus-low A3 within farm-orientation bottom,high-minus-low,farm-orientation bottom,any_rentin,Any rented-in land,rent-in,provyear,high-minus-low differential,-0.05323006868687082,0.04669510191391014,0.25430724617059863,832,90,0.08085381630012936,ok
mech,completed_t,high-minus-low A3 within farm-orientation bottom,high-minus-low,farm-orientation bottom,any_rentin,Any rented-in land,rent-in,provyear,high-insecurity DID,-0.28340595429506676,0.09217551465186291,0.00210761149704613,832,90,0.08085381630012936,ok
mech,completed_t,high-minus-low A3 within farm-orientation bottom,high-minus-low,farm-orientation bottom,asinh_rentin,asinh rented-in area,rent-in,stackyear,low-insecurity DID,-0.21459661150945428,0.1869759952699199,0.2510830186783428,836,91,0.11072732612750964,ok
mech,completed_t,high-minus-low A3 within farm-orientation bottom,high-minus-low,farm-orientation bottom,asinh_rentin,asinh rented-in area,rent-in,stackyear,high-minus-low differential,0.20178111508813573,0.2279524509925739,0.3760544369005523,836,91,0.11072732612750964,ok
mech,completed_t,high-minus-low A3 within farm-orientation bottom,high-minus-low,farm-orientation bottom,asinh_rentin,asinh rented-in area,rent-in,stackyear,high-insecurity DID,-0.012815496421318545,0.07864491420548234,0.8705547225055112,836,91,0.11072732612750964,ok
mech,completed_t,high-minus-low A3 within farm-orientation bottom,high-minus-low,farm-orientation bottom,asinh_rentin,asinh rented-in area,rent-in,provyear,low-insecurity DID,-0.2520617705332476,0.16724240460877765,0.13176856557078956,828,90,0.11072732612750964,ok
mech,completed_t,high-minus-low A3 within farm-orientation bottom,high-minus-low,farm-orientation bottom,asinh_rentin,asinh rented-in area,rent-in,provyear,high-minus-low differential,-0.03191925161671391,0.07930602949304709,0.6873293119280474,828,90,0.11072732612750964,ok
mech,completed_t,high-minus-low A3 within farm-orientation bottom,high-minus-low,farm-orientation bottom,asinh_rentin,asinh rented-in area,rent-in,provyear,high-insecurity DID,-0.28398102214996146,0.17107066480477828,0.09691007970763663,828,90,0.11072732612750964,ok
mech,completed_t,high-minus-low A3 within farm-orientation bottom,high-minus-low,farm-orientation bottom,rentin_and_farm_any,Rent-in and own-farm production,rent-in,stackyear,low-insecurity DID,-0.11462494397947756,0.107089331279403,0.2844539046144712,838,91,0.0634304207119741,ok
mech,completed_t,high-minus-low A3 within farm-orientation bottom,high-minus-low,farm-orientation bottom,rentin_and_farm_any,Rent-in and own-farm production,rent-in,stackyear,high-minus-low differential,0.09430577601946338,0.12241373476018103,0.4410712047931127,838,91,0.0634304207119741,ok
mech,completed_t,high-minus-low A3 within farm-orientation bottom,high-minus-low,farm-orientation bottom,rentin_and_farm_any,Rent-in and own-farm production,rent-in,stackyear,high-insecurity DID,-0.02031916796001418,0.05431330814579927,0.7083222565222158,838,91,0.0634304207119741,ok
mech,completed_t,high-minus-low A3 within farm-orientation bottom,high-minus-low,farm-orientation bottom,rentin_and_farm_any,Rent-in and own-farm production,rent-in,provyear,low-insecurity DID,-0.22742094125849627,0.08793689627518837,0.009704527902175427,830,90,0.0634304207119741,ok
mech,completed_t,high-minus-low A3 within farm-orientation bottom,high-minus-low,farm-orientation bottom,rentin_and_farm_any,Rent-in and own-farm production,rent-in,provyear,high-minus-low differential,-0.04032849132565,0.047049047207688745,0.3913572872888751,830,90,0.0634304207119741,ok
mech,completed_t,high-minus-low A3 within farm-orientation bottom,high-minus-low,farm-orientation bottom,rentin_and_farm_any,Rent-in and own-farm production,rent-in,provyear,high-insecurity DID,-0.2677494325841463,0.08793863991591404,0.0023288912788211606,830,90,0.0634304207119741,ok
mech,completed_t,high-minus-low A3 within farm-orientation bottom,high-minus-low,farm-orientation bottom,ib_nonfarm_curr_n,Current nonfarm workers,nonfarm,stackyear,low-insecurity DID,0.08303036926951063,0.24690182836837582,0.736652943186016,870,92,1.168560606060606,ok
mech,completed_t,high-minus-low A3 within farm-orientation bottom,high-minus-low,farm-orientation bottom,ib_nonfarm_curr_n,Current nonfarm workers,nonfarm,stackyear,high-minus-low differential,0.5017954538340162,0.26776872694394727,0.060932041644677096,870,92,1.168560606060606,ok
mech,completed_t,high-minus-low A3 within farm-orientation bottom,high-minus-low,farm-orientation bottom,ib_nonfarm_curr_n,Current nonfarm workers,nonfarm,stackyear,high-insecurity DID,0.5848258231035268,0.11867586629382403,8.3107308807283e-07,870,92,1.168560606060606,ok
mech,completed_t,high-minus-low A3 within farm-orientation bottom,high-minus-low,farm-orientation bottom,ib_nonfarm_curr_n,Current nonfarm workers,nonfarm,provyear,low-insecurity DID,0.43361819261097234,0.14821001006307147,0.0034368094509957124,862,92,1.168560606060606,ok
mech,completed_t,high-minus-low A3 within farm-orientation bottom,high-minus-low,farm-orientation bottom,ib_nonfarm_curr_n,Current nonfarm workers,nonfarm,provyear,high-minus-low differential,1.4957739722976118,0.10315453500855423,1.2058292425138469e-47,862,92,1.168560606060606,ok
mech,completed_t,high-minus-low A3 within farm-orientation bottom,high-minus-low,farm-orientation bottom,ib_nonfarm_curr_n,Current nonfarm workers,nonfarm,provyear,high-insecurity DID,1.9293921649085841,0.15111104280332532,2.4729671769461714e-37,862,92,1.168560606060606,ok
mech,completed_t,high-minus-low A3 within farm-orientation bottom,high-minus-low,farm-orientation bottom,ib_nonfarm_curr_ge2,At least two current nonfarm workers,nonfarm,stackyear,low-insecurity DID,-0.015604361239309979,0.11681930914492467,0.8937371511637833,870,92,0.33775252525252525,ok
mech,completed_t,high-minus-low A3 within farm-orientation bottom,high-minus-low,farm-orientation bottom,ib_nonfarm_curr_ge2,At least two current nonfarm workers,nonfarm,stackyear,high-minus-low differential,0.08617580444552539,0.13061894294493986,0.5094144865700427,870,92,0.33775252525252525,ok
mech,completed_t,high-minus-low A3 within farm-orientation bottom,high-minus-low,farm-orientation bottom,ib_nonfarm_curr_ge2,At least two current nonfarm workers,nonfarm,stackyear,high-insecurity DID,0.07057144320621542,0.060831113690089735,0.24599960711232127,870,92,0.33775252525252525,ok
mech,completed_t,high-minus-low A3 within farm-orientation bottom,high-minus-low,farm-orientation bottom,ib_nonfarm_curr_ge2,At least two current nonfarm workers,nonfarm,provyear,low-insecurity DID,0.1450197448596263,0.07608552644123269,0.05664895836869798,862,92,0.33775252525252525,ok
mech,completed_t,high-minus-low A3 within farm-orientation bottom,high-minus-low,farm-orientation bottom,ib_nonfarm_curr_ge2,At least two current nonfarm workers,nonfarm,provyear,high-minus-low differential,0.06961823328284139,0.0557189925751893,0.211499624973696,862,92,0.33775252525252525,ok
mech,completed_t,high-minus-low A3 within farm-orientation bottom,high-minus-low,farm-orientation bottom,ib_nonfarm_curr_ge2,At least two current nonfarm workers,nonfarm,provyear,high-insecurity DID,0.21463797814246768,0.07378291730005958,0.0036253229199776126,862,92,0.33775252525252525,ok
mech,completed_t,high-minus-low A3 within farm-orientation bottom,high-minus-low,farm-orientation bottom,nonfarm_ge2_no_rentin,>=2 nonfarm workers without rent-in,nonfarm,stackyear,low-insecurity DID,0.03350996207978132,0.07868946045578654,0.6702166380138663,840,91,0.3163001293661061,ok
mech,completed_t,high-minus-low A3 within farm-orientation bottom,high-minus-low,farm-orientation bottom,nonfarm_ge2_no_rentin,>=2 nonfarm workers without rent-in,nonfarm,stackyear,high-minus-low differential,0.06534785689999142,0.10055465987644216,0.515773627679365,840,91,0.3163001293661061,ok
mech,completed_t,high-minus-low A3 within farm-orientation bottom,high-minus-low,farm-orientation bottom,nonfarm_ge2_no_rentin,>=2 nonfarm workers without rent-in,nonfarm,stackyear,high-insecurity DID,0.09885781897977275,0.06425407395164298,0.12391528236877204,840,91,0.3163001293661061,ok
mech,completed_t,high-minus-low A3 within farm-orientation bottom,high-minus-low,farm-orientation bottom,nonfarm_ge2_no_rentin,>=2 nonfarm workers without rent-in,nonfarm,provyear,low-insecurity DID,0.13393180929918197,0.07530387077641655,0.07531332814026523,832,90,0.3163001293661061,ok
mech,completed_t,high-minus-low A3 within farm-orientation bottom,high-minus-low,farm-orientation bottom,nonfarm_ge2_no_rentin,>=2 nonfarm workers without rent-in,nonfarm,provyear,high-minus-low differential,0.11401637517913098,0.06286883403459721,0.06974556071181386,832,90,0.3163001293661061,ok
mech,completed_t,high-minus-low A3 within farm-orientation bottom,high-minus-low,farm-orientation bottom,nonfarm_ge2_no_rentin,>=2 nonfarm workers without rent-in,nonfarm,provyear,high-insecurity DID,0.24794818447831296,0.07286759606300411,0.000667180873340766,832,90,0.3163001293661061,ok
mech,completed_t,high-minus-low A3 within farm-orientation bottom,high-minus-low,farm-orientation bottom,rb_farm_any,Any own-farm production,farm-exit,stackyear,low-insecurity DID,-0.14081514843316695,0.07703406040689345,0.06755561865854533,858,91,0.5892063492063492,ok
mech,completed_t,high-minus-low A3 within farm-orientation bottom,high-minus-low,farm-orientation bottom,rb_farm_any,Any own-farm production,farm-exit,stackyear,high-minus-low differential,-0.1369755072221061,0.11034065055316884,0.2144626249376811,858,91,0.5892063492063492,ok
mech,completed_t,high-minus-low A3 within farm-orientation bottom,high-minus-low,farm-orientation bottom,rb_farm_any,Any own-farm production,farm-exit,stackyear,high-insecurity DID,-0.27779065565527306,0.06835202046063674,4.8214494630197914e-05,858,91,0.5892063492063492,ok
mech,completed_t,high-minus-low A3 within farm-orientation bottom,high-minus-low,farm-orientation bottom,rb_farm_any,Any own-farm production,farm-exit,provyear,low-insecurity DID,-0.06539479400288593,0.13008874119582794,0.6151796215479226,850,91,0.5892063492063492,ok
mech,completed_t,high-minus-low A3 within farm-orientation bottom,high-minus-low,farm-orientation bottom,rb_farm_any,Any own-farm production,farm-exit,provyear,high-minus-low differential,-0.3615667112652312,0.080475239336523,7.026179774438759e-06,850,91,0.5892063492063492,ok
mech,completed_t,high-minus-low A3 within farm-orientation bottom,high-minus-low,farm-orientation bottom,rb_farm_any,Any own-farm production,farm-exit,provyear,high-insecurity DID,-0.42696150526811716,0.1474632649865342,0.0037870537843838975,850,91,0.5892063492063492,ok
mech,completed_t,high-minus-low A3 within farm-orientation bottom,high-minus-low,farm-orientation bottom,asinh_rb_inc_farm_w99,asinh farm income,farm-exit,stackyear,low-insecurity DID,-2.986819227472803,0.7705379918829082,0.00010606662864784123,852,92,2.538863756004436,ok
mech,completed_t,high-minus-low A3 within farm-orientation bottom,high-minus-low,farm-orientation bottom,asinh_rb_inc_farm_w99,asinh farm income,farm-exit,stackyear,high-minus-low differential,0.22403876410221812,1.006556953302502,0.823862931495873,852,92,2.538863756004436,ok
mech,completed_t,high-minus-low A3 within farm-orientation bottom,high-minus-low,farm-orientation bottom,asinh_rb_inc_farm_w99,asinh farm income,farm-exit,stackyear,high-insecurity DID,-2.762780463370585,0.6078988696706048,5.498671816002686e-06,852,92,2.538863756004436,ok
mech,completed_t,high-minus-low A3 within farm-orientation bottom,high-minus-low,farm-orientation bottom,asinh_rb_inc_farm_w99,asinh farm income,farm-exit,provyear,low-insecurity DID,-1.3742942532060791,0.921720241532344,0.13595882507501214,844,92,2.538863756004436,ok
mech,completed_t,high-minus-low A3 within farm-orientation bottom,high-minus-low,farm-orientation bottom,asinh_rb_inc_farm_w99,asinh farm income,farm-exit,provyear,high-minus-low differential,-3.180243685802572,0.5741292287518032,3.037747131385386e-08,844,92,2.538863756004436,ok
mech,completed_t,high-minus-low A3 within farm-orientation bottom,high-minus-low,farm-orientation bottom,asinh_rb_inc_farm_w99,asinh farm income,farm-exit,provyear,high-insecurity DID,-4.554537939008651,1.0108351443885892,6.614893926667187e-06,844,92,2.538863756004436,ok
mech,completed_t,high-minus-low A3 within farm-orientation top,high-minus-low,farm-orientation top,any_rentin,Any rented-in land,rent-in,stackyear,low-insecurity DID,0.005331137738576342,0.06811309874201647,0.9376141507974068,1008,98,0.18923821039903266,ok
mech,completed_t,high-minus-low A3 within farm-orientation top,high-minus-low,farm-orientation top,any_rentin,Any rented-in land,rent-in,stackyear,high-minus-low differential,0.23323249213475494,0.09138373736399212,0.010703524204966928,1008,98,0.18923821039903266,ok
mech,completed_t,high-minus-low A3 within farm-orientation top,high-minus-low,farm-orientation top,any_rentin,Any rented-in land,rent-in,stackyear,high-insecurity DID,0.2385636298733313,0.06208023014886648,0.00012162484229043096,1008,98,0.18923821039903266,ok
mech,completed_t,high-minus-low A3 within farm-orientation top,high-minus-low,farm-orientation top,any_rentin,Any rented-in land,rent-in,provyear,low-insecurity DID,-0.35388936329232995,0.19918102258504597,0.07561394243451898,1002,97,0.18923821039903266,ok
mech,completed_t,high-minus-low A3 within farm-orientation top,high-minus-low,farm-orientation top,any_rentin,Any rented-in land,rent-in,provyear,high-minus-low differential,0.20834686965183336,0.09543756691103852,0.029030670526654027,1002,97,0.18923821039903266,ok
mech,completed_t,high-minus-low A3 within farm-orientation top,high-minus-low,farm-orientation top,any_rentin,Any rented-in land,rent-in,provyear,high-insecurity DID,-0.1455424936404966,0.2204269837924272,0.5090771754874753,1002,97,0.18923821039903266,ok
mech,completed_t,high-minus-low A3 within farm-orientation top,high-minus-low,farm-orientation top,asinh_rentin,asinh rented-in area,rent-in,stackyear,low-insecurity DID,-0.07416517199535927,0.13387655015330518,0.5795913026295942,1006,98,0.4410907328064419,ok
mech,completed_t,high-minus-low A3 within farm-orientation top,high-minus-low,farm-orientation top,asinh_rentin,asinh rented-in area,rent-in,stackyear,high-minus-low differential,0.5519542778937174,0.19018327176961813,0.0037052460180974447,1006,98,0.4410907328064419,ok
mech,completed_t,high-minus-low A3 within farm-orientation top,high-minus-low,farm-orientation top,asinh_rentin,asinh rented-in area,rent-in,stackyear,high-insecurity DID,0.47778910589835816,0.13799580451579363,0.0005354899360686449,1006,98,0.4410907328064419,ok
mech,completed_t,high-minus-low A3 within farm-orientation top,high-minus-low,farm-orientation top,asinh_rentin,asinh rented-in area,rent-in,provyear,low-insecurity DID,-0.6880124547936217,0.4527702260073083,0.1286210808321727,1000,97,0.4410907328064419,ok
mech,completed_t,high-minus-low A3 within farm-orientation top,high-minus-low,farm-orientation top,asinh_rentin,asinh rented-in area,rent-in,provyear,high-minus-low differential,0.466934082936049,0.19781042336842378,0.018249676920772864,1000,97,0.4410907328064419,ok
mech,completed_t,high-minus-low A3 within farm-orientation top,high-minus-low,farm-orientation top,asinh_rentin,asinh rented-in area,rent-in,provyear,high-insecurity DID,-0.22107837185757273,0.49070033174956834,0.6523236979138675,1000,97,0.4410907328064419,ok
mech,completed_t,high-minus-low A3 within farm-orientation top,high-minus-low,farm-orientation top,rentin_and_farm_any,Rent-in and own-farm production,rent-in,stackyear,low-insecurity DID,0.0021978354944827937,0.06772918193005055,0.9741129120503693,1008,98,0.17422867513611615,ok
mech,completed_t,high-minus-low A3 within farm-orientation top,high-minus-low,farm-orientation top,rentin_and_farm_any,Rent-in and own-farm production,rent-in,stackyear,high-minus-low differential,0.17778489648895407,0.08424822890141252,0.03483675483394887,1008,98,0.17422867513611615,ok
mech,completed_t,high-minus-low A3 within farm-orientation top,high-minus-low,farm-orientation top,rentin_and_farm_any,Rent-in and own-farm production,rent-in,stackyear,high-insecurity DID,0.17998273198343687,0.05149267035937968,0.0004735153611064427,1008,98,0.17422867513611615,ok
mech,completed_t,high-minus-low A3 within farm-orientation top,high-minus-low,farm-orientation top,rentin_and_farm_any,Rent-in and own-farm production,rent-in,provyear,low-insecurity DID,-0.36842479111532767,0.18865827932633614,0.05083519157601288,1002,97,0.17422867513611615,ok
mech,completed_t,high-minus-low A3 within farm-orientation top,high-minus-low,farm-orientation top,rentin_and_farm_any,Rent-in and own-farm production,rent-in,provyear,high-minus-low differential,0.1601598481186438,0.09018835205544824,0.07575972226082138,1002,97,0.17422867513611615,ok
mech,completed_t,high-minus-low A3 within farm-orientation top,high-minus-low,farm-orientation top,rentin_and_farm_any,Rent-in and own-farm production,rent-in,provyear,high-insecurity DID,-0.20826494299668386,0.2091764171075612,0.3194238490277972,1002,97,0.17422867513611615,ok
mech,completed_t,high-minus-low A3 within farm-orientation top,high-minus-low,farm-orientation top,ib_nonfarm_curr_n,Current nonfarm workers,nonfarm,stackyear,low-insecurity DID,0.004356535300285288,0.10587030769848277,0.9671765238972945,1076,100,0.147588611272516,ok
mech,completed_t,high-minus-low A3 within farm-orientation top,high-minus-low,farm-orientation top,ib_nonfarm_curr_n,Current nonfarm workers,nonfarm,stackyear,high-minus-low differential,0.19268464048669404,0.2251617593255719,0.39213002049847145,1076,100,0.147588611272516,ok
mech,completed_t,high-minus-low A3 within farm-orientation top,high-minus-low,farm-orientation top,ib_nonfarm_curr_n,Current nonfarm workers,nonfarm,stackyear,high-insecurity DID,0.19704117578697933,0.19875073406638016,0.3214910418451694,1076,100,0.147588611272516,ok
mech,completed_t,high-minus-low A3 within farm-orientation top,high-minus-low,farm-orientation top,ib_nonfarm_curr_n,Current nonfarm workers,nonfarm,provyear,low-insecurity DID,-0.12028969259810751,0.06815714813604552,0.0775826901634916,1068,98,0.147588611272516,ok
mech,completed_t,high-minus-low A3 within farm-orientation top,high-minus-low,farm-orientation top,ib_nonfarm_curr_n,Current nonfarm workers,nonfarm,provyear,high-minus-low differential,0.16504545224853842,0.2418814482211621,0.4950238160878304,1068,98,0.147588611272516,ok
mech,completed_t,high-minus-low A3 within farm-orientation top,high-minus-low,farm-orientation top,ib_nonfarm_curr_n,Current nonfarm workers,nonfarm,provyear,high-insecurity DID,0.04475575965043091,0.2481223466102409,0.8568559921378388,1068,98,0.147588611272516,ok
mech,completed_t,high-minus-low A3 within farm-orientation top,high-minus-low,farm-orientation top,ib_nonfarm_curr_ge2,At least two current nonfarm workers,nonfarm,stackyear,low-insecurity DID,0.009356535655328974,0.02445999917983333,0.7020727630350356,1076,100,0.016269610691458453,ok
mech,completed_t,high-minus-low A3 within farm-orientation top,high-minus-low,farm-orientation top,ib_nonfarm_curr_ge2,At least two current nonfarm workers,nonfarm,stackyear,high-minus-low differential,0.0666859600072421,0.04201277857878908,0.11244969105672936,1076,100,0.016269610691458453,ok
mech,completed_t,high-minus-low A3 within farm-orientation top,high-minus-low,farm-orientation top,ib_nonfarm_curr_ge2,At least two current nonfarm workers,nonfarm,stackyear,high-insecurity DID,0.07604249566257107,0.03391620332789984,0.024956860611943497,1076,100,0.016269610691458453,ok
mech,completed_t,high-minus-low A3 within farm-orientation top,high-minus-low,farm-orientation top,ib_nonfarm_curr_ge2,At least two current nonfarm workers,nonfarm,provyear,low-insecurity DID,-0.03290065490850854,0.027044326981955625,0.22377718069297559,1068,98,0.016269610691458453,ok
mech,completed_t,high-minus-low A3 within farm-orientation top,high-minus-low,farm-orientation top,ib_nonfarm_curr_ge2,At least two current nonfarm workers,nonfarm,provyear,high-minus-low differential,0.032968373056373526,0.05027917175858065,0.5120130713372348,1068,98,0.016269610691458453,ok
mech,completed_t,high-minus-low A3 within farm-orientation top,high-minus-low,farm-orientation top,ib_nonfarm_curr_ge2,At least two current nonfarm workers,nonfarm,provyear,high-insecurity DID,6.771814786498548e-05,0.05501600873350344,0.9990178994756623,1068,98,0.016269610691458453,ok
mech,completed_t,high-minus-low A3 within farm-orientation top,high-minus-low,farm-orientation top,nonfarm_ge2_no_rentin,>=2 nonfarm workers without rent-in,nonfarm,stackyear,low-insecurity DID,0.015154551337699839,0.027780427374748198,0.5854015573084943,1008,98,0.010882708585247884,ok
mech,completed_t,high-minus-low A3 within farm-orientation top,high-minus-low,farm-orientation top,nonfarm_ge2_no_rentin,>=2 nonfarm workers without rent-in,nonfarm,stackyear,high-minus-low differential,-0.030967450298320476,0.03013874778697135,0.30418685083614316,1008,98,0.010882708585247884,ok
mech,completed_t,high-minus-low A3 within farm-orientation top,high-minus-low,farm-orientation top,nonfarm_ge2_no_rentin,>=2 nonfarm workers without rent-in,nonfarm,stackyear,high-insecurity DID,-0.015812898960620637,0.010915822083874573,0.1474432009865165,1008,98,0.010882708585247884,ok
mech,completed_t,high-minus-low A3 within farm-orientation top,high-minus-low,farm-orientation top,nonfarm_ge2_no_rentin,>=2 nonfarm workers without rent-in,nonfarm,provyear,low-insecurity DID,-0.0357765847660387,0.0264493082736341,0.17616834183163443,1002,97,0.010882708585247884,ok
mech,completed_t,high-minus-low A3 within farm-orientation top,high-minus-low,farm-orientation top,nonfarm_ge2_no_rentin,>=2 nonfarm workers without rent-in,nonfarm,provyear,high-minus-low differential,-0.06086185381895334,0.04158932420088409,0.14335771681789128,1002,97,0.010882708585247884,ok
mech,completed_t,high-minus-low A3 within farm-orientation top,high-minus-low,farm-orientation top,nonfarm_ge2_no_rentin,>=2 nonfarm workers without rent-in,nonfarm,provyear,high-insecurity DID,-0.09663843858499205,0.04656192843047748,0.03794189685098601,1002,97,0.010882708585247884,ok
mech,completed_t,high-minus-low A3 within farm-orientation top,high-minus-low,farm-orientation top,rb_farm_any,Any own-farm production,farm-exit,stackyear,low-insecurity DID,-0.008309060147820057,0.04633672677924363,0.8576871502079852,1074,100,0.8980780430984275,ok
mech,completed_t,high-minus-low A3 within farm-orientation top,high-minus-low,farm-orientation top,rb_farm_any,Any own-farm production,farm-exit,stackyear,high-minus-low differential,-0.10812229440495863,0.14402126319325387,0.4528101010105262,1074,100,0.8980780430984275,ok
mech,completed_t,high-minus-low A3 within farm-orientation top,high-minus-low,farm-orientation top,rb_farm_any,Any own-farm production,farm-exit,stackyear,high-insecurity DID,-0.11643135455277868,0.13964588273080064,0.40441541908875855,1074,100,0.8980780430984275,ok
mech,completed_t,high-minus-low A3 within farm-orientation top,high-minus-low,farm-orientation top,rb_farm_any,Any own-farm production,farm-exit,provyear,low-insecurity DID,-0.08505250413776475,0.10043942754440427,0.39710440532890245,1066,98,0.8980780430984275,ok
mech,completed_t,high-minus-low A3 within farm-orientation top,high-minus-low,farm-orientation top,rb_farm_any,Any own-farm production,farm-exit,provyear,high-minus-low differential,-0.20386683543009293,0.15136579111630616,0.1780289313876562,1066,98,0.8980780430984275,ok
mech,completed_t,high-minus-low A3 within farm-orientation top,high-minus-low,farm-orientation top,rb_farm_any,Any own-farm production,farm-exit,provyear,high-insecurity DID,-0.28891933956785765,0.19124499142786414,0.1308575307044704,1066,98,0.8980780430984275,ok
mech,completed_t,high-minus-low A3 within farm-orientation top,high-minus-low,farm-orientation top,asinh_rb_inc_farm_w99,asinh farm income,farm-exit,stackyear,low-insecurity DID,-1.2625993227998265,0.9647581884856108,0.19062886797348744,1050,100,9.35565417579358,ok
mech,completed_t,high-minus-low A3 within farm-orientation top,high-minus-low,farm-orientation top,asinh_rb_inc_farm_w99,asinh farm income,farm-exit,stackyear,high-minus-low differential,1.212331903971221,1.0509696593033047,0.2486902287873568,1050,100,9.35565417579358,ok
mech,completed_t,high-minus-low A3 within farm-orientation top,high-minus-low,farm-orientation top,asinh_rb_inc_farm_w99,asinh farm income,farm-exit,stackyear,high-insecurity DID,-0.050267418828605415,0.4234786045159778,0.9055120852507391,1050,100,9.35565417579358,ok
mech,completed_t,high-minus-low A3 within farm-orientation top,high-minus-low,farm-orientation top,asinh_rb_inc_farm_w99,asinh farm income,farm-exit,provyear,low-insecurity DID,-3.6550261933120356,3.0891461898249335,0.2367365087051574,1042,98,9.35565417579358,ok
mech,completed_t,high-minus-low A3 within farm-orientation top,high-minus-low,farm-orientation top,asinh_rb_inc_farm_w99,asinh farm income,farm-exit,provyear,high-minus-low differential,0.23488639482188903,1.01714113445742,0.8173707171519679,1042,98,9.35565417579358,ok
mech,completed_t,high-minus-low A3 within farm-orientation top,high-minus-low,farm-orientation top,asinh_rb_inc_farm_w99,asinh farm income,farm-exit,provyear,high-insecurity DID,-3.4201397984901467,3.235682225294015,0.290508246534944,1042,98,9.35565417579358,ok
mech,high_sat80_t,low insecurity: top-vs-bottom farmdep,low insecurity,farmdep,any_rentin,Any rented-in land,rent-in,stackyear,bottom group DID,-0.20034323053367042,0.11213197980501242,0.07399028362684518,1170,82,0.13718765311122,ok
mech,high_sat80_t,low insecurity: top-vs-bottom farmdep,low insecurity,farmdep,any_rentin,Any rented-in land,rent-in,stackyear,top farmdep-minus-bottom differential,0.19845941346611565,0.11133702322814551,0.07466601972926559,1170,82,0.13718765311122,ok
mech,high_sat80_t,low insecurity: top-vs-bottom farmdep,low insecurity,farmdep,any_rentin,Any rented-in land,rent-in,stackyear,top farmdep group DID,-0.0018838170675547772,0.06616058226187103,0.9772845789960667,1170,82,0.13718765311122,ok
mech,high_sat80_t,low insecurity: top-vs-bottom farmdep,low insecurity,farmdep,any_rentin,Any rented-in land,rent-in,provyear,bottom group DID,-0.30947440503154,0.09382258990644013,0.0009720069468515953,1162,80,0.13718765311122,ok
mech,high_sat80_t,low insecurity: top-vs-bottom farmdep,low insecurity,farmdep,any_rentin,Any rented-in land,rent-in,provyear,top farmdep-minus-bottom differential,0.07398717966243798,0.12159809875682392,0.5428846061260149,1162,80,0.13718765311122,ok
mech,high_sat80_t,low insecurity: top-vs-bottom farmdep,low insecurity,farmdep,any_rentin,Any rented-in land,rent-in,provyear,top farmdep group DID,-0.23548722536910202,0.15738862761051547,0.13459763705890254,1162,80,0.13718765311122,ok
mech,high_sat80_t,low insecurity: top-vs-bottom farmdep,low insecurity,farmdep,asinh_rentin,asinh rented-in area,rent-in,stackyear,bottom group DID,-0.39949395156620837,0.19648448442450248,0.04203144842544676,1170,82,0.28407817671045155,ok
mech,high_sat80_t,low insecurity: top-vs-bottom farmdep,low insecurity,farmdep,asinh_rentin,asinh rented-in area,rent-in,stackyear,top farmdep-minus-bottom differential,0.33342318661102555,0.20265843000856895,0.09991887185356352,1170,82,0.28407817671045155,ok
mech,high_sat80_t,low insecurity: top-vs-bottom farmdep,low insecurity,farmdep,asinh_rentin,asinh rented-in area,rent-in,stackyear,top farmdep group DID,-0.06607076495518283,0.12107805059302909,0.5852808440238937,1170,82,0.28407817671045155,ok
mech,high_sat80_t,low insecurity: top-vs-bottom farmdep,low insecurity,farmdep,asinh_rentin,asinh rented-in area,rent-in,provyear,bottom group DID,-0.47373484731924476,0.1543945791357222,0.002152525670823681,1162,80,0.28407817671045155,ok
mech,high_sat80_t,low insecurity: top-vs-bottom farmdep,low insecurity,farmdep,asinh_rentin,asinh rented-in area,rent-in,provyear,top farmdep-minus-bottom differential,0.12311207290315888,0.249828033832073,0.6221629116924755,1162,80,0.28407817671045155,ok
mech,high_sat80_t,low insecurity: top-vs-bottom farmdep,low insecurity,farmdep,asinh_rentin,asinh rented-in area,rent-in,provyear,top farmdep group DID,-0.35062277441608586,0.3204526341250287,0.27388984664959015,1162,80,0.28407817671045155,ok
mech,high_sat80_t,low insecurity: top-vs-bottom farmdep,low insecurity,farmdep,rentin_and_farm_any,Rent-in and own-farm production,rent-in,stackyear,bottom group DID,-0.20496069916344137,0.11194416851137357,0.06711264183043607,1170,82,0.11764705882352941,ok
mech,high_sat80_t,low insecurity: top-vs-bottom farmdep,low insecurity,farmdep,rentin_and_farm_any,Rent-in and own-farm production,rent-in,stackyear,top farmdep-minus-bottom differential,0.19578438591810246,0.11099391868048467,0.07774545989995063,1170,82,0.11764705882352941,ok
mech,high_sat80_t,low insecurity: top-vs-bottom farmdep,low insecurity,farmdep,rentin_and_farm_any,Rent-in and own-farm production,rent-in,stackyear,top farmdep group DID,-0.009176313245338907,0.06582284045102359,0.8891267581905873,1170,82,0.11764705882352941,ok
mech,high_sat80_t,low insecurity: top-vs-bottom farmdep,low insecurity,farmdep,rentin_and_farm_any,Rent-in and own-farm production,rent-in,provyear,bottom group DID,-0.3176786819609484,0.08693235929973676,0.0002578642320075093,1162,80,0.11764705882352941,ok
mech,high_sat80_t,low insecurity: top-vs-bottom farmdep,low insecurity,farmdep,rentin_and_farm_any,Rent-in and own-farm production,rent-in,provyear,top farmdep-minus-bottom differential,0.07655034741376515,0.12049026410197293,0.5252171733486865,1162,80,0.11764705882352941,ok
mech,high_sat80_t,low insecurity: top-vs-bottom farmdep,low insecurity,farmdep,rentin_and_farm_any,Rent-in and own-farm production,rent-in,provyear,top farmdep group DID,-0.24112833454718324,0.15181129619468112,0.11220891083916973,1162,80,0.11764705882352941,ok
mech,high_sat80_t,low insecurity: top-vs-bottom farmdep,low insecurity,farmdep,ib_nonfarm_curr_n,Current nonfarm workers,nonfarm,stackyear,bottom group DID,0.19996218466537774,0.1417253537543997,0.15827018395734105,1228,83,0.5174224343675418,ok
mech,high_sat80_t,low insecurity: top-vs-bottom farmdep,low insecurity,farmdep,ib_nonfarm_curr_n,Current nonfarm workers,nonfarm,stackyear,top farmdep-minus-bottom differential,-0.4120343452423034,0.1592151276890522,0.009656033953820954,1228,83,0.5174224343675418,ok
mech,high_sat80_t,low insecurity: top-vs-bottom farmdep,low insecurity,farmdep,ib_nonfarm_curr_n,Current nonfarm workers,nonfarm,stackyear,top farmdep group DID,-0.21207216057692568,0.07711614946928666,0.005958878049371776,1228,83,0.5174224343675418,ok
mech,high_sat80_t,low insecurity: top-vs-bottom farmdep,low insecurity,farmdep,ib_nonfarm_curr_n,Current nonfarm workers,nonfarm,provyear,bottom group DID,0.2352834634155318,0.09083717874909678,0.009592938022498627,1224,82,0.5174224343675418,ok
mech,high_sat80_t,low insecurity: top-vs-bottom farmdep,low insecurity,farmdep,ib_nonfarm_curr_n,Current nonfarm workers,nonfarm,provyear,top farmdep-minus-bottom differential,-0.019833953052505543,0.20634541200883205,0.9234251437901081,1224,82,0.5174224343675418,ok
mech,high_sat80_t,low insecurity: top-vs-bottom farmdep,low insecurity,farmdep,ib_nonfarm_curr_n,Current nonfarm workers,nonfarm,provyear,top farmdep group DID,0.21544951036302626,0.18361310702554492,0.2406400421209588,1224,82,0.5174224343675418,ok
mech,high_sat80_t,low insecurity: top-vs-bottom farmdep,low insecurity,farmdep,ib_nonfarm_curr_ge2,At least two current nonfarm workers,nonfarm,stackyear,bottom group DID,0.06764982207044759,0.07095586763162126,0.34038388768567673,1228,83,0.1269689737470167,ok
mech,high_sat80_t,low insecurity: top-vs-bottom farmdep,low insecurity,farmdep,ib_nonfarm_curr_ge2,At least two current nonfarm workers,nonfarm,stackyear,top farmdep-minus-bottom differential,-0.11882733341141885,0.08190715319431278,0.1468476814920268,1228,83,0.1269689737470167,ok
mech,high_sat80_t,low insecurity: top-vs-bottom farmdep,low insecurity,farmdep,ib_nonfarm_curr_ge2,At least two current nonfarm workers,nonfarm,stackyear,top farmdep group DID,-0.05117751134097126,0.04229478484459263,0.2262714382757396,1228,83,0.1269689737470167,ok
mech,high_sat80_t,low insecurity: top-vs-bottom farmdep,low insecurity,farmdep,ib_nonfarm_curr_ge2,At least two current nonfarm workers,nonfarm,provyear,bottom group DID,0.08107490005398703,0.04411701786166532,0.06610309378000788,1224,82,0.1269689737470167,ok
mech,high_sat80_t,low insecurity: top-vs-bottom farmdep,low insecurity,farmdep,ib_nonfarm_curr_ge2,At least two current nonfarm workers,nonfarm,provyear,top farmdep-minus-bottom differential,-0.0162343521305046,0.12405170908925087,0.8958800285339394,1224,82,0.1269689737470167,ok
mech,high_sat80_t,low insecurity: top-vs-bottom farmdep,low insecurity,farmdep,ib_nonfarm_curr_ge2,At least two current nonfarm workers,nonfarm,provyear,top farmdep group DID,0.06484054792348243,0.10708440210694264,0.5448409787033663,1224,82,0.1269689737470167,ok
mech,high_sat80_t,low insecurity: top-vs-bottom farmdep,low insecurity,farmdep,nonfarm_ge2_no_rentin,>=2 nonfarm workers without rent-in,nonfarm,stackyear,bottom group DID,0.04986711759019345,0.06556348405242918,0.44690028807216764,1170,82,0.11513963743263106,ok
mech,high_sat80_t,low insecurity: top-vs-bottom farmdep,low insecurity,farmdep,nonfarm_ge2_no_rentin,>=2 nonfarm workers without rent-in,nonfarm,stackyear,top farmdep-minus-bottom differential,-0.05807505370419714,0.07045994646554991,0.40981007706418193,1170,82,0.11513963743263106,ok
mech,high_sat80_t,low insecurity: top-vs-bottom farmdep,low insecurity,farmdep,nonfarm_ge2_no_rentin,>=2 nonfarm workers without rent-in,nonfarm,stackyear,top farmdep group DID,-0.008207936114003687,0.02669549637882346,0.758489307905382,1170,82,0.11513963743263106,ok
mech,high_sat80_t,low insecurity: top-vs-bottom farmdep,low insecurity,farmdep,nonfarm_ge2_no_rentin,>=2 nonfarm workers without rent-in,nonfarm,provyear,bottom group DID,0.0668240692374272,0.04707057558420295,0.15570758021692058,1162,80,0.11513963743263106,ok
mech,high_sat80_t,low insecurity: top-vs-bottom farmdep,low insecurity,farmdep,nonfarm_ge2_no_rentin,>=2 nonfarm workers without rent-in,nonfarm,provyear,top farmdep-minus-bottom differential,-0.020393086360714834,0.12980631140993612,0.8751629118224968,1162,80,0.11513963743263106,ok
mech,high_sat80_t,low insecurity: top-vs-bottom farmdep,low insecurity,farmdep,nonfarm_ge2_no_rentin,>=2 nonfarm workers without rent-in,nonfarm,provyear,top farmdep group DID,0.046430982876712365,0.11831115733796396,0.6947271896024254,1162,80,0.11513963743263106,ok
mech,high_sat80_t,low insecurity: top-vs-bottom farmdep,low insecurity,farmdep,rb_farm_any,Any own-farm production,farm-exit,stackyear,bottom group DID,-0.14305263877955393,0.10112827395919516,0.1571957231226518,1222,82,0.7642276422764228,ok
mech,high_sat80_t,low insecurity: top-vs-bottom farmdep,low insecurity,farmdep,rb_farm_any,Any own-farm production,farm-exit,stackyear,top farmdep-minus-bottom differential,0.13363435000758414,0.11127059448315818,0.229756897633846,1222,82,0.7642276422764228,ok
mech,high_sat80_t,low insecurity: top-vs-bottom farmdep,low insecurity,farmdep,rb_farm_any,Any own-farm production,farm-exit,stackyear,top farmdep group DID,-0.00941828877196979,0.04649187763309492,0.8394639254527692,1222,82,0.7642276422764228,ok
mech,high_sat80_t,low insecurity: top-vs-bottom farmdep,low insecurity,farmdep,rb_farm_any,Any own-farm production,farm-exit,provyear,bottom group DID,-0.09575010709050846,0.11646723092027116,0.4110082753995672,1218,81,0.7642276422764228,ok
mech,high_sat80_t,low insecurity: top-vs-bottom farmdep,low insecurity,farmdep,rb_farm_any,Any own-farm production,farm-exit,provyear,top farmdep-minus-bottom differential,0.35043393563294994,0.1496030300512742,0.019158864311571374,1218,81,0.7642276422764228,ok
mech,high_sat80_t,low insecurity: top-vs-bottom farmdep,low insecurity,farmdep,rb_farm_any,Any own-farm production,farm-exit,provyear,top farmdep group DID,0.2546838285424415,0.16342665725621736,0.11913885401367996,1218,81,0.7642276422764228,ok
mech,high_sat80_t,low insecurity: top-vs-bottom farmdep,low insecurity,farmdep,asinh_rb_inc_farm_w99,asinh farm income,farm-exit,stackyear,bottom group DID,-2.7859786090211145,0.8882092167803992,0.0017090497708986661,1206,83,6.263236851468851,ok
mech,high_sat80_t,low insecurity: top-vs-bottom farmdep,low insecurity,farmdep,asinh_rb_inc_farm_w99,asinh farm income,farm-exit,stackyear,top farmdep-minus-bottom differential,1.6883378182781172,1.1451387427422348,0.14038678879475536,1206,83,6.263236851468851,ok
mech,high_sat80_t,low insecurity: top-vs-bottom farmdep,low insecurity,farmdep,asinh_rb_inc_farm_w99,asinh farm income,farm-exit,stackyear,top farmdep group DID,-1.0976407907429973,0.7704893166142943,0.1542722180264375,1206,83,6.263236851468851,ok
mech,high_sat80_t,low insecurity: top-vs-bottom farmdep,low insecurity,farmdep,asinh_rb_inc_farm_w99,asinh farm income,farm-exit,provyear,bottom group DID,-2.159823382850197,0.675491266672488,0.0013866706938673002,1202,82,6.263236851468851,ok
mech,high_sat80_t,low insecurity: top-vs-bottom farmdep,low insecurity,farmdep,asinh_rb_inc_farm_w99,asinh farm income,farm-exit,provyear,top farmdep-minus-bottom differential,0.6863716518546918,2.029565058108499,0.735222593517842,1202,82,6.263236851468851,ok
mech,high_sat80_t,low insecurity: top-vs-bottom farmdep,low insecurity,farmdep,asinh_rb_inc_farm_w99,asinh farm income,farm-exit,provyear,top farmdep group DID,-1.4734517309955053,2.0656053452768224,0.47564353344630395,1202,82,6.263236851468851,ok
mech,high_sat80_t,low insecurity: top-vs-bottom farm_orientation,low insecurity,farm_orientation,any_rentin,Any rented-in land,rent-in,stackyear,bottom group DID,-0.11125759052482555,0.10405667876196667,0.284978737909801,1194,83,0.13781431334622823,ok
mech,high_sat80_t,low insecurity: top-vs-bottom farm_orientation,low insecurity,farm_orientation,any_rentin,Any rented-in land,rent-in,stackyear,top farm-orientation-minus-bottom differential,0.12245430343367839,0.10056274403991734,0.2233415882508667,1194,83,0.13781431334622823,ok
mech,high_sat80_t,low insecurity: top-vs-bottom farm_orientation,low insecurity,farm_orientation,any_rentin,Any rented-in land,rent-in,stackyear,top farm-orientation group DID,0.011196712908852838,0.06843043083180456,0.8700288516867352,1194,83,0.13781431334622823,ok
mech,high_sat80_t,low insecurity: top-vs-bottom farm_orientation,low insecurity,farm_orientation,any_rentin,Any rented-in land,rent-in,provyear,bottom group DID,-0.2448556117817808,0.09875763026665174,0.013161878591225255,1184,82,0.13781431334622823,ok
mech,high_sat80_t,low insecurity: top-vs-bottom farm_orientation,low insecurity,farm_orientation,any_rentin,Any rented-in land,rent-in,provyear,top farm-orientation-minus-bottom differential,0.005573881508859378,0.10786845964895148,0.95878929130603,1184,82,0.13781431334622823,ok
mech,high_sat80_t,low insecurity: top-vs-bottom farm_orientation,low insecurity,farm_orientation,any_rentin,Any rented-in land,rent-in,provyear,top farm-orientation group DID,-0.23928173027292143,0.14952013767862538,0.10952514533805069,1184,82,0.13781431334622823,ok
mech,high_sat80_t,low insecurity: top-vs-bottom farm_orientation,low insecurity,farm_orientation,asinh_rentin,asinh rented-in area,rent-in,stackyear,bottom group DID,-0.20825608841599166,0.18419941746000684,0.2582229685105024,1190,83,0.2909341369052699,ok
mech,high_sat80_t,low insecurity: top-vs-bottom farm_orientation,low insecurity,farm_orientation,asinh_rentin,asinh rented-in area,rent-in,stackyear,top farm-orientation-minus-bottom differential,0.14168752226349193,0.19591828528809305,0.4695588425614442,1190,83,0.2909341369052699,ok
mech,high_sat80_t,low insecurity: top-vs-bottom farm_orientation,low insecurity,farm_orientation,asinh_rentin,asinh rented-in area,rent-in,stackyear,top farm-orientation group DID,-0.06656856615249973,0.1336849139606235,0.6185184235997048,1190,83,0.2909341369052699,ok
mech,high_sat80_t,low insecurity: top-vs-bottom farm_orientation,low insecurity,farm_orientation,asinh_rentin,asinh rented-in area,rent-in,provyear,bottom group DID,-0.31405357697949776,0.1691692815169212,0.06339006290548775,1180,82,0.2909341369052699,ok
mech,high_sat80_t,low insecurity: top-vs-bottom farm_orientation,low insecurity,farm_orientation,asinh_rentin,asinh rented-in area,rent-in,provyear,top farm-orientation-minus-bottom differential,-0.03128410083393278,0.24332683328027388,0.8976993045622349,1180,82,0.2909341369052699,ok
mech,high_sat80_t,low insecurity: top-vs-bottom farm_orientation,low insecurity,farm_orientation,asinh_rentin,asinh rented-in area,rent-in,provyear,top farm-orientation group DID,-0.34533767781343055,0.3164767265002954,0.275187287376748,1180,82,0.2909341369052699,ok
mech,high_sat80_t,low insecurity: top-vs-bottom farm_orientation,low insecurity,farm_orientation,rentin_and_farm_any,Rent-in and own-farm production,rent-in,stackyear,bottom group DID,-0.11114960434867802,0.10290822783735401,0.2801044559304672,1192,83,0.11907066795740562,ok
mech,high_sat80_t,low insecurity: top-vs-bottom farm_orientation,low insecurity,farm_orientation,rentin_and_farm_any,Rent-in and own-farm production,rent-in,stackyear,top farm-orientation-minus-bottom differential,0.11791339703855902,0.09903766609575614,0.2338140154722239,1192,83,0.11907066795740562,ok
mech,high_sat80_t,low insecurity: top-vs-bottom farm_orientation,low insecurity,farm_orientation,rentin_and_farm_any,Rent-in and own-farm production,rent-in,stackyear,top farm-orientation group DID,0.006763792689881004,0.06780345287886748,0.9205381408286363,1192,83,0.11907066795740562,ok
mech,high_sat80_t,low insecurity: top-vs-bottom farm_orientation,low insecurity,farm_orientation,rentin_and_farm_any,Rent-in and own-farm production,rent-in,provyear,bottom group DID,-0.25144391521815346,0.09493340742363919,0.008081764033754572,1182,82,0.11907066795740562,ok
mech,high_sat80_t,low insecurity: top-vs-bottom farm_orientation,low insecurity,farm_orientation,rentin_and_farm_any,Rent-in and own-farm production,rent-in,provyear,top farm-orientation-minus-bottom differential,0.009721596253216863,0.10645683488280729,0.9272386394759868,1182,82,0.11907066795740562,ok
mech,high_sat80_t,low insecurity: top-vs-bottom farm_orientation,low insecurity,farm_orientation,rentin_and_farm_any,Rent-in and own-farm production,rent-in,provyear,top farm-orientation group DID,-0.2417223189649366,0.1446057373592328,0.0946040866477607,1182,82,0.11907066795740562,ok
mech,high_sat80_t,low insecurity: top-vs-bottom farm_orientation,low insecurity,farm_orientation,ib_nonfarm_curr_n,Current nonfarm workers,nonfarm,stackyear,bottom group DID,0.14214033571420442,0.24403651211169494,0.5602601086908935,1256,84,0.5500705218617772,ok
mech,high_sat80_t,low insecurity: top-vs-bottom farm_orientation,low insecurity,farm_orientation,ib_nonfarm_curr_n,Current nonfarm workers,nonfarm,stackyear,top farm-orientation-minus-bottom differential,-0.12530895847162393,0.27596996902612875,0.6497803367420427,1256,84,0.5500705218617772,ok
mech,high_sat80_t,low insecurity: top-vs-bottom farm_orientation,low insecurity,farm_orientation,ib_nonfarm_curr_n,Current nonfarm workers,nonfarm,stackyear,top farm-orientation group DID,0.016831377242580492,0.10485924941725568,0.8724761965997478,1256,84,0.5500705218617772,ok
mech,high_sat80_t,low insecurity: top-vs-bottom farm_orientation,low insecurity,farm_orientation,ib_nonfarm_curr_n,Current nonfarm workers,nonfarm,provyear,bottom group DID,0.2956817292590438,0.16018547924012502,0.06491093969855061,1248,83,0.5500705218617772,ok
mech,high_sat80_t,low insecurity: top-vs-bottom farm_orientation,low insecurity,farm_orientation,ib_nonfarm_curr_n,Current nonfarm workers,nonfarm,provyear,top farm-orientation-minus-bottom differential,0.2929245714070645,0.3212644654927348,0.3618811694007147,1248,83,0.5500705218617772,ok
mech,high_sat80_t,low insecurity: top-vs-bottom farm_orientation,low insecurity,farm_orientation,ib_nonfarm_curr_n,Current nonfarm workers,nonfarm,provyear,top farm-orientation group DID,0.5886063006661083,0.2910223413411287,0.043119895474319894,1248,83,0.5500705218617772,ok
mech,high_sat80_t,low insecurity: top-vs-bottom farm_orientation,low insecurity,farm_orientation,ib_nonfarm_curr_ge2,At least two current nonfarm workers,nonfarm,stackyear,bottom group DID,0.014394129613952759,0.11873171351068633,0.9035069683626082,1256,84,0.14480488951574988,ok
mech,high_sat80_t,low insecurity: top-vs-bottom farm_orientation,low insecurity,farm_orientation,ib_nonfarm_curr_ge2,At least two current nonfarm workers,nonfarm,stackyear,top farm-orientation-minus-bottom differential,0.002816693753885019,0.12071843998331518,0.9813848443088655,1256,84,0.14480488951574988,ok
mech,high_sat80_t,low insecurity: top-vs-bottom farm_orientation,low insecurity,farm_orientation,ib_nonfarm_curr_ge2,At least two current nonfarm workers,nonfarm,stackyear,top farm-orientation group DID,0.017210823367837778,0.025694011758161082,0.5029611182442117,1256,84,0.14480488951574988,ok
mech,high_sat80_t,low insecurity: top-vs-bottom farm_orientation,low insecurity,farm_orientation,ib_nonfarm_curr_ge2,At least two current nonfarm workers,nonfarm,provyear,bottom group DID,0.09937603556589698,0.06571816897852015,0.13049452188210728,1248,83,0.14480488951574988,ok
mech,high_sat80_t,low insecurity: top-vs-bottom farm_orientation,low insecurity,farm_orientation,ib_nonfarm_curr_ge2,At least two current nonfarm workers,nonfarm,provyear,top farm-orientation-minus-bottom differential,0.18541213925751884,0.15944084851001852,0.24487420917241043,1248,83,0.14480488951574988,ok
mech,high_sat80_t,low insecurity: top-vs-bottom farm_orientation,low insecurity,farm_orientation,ib_nonfarm_curr_ge2,At least two current nonfarm workers,nonfarm,provyear,top farm-orientation group DID,0.28478817482341584,0.13732711682185794,0.0380984304662926,1248,83,0.14480488951574988,ok
mech,high_sat80_t,low insecurity: top-vs-bottom farm_orientation,low insecurity,farm_orientation,nonfarm_ge2_no_rentin,>=2 nonfarm workers without rent-in,nonfarm,stackyear,bottom group DID,0.06704446910995408,0.08090255476643066,0.40727053402340807,1194,83,0.12959381044487428,ok
mech,high_sat80_t,low insecurity: top-vs-bottom farm_orientation,low insecurity,farm_orientation,nonfarm_ge2_no_rentin,>=2 nonfarm workers without rent-in,nonfarm,stackyear,top farm-orientation-minus-bottom differential,-0.046055282032834995,0.08563050313150185,0.5906893506424464,1194,83,0.12959381044487428,ok
mech,high_sat80_t,low insecurity: top-vs-bottom farm_orientation,low insecurity,farm_orientation,nonfarm_ge2_no_rentin,>=2 nonfarm workers without rent-in,nonfarm,stackyear,top farm-orientation group DID,0.02098918707711909,0.028859546734948432,0.4670498649127388,1194,83,0.12959381044487428,ok
mech,high_sat80_t,low insecurity: top-vs-bottom farm_orientation,low insecurity,farm_orientation,nonfarm_ge2_no_rentin,>=2 nonfarm workers without rent-in,nonfarm,provyear,bottom group DID,0.12287017218817439,0.058837038527087694,0.03676957928314766,1184,82,0.12959381044487428,ok
mech,high_sat80_t,low insecurity: top-vs-bottom farm_orientation,low insecurity,farm_orientation,nonfarm_ge2_no_rentin,>=2 nonfarm workers without rent-in,nonfarm,provyear,top farm-orientation-minus-bottom differential,0.06778083277675966,0.14320325319854874,0.6359855480922865,1184,82,0.12959381044487428,ok
mech,high_sat80_t,low insecurity: top-vs-bottom farm_orientation,low insecurity,farm_orientation,nonfarm_ge2_no_rentin,>=2 nonfarm workers without rent-in,nonfarm,provyear,top farm-orientation group DID,0.19065100496493403,0.1279793617518792,0.13630282679321976,1184,82,0.12959381044487428,ok
mech,high_sat80_t,low insecurity: top-vs-bottom farm_orientation,low insecurity,farm_orientation,rb_farm_any,Any own-farm production,farm-exit,stackyear,bottom group DID,-0.1354063949557988,0.07658783498187882,0.07706286229933729,1244,83,0.7707547169811321,ok
mech,high_sat80_t,low insecurity: top-vs-bottom farm_orientation,low insecurity,farm_orientation,rb_farm_any,Any own-farm production,farm-exit,stackyear,top farm-orientation-minus-bottom differential,0.11898947973454668,0.08603937529668125,0.16667547294893048,1244,83,0.7707547169811321,ok
mech,high_sat80_t,low insecurity: top-vs-bottom farm_orientation,low insecurity,farm_orientation,rb_farm_any,Any own-farm production,farm-exit,stackyear,top farm-orientation group DID,-0.016416915221252104,0.045381750987075545,0.7175377591694746,1244,83,0.7707547169811321,ok
mech,high_sat80_t,low insecurity: top-vs-bottom farm_orientation,low insecurity,farm_orientation,rb_farm_any,Any own-farm production,farm-exit,provyear,bottom group DID,-0.11804546822834909,0.10238802617823001,0.24894215941610576,1236,82,0.7707547169811321,ok
mech,high_sat80_t,low insecurity: top-vs-bottom farm_orientation,low insecurity,farm_orientation,rb_farm_any,Any own-farm production,farm-exit,provyear,top farm-orientation-minus-bottom differential,0.22930317441688242,0.09405931685170171,0.014774612839604791,1236,82,0.7707547169811321,ok
mech,high_sat80_t,low insecurity: top-vs-bottom farm_orientation,low insecurity,farm_orientation,rb_farm_any,Any own-farm production,farm-exit,provyear,top farm-orientation group DID,0.11125770618853333,0.11888068035805362,0.349336469796908,1236,82,0.7707547169811321,ok
mech,high_sat80_t,low insecurity: top-vs-bottom farm_orientation,low insecurity,farm_orientation,asinh_rb_inc_farm_w99,asinh farm income,farm-exit,stackyear,bottom group DID,-2.8894261230858214,0.8151844824718277,0.00039334985593404324,1222,84,6.409237306344771,ok
mech,high_sat80_t,low insecurity: top-vs-bottom farm_orientation,low insecurity,farm_orientation,asinh_rb_inc_farm_w99,asinh farm income,farm-exit,stackyear,top farm-orientation-minus-bottom differential,1.5080685466273267,1.1582098422572804,0.192892971743734,1222,84,6.409237306344771,ok
mech,high_sat80_t,low insecurity: top-vs-bottom farm_orientation,low insecurity,farm_orientation,asinh_rb_inc_farm_w99,asinh farm income,farm-exit,stackyear,top farm-orientation group DID,-1.3813575764584947,0.9398032410744293,0.14160590555849029,1222,84,6.409237306344771,ok
mech,high_sat80_t,low insecurity: top-vs-bottom farm_orientation,low insecurity,farm_orientation,asinh_rb_inc_farm_w99,asinh farm income,farm-exit,provyear,bottom group DID,-1.7473311725423701,0.7832430713868592,0.025688243985669528,1214,83,6.409237306344771,ok
mech,high_sat80_t,low insecurity: top-vs-bottom farm_orientation,low insecurity,farm_orientation,asinh_rb_inc_farm_w99,asinh farm income,farm-exit,provyear,top farm-orientation-minus-bottom differential,1.864184576051858,1.4866297111126783,0.2098540059015157,1214,83,6.409237306344771,ok
mech,high_sat80_t,low insecurity: top-vs-bottom farm_orientation,low insecurity,farm_orientation,asinh_rb_inc_farm_w99,asinh farm income,farm-exit,provyear,top farm-orientation group DID,0.11685340350948792,1.62483115116577,0.9426677545368184,1214,83,6.409237306344771,ok
mech,high_sat80_t,high insecurity: top-vs-bottom farmdep,high insecurity,farmdep,any_rentin,Any rented-in land,rent-in,stackyear,bottom group DID,0.03569026115945398,0.06589565427285737,0.5880818075154346,672,44,0.13758079409048937,ok
mech,high_sat80_t,high insecurity: top-vs-bottom farmdep,high insecurity,farmdep,any_rentin,Any rented-in land,rent-in,stackyear,top farmdep-minus-bottom differential,0.12826137599409534,0.10730562716688742,0.23197362571297264,672,44,0.13758079409048937,ok
mech,high_sat80_t,high insecurity: top-vs-bottom farmdep,high insecurity,farmdep,any_rentin,Any rented-in land,rent-in,stackyear,top farmdep group DID,0.16395163715354932,0.06627731352733605,0.01337137643825752,672,44,0.13758079409048937,ok
mech,high_sat80_t,high insecurity: top-vs-bottom farmdep,high insecurity,farmdep,any_rentin,Any rented-in land,rent-in,provyear,bottom group DID,,,,670,44,0.13758079409048937,ok
mech,high_sat80_t,high insecurity: top-vs-bottom farmdep,high insecurity,farmdep,any_rentin,Any rented-in land,rent-in,provyear,top farmdep-minus-bottom differential,,,,670,44,0.13758079409048937,ok
mech,high_sat80_t,high insecurity: top-vs-bottom farmdep,high insecurity,farmdep,any_rentin,Any rented-in land,rent-in,provyear,top farmdep group DID,,,,670,44,0.13758079409048937,ok
mech,high_sat80_t,high insecurity: top-vs-bottom farmdep,high insecurity,farmdep,asinh_rentin,asinh rented-in area,rent-in,stackyear,bottom group DID,0.054818256033941075,0.07702585741683417,0.47665898423892605,670,44,0.26421206162277594,ok
mech,high_sat80_t,high insecurity: top-vs-bottom farmdep,high insecurity,farmdep,asinh_rentin,asinh rented-in area,rent-in,stackyear,top farmdep-minus-bottom differential,0.32258737354553957,0.18085556042519668,0.07447664195565198,670,44,0.26421206162277594,ok
mech,high_sat80_t,high insecurity: top-vs-bottom farmdep,high insecurity,farmdep,asinh_rentin,asinh rented-in area,rent-in,stackyear,top farmdep group DID,0.37740562957948065,0.15020804593260415,0.011986120531243037,670,44,0.26421206162277594,ok
mech,high_sat80_t,high insecurity: top-vs-bottom farmdep,high insecurity,farmdep,asinh_rentin,asinh rented-in area,rent-in,provyear,bottom group DID,,,,668,44,0.26421206162277594,ok
mech,high_sat80_t,high insecurity: top-vs-bottom farmdep,high insecurity,farmdep,asinh_rentin,asinh rented-in area,rent-in,provyear,top farmdep-minus-bottom differential,,,,668,44,0.26421206162277594,ok
mech,high_sat80_t,high insecurity: top-vs-bottom farmdep,high insecurity,farmdep,asinh_rentin,asinh rented-in area,rent-in,provyear,top farmdep group DID,,,,668,44,0.26421206162277594,ok
mech,high_sat80_t,high insecurity: top-vs-bottom farmdep,high insecurity,farmdep,rentin_and_farm_any,Rent-in and own-farm production,rent-in,stackyear,bottom group DID,0.016860413284093014,0.0690416960101204,0.8070710911844292,672,44,0.12557710064635272,ok
mech,high_sat80_t,high insecurity: top-vs-bottom farmdep,high insecurity,farmdep,rentin_and_farm_any,Rent-in and own-farm production,rent-in,stackyear,top farmdep-minus-bottom differential,0.15865118356223523,0.1078618094940427,0.14132506387126528,672,44,0.12557710064635272,ok
mech,high_sat80_t,high insecurity: top-vs-bottom farmdep,high insecurity,farmdep,rentin_and_farm_any,Rent-in and own-farm production,rent-in,stackyear,top farmdep group DID,0.17551159684632825,0.06500941079023911,0.006938377064405363,672,44,0.12557710064635272,ok
mech,high_sat80_t,high insecurity: top-vs-bottom farmdep,high insecurity,farmdep,rentin_and_farm_any,Rent-in and own-farm production,rent-in,provyear,bottom group DID,,,,670,44,0.12557710064635272,ok
mech,high_sat80_t,high insecurity: top-vs-bottom farmdep,high insecurity,farmdep,rentin_and_farm_any,Rent-in and own-farm production,rent-in,provyear,top farmdep-minus-bottom differential,,,,670,44,0.12557710064635272,ok
mech,high_sat80_t,high insecurity: top-vs-bottom farmdep,high insecurity,farmdep,rentin_and_farm_any,Rent-in and own-farm production,rent-in,provyear,top farmdep group DID,,,,670,44,0.12557710064635272,ok
mech,high_sat80_t,high insecurity: top-vs-bottom farmdep,high insecurity,farmdep,ib_nonfarm_curr_n,Current nonfarm workers,nonfarm,stackyear,bottom group DID,0.643212137625691,0.12028480342051487,8.922184621023239e-08,704,45,0.7351111111111112,ok
mech,high_sat80_t,high insecurity: top-vs-bottom farmdep,high insecurity,farmdep,ib_nonfarm_curr_n,Current nonfarm workers,nonfarm,stackyear,top farmdep-minus-bottom differential,-0.4925959907819324,0.32226014557524857,0.1263720015692289,704,45,0.7351111111111112,ok
mech,high_sat80_t,high insecurity: top-vs-bottom farmdep,high insecurity,farmdep,ib_nonfarm_curr_n,Current nonfarm workers,nonfarm,stackyear,top farmdep group DID,0.15061614684375857,0.29405728719317337,0.6085110327722374,704,45,0.7351111111111112,ok
mech,high_sat80_t,high insecurity: top-vs-bottom farmdep,high insecurity,farmdep,ib_nonfarm_curr_n,Current nonfarm workers,nonfarm,provyear,bottom group DID,,,,702,45,0.7351111111111112,ok
mech,high_sat80_t,high insecurity: top-vs-bottom farmdep,high insecurity,farmdep,ib_nonfarm_curr_n,Current nonfarm workers,nonfarm,provyear,top farmdep-minus-bottom differential,,,,702,45,0.7351111111111112,ok
mech,high_sat80_t,high insecurity: top-vs-bottom farmdep,high insecurity,farmdep,ib_nonfarm_curr_n,Current nonfarm workers,nonfarm,provyear,top farmdep group DID,,,,702,45,0.7351111111111112,ok
mech,high_sat80_t,high insecurity: top-vs-bottom farmdep,high insecurity,farmdep,ib_nonfarm_curr_ge2,At least two current nonfarm workers,nonfarm,stackyear,bottom group DID,0.11766454963269976,0.04352504237097624,0.006863907817894619,704,45,0.1902222222222222,ok
mech,high_sat80_t,high insecurity: top-vs-bottom farmdep,high insecurity,farmdep,ib_nonfarm_curr_ge2,At least two current nonfarm workers,nonfarm,stackyear,top farmdep-minus-bottom differential,-0.07426512483450444,0.06435527834189178,0.24850568824225683,704,45,0.1902222222222222,ok
mech,high_sat80_t,high insecurity: top-vs-bottom farmdep,high insecurity,farmdep,ib_nonfarm_curr_ge2,At least two current nonfarm workers,nonfarm,stackyear,top farmdep group DID,0.04339942479819532,0.04559538049707526,0.34117904662960974,704,45,0.1902222222222222,ok
mech,high_sat80_t,high insecurity: top-vs-bottom farmdep,high insecurity,farmdep,ib_nonfarm_curr_ge2,At least two current nonfarm workers,nonfarm,provyear,bottom group DID,,,,702,45,0.1902222222222222,ok
mech,high_sat80_t,high insecurity: top-vs-bottom farmdep,high insecurity,farmdep,ib_nonfarm_curr_ge2,At least two current nonfarm workers,nonfarm,provyear,top farmdep-minus-bottom differential,,,,702,45,0.1902222222222222,ok
mech,high_sat80_t,high insecurity: top-vs-bottom farmdep,high insecurity,farmdep,ib_nonfarm_curr_ge2,At least two current nonfarm workers,nonfarm,provyear,top farmdep group DID,,,,702,45,0.1902222222222222,ok
mech,high_sat80_t,high insecurity: top-vs-bottom farmdep,high insecurity,farmdep,nonfarm_ge2_no_rentin,>=2 nonfarm workers without rent-in,nonfarm,stackyear,bottom group DID,0.14987694410749983,0.04786112786180709,0.0017391798626170277,672,44,0.1837488457987073,ok
mech,high_sat80_t,high insecurity: top-vs-bottom farmdep,high insecurity,farmdep,nonfarm_ge2_no_rentin,>=2 nonfarm workers without rent-in,nonfarm,stackyear,top farmdep-minus-bottom differential,-0.15637959028196097,0.05550122824670462,0.004838586530955693,672,44,0.1837488457987073,ok
mech,high_sat80_t,high insecurity: top-vs-bottom farmdep,high insecurity,farmdep,nonfarm_ge2_no_rentin,>=2 nonfarm workers without rent-in,nonfarm,stackyear,top farmdep group DID,-0.006502646174461141,0.02206291156012768,0.7681986116617968,672,44,0.1837488457987073,ok
mech,high_sat80_t,high insecurity: top-vs-bottom farmdep,high insecurity,farmdep,nonfarm_ge2_no_rentin,>=2 nonfarm workers without rent-in,nonfarm,provyear,bottom group DID,,,,670,44,0.1837488457987073,ok
mech,high_sat80_t,high insecurity: top-vs-bottom farmdep,high insecurity,farmdep,nonfarm_ge2_no_rentin,>=2 nonfarm workers without rent-in,nonfarm,provyear,top farmdep-minus-bottom differential,,,,670,44,0.1837488457987073,ok
mech,high_sat80_t,high insecurity: top-vs-bottom farmdep,high insecurity,farmdep,nonfarm_ge2_no_rentin,>=2 nonfarm workers without rent-in,nonfarm,provyear,top farmdep group DID,,,,670,44,0.1837488457987073,ok
mech,high_sat80_t,high insecurity: top-vs-bottom farmdep,high insecurity,farmdep,rb_farm_any,Any own-farm production,farm-exit,stackyear,bottom group DID,-0.3358213384615069,0.06035090203237543,2.6293650245421356e-08,702,45,0.7270294380017841,ok
mech,high_sat80_t,high insecurity: top-vs-bottom farmdep,high insecurity,farmdep,rb_farm_any,Any own-farm production,farm-exit,stackyear,top farmdep-minus-bottom differential,0.18467362242907606,0.1267111841962537,0.14499567175841205,702,45,0.7270294380017841,ok
mech,high_sat80_t,high insecurity: top-vs-bottom farmdep,high insecurity,farmdep,rb_farm_any,Any own-farm production,farm-exit,stackyear,top farmdep group DID,-0.15114771603243085,0.10387714693020168,0.14565202639781444,702,45,0.7270294380017841,ok
mech,high_sat80_t,high insecurity: top-vs-bottom farmdep,high insecurity,farmdep,rb_farm_any,Any own-farm production,farm-exit,provyear,bottom group DID,,,,700,45,0.7270294380017841,ok
mech,high_sat80_t,high insecurity: top-vs-bottom farmdep,high insecurity,farmdep,rb_farm_any,Any own-farm production,farm-exit,provyear,top farmdep-minus-bottom differential,,,,700,45,0.7270294380017841,ok
mech,high_sat80_t,high insecurity: top-vs-bottom farmdep,high insecurity,farmdep,rb_farm_any,Any own-farm production,farm-exit,provyear,top farmdep group DID,,,,700,45,0.7270294380017841,ok
mech,high_sat80_t,high insecurity: top-vs-bottom farmdep,high insecurity,farmdep,asinh_rb_inc_farm_w99,asinh farm income,farm-exit,stackyear,bottom group DID,-3.9294785815031488,0.6726335706638492,5.1599329977226226e-09,702,45,5.647900201012262,ok
mech,high_sat80_t,high insecurity: top-vs-bottom farmdep,high insecurity,farmdep,asinh_rb_inc_farm_w99,asinh farm income,farm-exit,stackyear,top farmdep-minus-bottom differential,3.6425922264785817,1.0016263770050366,0.00027617722781735787,702,45,5.647900201012262,ok
mech,high_sat80_t,high insecurity: top-vs-bottom farmdep,high insecurity,farmdep,asinh_rb_inc_farm_w99,asinh farm income,farm-exit,stackyear,top farmdep group DID,-0.28688635502456705,0.5886412622617768,0.6259958328301273,702,45,5.647900201012262,ok
mech,high_sat80_t,high insecurity: top-vs-bottom farmdep,high insecurity,farmdep,asinh_rb_inc_farm_w99,asinh farm income,farm-exit,provyear,bottom group DID,,,,700,45,5.647900201012262,ok
mech,high_sat80_t,high insecurity: top-vs-bottom farmdep,high insecurity,farmdep,asinh_rb_inc_farm_w99,asinh farm income,farm-exit,provyear,top farmdep-minus-bottom differential,,,,700,45,5.647900201012262,ok
mech,high_sat80_t,high insecurity: top-vs-bottom farmdep,high insecurity,farmdep,asinh_rb_inc_farm_w99,asinh farm income,farm-exit,provyear,top farmdep group DID,,,,700,45,5.647900201012262,ok
mech,high_sat80_t,high insecurity: top-vs-bottom farm_orientation,high insecurity,farm_orientation,any_rentin,Any rented-in land,rent-in,stackyear,bottom group DID,0.048988090785194935,0.058781784844684555,0.404625396653734,654,45,0.13352007469654528,ok
mech,high_sat80_t,high insecurity: top-vs-bottom farm_orientation,high insecurity,farm_orientation,any_rentin,Any rented-in land,rent-in,stackyear,top farm-orientation-minus-bottom differential,0.18124297313501694,0.0958346663632861,0.05859702185227404,654,45,0.13352007469654528,ok
mech,high_sat80_t,high insecurity: top-vs-bottom farm_orientation,high insecurity,farm_orientation,any_rentin,Any rented-in land,rent-in,stackyear,top farm-orientation group DID,0.23023106392021186,0.06055547150193883,0.0001435407535441939,654,45,0.13352007469654528,ok
mech,high_sat80_t,high insecurity: top-vs-bottom farm_orientation,high insecurity,farm_orientation,any_rentin,Any rented-in land,rent-in,provyear,bottom group DID,,,,650,44,0.13352007469654528,ok
mech,high_sat80_t,high insecurity: top-vs-bottom farm_orientation,high insecurity,farm_orientation,any_rentin,Any rented-in land,rent-in,provyear,top farm-orientation-minus-bottom differential,,,,650,44,0.13352007469654528,ok
mech,high_sat80_t,high insecurity: top-vs-bottom farm_orientation,high insecurity,farm_orientation,any_rentin,Any rented-in land,rent-in,provyear,top farm-orientation group DID,,,,650,44,0.13352007469654528,ok
mech,high_sat80_t,high insecurity: top-vs-bottom farm_orientation,high insecurity,farm_orientation,asinh_rentin,asinh rented-in area,rent-in,stackyear,bottom group DID,0.06784998751557127,0.07085837737671964,0.3382929383406602,652,45,0.26270051055558374,ok
mech,high_sat80_t,high insecurity: top-vs-bottom farm_orientation,high insecurity,farm_orientation,asinh_rentin,asinh rented-in area,rent-in,stackyear,top farm-orientation-minus-bottom differential,0.40873517189520736,0.17462553654276722,0.01925082095762163,652,45,0.26270051055558374,ok
mech,high_sat80_t,high insecurity: top-vs-bottom farm_orientation,high insecurity,farm_orientation,asinh_rentin,asinh rented-in area,rent-in,stackyear,top farm-orientation group DID,0.4765851594107786,0.1397773095910441,0.000650574632409839,652,45,0.26270051055558374,ok
mech,high_sat80_t,high insecurity: top-vs-bottom farm_orientation,high insecurity,farm_orientation,asinh_rentin,asinh rented-in area,rent-in,provyear,bottom group DID,,,,648,44,0.26270051055558374,ok
mech,high_sat80_t,high insecurity: top-vs-bottom farm_orientation,high insecurity,farm_orientation,asinh_rentin,asinh rented-in area,rent-in,provyear,top farm-orientation-minus-bottom differential,,,,648,44,0.26270051055558374,ok
mech,high_sat80_t,high insecurity: top-vs-bottom farm_orientation,high insecurity,farm_orientation,asinh_rentin,asinh rented-in area,rent-in,provyear,top farm-orientation group DID,,,,648,44,0.26270051055558374,ok
mech,high_sat80_t,high insecurity: top-vs-bottom farm_orientation,high insecurity,farm_orientation,rentin_and_farm_any,Rent-in and own-farm production,rent-in,stackyear,bottom group DID,0.04490552966163471,0.060715270347832626,0.45953758621987517,654,45,0.1223155929038282,ok
mech,high_sat80_t,high insecurity: top-vs-bottom farm_orientation,high insecurity,farm_orientation,rentin_and_farm_any,Rent-in and own-farm production,rent-in,stackyear,top farm-orientation-minus-bottom differential,0.12737097401970962,0.0915184790735575,0.16399768278430493,654,45,0.1223155929038282,ok
mech,high_sat80_t,high insecurity: top-vs-bottom farm_orientation,high insecurity,farm_orientation,rentin_and_farm_any,Rent-in and own-farm production,rent-in,stackyear,top farm-orientation group DID,0.17227650368134434,0.05120743586854438,0.0007674173342338746,654,45,0.1223155929038282,ok
mech,high_sat80_t,high insecurity: top-vs-bottom farm_orientation,high insecurity,farm_orientation,rentin_and_farm_any,Rent-in and own-farm production,rent-in,provyear,bottom group DID,,,,650,44,0.1223155929038282,ok
mech,high_sat80_t,high insecurity: top-vs-bottom farm_orientation,high insecurity,farm_orientation,rentin_and_farm_any,Rent-in and own-farm production,rent-in,provyear,top farm-orientation-minus-bottom differential,,,,650,44,0.1223155929038282,ok
mech,high_sat80_t,high insecurity: top-vs-bottom farm_orientation,high insecurity,farm_orientation,rentin_and_farm_any,Rent-in and own-farm production,rent-in,provyear,top farm-orientation group DID,,,,650,44,0.1223155929038282,ok
mech,high_sat80_t,high insecurity: top-vs-bottom farm_orientation,high insecurity,farm_orientation,ib_nonfarm_curr_n,Current nonfarm workers,nonfarm,stackyear,bottom group DID,0.6419028103146704,0.1218195903430607,1.3695207627899262e-07,690,46,0.7937219730941704,ok
mech,high_sat80_t,high insecurity: top-vs-bottom farm_orientation,high insecurity,farm_orientation,ib_nonfarm_curr_n,Current nonfarm workers,nonfarm,stackyear,top farm-orientation-minus-bottom differential,-0.4135885219287398,0.2446985808100225,0.09099049509115559,690,46,0.7937219730941704,ok
mech,high_sat80_t,high insecurity: top-vs-bottom farm_orientation,high insecurity,farm_orientation,ib_nonfarm_curr_n,Current nonfarm workers,nonfarm,stackyear,top farm-orientation group DID,0.22831428838593065,0.20505083858415976,0.2655143063446169,690,46,0.7937219730941704,ok
mech,high_sat80_t,high insecurity: top-vs-bottom farm_orientation,high insecurity,farm_orientation,ib_nonfarm_curr_n,Current nonfarm workers,nonfarm,provyear,bottom group DID,,,,686,45,0.7937219730941704,ok
mech,high_sat80_t,high insecurity: top-vs-bottom farm_orientation,high insecurity,farm_orientation,ib_nonfarm_curr_n,Current nonfarm workers,nonfarm,provyear,top farm-orientation-minus-bottom differential,,,,686,45,0.7937219730941704,ok
mech,high_sat80_t,high insecurity: top-vs-bottom farm_orientation,high insecurity,farm_orientation,ib_nonfarm_curr_n,Current nonfarm workers,nonfarm,provyear,top farm-orientation group DID,,,,686,45,0.7937219730941704,ok
mech,high_sat80_t,high insecurity: top-vs-bottom farm_orientation,high insecurity,farm_orientation,ib_nonfarm_curr_ge2,At least two current nonfarm workers,nonfarm,stackyear,bottom group DID,0.12446303196739361,0.04804668547158984,0.009584767212136847,690,46,0.21704035874439462,ok
mech,high_sat80_t,high insecurity: top-vs-bottom farm_orientation,high insecurity,farm_orientation,ib_nonfarm_curr_ge2,At least two current nonfarm workers,nonfarm,stackyear,top farm-orientation-minus-bottom differential,-0.03893413023568116,0.06253496925773819,0.5335488998163112,690,46,0.21704035874439462,ok
mech,high_sat80_t,high insecurity: top-vs-bottom farm_orientation,high insecurity,farm_orientation,ib_nonfarm_curr_ge2,At least two current nonfarm workers,nonfarm,stackyear,top farm-orientation group DID,0.08552890173171246,0.035713421993866665,0.016626387473527286,690,46,0.21704035874439462,ok
mech,high_sat80_t,high insecurity: top-vs-bottom farm_orientation,high insecurity,farm_orientation,ib_nonfarm_curr_ge2,At least two current nonfarm workers,nonfarm,provyear,bottom group DID,,,,686,45,0.21704035874439462,ok
mech,high_sat80_t,high insecurity: top-vs-bottom farm_orientation,high insecurity,farm_orientation,ib_nonfarm_curr_ge2,At least two current nonfarm workers,nonfarm,provyear,top farm-orientation-minus-bottom differential,,,,686,45,0.21704035874439462,ok
mech,high_sat80_t,high insecurity: top-vs-bottom farm_orientation,high insecurity,farm_orientation,ib_nonfarm_curr_ge2,At least two current nonfarm workers,nonfarm,provyear,top farm-orientation group DID,,,,686,45,0.21704035874439462,ok
mech,high_sat80_t,high insecurity: top-vs-bottom farm_orientation,high insecurity,farm_orientation,nonfarm_ge2_no_rentin,>=2 nonfarm workers without rent-in,nonfarm,stackyear,bottom group DID,0.148464308133654,0.0571062318596123,0.009328035994246522,654,45,0.2119514472455649,ok
mech,high_sat80_t,high insecurity: top-vs-bottom farm_orientation,high insecurity,farm_orientation,nonfarm_ge2_no_rentin,>=2 nonfarm workers without rent-in,nonfarm,stackyear,top farm-orientation-minus-bottom differential,-0.15889578068266608,0.05994415338178314,0.008031796077070358,654,45,0.2119514472455649,ok
mech,high_sat80_t,high insecurity: top-vs-bottom farm_orientation,high insecurity,farm_orientation,nonfarm_ge2_no_rentin,>=2 nonfarm workers without rent-in,nonfarm,stackyear,top farm-orientation group DID,-0.010431472549012083,0.011813460820136262,0.37722773523386766,654,45,0.2119514472455649,ok
mech,high_sat80_t,high insecurity: top-vs-bottom farm_orientation,high insecurity,farm_orientation,nonfarm_ge2_no_rentin,>=2 nonfarm workers without rent-in,nonfarm,provyear,bottom group DID,,,,650,44,0.2119514472455649,ok
mech,high_sat80_t,high insecurity: top-vs-bottom farm_orientation,high insecurity,farm_orientation,nonfarm_ge2_no_rentin,>=2 nonfarm workers without rent-in,nonfarm,provyear,top farm-orientation-minus-bottom differential,,,,650,44,0.2119514472455649,ok
mech,high_sat80_t,high insecurity: top-vs-bottom farm_orientation,high insecurity,farm_orientation,nonfarm_ge2_no_rentin,>=2 nonfarm workers without rent-in,nonfarm,provyear,top farm-orientation group DID,,,,650,44,0.2119514472455649,ok
mech,high_sat80_t,high insecurity: top-vs-bottom farm_orientation,high insecurity,farm_orientation,rb_farm_any,Any own-farm production,farm-exit,stackyear,bottom group DID,-0.3285234427209728,0.055549226064293536,3.33703695591176e-09,688,46,0.7164716471647165,ok
mech,high_sat80_t,high insecurity: top-vs-bottom farm_orientation,high insecurity,farm_orientation,rb_farm_any,Any own-farm production,farm-exit,stackyear,top farm-orientation-minus-bottom differential,0.1988854826736567,0.16546651282676442,0.22937585808042515,688,46,0.7164716471647165,ok
mech,high_sat80_t,high insecurity: top-vs-bottom farm_orientation,high insecurity,farm_orientation,rb_farm_any,Any own-farm production,farm-exit,stackyear,top farm-orientation group DID,-0.1296379600473161,0.14533020886250891,0.3723803421533175,688,46,0.7164716471647165,ok
mech,high_sat80_t,high insecurity: top-vs-bottom farm_orientation,high insecurity,farm_orientation,rb_farm_any,Any own-farm production,farm-exit,provyear,bottom group DID,,,,684,45,0.7164716471647165,ok
mech,high_sat80_t,high insecurity: top-vs-bottom farm_orientation,high insecurity,farm_orientation,rb_farm_any,Any own-farm production,farm-exit,provyear,top farm-orientation-minus-bottom differential,,,,684,45,0.7164716471647165,ok
mech,high_sat80_t,high insecurity: top-vs-bottom farm_orientation,high insecurity,farm_orientation,rb_farm_any,Any own-farm production,farm-exit,provyear,top farm-orientation group DID,,,,684,45,0.7164716471647165,ok
mech,high_sat80_t,high insecurity: top-vs-bottom farm_orientation,high insecurity,farm_orientation,asinh_rb_inc_farm_w99,asinh farm income,farm-exit,stackyear,bottom group DID,-3.2967662666186537,0.5484285600896518,1.8404630266590904e-09,680,46,5.613518131672262,ok
mech,high_sat80_t,high insecurity: top-vs-bottom farm_orientation,high insecurity,farm_orientation,asinh_rb_inc_farm_w99,asinh farm income,farm-exit,stackyear,top farm-orientation-minus-bottom differential,2.909018504998687,0.8010785866030186,0.00028191280596547616,680,46,5.613518131672262,ok
mech,high_sat80_t,high insecurity: top-vs-bottom farm_orientation,high insecurity,farm_orientation,asinh_rb_inc_farm_w99,asinh farm income,farm-exit,stackyear,top farm-orientation group DID,-0.3877477616199667,0.44886011084649985,0.38767035200376554,680,46,5.613518131672262,ok
mech,high_sat80_t,high insecurity: top-vs-bottom farm_orientation,high insecurity,farm_orientation,asinh_rb_inc_farm_w99,asinh farm income,farm-exit,provyear,bottom group DID,,,,676,45,5.613518131672262,ok
mech,high_sat80_t,high insecurity: top-vs-bottom farm_orientation,high insecurity,farm_orientation,asinh_rb_inc_farm_w99,asinh farm income,farm-exit,provyear,top farm-orientation-minus-bottom differential,,,,676,45,5.613518131672262,ok
mech,high_sat80_t,high insecurity: top-vs-bottom farm_orientation,high insecurity,farm_orientation,asinh_rb_inc_farm_w99,asinh farm income,farm-exit,provyear,top farm-orientation group DID,,,,676,45,5.613518131672262,ok
mech,high_sat80_t,high-minus-low A3 within farmdep bottom,high-minus-low,farmdep bottom,any_rentin,Any rented-in land,rent-in,stackyear,low-insecurity DID,-0.20003035670888453,0.11263874494281717,0.07575641229692333,808,87,0.09048569527611444,ok
mech,high_sat80_t,high-minus-low A3 within farmdep bottom,high-minus-low,farmdep bottom,any_rentin,Any rented-in land,rent-in,stackyear,high-minus-low differential,0.14805955722476877,0.12862694598733398,0.24970043731897695,808,87,0.09048569527611444,ok
mech,high_sat80_t,high-minus-low A3 within farmdep bottom,high-minus-low,farmdep bottom,any_rentin,Any rented-in land,rent-in,stackyear,high-insecurity DID,-0.05197079948411576,0.060521398629596365,0.3904962531058985,808,87,0.09048569527611444,ok
mech,high_sat80_t,high-minus-low A3 within farmdep bottom,high-minus-low,farmdep bottom,any_rentin,Any rented-in land,rent-in,provyear,low-insecurity DID,-0.2935525619745505,0.0980171509376679,0.0027452567940338592,796,86,0.09048569527611444,ok
mech,high_sat80_t,high-minus-low A3 within farmdep bottom,high-minus-low,farmdep bottom,any_rentin,Any rented-in land,rent-in,provyear,high-minus-low differential,-0.035097406083184124,0.044458781888399704,0.4298566549700309,796,86,0.09048569527611444,ok
mech,high_sat80_t,high-minus-low A3 within farmdep bottom,high-minus-low,farmdep bottom,any_rentin,Any rented-in land,rent-in,provyear,high-insecurity DID,-0.3286499680577346,0.09717388530365503,0.000719388837020866,796,86,0.09048569527611444,ok
mech,high_sat80_t,high-minus-low A3 within farmdep bottom,high-minus-low,farmdep bottom,asinh_rentin,asinh rented-in area,rent-in,stackyear,low-insecurity DID,-0.4028809805834138,0.19131607042321375,0.035218277105105326,806,87,0.13702663347396685,ok
mech,high_sat80_t,high-minus-low A3 within farmdep bottom,high-minus-low,farmdep bottom,asinh_rentin,asinh rented-in area,rent-in,stackyear,high-minus-low differential,0.3532250710607045,0.23265591012050574,0.12895654779594776,806,87,0.13702663347396685,ok
mech,high_sat80_t,high-minus-low A3 within farmdep bottom,high-minus-low,farmdep bottom,asinh_rentin,asinh rented-in area,rent-in,stackyear,high-insecurity DID,-0.04965590952270932,0.08455079229962291,0.5570083627152208,806,87,0.13702663347396685,ok
mech,high_sat80_t,high-minus-low A3 within farmdep bottom,high-minus-low,farmdep bottom,asinh_rentin,asinh rented-in area,rent-in,provyear,low-insecurity DID,-0.4113952547876472,0.17551117987107923,0.019079031416961365,794,86,0.13702663347396685,ok
mech,high_sat80_t,high-minus-low A3 within farmdep bottom,high-minus-low,farmdep bottom,asinh_rentin,asinh rented-in area,rent-in,provyear,high-minus-low differential,-0.011356206608093247,0.07546632303633995,0.8803855700037816,794,86,0.13702663347396685,ok
mech,high_sat80_t,high-minus-low A3 within farmdep bottom,high-minus-low,farmdep bottom,asinh_rentin,asinh rented-in area,rent-in,provyear,high-insecurity DID,-0.42275146139574044,0.17573054123650797,0.016142394232787273,794,86,0.13702663347396685,ok
mech,high_sat80_t,high-minus-low A3 within farmdep bottom,high-minus-low,farmdep bottom,rentin_and_farm_any,Rent-in and own-farm production,rent-in,stackyear,low-insecurity DID,-0.2038352888057946,0.11385499856699807,0.07340472978407098,808,87,0.07119095143047238,ok
mech,high_sat80_t,high-minus-low A3 within farmdep bottom,high-minus-low,farmdep bottom,rentin_and_farm_any,Rent-in and own-farm production,rent-in,stackyear,high-minus-low differential,0.16609655710890317,0.13038664330878905,0.20270698062455017,808,87,0.07119095143047238,ok
mech,high_sat80_t,high-minus-low A3 within farmdep bottom,high-minus-low,farmdep bottom,rentin_and_farm_any,Rent-in and own-farm production,rent-in,stackyear,high-insecurity DID,-0.03773873169689143,0.06239961494690665,0.5453178086429467,808,87,0.07119095143047238,ok
mech,high_sat80_t,high-minus-low A3 within farmdep bottom,high-minus-low,farmdep bottom,rentin_and_farm_any,Rent-in and own-farm production,rent-in,provyear,low-insecurity DID,-0.29232120874475287,0.0958490136824679,0.0022898674922417284,796,86,0.07119095143047238,ok
mech,high_sat80_t,high-minus-low A3 within farmdep bottom,high-minus-low,farmdep bottom,rentin_and_farm_any,Rent-in and own-farm production,rent-in,provyear,high-minus-low differential,-0.01656592280607628,0.0454399935940746,0.7154346411273885,796,86,0.07119095143047238,ok
mech,high_sat80_t,high-minus-low A3 within farmdep bottom,high-minus-low,farmdep bottom,rentin_and_farm_any,Rent-in and own-farm production,rent-in,provyear,high-insecurity DID,-0.30888713155082914,0.0933354115539506,0.0009348570825874812,796,86,0.07119095143047238,ok
mech,high_sat80_t,high-minus-low A3 within farmdep bottom,high-minus-low,farmdep bottom,ib_nonfarm_curr_n,Current nonfarm workers,nonfarm,stackyear,low-insecurity DID,0.19860368893123134,0.14130279845411897,0.15986716970734993,834,89,1.0052117263843647,ok
mech,high_sat80_t,high-minus-low A3 within farmdep bottom,high-minus-low,farmdep bottom,ib_nonfarm_curr_n,Current nonfarm workers,nonfarm,stackyear,high-minus-low differential,0.4908511924704985,0.19244508416066208,0.010753644900780334,834,89,1.0052117263843647,ok
mech,high_sat80_t,high-minus-low A3 within farmdep bottom,high-minus-low,farmdep bottom,ib_nonfarm_curr_n,Current nonfarm workers,nonfarm,stackyear,high-insecurity DID,0.6894548814017298,0.11697334166801322,3.766839728658056e-09,834,89,1.0052117263843647,ok
mech,high_sat80_t,high-minus-low A3 within farmdep bottom,high-minus-low,farmdep bottom,ib_nonfarm_curr_n,Current nonfarm workers,nonfarm,provyear,low-insecurity DID,0.251451633045579,0.12839083817732191,0.050173036013949186,824,89,1.0052117263843647,ok
mech,high_sat80_t,high-minus-low A3 within farmdep bottom,high-minus-low,farmdep bottom,ib_nonfarm_curr_n,Current nonfarm workers,nonfarm,provyear,high-minus-low differential,1.524910007764917,0.10533440117292903,1.6970514120621234e-47,824,89,1.0052117263843647,ok
mech,high_sat80_t,high-minus-low A3 within farmdep bottom,high-minus-low,farmdep bottom,ib_nonfarm_curr_n,Current nonfarm workers,nonfarm,provyear,high-insecurity DID,1.7763616408104959,0.1541146461388272,9.730670492605583e-31,824,89,1.0052117263843647,ok
mech,high_sat80_t,high-minus-low A3 within farmdep bottom,high-minus-low,farmdep bottom,ib_nonfarm_curr_ge2,At least two current nonfarm workers,nonfarm,stackyear,low-insecurity DID,0.0670395937241558,0.07004206485081688,0.3384999701270508,834,89,0.27231270358306187,ok
mech,high_sat80_t,high-minus-low A3 within farmdep bottom,high-minus-low,farmdep bottom,ib_nonfarm_curr_ge2,At least two current nonfarm workers,nonfarm,stackyear,high-minus-low differential,0.04824159364587066,0.096371107591195,0.6166656846442835,834,89,0.27231270358306187,ok
mech,high_sat80_t,high-minus-low A3 within farmdep bottom,high-minus-low,farmdep bottom,ib_nonfarm_curr_ge2,At least two current nonfarm workers,nonfarm,stackyear,high-insecurity DID,0.11528118737002646,0.05584891664647373,0.03900240002837784,834,89,0.27231270358306187,ok
mech,high_sat80_t,high-minus-low A3 within farmdep bottom,high-minus-low,farmdep bottom,ib_nonfarm_curr_ge2,At least two current nonfarm workers,nonfarm,provyear,low-insecurity DID,0.07447373358896617,0.06520778153796217,0.25341292524209413,824,89,0.27231270358306187,ok
mech,high_sat80_t,high-minus-low A3 within farmdep bottom,high-minus-low,farmdep bottom,ib_nonfarm_curr_ge2,At least two current nonfarm workers,nonfarm,provyear,high-minus-low differential,0.08554535967464244,0.04921152267024958,0.08215449578010287,824,89,0.27231270358306187,ok
mech,high_sat80_t,high-minus-low A3 within farmdep bottom,high-minus-low,farmdep bottom,ib_nonfarm_curr_ge2,At least two current nonfarm workers,nonfarm,provyear,high-insecurity DID,0.1600190932636086,0.07561711921663186,0.03432988614576625,824,89,0.27231270358306187,ok
mech,high_sat80_t,high-minus-low A3 within farmdep bottom,high-minus-low,farmdep bottom,nonfarm_ge2_no_rentin,>=2 nonfarm workers without rent-in,nonfarm,stackyear,low-insecurity DID,0.04990276648402984,0.06547632814483846,0.44597063896383715,808,87,0.25815036593479707,ok
mech,high_sat80_t,high-minus-low A3 within farmdep bottom,high-minus-low,farmdep bottom,nonfarm_ge2_no_rentin,>=2 nonfarm workers without rent-in,nonfarm,stackyear,high-minus-low differential,0.084664661801685,0.09218917956811264,0.3584201672992414,808,87,0.25815036593479707,ok
mech,high_sat80_t,high-minus-low A3 within farmdep bottom,high-minus-low,farmdep bottom,nonfarm_ge2_no_rentin,>=2 nonfarm workers without rent-in,nonfarm,stackyear,high-insecurity DID,0.13456742828571483,0.06056488937997811,0.026291961185968656,808,87,0.25815036593479707,ok
mech,high_sat80_t,high-minus-low A3 within farmdep bottom,high-minus-low,farmdep bottom,nonfarm_ge2_no_rentin,>=2 nonfarm workers without rent-in,nonfarm,provyear,low-insecurity DID,0.05638330786350902,0.07411450284091203,0.44680076307616845,796,86,0.25815036593479707,ok
mech,high_sat80_t,high-minus-low A3 within farmdep bottom,high-minus-low,farmdep bottom,nonfarm_ge2_no_rentin,>=2 nonfarm workers without rent-in,nonfarm,provyear,high-minus-low differential,0.1235870818329671,0.05256366581056029,0.018713555541991285,796,86,0.25815036593479707,ok
mech,high_sat80_t,high-minus-low A3 within farmdep bottom,high-minus-low,farmdep bottom,nonfarm_ge2_no_rentin,>=2 nonfarm workers without rent-in,nonfarm,provyear,high-insecurity DID,0.1799703896964761,0.0791646992155056,0.023004092122963993,796,86,0.25815036593479707,ok
mech,high_sat80_t,high-minus-low A3 within farmdep bottom,high-minus-low,farmdep bottom,rb_farm_any,Any own-farm production,farm-exit,stackyear,low-insecurity DID,-0.1324875149729703,0.09631845322104915,0.16897171704130487,826,88,0.5916230366492147,ok
mech,high_sat80_t,high-minus-low A3 within farmdep bottom,high-minus-low,farmdep bottom,rb_farm_any,Any own-farm production,farm-exit,stackyear,high-minus-low differential,-0.15368140296467706,0.11942056420101972,0.19813183406585633,826,88,0.5916230366492147,ok
mech,high_sat80_t,high-minus-low A3 within farmdep bottom,high-minus-low,farmdep bottom,rb_farm_any,Any own-farm production,farm-exit,stackyear,high-insecurity DID,-0.2861689179376473,0.06825062692688494,2.753954895790907e-05,826,88,0.5916230366492147,ok
mech,high_sat80_t,high-minus-low A3 within farmdep bottom,high-minus-low,farmdep bottom,rb_farm_any,Any own-farm production,farm-exit,provyear,low-insecurity DID,0.009753189350437445,0.14781889404765194,0.9473932167295261,816,88,0.5916230366492147,ok
mech,high_sat80_t,high-minus-low A3 within farmdep bottom,high-minus-low,farmdep bottom,rb_farm_any,Any own-farm production,farm-exit,provyear,high-minus-low differential,-0.39879889237147376,0.07910454174018837,4.6209999621928685e-07,816,88,0.5916230366492147,ok
mech,high_sat80_t,high-minus-low A3 within farmdep bottom,high-minus-low,farmdep bottom,rb_farm_any,Any own-farm production,farm-exit,provyear,high-insecurity DID,-0.3890457030210363,0.16592476190543873,0.019041805552860135,816,88,0.5916230366492147,ok
mech,high_sat80_t,high-minus-low A3 within farmdep bottom,high-minus-low,farmdep bottom,asinh_rb_inc_farm_w99,asinh farm income,farm-exit,stackyear,low-insecurity DID,-2.5573022830018735,0.8501357679699466,0.002628775836240078,826,89,2.3369805655684512,ok
mech,high_sat80_t,high-minus-low A3 within farmdep bottom,high-minus-low,farmdep bottom,asinh_rb_inc_farm_w99,asinh farm income,farm-exit,stackyear,high-minus-low differential,-0.5015386034153914,1.0630494727945345,0.6370750155513828,826,89,2.3369805655684512,ok
mech,high_sat80_t,high-minus-low A3 within farmdep bottom,high-minus-low,farmdep bottom,asinh_rb_inc_farm_w99,asinh farm income,farm-exit,stackyear,high-insecurity DID,-3.058840886417265,0.6269867782680303,1.068214614458711e-06,826,89,2.3369805655684512,ok
mech,high_sat80_t,high-minus-low A3 within farmdep bottom,high-minus-low,farmdep bottom,asinh_rb_inc_farm_w99,asinh farm income,farm-exit,provyear,low-insecurity DID,-1.4806117403694086,0.8779726432094599,0.0917190719632627,816,89,2.3369805655684512,ok
mech,high_sat80_t,high-minus-low A3 within farmdep bottom,high-minus-low,farmdep bottom,asinh_rb_inc_farm_w99,asinh farm income,farm-exit,provyear,high-minus-low differential,-3.7972561470686106,0.6005135089027455,2.559552779445224e-10,816,89,2.3369805655684512,ok
mech,high_sat80_t,high-minus-low A3 within farmdep bottom,high-minus-low,farmdep bottom,asinh_rb_inc_farm_w99,asinh farm income,farm-exit,provyear,high-insecurity DID,-5.277867887438019,0.9703673604353753,5.356811885389566e-08,816,89,2.3369805655684512,ok
mech,high_sat80_t,high-minus-low A3 within farmdep top,high-minus-low,farmdep top,any_rentin,Any rented-in land,rent-in,stackyear,low-insecurity DID,-0.009225736429519517,0.06617132133563244,0.8891167069676399,1034,97,0.1813349084465446,ok
mech,high_sat80_t,high-minus-low A3 within farmdep top,high-minus-low,farmdep top,any_rentin,Any rented-in land,rent-in,stackyear,high-minus-low differential,0.18406548320734964,0.0919633213255004,0.04533748536558181,1034,97,0.1813349084465446,ok
mech,high_sat80_t,high-minus-low A3 within farmdep top,high-minus-low,farmdep top,any_rentin,Any rented-in land,rent-in,stackyear,high-insecurity DID,0.17483974677783012,0.0650056286268451,0.007153570511652636,1034,97,0.1813349084465446,ok
mech,high_sat80_t,high-minus-low A3 within farmdep top,high-minus-low,farmdep top,any_rentin,Any rented-in land,rent-in,provyear,low-insecurity DID,-0.5322807533645102,0.041424160152310006,8.654074634325082e-38,1024,95,0.1813349084465446,ok
mech,high_sat80_t,high-minus-low A3 within farmdep top,high-minus-low,farmdep top,any_rentin,Any rented-in land,rent-in,provyear,high-minus-low differential,0.19397742039547936,0.10105012303407779,0.05490643727070186,1024,95,0.1813349084465446,ok
mech,high_sat80_t,high-minus-low A3 within farmdep top,high-minus-low,farmdep top,any_rentin,Any rented-in land,rent-in,provyear,high-insecurity DID,-0.3383033329690308,0.10582583473453747,0.001389644063426162,1024,95,0.1813349084465446,ok
mech,high_sat80_t,high-minus-low A3 within farmdep top,high-minus-low,farmdep top,asinh_rentin,asinh rented-in area,rent-in,stackyear,low-insecurity DID,-0.07601890820619864,0.12186529434552137,0.5327625098111332,1034,97,0.40349598344453985,ok
mech,high_sat80_t,high-minus-low A3 within farmdep top,high-minus-low,farmdep top,asinh_rentin,asinh rented-in area,rent-in,stackyear,high-minus-low differential,0.45500789200826,0.19122166387801817,0.01733714105625494,1034,97,0.40349598344453985,ok
mech,high_sat80_t,high-minus-low A3 within farmdep top,high-minus-low,farmdep top,asinh_rentin,asinh rented-in area,rent-in,stackyear,high-insecurity DID,0.37898898380206136,0.1492747532213389,0.011121158339904366,1034,97,0.40349598344453985,ok
mech,high_sat80_t,high-minus-low A3 within farmdep top,high-minus-low,farmdep top,asinh_rentin,asinh rented-in area,rent-in,provyear,low-insecurity DID,-1.1028499099791471,0.12552934774263025,1.5554013619461831e-18,1024,95,0.40349598344453985,ok
mech,high_sat80_t,high-minus-low A3 within farmdep top,high-minus-low,farmdep top,asinh_rentin,asinh rented-in area,rent-in,provyear,high-minus-low differential,0.45308868357776055,0.20681251768919798,0.028464931492081885,1024,95,0.40349598344453985,ok
mech,high_sat80_t,high-minus-low A3 within farmdep top,high-minus-low,farmdep top,asinh_rentin,asinh rented-in area,rent-in,provyear,high-insecurity DID,-0.6497612264013866,0.22817545985546514,0.004404492303568605,1024,95,0.40349598344453985,ok
mech,high_sat80_t,high-minus-low A3 within farmdep top,high-minus-low,farmdep top,rentin_and_farm_any,Rent-in and own-farm production,rent-in,stackyear,low-insecurity DID,-0.013454448519051997,0.06596506795318302,0.8383822307948549,1034,97,0.16666666666666666,ok
mech,high_sat80_t,high-minus-low A3 within farmdep top,high-minus-low,farmdep top,rentin_and_farm_any,Rent-in and own-farm production,rent-in,stackyear,high-minus-low differential,0.19857598420975947,0.0913502952310602,0.029721217548374933,1034,97,0.16666666666666666,ok
mech,high_sat80_t,high-minus-low A3 within farmdep top,high-minus-low,farmdep top,rentin_and_farm_any,Rent-in and own-farm production,rent-in,stackyear,high-insecurity DID,0.18512153569070747,0.06407827962661294,0.0038648085370327607,1034,97,0.16666666666666666,ok
mech,high_sat80_t,high-minus-low A3 within farmdep top,high-minus-low,farmdep top,rentin_and_farm_any,Rent-in and own-farm production,rent-in,provyear,low-insecurity DID,-0.5337903037691486,0.04165172822366361,1.3416282915789636e-37,1024,95,0.16666666666666666,ok
mech,high_sat80_t,high-minus-low A3 within farmdep top,high-minus-low,farmdep top,rentin_and_farm_any,Rent-in and own-farm production,rent-in,provyear,high-minus-low differential,0.19893737172500467,0.10053097025324538,0.047831036096017174,1024,95,0.16666666666666666,ok
mech,high_sat80_t,high-minus-low A3 within farmdep top,high-minus-low,farmdep top,rentin_and_farm_any,Rent-in and own-farm production,rent-in,provyear,high-insecurity DID,-0.3348529320441439,0.10596600298836654,0.0015776728596413197,1024,95,0.16666666666666666,ok
mech,high_sat80_t,high-minus-low A3 within farmdep top,high-minus-low,farmdep top,ib_nonfarm_curr_n,Current nonfarm workers,nonfarm,stackyear,low-insecurity DID,-0.20791914981396906,0.07570091822074193,0.006021893173567662,1098,99,0.23934053439454236,ok
mech,high_sat80_t,high-minus-low A3 within farmdep top,high-minus-low,farmdep top,ib_nonfarm_curr_n,Current nonfarm workers,nonfarm,stackyear,high-minus-low differential,0.34900529249772905,0.300861740108439,0.2460411278534672,1098,99,0.23934053439454236,ok
mech,high_sat80_t,high-minus-low A3 within farmdep top,high-minus-low,farmdep top,ib_nonfarm_curr_n,Current nonfarm workers,nonfarm,stackyear,high-insecurity DID,0.14108614268376,0.2915686133982292,0.6284663564410111,1098,99,0.23934053439454236,ok
mech,high_sat80_t,high-minus-low A3 within farmdep top,high-minus-low,farmdep top,ib_nonfarm_curr_n,Current nonfarm workers,nonfarm,provyear,low-insecurity DID,-0.06610748903677291,0.07197140705090667,0.3583444230225812,1090,98,0.23934053439454236,ok
mech,high_sat80_t,high-minus-low A3 within farmdep top,high-minus-low,farmdep top,ib_nonfarm_curr_n,Current nonfarm workers,nonfarm,provyear,high-minus-low differential,0.44553264005163606,0.3046855604179033,0.14366715907875255,1090,98,0.23934053439454236,ok
mech,high_sat80_t,high-minus-low A3 within farmdep top,high-minus-low,farmdep top,ib_nonfarm_curr_n,Current nonfarm workers,nonfarm,provyear,high-insecurity DID,0.3794251510148632,0.31455501637797534,0.2277294891509566,1090,98,0.23934053439454236,ok
mech,high_sat80_t,high-minus-low A3 within farmdep top,high-minus-low,farmdep top,ib_nonfarm_curr_ge2,At least two current nonfarm workers,nonfarm,stackyear,low-insecurity DID,-0.05164123798936719,0.042119354743194955,0.22017268505037402,1098,99,0.04263786242183058,ok
mech,high_sat80_t,high-minus-low A3 within farmdep top,high-minus-low,farmdep top,ib_nonfarm_curr_ge2,At least two current nonfarm workers,nonfarm,stackyear,high-minus-low differential,0.09343484071992947,0.06163036276573313,0.12950617963843108,1098,99,0.04263786242183058,ok
mech,high_sat80_t,high-minus-low A3 within farmdep top,high-minus-low,farmdep top,ib_nonfarm_curr_ge2,At least two current nonfarm workers,nonfarm,stackyear,high-insecurity DID,0.041793602730562276,0.045176095521127654,0.3549001147059233,1098,99,0.04263786242183058,ok
mech,high_sat80_t,high-minus-low A3 within farmdep top,high-minus-low,farmdep top,ib_nonfarm_curr_ge2,At least two current nonfarm workers,nonfarm,provyear,low-insecurity DID,-0.01237705153900364,0.03971060291037422,0.7552827562612423,1090,98,0.04263786242183058,ok
mech,high_sat80_t,high-minus-low A3 within farmdep top,high-minus-low,farmdep top,ib_nonfarm_curr_ge2,At least two current nonfarm workers,nonfarm,provyear,high-minus-low differential,0.11477640824647672,0.07333361106845734,0.11755315447196116,1090,98,0.04263786242183058,ok
mech,high_sat80_t,high-minus-low A3 within farmdep top,high-minus-low,farmdep top,ib_nonfarm_curr_ge2,At least two current nonfarm workers,nonfarm,provyear,high-insecurity DID,0.10239935670747308,0.08407014359940236,0.22321528598069207,1090,98,0.04263786242183058,ok
mech,high_sat80_t,high-minus-low A3 within farmdep top,high-minus-low,farmdep top,nonfarm_ge2_no_rentin,>=2 nonfarm workers without rent-in,nonfarm,stackyear,low-insecurity DID,-0.0094961770843609,0.026539709945083905,0.7204854086460233,1034,97,0.03366804489072652,ok
mech,high_sat80_t,high-minus-low A3 within farmdep top,high-minus-low,farmdep top,nonfarm_ge2_no_rentin,>=2 nonfarm workers without rent-in,nonfarm,stackyear,high-minus-low differential,0.004837350560338878,0.03339045544805997,0.8848117329809335,1034,97,0.03366804489072652,ok
mech,high_sat80_t,high-minus-low A3 within farmdep top,high-minus-low,farmdep top,nonfarm_ge2_no_rentin,>=2 nonfarm workers without rent-in,nonfarm,stackyear,high-insecurity DID,-0.0046588265240220215,0.021541742157801223,0.8287775112268905,1034,97,0.03366804489072652,ok
mech,high_sat80_t,high-minus-low A3 within farmdep top,high-minus-low,farmdep top,nonfarm_ge2_no_rentin,>=2 nonfarm workers without rent-in,nonfarm,provyear,low-insecurity DID,-0.017411207394958356,0.051242481926827704,0.7340216683485229,1024,95,0.03366804489072652,ok
mech,high_sat80_t,high-minus-low A3 within farmdep top,high-minus-low,farmdep top,nonfarm_ge2_no_rentin,>=2 nonfarm workers without rent-in,nonfarm,provyear,high-minus-low differential,0.016082711743607852,0.04680362776257517,0.7311312915961338,1024,95,0.03366804489072652,ok
mech,high_sat80_t,high-minus-low A3 within farmdep top,high-minus-low,farmdep top,nonfarm_ge2_no_rentin,>=2 nonfarm workers without rent-in,nonfarm,provyear,high-insecurity DID,-0.0013284956513505038,0.06897997564506839,0.9846343719955258,1024,95,0.03366804489072652,ok
mech,high_sat80_t,high-minus-low A3 within farmdep top,high-minus-low,farmdep top,rb_farm_any,Any own-farm production,farm-exit,stackyear,low-insecurity DID,-0.00039589800841241854,0.04768072920529242,0.9933751583854623,1098,99,0.8889521640091116,ok
mech,high_sat80_t,high-minus-low A3 within farmdep top,high-minus-low,farmdep top,rb_farm_any,Any own-farm production,farm-exit,stackyear,high-minus-low differential,-0.12247152522138217,0.10804469473619296,0.25699321702028566,1098,99,0.8889521640091116,ok
mech,high_sat80_t,high-minus-low A3 within farmdep top,high-minus-low,farmdep top,rb_farm_any,Any own-farm production,farm-exit,stackyear,high-insecurity DID,-0.12286742322979459,0.10312086995269566,0.23346151637125845,1098,99,0.8889521640091116,ok
mech,high_sat80_t,high-minus-low A3 within farmdep top,high-minus-low,farmdep top,rb_farm_any,Any own-farm production,farm-exit,provyear,low-insecurity DID,-0.09189591882192717,0.09227168848155937,0.31928533678364857,1090,98,0.8889521640091116,ok
mech,high_sat80_t,high-minus-low A3 within farmdep top,high-minus-low,farmdep top,rb_farm_any,Any own-farm production,farm-exit,provyear,high-minus-low differential,-0.20373040238073106,0.1336536480400105,0.1274297768409372,1090,98,0.8889521640091116,ok
mech,high_sat80_t,high-minus-low A3 within farmdep top,high-minus-low,farmdep top,rb_farm_any,Any own-farm production,farm-exit,provyear,high-insecurity DID,-0.29562632120265825,0.17181249186431288,0.08531735897526765,1090,98,0.8889521640091116,ok
mech,high_sat80_t,high-minus-low A3 within farmdep top,high-minus-low,farmdep top,asinh_rb_inc_farm_w99,asinh farm income,farm-exit,stackyear,low-insecurity DID,-0.9377043113672021,0.7827997643378934,0.230961682821199,1082,99,9.232014376075885,ok
mech,high_sat80_t,high-minus-low A3 within farmdep top,high-minus-low,farmdep top,asinh_rb_inc_farm_w99,asinh farm income,farm-exit,stackyear,high-minus-low differential,1.240131892771818,0.9708862754236297,0.2014895007087728,1082,99,9.232014376075885,ok
mech,high_sat80_t,high-minus-low A3 within farmdep top,high-minus-low,farmdep top,asinh_rb_inc_farm_w99,asinh farm income,farm-exit,stackyear,high-insecurity DID,0.3024275814046158,0.5787759515873429,0.6013016247648987,1082,99,9.232014376075885,ok
mech,high_sat80_t,high-minus-low A3 within farmdep top,high-minus-low,farmdep top,asinh_rb_inc_farm_w99,asinh farm income,farm-exit,provyear,low-insecurity DID,-5.406800700723128,1.6061063754317368,0.00076155467069218,1074,98,9.232014376075885,ok
mech,high_sat80_t,high-minus-low A3 within farmdep top,high-minus-low,farmdep top,asinh_rb_inc_farm_w99,asinh farm income,farm-exit,provyear,high-minus-low differential,0.5964680180974105,1.0098990083832917,0.5547740884824357,1074,98,9.232014376075885,ok
mech,high_sat80_t,high-minus-low A3 within farmdep top,high-minus-low,farmdep top,asinh_rb_inc_farm_w99,asinh farm income,farm-exit,provyear,high-insecurity DID,-4.810332682625718,1.8794017103788414,0.010482221320477094,1074,98,9.232014376075885,ok
mech,high_sat80_t,high-minus-low A3 within farm-orientation bottom,high-minus-low,farm-orientation bottom,any_rentin,Any rented-in land,rent-in,stackyear,low-insecurity DID,-0.11107583596875323,0.10580237732739178,0.29379051575259496,840,91,0.08085381630012936,ok
mech,high_sat80_t,high-minus-low A3 within farm-orientation bottom,high-minus-low,farm-orientation bottom,any_rentin,Any rented-in land,rent-in,stackyear,high-minus-low differential,0.0786662360263941,0.12024306095541386,0.5129656815034747,840,91,0.08085381630012936,ok
mech,high_sat80_t,high-minus-low A3 within farm-orientation bottom,high-minus-low,farm-orientation bottom,any_rentin,Any rented-in land,rent-in,stackyear,high-insecurity DID,-0.03240959994235913,0.05326349278296911,0.5428712847888528,840,91,0.08085381630012936,ok
mech,high_sat80_t,high-minus-low A3 within farm-orientation bottom,high-minus-low,farm-orientation bottom,any_rentin,Any rented-in land,rent-in,provyear,low-insecurity DID,-0.23017588560819596,0.09020280716397275,0.010718042178543679,832,90,0.08085381630012936,ok
mech,high_sat80_t,high-minus-low A3 within farm-orientation bottom,high-minus-low,farm-orientation bottom,any_rentin,Any rented-in land,rent-in,provyear,high-minus-low differential,-0.05323006868687082,0.04669510191391014,0.25430724617059863,832,90,0.08085381630012936,ok
mech,high_sat80_t,high-minus-low A3 within farm-orientation bottom,high-minus-low,farm-orientation bottom,any_rentin,Any rented-in land,rent-in,provyear,high-insecurity DID,-0.28340595429506676,0.09217551465186291,0.00210761149704613,832,90,0.08085381630012936,ok
mech,high_sat80_t,high-minus-low A3 within farm-orientation bottom,high-minus-low,farm-orientation bottom,asinh_rentin,asinh rented-in area,rent-in,stackyear,low-insecurity DID,-0.2084933053811056,0.182398993520291,0.25301297063006123,836,91,0.11072732612750964,ok
mech,high_sat80_t,high-minus-low A3 within farm-orientation bottom,high-minus-low,farm-orientation bottom,asinh_rentin,asinh rented-in area,rent-in,stackyear,high-minus-low differential,0.1938882717785229,0.22125156481184807,0.380853392068897,836,91,0.11072732612750964,ok
mech,high_sat80_t,high-minus-low A3 within farm-orientation bottom,high-minus-low,farm-orientation bottom,asinh_rentin,asinh rented-in area,rent-in,stackyear,high-insecurity DID,-0.014605033602582695,0.07807524283448607,0.8516107913611465,836,91,0.11072732612750964,ok
mech,high_sat80_t,high-minus-low A3 within farm-orientation bottom,high-minus-low,farm-orientation bottom,asinh_rentin,asinh rented-in area,rent-in,provyear,low-insecurity DID,-0.2520617705332476,0.16724240460877765,0.13176856557078956,828,90,0.11072732612750964,ok
mech,high_sat80_t,high-minus-low A3 within farm-orientation bottom,high-minus-low,farm-orientation bottom,asinh_rentin,asinh rented-in area,rent-in,provyear,high-minus-low differential,-0.03191925161671391,0.07930602949304709,0.6873293119280474,828,90,0.11072732612750964,ok
mech,high_sat80_t,high-minus-low A3 within farm-orientation bottom,high-minus-low,farm-orientation bottom,asinh_rentin,asinh rented-in area,rent-in,provyear,high-insecurity DID,-0.28398102214996146,0.17107066480477828,0.09691007970763663,828,90,0.11072732612750964,ok
mech,high_sat80_t,high-minus-low A3 within farm-orientation bottom,high-minus-low,farm-orientation bottom,rentin_and_farm_any,Rent-in and own-farm production,rent-in,stackyear,low-insecurity DID,-0.11097132329090205,0.10493907120527085,0.2902910376497161,838,91,0.0634304207119741,ok
mech,high_sat80_t,high-minus-low A3 within farm-orientation bottom,high-minus-low,farm-orientation bottom,rentin_and_farm_any,Rent-in and own-farm production,rent-in,stackyear,high-minus-low differential,0.08969639365400774,0.11887527957246405,0.4505238233161786,838,91,0.0634304207119741,ok
mech,high_sat80_t,high-minus-low A3 within farm-orientation bottom,high-minus-low,farm-orientation bottom,rentin_and_farm_any,Rent-in and own-farm production,rent-in,stackyear,high-insecurity DID,-0.021274929636894313,0.05429506385669001,0.6951770936491029,838,91,0.0634304207119741,ok
mech,high_sat80_t,high-minus-low A3 within farm-orientation bottom,high-minus-low,farm-orientation bottom,rentin_and_farm_any,Rent-in and own-farm production,rent-in,provyear,low-insecurity DID,-0.22742094125849627,0.08793689627518837,0.009704527902175427,830,90,0.0634304207119741,ok
mech,high_sat80_t,high-minus-low A3 within farm-orientation bottom,high-minus-low,farm-orientation bottom,rentin_and_farm_any,Rent-in and own-farm production,rent-in,provyear,high-minus-low differential,-0.04032849132565,0.047049047207688745,0.3913572872888751,830,90,0.0634304207119741,ok
mech,high_sat80_t,high-minus-low A3 within farm-orientation bottom,high-minus-low,farm-orientation bottom,rentin_and_farm_any,Rent-in and own-farm production,rent-in,provyear,high-insecurity DID,-0.2677494325841463,0.08793863991591404,0.0023288912788211606,830,90,0.0634304207119741,ok
mech,high_sat80_t,high-minus-low A3 within farm-orientation bottom,high-minus-low,farm-orientation bottom,ib_nonfarm_curr_n,Current nonfarm workers,nonfarm,stackyear,low-insecurity DID,0.1448479706844676,0.24241846345206636,0.55016551574208,870,92,1.168560606060606,ok
mech,high_sat80_t,high-minus-low A3 within farm-orientation bottom,high-minus-low,farm-orientation bottom,ib_nonfarm_curr_n,Current nonfarm workers,nonfarm,stackyear,high-minus-low differential,0.44038893122669476,0.2655506017098099,0.09723689838055158,870,92,1.168560606060606,ok
mech,high_sat80_t,high-minus-low A3 within farm-orientation bottom,high-minus-low,farm-orientation bottom,ib_nonfarm_curr_n,Current nonfarm workers,nonfarm,stackyear,high-insecurity DID,0.5852369019111623,0.11831595061445124,7.560219760917958e-07,870,92,1.168560606060606,ok
mech,high_sat80_t,high-minus-low A3 within farm-orientation bottom,high-minus-low,farm-orientation bottom,ib_nonfarm_curr_n,Current nonfarm workers,nonfarm,provyear,low-insecurity DID,0.43361819261097234,0.14821001006307147,0.0034368094509957124,862,92,1.168560606060606,ok
mech,high_sat80_t,high-minus-low A3 within farm-orientation bottom,high-minus-low,farm-orientation bottom,ib_nonfarm_curr_n,Current nonfarm workers,nonfarm,provyear,high-minus-low differential,1.4957739722976118,0.10315453500855423,1.2058292425138469e-47,862,92,1.168560606060606,ok
mech,high_sat80_t,high-minus-low A3 within farm-orientation bottom,high-minus-low,farm-orientation bottom,ib_nonfarm_curr_n,Current nonfarm workers,nonfarm,provyear,high-insecurity DID,1.9293921649085841,0.15111104280332532,2.4729671769461714e-37,862,92,1.168560606060606,ok
mech,high_sat80_t,high-minus-low A3 within farm-orientation bottom,high-minus-low,farm-orientation bottom,ib_nonfarm_curr_ge2,At least two current nonfarm workers,nonfarm,stackyear,low-insecurity DID,0.015441881936893805,0.11629542992235449,0.8943661835551109,870,92,0.33775252525252525,ok
mech,high_sat80_t,high-minus-low A3 within farm-orientation bottom,high-minus-low,farm-orientation bottom,ib_nonfarm_curr_ge2,At least two current nonfarm workers,nonfarm,stackyear,high-minus-low differential,0.05485475022543722,0.13102591774590067,0.6754677596561778,870,92,0.33775252525252525,ok
mech,high_sat80_t,high-minus-low A3 within farm-orientation bottom,high-minus-low,farm-orientation bottom,ib_nonfarm_curr_ge2,At least two current nonfarm workers,nonfarm,stackyear,high-insecurity DID,0.07029663216233102,0.06067899196497518,0.24665991743425508,870,92,0.33775252525252525,ok
mech,high_sat80_t,high-minus-low A3 within farm-orientation bottom,high-minus-low,farm-orientation bottom,ib_nonfarm_curr_ge2,At least two current nonfarm workers,nonfarm,provyear,low-insecurity DID,0.1450197448596263,0.07608552644123269,0.05664895836869798,862,92,0.33775252525252525,ok
mech,high_sat80_t,high-minus-low A3 within farm-orientation bottom,high-minus-low,farm-orientation bottom,ib_nonfarm_curr_ge2,At least two current nonfarm workers,nonfarm,provyear,high-minus-low differential,0.06961823328284139,0.0557189925751893,0.211499624973696,862,92,0.33775252525252525,ok
mech,high_sat80_t,high-minus-low A3 within farm-orientation bottom,high-minus-low,farm-orientation bottom,ib_nonfarm_curr_ge2,At least two current nonfarm workers,nonfarm,provyear,high-insecurity DID,0.21463797814246768,0.07378291730005958,0.0036253229199776126,862,92,0.33775252525252525,ok
mech,high_sat80_t,high-minus-low A3 within farm-orientation bottom,high-minus-low,farm-orientation bottom,nonfarm_ge2_no_rentin,>=2 nonfarm workers without rent-in,nonfarm,stackyear,low-insecurity DID,0.06649381012983632,0.08008154773220856,0.4063543581956671,840,91,0.3163001293661061,ok
mech,high_sat80_t,high-minus-low A3 within farm-orientation bottom,high-minus-low,farm-orientation bottom,nonfarm_ge2_no_rentin,>=2 nonfarm workers without rent-in,nonfarm,stackyear,high-minus-low differential,0.03274642334657365,0.10395543367758908,0.7527582814434307,840,91,0.3163001293661061,ok
mech,high_sat80_t,high-minus-low A3 within farm-orientation bottom,high-minus-low,farm-orientation bottom,nonfarm_ge2_no_rentin,>=2 nonfarm workers without rent-in,nonfarm,stackyear,high-insecurity DID,0.09924023347640998,0.06410146673978705,0.1215803744868885,840,91,0.3163001293661061,ok
mech,high_sat80_t,high-minus-low A3 within farm-orientation bottom,high-minus-low,farm-orientation bottom,nonfarm_ge2_no_rentin,>=2 nonfarm workers without rent-in,nonfarm,provyear,low-insecurity DID,0.13393180929918197,0.07530387077641655,0.07531332814026523,832,90,0.3163001293661061,ok
mech,high_sat80_t,high-minus-low A3 within farm-orientation bottom,high-minus-low,farm-orientation bottom,nonfarm_ge2_no_rentin,>=2 nonfarm workers without rent-in,nonfarm,provyear,high-minus-low differential,0.11401637517913098,0.06286883403459721,0.06974556071181386,832,90,0.3163001293661061,ok
mech,high_sat80_t,high-minus-low A3 within farm-orientation bottom,high-minus-low,farm-orientation bottom,nonfarm_ge2_no_rentin,>=2 nonfarm workers without rent-in,nonfarm,provyear,high-insecurity DID,0.24794818447831296,0.07286759606300411,0.000667180873340766,832,90,0.3163001293661061,ok
mech,high_sat80_t,high-minus-low A3 within farm-orientation bottom,high-minus-low,farm-orientation bottom,rb_farm_any,Any own-farm production,farm-exit,stackyear,low-insecurity DID,-0.1373329188531671,0.07524727760854567,0.06798771976001536,858,91,0.5892063492063492,ok
mech,high_sat80_t,high-minus-low A3 within farm-orientation bottom,high-minus-low,farm-orientation bottom,rb_farm_any,Any own-farm production,farm-exit,stackyear,high-minus-low differential,-0.14166002227316657,0.10799112031968831,0.18959615494606308,858,91,0.5892063492063492,ok
mech,high_sat80_t,high-minus-low A3 within farm-orientation bottom,high-minus-low,farm-orientation bottom,rb_farm_any,Any own-farm production,farm-exit,stackyear,high-insecurity DID,-0.27899294112633366,0.06821105000742907,4.3110751400092414e-05,858,91,0.5892063492063492,ok
mech,high_sat80_t,high-minus-low A3 within farm-orientation bottom,high-minus-low,farm-orientation bottom,rb_farm_any,Any own-farm production,farm-exit,provyear,low-insecurity DID,-0.06539479400288593,0.13008874119582794,0.6151796215479226,850,91,0.5892063492063492,ok
mech,high_sat80_t,high-minus-low A3 within farm-orientation bottom,high-minus-low,farm-orientation bottom,rb_farm_any,Any own-farm production,farm-exit,provyear,high-minus-low differential,-0.3615667112652312,0.080475239336523,7.026179774438759e-06,850,91,0.5892063492063492,ok
mech,high_sat80_t,high-minus-low A3 within farm-orientation bottom,high-minus-low,farm-orientation bottom,rb_farm_any,Any own-farm production,farm-exit,provyear,high-insecurity DID,-0.42696150526811716,0.1474632649865342,0.0037870537843838975,850,91,0.5892063492063492,ok
mech,high_sat80_t,high-minus-low A3 within farm-orientation bottom,high-minus-low,farm-orientation bottom,asinh_rb_inc_farm_w99,asinh farm income,farm-exit,stackyear,low-insecurity DID,-2.9198226445080966,0.7634856771566139,0.00013112716517385537,852,92,2.538863756004436,ok
mech,high_sat80_t,high-minus-low A3 within farm-orientation bottom,high-minus-low,farm-orientation bottom,asinh_rb_inc_farm_w99,asinh farm income,farm-exit,stackyear,high-minus-low differential,0.13105437914763007,0.9907845929199226,0.8947681001950801,852,92,2.538863756004436,ok
mech,high_sat80_t,high-minus-low A3 within farm-orientation bottom,high-minus-low,farm-orientation bottom,asinh_rb_inc_farm_w99,asinh farm income,farm-exit,stackyear,high-insecurity DID,-2.7887682653604666,0.6092460377098715,4.707705842814415e-06,852,92,2.538863756004436,ok
mech,high_sat80_t,high-minus-low A3 within farm-orientation bottom,high-minus-low,farm-orientation bottom,asinh_rb_inc_farm_w99,asinh farm income,farm-exit,provyear,low-insecurity DID,-1.3742942532060791,0.921720241532344,0.13595882507501214,844,92,2.538863756004436,ok
mech,high_sat80_t,high-minus-low A3 within farm-orientation bottom,high-minus-low,farm-orientation bottom,asinh_rb_inc_farm_w99,asinh farm income,farm-exit,provyear,high-minus-low differential,-3.180243685802572,0.5741292287518032,3.037747131385386e-08,844,92,2.538863756004436,ok
mech,high_sat80_t,high-minus-low A3 within farm-orientation bottom,high-minus-low,farm-orientation bottom,asinh_rb_inc_farm_w99,asinh farm income,farm-exit,provyear,high-insecurity DID,-4.554537939008651,1.0108351443885892,6.614893926667187e-06,844,92,2.538863756004436,ok
mech,high_sat80_t,high-minus-low A3 within farm-orientation top,high-minus-low,farm-orientation top,any_rentin,Any rented-in land,rent-in,stackyear,low-insecurity DID,0.005331137738576342,0.06811309874201647,0.9376141507974068,1008,98,0.18923821039903266,ok
mech,high_sat80_t,high-minus-low A3 within farm-orientation top,high-minus-low,farm-orientation top,any_rentin,Any rented-in land,rent-in,stackyear,high-minus-low differential,0.23323249213475494,0.09138373736399212,0.010703524204966928,1008,98,0.18923821039903266,ok
mech,high_sat80_t,high-minus-low A3 within farm-orientation top,high-minus-low,farm-orientation top,any_rentin,Any rented-in land,rent-in,stackyear,high-insecurity DID,0.2385636298733313,0.06208023014886648,0.00012162484229043096,1008,98,0.18923821039903266,ok
mech,high_sat80_t,high-minus-low A3 within farm-orientation top,high-minus-low,farm-orientation top,any_rentin,Any rented-in land,rent-in,provyear,low-insecurity DID,-0.35388936329232995,0.19918102258504597,0.07561394243451898,1002,97,0.18923821039903266,ok
mech,high_sat80_t,high-minus-low A3 within farm-orientation top,high-minus-low,farm-orientation top,any_rentin,Any rented-in land,rent-in,provyear,high-minus-low differential,0.20834686965183336,0.09543756691103852,0.029030670526654027,1002,97,0.18923821039903266,ok
mech,high_sat80_t,high-minus-low A3 within farm-orientation top,high-minus-low,farm-orientation top,any_rentin,Any rented-in land,rent-in,provyear,high-insecurity DID,-0.1455424936404966,0.2204269837924272,0.5090771754874753,1002,97,0.18923821039903266,ok
mech,high_sat80_t,high-minus-low A3 within farm-orientation top,high-minus-low,farm-orientation top,asinh_rentin,asinh rented-in area,rent-in,stackyear,low-insecurity DID,-0.07416517199535927,0.13387655015330518,0.5795913026295942,1006,98,0.4410907328064419,ok
mech,high_sat80_t,high-minus-low A3 within farm-orientation top,high-minus-low,farm-orientation top,asinh_rentin,asinh rented-in area,rent-in,stackyear,high-minus-low differential,0.5519542778937174,0.19018327176961813,0.0037052460180974447,1006,98,0.4410907328064419,ok
mech,high_sat80_t,high-minus-low A3 within farm-orientation top,high-minus-low,farm-orientation top,asinh_rentin,asinh rented-in area,rent-in,stackyear,high-insecurity DID,0.47778910589835816,0.13799580451579363,0.0005354899360686449,1006,98,0.4410907328064419,ok
mech,high_sat80_t,high-minus-low A3 within farm-orientation top,high-minus-low,farm-orientation top,asinh_rentin,asinh rented-in area,rent-in,provyear,low-insecurity DID,-0.6880124547936217,0.4527702260073083,0.1286210808321727,1000,97,0.4410907328064419,ok
mech,high_sat80_t,high-minus-low A3 within farm-orientation top,high-minus-low,farm-orientation top,asinh_rentin,asinh rented-in area,rent-in,provyear,high-minus-low differential,0.466934082936049,0.19781042336842378,0.018249676920772864,1000,97,0.4410907328064419,ok
mech,high_sat80_t,high-minus-low A3 within farm-orientation top,high-minus-low,farm-orientation top,asinh_rentin,asinh rented-in area,rent-in,provyear,high-insecurity DID,-0.22107837185757273,0.49070033174956834,0.6523236979138675,1000,97,0.4410907328064419,ok
mech,high_sat80_t,high-minus-low A3 within farm-orientation top,high-minus-low,farm-orientation top,rentin_and_farm_any,Rent-in and own-farm production,rent-in,stackyear,low-insecurity DID,0.0021978354944827937,0.06772918193005055,0.9741129120503693,1008,98,0.17422867513611615,ok
mech,high_sat80_t,high-minus-low A3 within farm-orientation top,high-minus-low,farm-orientation top,rentin_and_farm_any,Rent-in and own-farm production,rent-in,stackyear,high-minus-low differential,0.17778489648895407,0.08424822890141252,0.03483675483394887,1008,98,0.17422867513611615,ok
mech,high_sat80_t,high-minus-low A3 within farm-orientation top,high-minus-low,farm-orientation top,rentin_and_farm_any,Rent-in and own-farm production,rent-in,stackyear,high-insecurity DID,0.17998273198343687,0.05149267035937968,0.0004735153611064427,1008,98,0.17422867513611615,ok
mech,high_sat80_t,high-minus-low A3 within farm-orientation top,high-minus-low,farm-orientation top,rentin_and_farm_any,Rent-in and own-farm production,rent-in,provyear,low-insecurity DID,-0.36842479111532767,0.18865827932633614,0.05083519157601288,1002,97,0.17422867513611615,ok
mech,high_sat80_t,high-minus-low A3 within farm-orientation top,high-minus-low,farm-orientation top,rentin_and_farm_any,Rent-in and own-farm production,rent-in,provyear,high-minus-low differential,0.1601598481186438,0.09018835205544824,0.07575972226082138,1002,97,0.17422867513611615,ok
mech,high_sat80_t,high-minus-low A3 within farm-orientation top,high-minus-low,farm-orientation top,rentin_and_farm_any,Rent-in and own-farm production,rent-in,provyear,high-insecurity DID,-0.20826494299668386,0.2091764171075612,0.3194238490277972,1002,97,0.17422867513611615,ok
mech,high_sat80_t,high-minus-low A3 within farm-orientation top,high-minus-low,farm-orientation top,ib_nonfarm_curr_n,Current nonfarm workers,nonfarm,stackyear,low-insecurity DID,0.004356535300285288,0.10587030769848277,0.9671765238972945,1076,100,0.147588611272516,ok
mech,high_sat80_t,high-minus-low A3 within farm-orientation top,high-minus-low,farm-orientation top,ib_nonfarm_curr_n,Current nonfarm workers,nonfarm,stackyear,high-minus-low differential,0.19268464048669404,0.2251617593255719,0.39213002049847145,1076,100,0.147588611272516,ok
mech,high_sat80_t,high-minus-low A3 within farm-orientation top,high-minus-low,farm-orientation top,ib_nonfarm_curr_n,Current nonfarm workers,nonfarm,stackyear,high-insecurity DID,0.19704117578697933,0.19875073406638016,0.3214910418451694,1076,100,0.147588611272516,ok
mech,high_sat80_t,high-minus-low A3 within farm-orientation top,high-minus-low,farm-orientation top,ib_nonfarm_curr_n,Current nonfarm workers,nonfarm,provyear,low-insecurity DID,-0.12028969259810751,0.06815714813604552,0.0775826901634916,1068,98,0.147588611272516,ok
mech,high_sat80_t,high-minus-low A3 within farm-orientation top,high-minus-low,farm-orientation top,ib_nonfarm_curr_n,Current nonfarm workers,nonfarm,provyear,high-minus-low differential,0.16504545224853842,0.2418814482211621,0.4950238160878304,1068,98,0.147588611272516,ok
mech,high_sat80_t,high-minus-low A3 within farm-orientation top,high-minus-low,farm-orientation top,ib_nonfarm_curr_n,Current nonfarm workers,nonfarm,provyear,high-insecurity DID,0.04475575965043091,0.2481223466102409,0.8568559921378388,1068,98,0.147588611272516,ok
mech,high_sat80_t,high-minus-low A3 within farm-orientation top,high-minus-low,farm-orientation top,ib_nonfarm_curr_ge2,At least two current nonfarm workers,nonfarm,stackyear,low-insecurity DID,0.009356535655328974,0.02445999917983333,0.7020727630350356,1076,100,0.016269610691458453,ok
mech,high_sat80_t,high-minus-low A3 within farm-orientation top,high-minus-low,farm-orientation top,ib_nonfarm_curr_ge2,At least two current nonfarm workers,nonfarm,stackyear,high-minus-low differential,0.0666859600072421,0.04201277857878908,0.11244969105672936,1076,100,0.016269610691458453,ok
mech,high_sat80_t,high-minus-low A3 within farm-orientation top,high-minus-low,farm-orientation top,ib_nonfarm_curr_ge2,At least two current nonfarm workers,nonfarm,stackyear,high-insecurity DID,0.07604249566257107,0.03391620332789984,0.024956860611943497,1076,100,0.016269610691458453,ok
mech,high_sat80_t,high-minus-low A3 within farm-orientation top,high-minus-low,farm-orientation top,ib_nonfarm_curr_ge2,At least two current nonfarm workers,nonfarm,provyear,low-insecurity DID,-0.03290065490850854,0.027044326981955625,0.22377718069297559,1068,98,0.016269610691458453,ok
mech,high_sat80_t,high-minus-low A3 within farm-orientation top,high-minus-low,farm-orientation top,ib_nonfarm_curr_ge2,At least two current nonfarm workers,nonfarm,provyear,high-minus-low differential,0.032968373056373526,0.05027917175858065,0.5120130713372348,1068,98,0.016269610691458453,ok
mech,high_sat80_t,high-minus-low A3 within farm-orientation top,high-minus-low,farm-orientation top,ib_nonfarm_curr_ge2,At least two current nonfarm workers,nonfarm,provyear,high-insecurity DID,6.771814786498548e-05,0.05501600873350344,0.9990178994756623,1068,98,0.016269610691458453,ok
mech,high_sat80_t,high-minus-low A3 within farm-orientation top,high-minus-low,farm-orientation top,nonfarm_ge2_no_rentin,>=2 nonfarm workers without rent-in,nonfarm,stackyear,low-insecurity DID,0.015154551337699839,0.027780427374748198,0.5854015573084943,1008,98,0.010882708585247884,ok
mech,high_sat80_t,high-minus-low A3 within farm-orientation top,high-minus-low,farm-orientation top,nonfarm_ge2_no_rentin,>=2 nonfarm workers without rent-in,nonfarm,stackyear,high-minus-low differential,-0.030967450298320476,0.03013874778697135,0.30418685083614316,1008,98,0.010882708585247884,ok
mech,high_sat80_t,high-minus-low A3 within farm-orientation top,high-minus-low,farm-orientation top,nonfarm_ge2_no_rentin,>=2 nonfarm workers without rent-in,nonfarm,stackyear,high-insecurity DID,-0.015812898960620637,0.010915822083874573,0.1474432009865165,1008,98,0.010882708585247884,ok
mech,high_sat80_t,high-minus-low A3 within farm-orientation top,high-minus-low,farm-orientation top,nonfarm_ge2_no_rentin,>=2 nonfarm workers without rent-in,nonfarm,provyear,low-insecurity DID,-0.0357765847660387,0.0264493082736341,0.17616834183163443,1002,97,0.010882708585247884,ok
mech,high_sat80_t,high-minus-low A3 within farm-orientation top,high-minus-low,farm-orientation top,nonfarm_ge2_no_rentin,>=2 nonfarm workers without rent-in,nonfarm,provyear,high-minus-low differential,-0.06086185381895334,0.04158932420088409,0.14335771681789128,1002,97,0.010882708585247884,ok
mech,high_sat80_t,high-minus-low A3 within farm-orientation top,high-minus-low,farm-orientation top,nonfarm_ge2_no_rentin,>=2 nonfarm workers without rent-in,nonfarm,provyear,high-insecurity DID,-0.09663843858499205,0.04656192843047748,0.03794189685098601,1002,97,0.010882708585247884,ok
mech,high_sat80_t,high-minus-low A3 within farm-orientation top,high-minus-low,farm-orientation top,rb_farm_any,Any own-farm production,farm-exit,stackyear,low-insecurity DID,-0.008309060147820057,0.04633672677924363,0.8576871502079852,1074,100,0.8980780430984275,ok
mech,high_sat80_t,high-minus-low A3 within farm-orientation top,high-minus-low,farm-orientation top,rb_farm_any,Any own-farm production,farm-exit,stackyear,high-minus-low differential,-0.10812229440495863,0.14402126319325387,0.4528101010105262,1074,100,0.8980780430984275,ok
mech,high_sat80_t,high-minus-low A3 within farm-orientation top,high-minus-low,farm-orientation top,rb_farm_any,Any own-farm production,farm-exit,stackyear,high-insecurity DID,-0.11643135455277868,0.13964588273080064,0.40441541908875855,1074,100,0.8980780430984275,ok
mech,high_sat80_t,high-minus-low A3 within farm-orientation top,high-minus-low,farm-orientation top,rb_farm_any,Any own-farm production,farm-exit,provyear,low-insecurity DID,-0.08505250413776475,0.10043942754440427,0.39710440532890245,1066,98,0.8980780430984275,ok
mech,high_sat80_t,high-minus-low A3 within farm-orientation top,high-minus-low,farm-orientation top,rb_farm_any,Any own-farm production,farm-exit,provyear,high-minus-low differential,-0.20386683543009293,0.15136579111630616,0.1780289313876562,1066,98,0.8980780430984275,ok
mech,high_sat80_t,high-minus-low A3 within farm-orientation top,high-minus-low,farm-orientation top,rb_farm_any,Any own-farm production,farm-exit,provyear,high-insecurity DID,-0.28891933956785765,0.19124499142786414,0.1308575307044704,1066,98,0.8980780430984275,ok
mech,high_sat80_t,high-minus-low A3 within farm-orientation top,high-minus-low,farm-orientation top,asinh_rb_inc_farm_w99,asinh farm income,farm-exit,stackyear,low-insecurity DID,-1.2625993227998265,0.9647581884856108,0.19062886797348744,1050,100,9.35565417579358,ok
mech,high_sat80_t,high-minus-low A3 within farm-orientation top,high-minus-low,farm-orientation top,asinh_rb_inc_farm_w99,asinh farm income,farm-exit,stackyear,high-minus-low differential,1.212331903971221,1.0509696593033047,0.2486902287873568,1050,100,9.35565417579358,ok
mech,high_sat80_t,high-minus-low A3 within farm-orientation top,high-minus-low,farm-orientation top,asinh_rb_inc_farm_w99,asinh farm income,farm-exit,stackyear,high-insecurity DID,-0.050267418828605415,0.4234786045159778,0.9055120852507391,1050,100,9.35565417579358,ok
mech,high_sat80_t,high-minus-low A3 within farm-orientation top,high-minus-low,farm-orientation top,asinh_rb_inc_farm_w99,asinh farm income,farm-exit,provyear,low-insecurity DID,-3.6550261933120356,3.0891461898249335,0.2367365087051574,1042,98,9.35565417579358,ok
mech,high_sat80_t,high-minus-low A3 within farm-orientation top,high-minus-low,farm-orientation top,asinh_rb_inc_farm_w99,asinh farm income,farm-exit,provyear,high-minus-low differential,0.23488639482188903,1.01714113445742,0.8173707171519679,1042,98,9.35565417579358,ok
mech,high_sat80_t,high-minus-low A3 within farm-orientation top,high-minus-low,farm-orientation top,asinh_rb_inc_farm_w99,asinh farm income,farm-exit,provyear,high-insecurity DID,-3.4201397984901467,3.235682225294015,0.290508246534944,1042,98,9.35565417579358,ok
